month,month_sin,month_cos,dow,dow_sin,dow_cos,Количество заказ-нарядов_lag_7,Количество заказ-нарядов_lag_6,Количество заказ-нарядов_lag_5,Количество заказ-нарядов_lag_4,Количество заказ-нарядов_lag_3,Количество заказ-нарядов_lag_2,Количество заказ-нарядов_lag_1,Количество заказ-нарядов
7,-0.4999999999999998,-0.8660254037844388,0,0.0,1.0,1.7636363636363637,1.790909090909091,1.818181818181818,1.8454545454545457,1.8727272727272728,1.9,1.9272727272727272,1.9545454545454544
7,-0.4999999999999998,-0.8660254037844388,1,0.7818314824680298,0.6234898018587336,1.790909090909091,1.818181818181818,1.8454545454545457,1.8727272727272728,1.9,1.9272727272727272,1.9545454545454544,1.981818181818182
7,-0.4999999999999998,-0.8660254037844388,2,0.9749279121818236,-0.2225209339563143,1.818181818181818,1.8454545454545457,1.8727272727272728,1.9,1.9272727272727272,1.9545454545454544,1.981818181818182,2.009090909090909
7,-0.4999999999999998,-0.8660254037844388,3,0.4338837391175582,-0.900968867902419,1.8454545454545457,1.8727272727272728,1.9,1.9272727272727272,1.9545454545454544,1.981818181818182,2.009090909090909,2.036363636363636
7,-0.4999999999999998,-0.8660254037844388,4,-0.433883739117558,-0.9009688679024191,1.8727272727272728,1.9,1.9272727272727272,1.9545454545454544,1.981818181818182,2.009090909090909,2.036363636363636,2.0636363636363635
7,-0.4999999999999998,-0.8660254037844388,5,-0.9749279121818236,-0.2225209339563146,1.9,1.9272727272727272,1.9545454545454544,1.981818181818182,2.009090909090909,2.036363636363636,2.0636363636363635,2.090909090909091
7,-0.4999999999999998,-0.8660254037844388,6,-0.7818314824680299,0.6234898018587334,1.9272727272727272,1.9545454545454544,1.981818181818182,2.009090909090909,2.036363636363636,2.0636363636363635,2.090909090909091,2.118181818181818
7,-0.4999999999999998,-0.8660254037844388,0,0.0,1.0,1.9545454545454544,1.981818181818182,2.009090909090909,2.036363636363636,2.0636363636363635,2.090909090909091,2.118181818181818,2.1454545454545455
7,-0.4999999999999998,-0.8660254037844388,1,0.7818314824680298,0.6234898018587336,1.981818181818182,2.009090909090909,2.036363636363636,2.0636363636363635,2.090909090909091,2.118181818181818,2.1454545454545455,2.172727272727273
7,-0.4999999999999998,-0.8660254037844388,2,0.9749279121818236,-0.2225209339563143,2.009090909090909,2.036363636363636,2.0636363636363635,2.090909090909091,2.118181818181818,2.1454545454545455,2.172727272727273,2.2
7,-0.4999999999999998,-0.8660254037844388,3,0.4338837391175582,-0.900968867902419,2.036363636363636,2.0636363636363635,2.090909090909091,2.118181818181818,2.1454545454545455,2.172727272727273,2.2,2.2272727272727275
7,-0.4999999999999998,-0.8660254037844388,4,-0.433883739117558,-0.9009688679024191,2.0636363636363635,2.090909090909091,2.118181818181818,2.1454545454545455,2.172727272727273,2.2,2.2272727272727275,2.2545454545454544
7,-0.4999999999999998,-0.8660254037844388,5,-0.9749279121818236,-0.2225209339563146,2.090909090909091,2.118181818181818,2.1454545454545455,2.172727272727273,2.2,2.2272727272727275,2.2545454545454544,2.2818181818181817
7,-0.4999999999999998,-0.8660254037844388,6,-0.7818314824680299,0.6234898018587334,2.118181818181818,2.1454545454545455,2.172727272727273,2.2,2.2272727272727275,2.2545454545454544,2.2818181818181817,2.309090909090909
7,-0.4999999999999998,-0.8660254037844388,0,0.0,1.0,2.1454545454545455,2.172727272727273,2.2,2.2272727272727275,2.2545454545454544,2.2818181818181817,2.309090909090909,2.336363636363636
7,-0.4999999999999998,-0.8660254037844388,1,0.7818314824680298,0.6234898018587336,2.172727272727273,2.2,2.2272727272727275,2.2545454545454544,2.2818181818181817,2.309090909090909,2.336363636363636,2.3636363636363633
7,-0.4999999999999998,-0.8660254037844388,2,0.9749279121818236,-0.2225209339563143,2.2,2.2272727272727275,2.2545454545454544,2.2818181818181817,2.309090909090909,2.336363636363636,2.3636363636363633,2.3909090909090907
7,-0.4999999999999998,-0.8660254037844388,3,0.4338837391175582,-0.900968867902419,2.2272727272727275,2.2545454545454544,2.2818181818181817,2.309090909090909,2.336363636363636,2.3636363636363633,2.3909090909090907,2.418181818181818
7,-0.4999999999999998,-0.8660254037844388,4,-0.433883739117558,-0.9009688679024191,2.2545454545454544,2.2818181818181817,2.309090909090909,2.336363636363636,2.3636363636363633,2.3909090909090907,2.418181818181818,2.4454545454545453
7,-0.4999999999999998,-0.8660254037844388,5,-0.9749279121818236,-0.2225209339563146,2.2818181818181817,2.309090909090909,2.336363636363636,2.3636363636363633,2.3909090909090907,2.418181818181818,2.4454545454545453,2.4727272727272727
7,-0.4999999999999998,-0.8660254037844388,6,-0.7818314824680299,0.6234898018587334,2.309090909090909,2.336363636363636,2.3636363636363633,2.3909090909090907,2.418181818181818,2.4454545454545453,2.4727272727272727,2.5
7,-0.4999999999999998,-0.8660254037844388,0,0.0,1.0,2.336363636363636,2.3636363636363633,2.3909090909090907,2.418181818181818,2.4454545454545453,2.4727272727272727,2.5,2.5272727272727273
7,-0.4999999999999998,-0.8660254037844388,1,0.7818314824680298,0.6234898018587336,2.3636363636363633,2.3909090909090907,2.418181818181818,2.4454545454545453,2.4727272727272727,2.5,2.5272727272727273,2.5545454545454547
7,-0.4999999999999998,-0.8660254037844388,2,0.9749279121818236,-0.2225209339563143,2.3909090909090907,2.418181818181818,2.4454545454545453,2.4727272727272727,2.5,2.5272727272727273,2.5545454545454547,2.581818181818182
7,-0.4999999999999998,-0.8660254037844388,3,0.4338837391175582,-0.900968867902419,2.418181818181818,2.4454545454545453,2.4727272727272727,2.5,2.5272727272727273,2.5545454545454547,2.581818181818182,2.609090909090909
7,-0.4999999999999998,-0.8660254037844388,4,-0.433883739117558,-0.9009688679024191,2.4454545454545453,2.4727272727272727,2.5,2.5272727272727273,2.5545454545454547,2.581818181818182,2.609090909090909,2.636363636363636
7,-0.4999999999999998,-0.8660254037844388,5,-0.9749279121818236,-0.2225209339563146,2.4727272727272727,2.5,2.5272727272727273,2.5545454545454547,2.581818181818182,2.609090909090909,2.636363636363636,2.6636363636363636
7,-0.4999999999999998,-0.8660254037844388,6,-0.7818314824680299,0.6234898018587334,2.5,2.5272727272727273,2.5545454545454547,2.581818181818182,2.609090909090909,2.636363636363636,2.6636363636363636,2.690909090909091
7,-0.4999999999999998,-0.8660254037844388,0,0.0,1.0,2.5272727272727273,2.5545454545454547,2.581818181818182,2.609090909090909,2.636363636363636,2.6636363636363636,2.690909090909091,2.718181818181818
7,-0.4999999999999998,-0.8660254037844388,1,0.7818314824680298,0.6234898018587336,2.5545454545454547,2.581818181818182,2.609090909090909,2.636363636363636,2.6636363636363636,2.690909090909091,2.718181818181818,2.745454545454545
7,-0.4999999999999998,-0.8660254037844388,2,0.9749279121818236,-0.2225209339563143,2.581818181818182,2.609090909090909,2.636363636363636,2.6636363636363636,2.690909090909091,2.718181818181818,2.745454545454545,2.7727272727272725
8,-0.8660254037844384,-0.5000000000000004,3,0.4338837391175582,-0.900968867902419,2.609090909090909,2.636363636363636,2.6636363636363636,2.690909090909091,2.718181818181818,2.745454545454545,2.7727272727272725,2.8
8,-0.8660254037844384,-0.5000000000000004,4,-0.433883739117558,-0.9009688679024191,2.636363636363636,2.6636363636363636,2.690909090909091,2.718181818181818,2.745454545454545,2.7727272727272725,2.8,2.827272727272727
8,-0.8660254037844384,-0.5000000000000004,5,-0.9749279121818236,-0.2225209339563146,2.6636363636363636,2.690909090909091,2.718181818181818,2.745454545454545,2.7727272727272725,2.8,2.827272727272727,2.8545454545454545
8,-0.8660254037844384,-0.5000000000000004,6,-0.7818314824680299,0.6234898018587334,2.690909090909091,2.718181818181818,2.745454545454545,2.7727272727272725,2.8,2.827272727272727,2.8545454545454545,2.881818181818182
8,-0.8660254037844384,-0.5000000000000004,0,0.0,1.0,2.718181818181818,2.745454545454545,2.7727272727272725,2.8,2.827272727272727,2.8545454545454545,2.881818181818182,2.909090909090909
8,-0.8660254037844384,-0.5000000000000004,1,0.7818314824680298,0.6234898018587336,2.745454545454545,2.7727272727272725,2.8,2.827272727272727,2.8545454545454545,2.881818181818182,2.909090909090909,2.9363636363636365
8,-0.8660254037844384,-0.5000000000000004,2,0.9749279121818236,-0.2225209339563143,2.7727272727272725,2.8,2.827272727272727,2.8545454545454545,2.881818181818182,2.909090909090909,2.9363636363636365,2.963636363636364
8,-0.8660254037844384,-0.5000000000000004,3,0.4338837391175582,-0.900968867902419,2.8,2.827272727272727,2.8545454545454545,2.881818181818182,2.909090909090909,2.9363636363636365,2.963636363636364,2.9909090909090907
8,-0.8660254037844384,-0.5000000000000004,4,-0.433883739117558,-0.9009688679024191,2.827272727272727,2.8545454545454545,2.881818181818182,2.909090909090909,2.9363636363636365,2.963636363636364,2.9909090909090907,3.018181818181818
8,-0.8660254037844384,-0.5000000000000004,5,-0.9749279121818236,-0.2225209339563146,2.8545454545454545,2.881818181818182,2.909090909090909,2.9363636363636365,2.963636363636364,2.9909090909090907,3.018181818181818,3.0454545454545454
8,-0.8660254037844384,-0.5000000000000004,6,-0.7818314824680299,0.6234898018587334,2.881818181818182,2.909090909090909,2.9363636363636365,2.963636363636364,2.9909090909090907,3.018181818181818,3.0454545454545454,3.0727272727272728
8,-0.8660254037844384,-0.5000000000000004,0,0.0,1.0,2.909090909090909,2.9363636363636365,2.963636363636364,2.9909090909090907,3.018181818181818,3.0454545454545454,3.0727272727272728,3.1
8,-0.8660254037844384,-0.5000000000000004,1,0.7818314824680298,0.6234898018587336,2.9363636363636365,2.963636363636364,2.9909090909090907,3.018181818181818,3.0454545454545454,3.0727272727272728,3.1,3.127272727272727
8,-0.8660254037844384,-0.5000000000000004,2,0.9749279121818236,-0.2225209339563143,2.963636363636364,2.9909090909090907,3.018181818181818,3.0454545454545454,3.0727272727272728,3.1,3.127272727272727,3.1545454545454543
8,-0.8660254037844384,-0.5000000000000004,3,0.4338837391175582,-0.900968867902419,2.9909090909090907,3.018181818181818,3.0454545454545454,3.0727272727272728,3.1,3.127272727272727,3.1545454545454543,3.1818181818181817
8,-0.8660254037844384,-0.5000000000000004,4,-0.433883739117558,-0.9009688679024191,3.018181818181818,3.0454545454545454,3.0727272727272728,3.1,3.127272727272727,3.1545454545454543,3.1818181818181817,3.209090909090909
8,-0.8660254037844384,-0.5000000000000004,5,-0.9749279121818236,-0.2225209339563146,3.0454545454545454,3.0727272727272728,3.1,3.127272727272727,3.1545454545454543,3.1818181818181817,3.209090909090909,3.2363636363636363
8,-0.8660254037844384,-0.5000000000000004,6,-0.7818314824680299,0.6234898018587334,3.0727272727272728,3.1,3.127272727272727,3.1545454545454543,3.1818181818181817,3.209090909090909,3.2363636363636363,3.2636363636363637
8,-0.8660254037844384,-0.5000000000000004,0,0.0,1.0,3.1,3.127272727272727,3.1545454545454543,3.1818181818181817,3.209090909090909,3.2363636363636363,3.2636363636363637,3.290909090909091
8,-0.8660254037844384,-0.5000000000000004,1,0.7818314824680298,0.6234898018587336,3.127272727272727,3.1545454545454543,3.1818181818181817,3.209090909090909,3.2363636363636363,3.2636363636363637,3.290909090909091,3.318181818181818
8,-0.8660254037844384,-0.5000000000000004,2,0.9749279121818236,-0.2225209339563143,3.1545454545454543,3.1818181818181817,3.209090909090909,3.2363636363636363,3.2636363636363637,3.290909090909091,3.318181818181818,3.3454545454545452
8,-0.8660254037844384,-0.5000000000000004,3,0.4338837391175582,-0.900968867902419,3.1818181818181817,3.209090909090909,3.2363636363636363,3.2636363636363637,3.290909090909091,3.318181818181818,3.3454545454545452,3.372727272727273
8,-0.8660254037844384,-0.5000000000000004,4,-0.433883739117558,-0.9009688679024191,3.209090909090909,3.2363636363636363,3.2636363636363637,3.290909090909091,3.318181818181818,3.3454545454545452,3.372727272727273,3.4
8,-0.8660254037844384,-0.5000000000000004,5,-0.9749279121818236,-0.2225209339563146,3.2363636363636363,3.2636363636363637,3.290909090909091,3.318181818181818,3.3454545454545452,3.372727272727273,3.4,3.4272727272727272
8,-0.8660254037844384,-0.5000000000000004,6,-0.7818314824680299,0.6234898018587334,3.2636363636363637,3.290909090909091,3.318181818181818,3.3454545454545452,3.372727272727273,3.4,3.4272727272727272,3.4545454545454546
8,-0.8660254037844384,-0.5000000000000004,0,0.0,1.0,3.290909090909091,3.318181818181818,3.3454545454545452,3.372727272727273,3.4,3.4272727272727272,3.4545454545454546,3.4818181818181815
8,-0.8660254037844384,-0.5000000000000004,1,0.7818314824680298,0.6234898018587336,3.318181818181818,3.3454545454545452,3.372727272727273,3.4,3.4272727272727272,3.4545454545454546,3.4818181818181815,3.509090909090909
8,-0.8660254037844384,-0.5000000000000004,2,0.9749279121818236,-0.2225209339563143,3.3454545454545452,3.372727272727273,3.4,3.4272727272727272,3.4545454545454546,3.4818181818181815,3.509090909090909,3.536363636363636
8,-0.8660254037844384,-0.5000000000000004,3,0.4338837391175582,-0.900968867902419,3.372727272727273,3.4,3.4272727272727272,3.4545454545454546,3.4818181818181815,3.509090909090909,3.536363636363636,3.5636363636363635
8,-0.8660254037844384,-0.5000000000000004,4,-0.433883739117558,-0.9009688679024191,3.4,3.4272727272727272,3.4545454545454546,3.4818181818181815,3.509090909090909,3.536363636363636,3.5636363636363635,3.590909090909091
8,-0.8660254037844384,-0.5000000000000004,5,-0.9749279121818236,-0.2225209339563146,3.4272727272727272,3.4545454545454546,3.4818181818181815,3.509090909090909,3.536363636363636,3.5636363636363635,3.590909090909091,3.618181818181818
9,-1.0,-1.8369701987210294e-16,6,-0.7818314824680299,0.6234898018587334,3.4545454545454546,3.4818181818181815,3.509090909090909,3.536363636363636,3.5636363636363635,3.590909090909091,3.618181818181818,3.6454545454545455
9,-1.0,-1.8369701987210294e-16,0,0.0,1.0,3.4818181818181815,3.509090909090909,3.536363636363636,3.5636363636363635,3.590909090909091,3.618181818181818,3.6454545454545455,3.672727272727272
9,-1.0,-1.8369701987210294e-16,1,0.7818314824680298,0.6234898018587336,3.509090909090909,3.536363636363636,3.5636363636363635,3.590909090909091,3.618181818181818,3.6454545454545455,3.672727272727272,3.7
9,-1.0,-1.8369701987210294e-16,2,0.9749279121818236,-0.2225209339563143,3.536363636363636,3.5636363636363635,3.590909090909091,3.618181818181818,3.6454545454545455,3.672727272727272,3.7,3.727272727272727
9,-1.0,-1.8369701987210294e-16,3,0.4338837391175582,-0.900968867902419,3.5636363636363635,3.590909090909091,3.618181818181818,3.6454545454545455,3.672727272727272,3.7,3.727272727272727,3.7545454545454544
9,-1.0,-1.8369701987210294e-16,4,-0.433883739117558,-0.9009688679024191,3.590909090909091,3.618181818181818,3.6454545454545455,3.672727272727272,3.7,3.727272727272727,3.7545454545454544,3.7818181818181817
9,-1.0,-1.8369701987210294e-16,5,-0.9749279121818236,-0.2225209339563146,3.618181818181818,3.6454545454545455,3.672727272727272,3.7,3.727272727272727,3.7545454545454544,3.7818181818181817,3.809090909090909
9,-1.0,-1.8369701987210294e-16,6,-0.7818314824680299,0.6234898018587334,3.6454545454545455,3.672727272727272,3.7,3.727272727272727,3.7545454545454544,3.7818181818181817,3.809090909090909,3.836363636363637
9,-1.0,-1.8369701987210294e-16,0,0.0,1.0,3.672727272727272,3.7,3.727272727272727,3.7545454545454544,3.7818181818181817,3.809090909090909,3.836363636363637,3.8636363636363633
9,-1.0,-1.8369701987210294e-16,1,0.7818314824680298,0.6234898018587336,3.7,3.727272727272727,3.7545454545454544,3.7818181818181817,3.809090909090909,3.836363636363637,3.8636363636363633,3.89090909090909
9,-1.0,-1.8369701987210294e-16,2,0.9749279121818236,-0.2225209339563143,3.727272727272727,3.7545454545454544,3.7818181818181817,3.809090909090909,3.836363636363637,3.8636363636363633,3.89090909090909,3.918181818181818
9,-1.0,-1.8369701987210294e-16,3,0.4338837391175582,-0.900968867902419,3.7545454545454544,3.7818181818181817,3.809090909090909,3.836363636363637,3.8636363636363633,3.89090909090909,3.918181818181818,3.9454545454545458
9,-1.0,-1.8369701987210294e-16,4,-0.433883739117558,-0.9009688679024191,3.7818181818181817,3.809090909090909,3.836363636363637,3.8636363636363633,3.89090909090909,3.918181818181818,3.9454545454545458,3.9727272727272727
9,-1.0,-1.8369701987210294e-16,5,-0.9749279121818236,-0.2225209339563146,3.809090909090909,3.836363636363637,3.8636363636363633,3.89090909090909,3.918181818181818,3.9454545454545458,3.9727272727272727,4.0
9,-1.0,-1.8369701987210294e-16,6,-0.7818314824680299,0.6234898018587334,3.836363636363637,3.8636363636363633,3.89090909090909,3.918181818181818,3.9454545454545458,3.9727272727272727,4.0,4.027272727272727
9,-1.0,-1.8369701987210294e-16,0,0.0,1.0,3.8636363636363633,3.89090909090909,3.918181818181818,3.9454545454545458,3.9727272727272727,4.0,4.027272727272727,4.054545454545455
9,-1.0,-1.8369701987210294e-16,1,0.7818314824680298,0.6234898018587336,3.89090909090909,3.918181818181818,3.9454545454545458,3.9727272727272727,4.0,4.027272727272727,4.054545454545455,4.081818181818182
9,-1.0,-1.8369701987210294e-16,2,0.9749279121818236,-0.2225209339563143,3.918181818181818,3.9454545454545458,3.9727272727272727,4.0,4.027272727272727,4.054545454545455,4.081818181818182,4.109090909090909
9,-1.0,-1.8369701987210294e-16,3,0.4338837391175582,-0.900968867902419,3.9454545454545458,3.9727272727272727,4.0,4.027272727272727,4.054545454545455,4.081818181818182,4.109090909090909,4.136363636363637
9,-1.0,-1.8369701987210294e-16,4,-0.433883739117558,-0.9009688679024191,3.9727272727272727,4.0,4.027272727272727,4.054545454545455,4.081818181818182,4.109090909090909,4.136363636363637,4.163636363636364
9,-1.0,-1.8369701987210294e-16,5,-0.9749279121818236,-0.2225209339563146,4.0,4.027272727272727,4.054545454545455,4.081818181818182,4.109090909090909,4.136363636363637,4.163636363636364,4.190909090909091
9,-1.0,-1.8369701987210294e-16,6,-0.7818314824680299,0.6234898018587334,4.027272727272727,4.054545454545455,4.081818181818182,4.109090909090909,4.136363636363637,4.163636363636364,4.190909090909091,4.218181818181818
9,-1.0,-1.8369701987210294e-16,0,0.0,1.0,4.054545454545455,4.081818181818182,4.109090909090909,4.136363636363637,4.163636363636364,4.190909090909091,4.218181818181818,4.245454545454545
9,-1.0,-1.8369701987210294e-16,1,0.7818314824680298,0.6234898018587336,4.081818181818182,4.109090909090909,4.136363636363637,4.163636363636364,4.190909090909091,4.218181818181818,4.245454545454545,4.2727272727272725
9,-1.0,-1.8369701987210294e-16,2,0.9749279121818236,-0.2225209339563143,4.109090909090909,4.136363636363637,4.163636363636364,4.190909090909091,4.218181818181818,4.245454545454545,4.2727272727272725,4.3
9,-1.0,-1.8369701987210294e-16,3,0.4338837391175582,-0.900968867902419,4.136363636363637,4.163636363636364,4.190909090909091,4.218181818181818,4.245454545454545,4.2727272727272725,4.3,4.327272727272727
9,-1.0,-1.8369701987210294e-16,4,-0.433883739117558,-0.9009688679024191,4.163636363636364,4.190909090909091,4.218181818181818,4.245454545454545,4.2727272727272725,4.3,4.327272727272727,4.3545454545454545
9,-1.0,-1.8369701987210294e-16,5,-0.9749279121818236,-0.2225209339563146,4.190909090909091,4.218181818181818,4.245454545454545,4.2727272727272725,4.3,4.327272727272727,4.3545454545454545,4.381818181818182
9,-1.0,-1.8369701987210294e-16,6,-0.7818314824680299,0.6234898018587334,4.218181818181818,4.245454545454545,4.2727272727272725,4.3,4.327272727272727,4.3545454545454545,4.381818181818182,4.409090909090908
9,-1.0,-1.8369701987210294e-16,0,0.0,1.0,4.245454545454545,4.2727272727272725,4.3,4.327272727272727,4.3545454545454545,4.381818181818182,4.409090909090908,4.436363636363636
10,-0.8660254037844386,0.5000000000000001,1,0.7818314824680298,0.6234898018587336,4.2727272727272725,4.3,4.327272727272727,4.3545454545454545,4.381818181818182,4.409090909090908,4.436363636363636,4.463636363636363
10,-0.8660254037844386,0.5000000000000001,2,0.9749279121818236,-0.2225209339563143,4.3,4.327272727272727,4.3545454545454545,4.381818181818182,4.409090909090908,4.436363636363636,4.463636363636363,4.49090909090909
10,-0.8660254037844386,0.5000000000000001,3,0.4338837391175582,-0.900968867902419,4.327272727272727,4.3545454545454545,4.381818181818182,4.409090909090908,4.436363636363636,4.463636363636363,4.49090909090909,4.518181818181818
10,-0.8660254037844386,0.5000000000000001,4,-0.433883739117558,-0.9009688679024191,4.3545454545454545,4.381818181818182,4.409090909090908,4.436363636363636,4.463636363636363,4.49090909090909,4.518181818181818,4.545454545454545
10,-0.8660254037844386,0.5000000000000001,5,-0.9749279121818236,-0.2225209339563146,4.381818181818182,4.409090909090908,4.436363636363636,4.463636363636363,4.49090909090909,4.518181818181818,4.545454545454545,4.572727272727272
10,-0.8660254037844386,0.5000000000000001,6,-0.7818314824680299,0.6234898018587334,4.409090909090908,4.436363636363636,4.463636363636363,4.49090909090909,4.518181818181818,4.545454545454545,4.572727272727272,4.6
10,-0.8660254037844386,0.5000000000000001,0,0.0,1.0,4.436363636363636,4.463636363636363,4.49090909090909,4.518181818181818,4.545454545454545,4.572727272727272,4.6,4.627272727272727
10,-0.8660254037844386,0.5000000000000001,1,0.7818314824680298,0.6234898018587336,4.463636363636363,4.49090909090909,4.518181818181818,4.545454545454545,4.572727272727272,4.6,4.627272727272727,4.654545454545454
10,-0.8660254037844386,0.5000000000000001,2,0.9749279121818236,-0.2225209339563143,4.49090909090909,4.518181818181818,4.545454545454545,4.572727272727272,4.6,4.627272727272727,4.654545454545454,4.681818181818182
10,-0.8660254037844386,0.5000000000000001,3,0.4338837391175582,-0.900968867902419,4.518181818181818,4.545454545454545,4.572727272727272,4.6,4.627272727272727,4.654545454545454,4.681818181818182,4.709090909090909
10,-0.8660254037844386,0.5000000000000001,4,-0.433883739117558,-0.9009688679024191,4.545454545454545,4.572727272727272,4.6,4.627272727272727,4.654545454545454,4.681818181818182,4.709090909090909,4.736363636363636
10,-0.8660254037844386,0.5000000000000001,5,-0.9749279121818236,-0.2225209339563146,4.572727272727272,4.6,4.627272727272727,4.654545454545454,4.681818181818182,4.709090909090909,4.736363636363636,4.763636363636364
10,-0.8660254037844386,0.5000000000000001,6,-0.7818314824680299,0.6234898018587334,4.6,4.627272727272727,4.654545454545454,4.681818181818182,4.709090909090909,4.736363636363636,4.763636363636364,4.790909090909091
10,-0.8660254037844386,0.5000000000000001,0,0.0,1.0,4.627272727272727,4.654545454545454,4.681818181818182,4.709090909090909,4.736363636363636,4.763636363636364,4.790909090909091,4.818181818181818
10,-0.8660254037844386,0.5000000000000001,1,0.7818314824680298,0.6234898018587336,4.654545454545454,4.681818181818182,4.709090909090909,4.736363636363636,4.763636363636364,4.790909090909091,4.818181818181818,4.845454545454546
10,-0.8660254037844386,0.5000000000000001,2,0.9749279121818236,-0.2225209339563143,4.681818181818182,4.709090909090909,4.736363636363636,4.763636363636364,4.790909090909091,4.818181818181818,4.845454545454546,4.872727272727273
10,-0.8660254037844386,0.5000000000000001,3,0.4338837391175582,-0.900968867902419,4.709090909090909,4.736363636363636,4.763636363636364,4.790909090909091,4.818181818181818,4.845454545454546,4.872727272727273,4.9
10,-0.8660254037844386,0.5000000000000001,4,-0.433883739117558,-0.9009688679024191,4.736363636363636,4.763636363636364,4.790909090909091,4.818181818181818,4.845454545454546,4.872727272727273,4.9,4.927272727272728
10,-0.8660254037844386,0.5000000000000001,5,-0.9749279121818236,-0.2225209339563146,4.763636363636364,4.790909090909091,4.818181818181818,4.845454545454546,4.872727272727273,4.9,4.927272727272728,4.954545454545454
10,-0.8660254037844386,0.5000000000000001,6,-0.7818314824680299,0.6234898018587334,4.790909090909091,4.818181818181818,4.845454545454546,4.872727272727273,4.9,4.927272727272728,4.954545454545454,4.9818181818181815
10,-0.8660254037844386,0.5000000000000001,0,0.0,1.0,4.818181818181818,4.845454545454546,4.872727272727273,4.9,4.927272727272728,4.954545454545454,4.9818181818181815,5.009090909090909
10,-0.8660254037844386,0.5000000000000001,1,0.7818314824680298,0.6234898018587336,4.845454545454546,4.872727272727273,4.9,4.927272727272728,4.954545454545454,4.9818181818181815,5.009090909090909,5.036363636363636
10,-0.8660254037844386,0.5000000000000001,2,0.9749279121818236,-0.2225209339563143,4.872727272727273,4.9,4.927272727272728,4.954545454545454,4.9818181818181815,5.009090909090909,5.036363636363636,5.0636363636363635
10,-0.8660254037844386,0.5000000000000001,3,0.4338837391175582,-0.900968867902419,4.9,4.927272727272728,4.954545454545454,4.9818181818181815,5.009090909090909,5.036363636363636,5.0636363636363635,5.090909090909091
10,-0.8660254037844386,0.5000000000000001,4,-0.433883739117558,-0.9009688679024191,4.927272727272728,4.954545454545454,4.9818181818181815,5.009090909090909,5.036363636363636,5.0636363636363635,5.090909090909091,5.118181818181818
10,-0.8660254037844386,0.5000000000000001,5,-0.9749279121818236,-0.2225209339563146,4.954545454545454,4.9818181818181815,5.009090909090909,5.036363636363636,5.0636363636363635,5.090909090909091,5.118181818181818,5.1454545454545455
10,-0.8660254037844386,0.5000000000000001,6,-0.7818314824680299,0.6234898018587334,4.9818181818181815,5.009090909090909,5.036363636363636,5.0636363636363635,5.090909090909091,5.118181818181818,5.1454545454545455,5.172727272727273
10,-0.8660254037844386,0.5000000000000001,0,0.0,1.0,5.009090909090909,5.036363636363636,5.0636363636363635,5.090909090909091,5.118181818181818,5.1454545454545455,5.172727272727273,5.2
10,-0.8660254037844386,0.5000000000000001,1,0.7818314824680298,0.6234898018587336,5.036363636363636,5.0636363636363635,5.090909090909091,5.118181818181818,5.1454545454545455,5.172727272727273,5.2,5.227272727272727
10,-0.8660254037844386,0.5000000000000001,2,0.9749279121818236,-0.2225209339563143,5.0636363636363635,5.090909090909091,5.118181818181818,5.1454545454545455,5.172727272727273,5.2,5.227272727272727,5.254545454545454
10,-0.8660254037844386,0.5000000000000001,3,0.4338837391175582,-0.900968867902419,5.090909090909091,5.118181818181818,5.1454545454545455,5.172727272727273,5.2,5.227272727272727,5.254545454545454,5.281818181818181
11,-0.5000000000000004,0.8660254037844384,4,-0.433883739117558,-0.9009688679024191,5.118181818181818,5.1454545454545455,5.172727272727273,5.2,5.227272727272727,5.254545454545454,5.281818181818181,5.309090909090909
11,-0.5000000000000004,0.8660254037844384,5,-0.9749279121818236,-0.2225209339563146,5.1454545454545455,5.172727272727273,5.2,5.227272727272727,5.254545454545454,5.281818181818181,5.309090909090909,5.336363636363636
11,-0.5000000000000004,0.8660254037844384,6,-0.7818314824680299,0.6234898018587334,5.172727272727273,5.2,5.227272727272727,5.254545454545454,5.281818181818181,5.309090909090909,5.336363636363636,5.363636363636363
11,-0.5000000000000004,0.8660254037844384,0,0.0,1.0,5.2,5.227272727272727,5.254545454545454,5.281818181818181,5.309090909090909,5.336363636363636,5.363636363636363,5.390909090909091
11,-0.5000000000000004,0.8660254037844384,1,0.7818314824680298,0.6234898018587336,5.227272727272727,5.254545454545454,5.281818181818181,5.309090909090909,5.336363636363636,5.363636363636363,5.390909090909091,5.418181818181818
11,-0.5000000000000004,0.8660254037844384,2,0.9749279121818236,-0.2225209339563143,5.254545454545454,5.281818181818181,5.309090909090909,5.336363636363636,5.363636363636363,5.390909090909091,5.418181818181818,5.445454545454545
11,-0.5000000000000004,0.8660254037844384,3,0.4338837391175582,-0.900968867902419,5.281818181818181,5.309090909090909,5.336363636363636,5.363636363636363,5.390909090909091,5.418181818181818,5.445454545454545,5.472727272727273
11,-0.5000000000000004,0.8660254037844384,4,-0.433883739117558,-0.9009688679024191,5.309090909090909,5.336363636363636,5.363636363636363,5.390909090909091,5.418181818181818,5.445454545454545,5.472727272727273,5.5
11,-0.5000000000000004,0.8660254037844384,5,-0.9749279121818236,-0.2225209339563146,5.336363636363636,5.363636363636363,5.390909090909091,5.418181818181818,5.445454545454545,5.472727272727273,5.5,5.527272727272727
11,-0.5000000000000004,0.8660254037844384,6,-0.7818314824680299,0.6234898018587334,5.363636363636363,5.390909090909091,5.418181818181818,5.445454545454545,5.472727272727273,5.5,5.527272727272727,5.554545454545455
11,-0.5000000000000004,0.8660254037844384,0,0.0,1.0,5.390909090909091,5.418181818181818,5.445454545454545,5.472727272727273,5.5,5.527272727272727,5.554545454545455,5.581818181818182
11,-0.5000000000000004,0.8660254037844384,1,0.7818314824680298,0.6234898018587336,5.418181818181818,5.445454545454545,5.472727272727273,5.5,5.527272727272727,5.554545454545455,5.581818181818182,5.6090909090909085
11,-0.5000000000000004,0.8660254037844384,2,0.9749279121818236,-0.2225209339563143,5.445454545454545,5.472727272727273,5.5,5.527272727272727,5.554545454545455,5.581818181818182,5.6090909090909085,5.636363636363636
11,-0.5000000000000004,0.8660254037844384,3,0.4338837391175582,-0.900968867902419,5.472727272727273,5.5,5.527272727272727,5.554545454545455,5.581818181818182,5.6090909090909085,5.636363636363636,5.663636363636363
11,-0.5000000000000004,0.8660254037844384,4,-0.433883739117558,-0.9009688679024191,5.5,5.527272727272727,5.554545454545455,5.581818181818182,5.6090909090909085,5.636363636363636,5.663636363636363,5.6909090909090905
11,-0.5000000000000004,0.8660254037844384,5,-0.9749279121818236,-0.2225209339563146,5.527272727272727,5.554545454545455,5.581818181818182,5.6090909090909085,5.636363636363636,5.663636363636363,5.6909090909090905,5.718181818181818
11,-0.5000000000000004,0.8660254037844384,6,-0.7818314824680299,0.6234898018587334,5.554545454545455,5.581818181818182,5.6090909090909085,5.636363636363636,5.663636363636363,5.6909090909090905,5.718181818181818,5.745454545454545
11,-0.5000000000000004,0.8660254037844384,0,0.0,1.0,5.581818181818182,5.6090909090909085,5.636363636363636,5.663636363636363,5.6909090909090905,5.718181818181818,5.745454545454545,5.7727272727272725
11,-0.5000000000000004,0.8660254037844384,1,0.7818314824680298,0.6234898018587336,5.6090909090909085,5.636363636363636,5.663636363636363,5.6909090909090905,5.718181818181818,5.745454545454545,5.7727272727272725,5.8
11,-0.5000000000000004,0.8660254037844384,2,0.9749279121818236,-0.2225209339563143,5.636363636363636,5.663636363636363,5.6909090909090905,5.718181818181818,5.745454545454545,5.7727272727272725,5.8,5.827272727272727
11,-0.5000000000000004,0.8660254037844384,3,0.4338837391175582,-0.900968867902419,5.663636363636363,5.6909090909090905,5.718181818181818,5.745454545454545,5.7727272727272725,5.8,5.827272727272727,5.8545454545454545
11,-0.5000000000000004,0.8660254037844384,4,-0.433883739117558,-0.9009688679024191,5.6909090909090905,5.718181818181818,5.745454545454545,5.7727272727272725,5.8,5.827272727272727,5.8545454545454545,5.881818181818182
11,-0.5000000000000004,0.8660254037844384,5,-0.9749279121818236,-0.2225209339563146,5.718181818181818,5.745454545454545,5.7727272727272725,5.8,5.827272727272727,5.8545454545454545,5.881818181818182,5.909090909090909
11,-0.5000000000000004,0.8660254037844384,6,-0.7818314824680299,0.6234898018587334,5.745454545454545,5.7727272727272725,5.8,5.827272727272727,5.8545454545454545,5.881818181818182,5.909090909090909,5.9363636363636365
11,-0.5000000000000004,0.8660254037844384,0,0.0,1.0,5.7727272727272725,5.8,5.827272727272727,5.8545454545454545,5.881818181818182,5.909090909090909,5.9363636363636365,5.963636363636363
11,-0.5000000000000004,0.8660254037844384,1,0.7818314824680298,0.6234898018587336,5.8,5.827272727272727,5.8545454545454545,5.881818181818182,5.909090909090909,5.9363636363636365,5.963636363636363,5.99090909090909
11,-0.5000000000000004,0.8660254037844384,2,0.9749279121818236,-0.2225209339563143,5.827272727272727,5.8545454545454545,5.881818181818182,5.909090909090909,5.9363636363636365,5.963636363636363,5.99090909090909,6.018181818181818
11,-0.5000000000000004,0.8660254037844384,3,0.4338837391175582,-0.900968867902419,5.8545454545454545,5.881818181818182,5.909090909090909,5.9363636363636365,5.963636363636363,5.99090909090909,6.018181818181818,6.045454545454545
11,-0.5000000000000004,0.8660254037844384,4,-0.433883739117558,-0.9009688679024191,5.881818181818182,5.909090909090909,5.9363636363636365,5.963636363636363,5.99090909090909,6.018181818181818,6.045454545454545,6.072727272727272
11,-0.5000000000000004,0.8660254037844384,5,-0.9749279121818236,-0.2225209339563146,5.909090909090909,5.9363636363636365,5.963636363636363,5.99090909090909,6.018181818181818,6.045454545454545,6.072727272727272,6.1
12,-2.4492935982947064e-16,1.0,6,-0.7818314824680299,0.6234898018587334,5.9363636363636365,5.963636363636363,5.99090909090909,6.018181818181818,6.045454545454545,6.072727272727272,6.1,6.127272727272727
12,-2.4492935982947064e-16,1.0,0,0.0,1.0,5.963636363636363,5.99090909090909,6.018181818181818,6.045454545454545,6.072727272727272,6.1,6.127272727272727,6.154545454545454
12,-2.4492935982947064e-16,1.0,1,0.7818314824680298,0.6234898018587336,5.99090909090909,6.018181818181818,6.045454545454545,6.072727272727272,6.1,6.127272727272727,6.154545454545454,6.181818181818182
12,-2.4492935982947064e-16,1.0,2,0.9749279121818236,-0.2225209339563143,6.018181818181818,6.045454545454545,6.072727272727272,6.1,6.127272727272727,6.154545454545454,6.181818181818182,6.209090909090909
12,-2.4492935982947064e-16,1.0,3,0.4338837391175582,-0.900968867902419,6.045454545454545,6.072727272727272,6.1,6.127272727272727,6.154545454545454,6.181818181818182,6.209090909090909,6.236363636363636
12,-2.4492935982947064e-16,1.0,4,-0.433883739117558,-0.9009688679024191,6.072727272727272,6.1,6.127272727272727,6.154545454545454,6.181818181818182,6.209090909090909,6.236363636363636,6.263636363636364
12,-2.4492935982947064e-16,1.0,5,-0.9749279121818236,-0.2225209339563146,6.1,6.127272727272727,6.154545454545454,6.181818181818182,6.209090909090909,6.236363636363636,6.263636363636364,6.290909090909091
12,-2.4492935982947064e-16,1.0,6,-0.7818314824680299,0.6234898018587334,6.127272727272727,6.154545454545454,6.181818181818182,6.209090909090909,6.236363636363636,6.263636363636364,6.290909090909091,6.318181818181818
12,-2.4492935982947064e-16,1.0,0,0.0,1.0,6.154545454545454,6.181818181818182,6.209090909090909,6.236363636363636,6.263636363636364,6.290909090909091,6.318181818181818,6.345454545454545
12,-2.4492935982947064e-16,1.0,1,0.7818314824680298,0.6234898018587336,6.181818181818182,6.209090909090909,6.236363636363636,6.263636363636364,6.290909090909091,6.318181818181818,6.345454545454545,6.372727272727272
12,-2.4492935982947064e-16,1.0,2,0.9749279121818236,-0.2225209339563143,6.209090909090909,6.236363636363636,6.263636363636364,6.290909090909091,6.318181818181818,6.345454545454545,6.372727272727272,6.3999999999999995
12,-2.4492935982947064e-16,1.0,3,0.4338837391175582,-0.900968867902419,6.236363636363636,6.263636363636364,6.290909090909091,6.318181818181818,6.345454545454545,6.372727272727272,6.3999999999999995,6.427272727272727
12,-2.4492935982947064e-16,1.0,4,-0.433883739117558,-0.9009688679024191,6.263636363636364,6.290909090909091,6.318181818181818,6.345454545454545,6.372727272727272,6.3999999999999995,6.427272727272727,6.454545454545454
12,-2.4492935982947064e-16,1.0,5,-0.9749279121818236,-0.2225209339563146,6.290909090909091,6.318181818181818,6.345454545454545,6.372727272727272,6.3999999999999995,6.427272727272727,6.454545454545454,6.4818181818181815
12,-2.4492935982947064e-16,1.0,6,-0.7818314824680299,0.6234898018587334,6.318181818181818,6.345454545454545,6.372727272727272,6.3999999999999995,6.427272727272727,6.454545454545454,6.4818181818181815,6.509090909090909
12,-2.4492935982947064e-16,1.0,0,0.0,1.0,6.345454545454545,6.372727272727272,6.3999999999999995,6.427272727272727,6.454545454545454,6.4818181818181815,6.509090909090909,6.536363636363636
12,-2.4492935982947064e-16,1.0,1,0.7818314824680298,0.6234898018587336,6.372727272727272,6.3999999999999995,6.427272727272727,6.454545454545454,6.4818181818181815,6.509090909090909,6.536363636363636,6.5636363636363635
12,-2.4492935982947064e-16,1.0,2,0.9749279121818236,-0.2225209339563143,6.3999999999999995,6.427272727272727,6.454545454545454,6.4818181818181815,6.509090909090909,6.536363636363636,6.5636363636363635,6.590909090909091
12,-2.4492935982947064e-16,1.0,3,0.4338837391175582,-0.900968867902419,6.427272727272727,6.454545454545454,6.4818181818181815,6.509090909090909,6.536363636363636,6.5636363636363635,6.590909090909091,6.618181818181818
12,-2.4492935982947064e-16,1.0,4,-0.433883739117558,-0.9009688679024191,6.454545454545454,6.4818181818181815,6.509090909090909,6.536363636363636,6.5636363636363635,6.590909090909091,6.618181818181818,6.6454545454545455
12,-2.4492935982947064e-16,1.0,5,-0.9749279121818236,-0.2225209339563146,6.4818181818181815,6.509090909090909,6.536363636363636,6.5636363636363635,6.590909090909091,6.618181818181818,6.6454545454545455,6.672727272727273
12,-2.4492935982947064e-16,1.0,6,-0.7818314824680299,0.6234898018587334,6.509090909090909,6.536363636363636,6.5636363636363635,6.590909090909091,6.618181818181818,6.6454545454545455,6.672727272727273,6.699999999999999
12,-2.4492935982947064e-16,1.0,0,0.0,1.0,6.536363636363636,6.5636363636363635,6.590909090909091,6.618181818181818,6.6454545454545455,6.672727272727273,6.699999999999999,6.727272727272727
12,-2.4492935982947064e-16,1.0,1,0.7818314824680298,0.6234898018587336,6.5636363636363635,6.590909090909091,6.618181818181818,6.6454545454545455,6.672727272727273,6.699999999999999,6.727272727272727,6.754545454545454
12,-2.4492935982947064e-16,1.0,2,0.9749279121818236,-0.2225209339563143,6.590909090909091,6.618181818181818,6.6454545454545455,6.672727272727273,6.699999999999999,6.727272727272727,6.754545454545454,6.781818181818181
12,-2.4492935982947064e-16,1.0,3,0.4338837391175582,-0.900968867902419,6.618181818181818,6.6454545454545455,6.672727272727273,6.699999999999999,6.727272727272727,6.754545454545454,6.781818181818181,6.809090909090909
12,-2.4492935982947064e-16,1.0,4,-0.433883739117558,-0.9009688679024191,6.6454545454545455,6.672727272727273,6.699999999999999,6.727272727272727,6.754545454545454,6.781818181818181,6.809090909090909,6.836363636363636
12,-2.4492935982947064e-16,1.0,5,-0.9749279121818236,-0.2225209339563146,6.672727272727273,6.699999999999999,6.727272727272727,6.754545454545454,6.781818181818181,6.809090909090909,6.836363636363636,6.863636363636363
12,-2.4492935982947064e-16,1.0,6,-0.7818314824680299,0.6234898018587334,6.699999999999999,6.727272727272727,6.754545454545454,6.781818181818181,6.809090909090909,6.836363636363636,6.863636363636363,6.890909090909091
12,-2.4492935982947064e-16,1.0,0,0.0,1.0,6.727272727272727,6.754545454545454,6.781818181818181,6.809090909090909,6.836363636363636,6.863636363636363,6.890909090909091,6.918181818181818
12,-2.4492935982947064e-16,1.0,1,0.7818314824680298,0.6234898018587336,6.754545454545454,6.781818181818181,6.809090909090909,6.836363636363636,6.863636363636363,6.890909090909091,6.918181818181818,6.945454545454545
1,0.4999999999999999,0.8660254037844387,2,0.9749279121818236,-0.2225209339563143,6.781818181818181,6.809090909090909,6.836363636363636,6.863636363636363,6.890909090909091,6.918181818181818,6.945454545454545,6.972727272727273
1,0.4999999999999999,0.8660254037844387,3,0.4338837391175582,-0.900968867902419,6.809090909090909,6.836363636363636,6.863636363636363,6.890909090909091,6.918181818181818,6.945454545454545,6.972727272727273,7.0
1,0.4999999999999999,0.8660254037844387,4,-0.433883739117558,-0.9009688679024191,6.836363636363636,6.863636363636363,6.890909090909091,6.918181818181818,6.945454545454545,6.972727272727273,7.0,13.0
1,0.4999999999999999,0.8660254037844387,5,-0.9749279121818236,-0.2225209339563146,6.863636363636363,6.890909090909091,6.918181818181818,6.945454545454545,6.972727272727273,7.0,13.0,10.0
1,0.4999999999999999,0.8660254037844387,6,-0.7818314824680299,0.6234898018587334,6.890909090909091,6.918181818181818,6.945454545454545,6.972727272727273,7.0,13.0,10.0,10.0
1,0.4999999999999999,0.8660254037844387,0,0.0,1.0,6.918181818181818,6.945454545454545,6.972727272727273,7.0,13.0,10.0,10.0,13.0
1,0.4999999999999999,0.8660254037844387,1,0.7818314824680298,0.6234898018587336,6.945454545454545,6.972727272727273,7.0,13.0,10.0,10.0,13.0,15.5
1,0.4999999999999999,0.8660254037844387,2,0.9749279121818236,-0.2225209339563143,6.972727272727273,7.0,13.0,10.0,10.0,13.0,15.5,18.0
1,0.4999999999999999,0.8660254037844387,3,0.4338837391175582,-0.900968867902419,7.0,13.0,10.0,10.0,13.0,15.5,18.0,18.0
1,0.4999999999999999,0.8660254037844387,4,-0.433883739117558,-0.9009688679024191,13.0,10.0,10.0,13.0,15.5,18.0,18.0,8.0
1,0.4999999999999999,0.8660254037844387,5,-0.9749279121818236,-0.2225209339563146,10.0,10.0,13.0,15.5,18.0,18.0,8.0,6.0
1,0.4999999999999999,0.8660254037844387,6,-0.7818314824680299,0.6234898018587334,10.0,13.0,15.5,18.0,18.0,8.0,6.0,8.0
1,0.4999999999999999,0.8660254037844387,0,0.0,1.0,13.0,15.5,18.0,18.0,8.0,6.0,8.0,13.0
1,0.4999999999999999,0.8660254037844387,1,0.7818314824680298,0.6234898018587336,15.5,18.0,18.0,8.0,6.0,8.0,13.0,17.0
1,0.4999999999999999,0.8660254037844387,2,0.9749279121818236,-0.2225209339563143,18.0,18.0,8.0,6.0,8.0,13.0,17.0,22.0
1,0.4999999999999999,0.8660254037844387,3,0.4338837391175582,-0.900968867902419,18.0,8.0,6.0,8.0,13.0,17.0,22.0,15.0
1,0.4999999999999999,0.8660254037844387,4,-0.433883739117558,-0.9009688679024191,8.0,6.0,8.0,13.0,17.0,22.0,15.0,12.0
1,0.4999999999999999,0.8660254037844387,5,-0.9749279121818236,-0.2225209339563146,6.0,8.0,13.0,17.0,22.0,15.0,12.0,12.0
1,0.4999999999999999,0.8660254037844387,6,-0.7818314824680299,0.6234898018587334,8.0,13.0,17.0,22.0,15.0,12.0,12.0,8.0
1,0.4999999999999999,0.8660254037844387,0,0.0,1.0,13.0,17.0,22.0,15.0,12.0,12.0,8.0,13.0
1,0.4999999999999999,0.8660254037844387,1,0.7818314824680298,0.6234898018587336,17.0,22.0,15.0,12.0,12.0,8.0,13.0,13.0
1,0.4999999999999999,0.8660254037844387,2,0.9749279121818236,-0.2225209339563143,22.0,15.0,12.0,12.0,8.0,13.0,13.0,10.0
1,0.4999999999999999,0.8660254037844387,3,0.4338837391175582,-0.900968867902419,15.0,12.0,12.0,8.0,13.0,13.0,10.0,15.0
1,0.4999999999999999,0.8660254037844387,4,-0.433883739117558,-0.9009688679024191,12.0,12.0,8.0,13.0,13.0,10.0,15.0,26.0
1,0.4999999999999999,0.8660254037844387,5,-0.9749279121818236,-0.2225209339563146,12.0,8.0,13.0,13.0,10.0,15.0,26.0,17.0
1,0.4999999999999999,0.8660254037844387,6,-0.7818314824680299,0.6234898018587334,8.0,13.0,13.0,10.0,15.0,26.0,17.0,11.0
1,0.4999999999999999,0.8660254037844387,0,0.0,1.0,13.0,13.0,10.0,15.0,26.0,17.0,11.0,12.0
1,0.4999999999999999,0.8660254037844387,1,0.7818314824680298,0.6234898018587336,13.0,10.0,15.0,26.0,17.0,11.0,12.0,12.0
1,0.4999999999999999,0.8660254037844387,2,0.9749279121818236,-0.2225209339563143,10.0,15.0,26.0,17.0,11.0,12.0,12.0,9.0
1,0.4999999999999999,0.8660254037844387,3,0.4338837391175582,-0.900968867902419,15.0,26.0,17.0,11.0,12.0,12.0,9.0,9.0
1,0.4999999999999999,0.8660254037844387,4,-0.433883739117558,-0.9009688679024191,26.0,17.0,11.0,12.0,12.0,9.0,9.0,8.0
2,0.8660254037844386,0.5000000000000001,5,-0.9749279121818236,-0.2225209339563146,17.0,11.0,12.0,12.0,9.0,9.0,8.0,17.0
2,0.8660254037844386,0.5000000000000001,6,-0.7818314824680299,0.6234898018587334,11.0,12.0,12.0,9.0,9.0,8.0,17.0,13.0
2,0.8660254037844386,0.5000000000000001,0,0.0,1.0,12.0,12.0,9.0,9.0,8.0,17.0,13.0,10.0
2,0.8660254037844386,0.5000000000000001,1,0.7818314824680298,0.6234898018587336,12.0,9.0,9.0,8.0,17.0,13.0,10.0,5.0
2,0.8660254037844386,0.5000000000000001,2,0.9749279121818236,-0.2225209339563143,9.0,9.0,8.0,17.0,13.0,10.0,5.0,26.0
2,0.8660254037844386,0.5000000000000001,3,0.4338837391175582,-0.900968867902419,9.0,8.0,17.0,13.0,10.0,5.0,26.0,28.0
2,0.8660254037844386,0.5000000000000001,4,-0.433883739117558,-0.9009688679024191,8.0,17.0,13.0,10.0,5.0,26.0,28.0,21.0
2,0.8660254037844386,0.5000000000000001,5,-0.9749279121818236,-0.2225209339563146,17.0,13.0,10.0,5.0,26.0,28.0,21.0,24.0
2,0.8660254037844386,0.5000000000000001,6,-0.7818314824680299,0.6234898018587334,13.0,10.0,5.0,26.0,28.0,21.0,24.0,9.0
2,0.8660254037844386,0.5000000000000001,0,0.0,1.0,10.0,5.0,26.0,28.0,21.0,24.0,9.0,19.0
2,0.8660254037844386,0.5000000000000001,1,0.7818314824680298,0.6234898018587336,5.0,26.0,28.0,21.0,24.0,9.0,19.0,15.0
2,0.8660254037844386,0.5000000000000001,2,0.9749279121818236,-0.2225209339563143,26.0,28.0,21.0,24.0,9.0,19.0,15.0,33.0
2,0.8660254037844386,0.5000000000000001,3,0.4338837391175582,-0.900968867902419,28.0,21.0,24.0,9.0,19.0,15.0,33.0,16.0
2,0.8660254037844386,0.5000000000000001,4,-0.433883739117558,-0.9009688679024191,21.0,24.0,9.0,19.0,15.0,33.0,16.0,17.0
2,0.8660254037844386,0.5000000000000001,5,-0.9749279121818236,-0.2225209339563146,24.0,9.0,19.0,15.0,33.0,16.0,17.0,23.0
2,0.8660254037844386,0.5000000000000001,6,-0.7818314824680299,0.6234898018587334,9.0,19.0,15.0,33.0,16.0,17.0,23.0,13.0
2,0.8660254037844386,0.5000000000000001,0,0.0,1.0,19.0,15.0,33.0,16.0,17.0,23.0,13.0,12.0
2,0.8660254037844386,0.5000000000000001,1,0.7818314824680298,0.6234898018587336,15.0,33.0,16.0,17.0,23.0,13.0,12.0,25.0
2,0.8660254037844386,0.5000000000000001,2,0.9749279121818236,-0.2225209339563143,33.0,16.0,17.0,23.0,13.0,12.0,25.0,9.0
2,0.8660254037844386,0.5000000000000001,3,0.4338837391175582,-0.900968867902419,16.0,17.0,23.0,13.0,12.0,25.0,9.0,24.0
2,0.8660254037844386,0.5000000000000001,4,-0.433883739117558,-0.9009688679024191,17.0,23.0,13.0,12.0,25.0,9.0,24.0,15.0
2,0.8660254037844386,0.5000000000000001,5,-0.9749279121818236,-0.2225209339563146,23.0,13.0,12.0,25.0,9.0,24.0,15.0,24.0
2,0.8660254037844386,0.5000000000000001,6,-0.7818314824680299,0.6234898018587334,13.0,12.0,25.0,9.0,24.0,15.0,24.0,9.0
2,0.8660254037844386,0.5000000000000001,0,0.0,1.0,12.0,25.0,9.0,24.0,15.0,24.0,9.0,15.0
2,0.8660254037844386,0.5000000000000001,1,0.7818314824680298,0.6234898018587336,25.0,9.0,24.0,15.0,24.0,9.0,15.0,21.0
2,0.8660254037844386,0.5000000000000001,2,0.9749279121818236,-0.2225209339563143,9.0,24.0,15.0,24.0,9.0,15.0,21.0,22.0
2,0.8660254037844386,0.5000000000000001,3,0.4338837391175582,-0.900968867902419,24.0,15.0,24.0,9.0,15.0,21.0,22.0,12.0
2,0.8660254037844386,0.5000000000000001,4,-0.433883739117558,-0.9009688679024191,15.0,24.0,9.0,15.0,21.0,22.0,12.0,23.0
2,0.8660254037844386,0.5000000000000001,5,-0.9749279121818236,-0.2225209339563146,24.0,9.0,15.0,21.0,22.0,12.0,23.0,12.0
3,1.0,6.123233995736766e-17,6,-0.7818314824680299,0.6234898018587334,9.0,15.0,21.0,22.0,12.0,23.0,12.0,8.0
3,1.0,6.123233995736766e-17,0,0.0,1.0,15.0,21.0,22.0,12.0,23.0,12.0,8.0,32.0
3,1.0,6.123233995736766e-17,1,0.7818314824680298,0.6234898018587336,21.0,22.0,12.0,23.0,12.0,8.0,32.0,21.0
3,1.0,6.123233995736766e-17,2,0.9749279121818236,-0.2225209339563143,22.0,12.0,23.0,12.0,8.0,32.0,21.0,30.0
3,1.0,6.123233995736766e-17,3,0.4338837391175582,-0.900968867902419,12.0,23.0,12.0,8.0,32.0,21.0,30.0,19.0
3,1.0,6.123233995736766e-17,4,-0.433883739117558,-0.9009688679024191,23.0,12.0,8.0,32.0,21.0,30.0,19.0,31.0
3,1.0,6.123233995736766e-17,5,-0.9749279121818236,-0.2225209339563146,12.0,8.0,32.0,21.0,30.0,19.0,31.0,26.0
3,1.0,6.123233995736766e-17,6,-0.7818314824680299,0.6234898018587334,8.0,32.0,21.0,30.0,19.0,31.0,26.0,10.0
3,1.0,6.123233995736766e-17,0,0.0,1.0,32.0,21.0,30.0,19.0,31.0,26.0,10.0,21.0
3,1.0,6.123233995736766e-17,1,0.7818314824680298,0.6234898018587336,21.0,30.0,19.0,31.0,26.0,10.0,21.0,13.0
3,1.0,6.123233995736766e-17,2,0.9749279121818236,-0.2225209339563143,30.0,19.0,31.0,26.0,10.0,21.0,13.0,12.0
3,1.0,6.123233995736766e-17,3,0.4338837391175582,-0.900968867902419,19.0,31.0,26.0,10.0,21.0,13.0,12.0,29.0
3,1.0,6.123233995736766e-17,4,-0.433883739117558,-0.9009688679024191,31.0,26.0,10.0,21.0,13.0,12.0,29.0,12.0
3,1.0,6.123233995736766e-17,5,-0.9749279121818236,-0.2225209339563146,26.0,10.0,21.0,13.0,12.0,29.0,12.0,22.0
3,1.0,6.123233995736766e-17,6,-0.7818314824680299,0.6234898018587334,10.0,21.0,13.0,12.0,29.0,12.0,22.0,9.0
3,1.0,6.123233995736766e-17,0,0.0,1.0,21.0,13.0,12.0,29.0,12.0,22.0,9.0,21.0
3,1.0,6.123233995736766e-17,1,0.7818314824680298,0.6234898018587336,13.0,12.0,29.0,12.0,22.0,9.0,21.0,35.0
3,1.0,6.123233995736766e-17,2,0.9749279121818236,-0.2225209339563143,12.0,29.0,12.0,22.0,9.0,21.0,35.0,28.0
3,1.0,6.123233995736766e-17,3,0.4338837391175582,-0.900968867902419,29.0,12.0,22.0,9.0,21.0,35.0,28.0,23.0
3,1.0,6.123233995736766e-17,4,-0.433883739117558,-0.9009688679024191,12.0,22.0,9.0,21.0,35.0,28.0,23.0,14.0
3,1.0,6.123233995736766e-17,5,-0.9749279121818236,-0.2225209339563146,22.0,9.0,21.0,35.0,28.0,23.0,14.0,32.0
3,1.0,6.123233995736766e-17,6,-0.7818314824680299,0.6234898018587334,9.0,21.0,35.0,28.0,23.0,14.0,32.0,19.0
3,1.0,6.123233995736766e-17,0,0.0,1.0,21.0,35.0,28.0,23.0,14.0,32.0,19.0,46.0
3,1.0,6.123233995736766e-17,1,0.7818314824680298,0.6234898018587336,35.0,28.0,23.0,14.0,32.0,19.0,46.0,11.0
3,1.0,6.123233995736766e-17,2,0.9749279121818236,-0.2225209339563143,28.0,23.0,14.0,32.0,19.0,46.0,11.0,12.0
3,1.0,6.123233995736766e-17,3,0.4338837391175582,-0.900968867902419,23.0,14.0,32.0,19.0,46.0,11.0,12.0,27.0
3,1.0,6.123233995736766e-17,4,-0.433883739117558,-0.9009688679024191,14.0,32.0,19.0,46.0,11.0,12.0,27.0,17.0
3,1.0,6.123233995736766e-17,5,-0.9749279121818236,-0.2225209339563146,32.0,19.0,46.0,11.0,12.0,27.0,17.0,30.0
3,1.0,6.123233995736766e-17,6,-0.7818314824680299,0.6234898018587334,19.0,46.0,11.0,12.0,27.0,17.0,30.0,18.0
3,1.0,6.123233995736766e-17,0,0.0,1.0,46.0,11.0,12.0,27.0,17.0,30.0,18.0,8.0
3,1.0,6.123233995736766e-17,1,0.7818314824680298,0.6234898018587336,11.0,12.0,27.0,17.0,30.0,18.0,8.0,11.0
4,0.8660254037844387,-0.4999999999999998,2,0.9749279121818236,-0.2225209339563143,12.0,27.0,17.0,30.0,18.0,8.0,11.0,10.0
4,0.8660254037844387,-0.4999999999999998,3,0.4338837391175582,-0.900968867902419,27.0,17.0,30.0,18.0,8.0,11.0,10.0,9.0
4,0.8660254037844387,-0.4999999999999998,4,-0.433883739117558,-0.9009688679024191,17.0,30.0,18.0,8.0,11.0,10.0,9.0,11.0
4,0.8660254037844387,-0.4999999999999998,5,-0.9749279121818236,-0.2225209339563146,30.0,18.0,8.0,11.0,10.0,9.0,11.0,13.0
4,0.8660254037844387,-0.4999999999999998,6,-0.7818314824680299,0.6234898018587334,18.0,8.0,11.0,10.0,9.0,11.0,13.0,22.0
4,0.8660254037844387,-0.4999999999999998,0,0.0,1.0,8.0,11.0,10.0,9.0,11.0,13.0,22.0,31.0
4,0.8660254037844387,-0.4999999999999998,1,0.7818314824680298,0.6234898018587336,11.0,10.0,9.0,11.0,13.0,22.0,31.0,31.0
4,0.8660254037844387,-0.4999999999999998,2,0.9749279121818236,-0.2225209339563143,10.0,9.0,11.0,13.0,22.0,31.0,31.0,20.0
4,0.8660254037844387,-0.4999999999999998,3,0.4338837391175582,-0.900968867902419,9.0,11.0,13.0,22.0,31.0,31.0,20.0,31.0
4,0.8660254037844387,-0.4999999999999998,4,-0.433883739117558,-0.9009688679024191,11.0,13.0,22.0,31.0,31.0,20.0,31.0,17.0
4,0.8660254037844387,-0.4999999999999998,5,-0.9749279121818236,-0.2225209339563146,13.0,22.0,31.0,31.0,20.0,31.0,17.0,26.0
4,0.8660254037844387,-0.4999999999999998,6,-0.7818314824680299,0.6234898018587334,22.0,31.0,31.0,20.0,31.0,17.0,26.0,9.0
4,0.8660254037844387,-0.4999999999999998,0,0.0,1.0,31.0,31.0,20.0,31.0,17.0,26.0,9.0,14.0
4,0.8660254037844387,-0.4999999999999998,1,0.7818314824680298,0.6234898018587336,31.0,20.0,31.0,17.0,26.0,9.0,14.0,25.0
4,0.8660254037844387,-0.4999999999999998,2,0.9749279121818236,-0.2225209339563143,20.0,31.0,17.0,26.0,9.0,14.0,25.0,12.0
4,0.8660254037844387,-0.4999999999999998,3,0.4338837391175582,-0.900968867902419,31.0,17.0,26.0,9.0,14.0,25.0,12.0,12.0
4,0.8660254037844387,-0.4999999999999998,4,-0.433883739117558,-0.9009688679024191,17.0,26.0,9.0,14.0,25.0,12.0,12.0,8.0
4,0.8660254037844387,-0.4999999999999998,5,-0.9749279121818236,-0.2225209339563146,26.0,9.0,14.0,25.0,12.0,12.0,8.0,18.0
4,0.8660254037844387,-0.4999999999999998,6,-0.7818314824680299,0.6234898018587334,9.0,14.0,25.0,12.0,12.0,8.0,18.0,11.0
4,0.8660254037844387,-0.4999999999999998,0,0.0,1.0,14.0,25.0,12.0,12.0,8.0,18.0,11.0,7.0
4,0.8660254037844387,-0.4999999999999998,1,0.7818314824680298,0.6234898018587336,25.0,12.0,12.0,8.0,18.0,11.0,7.0,14.0
4,0.8660254037844387,-0.4999999999999998,2,0.9749279121818236,-0.2225209339563143,12.0,12.0,8.0,18.0,11.0,7.0,14.0,12.0
4,0.8660254037844387,-0.4999999999999998,3,0.4338837391175582,-0.900968867902419,12.0,8.0,18.0,11.0,7.0,14.0,12.0,24.0
4,0.8660254037844387,-0.4999999999999998,4,-0.433883739117558,-0.9009688679024191,8.0,18.0,11.0,7.0,14.0,12.0,24.0,10.0
4,0.8660254037844387,-0.4999999999999998,5,-0.9749279121818236,-0.2225209339563146,18.0,11.0,7.0,14.0,12.0,24.0,10.0,9.0
4,0.8660254037844387,-0.4999999999999998,6,-0.7818314824680299,0.6234898018587334,11.0,7.0,14.0,12.0,24.0,10.0,9.0,9.0
4,0.8660254037844387,-0.4999999999999998,0,0.0,1.0,7.0,14.0,12.0,24.0,10.0,9.0,9.0,19.0
4,0.8660254037844387,-0.4999999999999998,1,0.7818314824680298,0.6234898018587336,14.0,12.0,24.0,10.0,9.0,9.0,19.0,20.0
4,0.8660254037844387,-0.4999999999999998,2,0.9749279121818236,-0.2225209339563143,12.0,24.0,10.0,9.0,9.0,19.0,20.0,6.0
4,0.8660254037844387,-0.4999999999999998,3,0.4338837391175582,-0.900968867902419,24.0,10.0,9.0,9.0,19.0,20.0,6.0,11.0
5,0.4999999999999999,-0.8660254037844387,4,-0.433883739117558,-0.9009688679024191,10.0,9.0,9.0,19.0,20.0,6.0,11.0,11.0
5,0.4999999999999999,-0.8660254037844387,5,-0.9749279121818236,-0.2225209339563146,9.0,9.0,19.0,20.0,6.0,11.0,11.0,24.0
5,0.4999999999999999,-0.8660254037844387,6,-0.7818314824680299,0.6234898018587334,9.0,19.0,20.0,6.0,11.0,11.0,24.0,13.0
5,0.4999999999999999,-0.8660254037844387,0,0.0,1.0,19.0,20.0,6.0,11.0,11.0,24.0,13.0,19.0
5,0.4999999999999999,-0.8660254037844387,1,0.7818314824680298,0.6234898018587336,20.0,6.0,11.0,11.0,24.0,13.0,19.0,13.0
5,0.4999999999999999,-0.8660254037844387,2,0.9749279121818236,-0.2225209339563143,6.0,11.0,11.0,24.0,13.0,19.0,13.0,14.0
5,0.4999999999999999,-0.8660254037844387,3,0.4338837391175582,-0.900968867902419,11.0,11.0,24.0,13.0,19.0,13.0,14.0,23.0
5,0.4999999999999999,-0.8660254037844387,4,-0.433883739117558,-0.9009688679024191,11.0,24.0,13.0,19.0,13.0,14.0,23.0,16.0
5,0.4999999999999999,-0.8660254037844387,5,-0.9749279121818236,-0.2225209339563146,24.0,13.0,19.0,13.0,14.0,23.0,16.0,6.0
5,0.4999999999999999,-0.8660254037844387,6,-0.7818314824680299,0.6234898018587334,13.0,19.0,13.0,14.0,23.0,16.0,6.0,7.0
5,0.4999999999999999,-0.8660254037844387,0,0.0,1.0,19.0,13.0,14.0,23.0,16.0,6.0,7.0,8.0
5,0.4999999999999999,-0.8660254037844387,1,0.7818314824680298,0.6234898018587336,13.0,14.0,23.0,16.0,6.0,7.0,8.0,18.0
5,0.4999999999999999,-0.8660254037844387,2,0.9749279121818236,-0.2225209339563143,14.0,23.0,16.0,6.0,7.0,8.0,18.0,9.0
5,0.4999999999999999,-0.8660254037844387,3,0.4338837391175582,-0.900968867902419,23.0,16.0,6.0,7.0,8.0,18.0,9.0,8.0
5,0.4999999999999999,-0.8660254037844387,4,-0.433883739117558,-0.9009688679024191,16.0,6.0,7.0,8.0,18.0,9.0,8.0,13.0
5,0.4999999999999999,-0.8660254037844387,5,-0.9749279121818236,-0.2225209339563146,6.0,7.0,8.0,18.0,9.0,8.0,13.0,21.0
5,0.4999999999999999,-0.8660254037844387,6,-0.7818314824680299,0.6234898018587334,7.0,8.0,18.0,9.0,8.0,13.0,21.0,5.0
5,0.4999999999999999,-0.8660254037844387,0,0.0,1.0,8.0,18.0,9.0,8.0,13.0,21.0,5.0,8.0
5,0.4999999999999999,-0.8660254037844387,1,0.7818314824680298,0.6234898018587336,18.0,9.0,8.0,13.0,21.0,5.0,8.0,7.0
5,0.4999999999999999,-0.8660254037844387,2,0.9749279121818236,-0.2225209339563143,9.0,8.0,13.0,21.0,5.0,8.0,7.0,12.0
5,0.4999999999999999,-0.8660254037844387,3,0.4338837391175582,-0.900968867902419,8.0,13.0,21.0,5.0,8.0,7.0,12.0,24.0
5,0.4999999999999999,-0.8660254037844387,4,-0.433883739117558,-0.9009688679024191,13.0,21.0,5.0,8.0,7.0,12.0,24.0,17.0
5,0.4999999999999999,-0.8660254037844387,5,-0.9749279121818236,-0.2225209339563146,21.0,5.0,8.0,7.0,12.0,24.0,17.0,10.0
5,0.4999999999999999,-0.8660254037844387,6,-0.7818314824680299,0.6234898018587334,5.0,8.0,7.0,12.0,24.0,17.0,10.0,11.0
5,0.4999999999999999,-0.8660254037844387,0,0.0,1.0,8.0,7.0,12.0,24.0,17.0,10.0,11.0,11.0
5,0.4999999999999999,-0.8660254037844387,1,0.7818314824680298,0.6234898018587336,7.0,12.0,24.0,17.0,10.0,11.0,11.0,23.0
5,0.4999999999999999,-0.8660254037844387,2,0.9749279121818236,-0.2225209339563143,12.0,24.0,17.0,10.0,11.0,11.0,23.0,19.0
5,0.4999999999999999,-0.8660254037844387,3,0.4338837391175582,-0.900968867902419,24.0,17.0,10.0,11.0,11.0,23.0,19.0,18.0
5,0.4999999999999999,-0.8660254037844387,4,-0.433883739117558,-0.9009688679024191,17.0,10.0,11.0,11.0,23.0,19.0,18.0,16.0
5,0.4999999999999999,-0.8660254037844387,5,-0.9749279121818236,-0.2225209339563146,10.0,11.0,11.0,23.0,19.0,18.0,16.0,18.0
5,0.4999999999999999,-0.8660254037844387,6,-0.7818314824680299,0.6234898018587334,11.0,11.0,23.0,19.0,18.0,16.0,18.0,4.0
6,1.2246467991473532e-16,-1.0,0,0.0,1.0,11.0,23.0,19.0,18.0,16.0,18.0,4.0,11.0
6,1.2246467991473532e-16,-1.0,1,0.7818314824680298,0.6234898018587336,23.0,19.0,18.0,16.0,18.0,4.0,11.0,14.0
6,1.2246467991473532e-16,-1.0,2,0.9749279121818236,-0.2225209339563143,19.0,18.0,16.0,18.0,4.0,11.0,14.0,19.0
6,1.2246467991473532e-16,-1.0,3,0.4338837391175582,-0.900968867902419,18.0,16.0,18.0,4.0,11.0,14.0,19.0,23.0
6,1.2246467991473532e-16,-1.0,4,-0.433883739117558,-0.9009688679024191,16.0,18.0,4.0,11.0,14.0,19.0,23.0,13.0
6,1.2246467991473532e-16,-1.0,5,-0.9749279121818236,-0.2225209339563146,18.0,4.0,11.0,14.0,19.0,23.0,13.0,13.0
6,1.2246467991473532e-16,-1.0,6,-0.7818314824680299,0.6234898018587334,4.0,11.0,14.0,19.0,23.0,13.0,13.0,5.0
6,1.2246467991473532e-16,-1.0,0,0.0,1.0,11.0,14.0,19.0,23.0,13.0,13.0,5.0,13.0
6,1.2246467991473532e-16,-1.0,1,0.7818314824680298,0.6234898018587336,14.0,19.0,23.0,13.0,13.0,5.0,13.0,30.0
6,1.2246467991473532e-16,-1.0,2,0.9749279121818236,-0.2225209339563143,19.0,23.0,13.0,13.0,5.0,13.0,30.0,14.0
6,1.2246467991473532e-16,-1.0,3,0.4338837391175582,-0.900968867902419,23.0,13.0,13.0,5.0,13.0,30.0,14.0,11.0
6,1.2246467991473532e-16,-1.0,4,-0.433883739117558,-0.9009688679024191,13.0,13.0,5.0,13.0,30.0,14.0,11.0,5.0
6,1.2246467991473532e-16,-1.0,5,-0.9749279121818236,-0.2225209339563146,13.0,5.0,13.0,30.0,14.0,11.0,5.0,18.0
6,1.2246467991473532e-16,-1.0,6,-0.7818314824680299,0.6234898018587334,5.0,13.0,30.0,14.0,11.0,5.0,18.0,6.0
6,1.2246467991473532e-16,-1.0,0,0.0,1.0,13.0,30.0,14.0,11.0,5.0,18.0,6.0,15.0
6,1.2246467991473532e-16,-1.0,1,0.7818314824680298,0.6234898018587336,30.0,14.0,11.0,5.0,18.0,6.0,15.0,10.0
6,1.2246467991473532e-16,-1.0,2,0.9749279121818236,-0.2225209339563143,14.0,11.0,5.0,18.0,6.0,15.0,10.0,16.0
6,1.2246467991473532e-16,-1.0,3,0.4338837391175582,-0.900968867902419,11.0,5.0,18.0,6.0,15.0,10.0,16.0,23.0
6,1.2246467991473532e-16,-1.0,4,-0.433883739117558,-0.9009688679024191,5.0,18.0,6.0,15.0,10.0,16.0,23.0,13.0
6,1.2246467991473532e-16,-1.0,5,-0.9749279121818236,-0.2225209339563146,18.0,6.0,15.0,10.0,16.0,23.0,13.0,7.0
6,1.2246467991473532e-16,-1.0,6,-0.7818314824680299,0.6234898018587334,6.0,15.0,10.0,16.0,23.0,13.0,7.0,6.0
6,1.2246467991473532e-16,-1.0,0,0.0,1.0,15.0,10.0,16.0,23.0,13.0,7.0,6.0,12.0
6,1.2246467991473532e-16,-1.0,1,0.7818314824680298,0.6234898018587336,10.0,16.0,23.0,13.0,7.0,6.0,12.0,18.0
6,1.2246467991473532e-16,-1.0,2,0.9749279121818236,-0.2225209339563143,16.0,23.0,13.0,7.0,6.0,12.0,18.0,10.0
6,1.2246467991473532e-16,-1.0,3,0.4338837391175582,-0.900968867902419,23.0,13.0,7.0,6.0,12.0,18.0,10.0,10.0
6,1.2246467991473532e-16,-1.0,4,-0.433883739117558,-0.9009688679024191,13.0,7.0,6.0,12.0,18.0,10.0,10.0,3.0
6,1.2246467991473532e-16,-1.0,5,-0.9749279121818236,-0.2225209339563146,7.0,6.0,12.0,18.0,10.0,10.0,3.0,10.0
6,1.2246467991473532e-16,-1.0,6,-0.7818314824680299,0.6234898018587334,6.0,12.0,18.0,10.0,10.0,3.0,10.0,13.0
6,1.2246467991473532e-16,-1.0,0,0.0,1.0,12.0,18.0,10.0,10.0,3.0,10.0,13.0,16.0
6,1.2246467991473532e-16,-1.0,1,0.7818314824680298,0.6234898018587336,18.0,10.0,10.0,3.0,10.0,13.0,16.0,8.0
7,-0.4999999999999998,-0.8660254037844388,2,0.9749279121818236,-0.2225209339563143,10.0,10.0,3.0,10.0,13.0,16.0,8.0,6.0
7,-0.4999999999999998,-0.8660254037844388,3,0.4338837391175582,-0.900968867902419,10.0,3.0,10.0,13.0,16.0,8.0,6.0,19.0
7,-0.4999999999999998,-0.8660254037844388,4,-0.433883739117558,-0.9009688679024191,3.0,10.0,13.0,16.0,8.0,6.0,19.0,13.0
7,-0.4999999999999998,-0.8660254037844388,5,-0.9749279121818236,-0.2225209339563146,10.0,13.0,16.0,8.0,6.0,19.0,13.0,6.0
7,-0.4999999999999998,-0.8660254037844388,6,-0.7818314824680299,0.6234898018587334,13.0,16.0,8.0,6.0,19.0,13.0,6.0,9.0
7,-0.4999999999999998,-0.8660254037844388,0,0.0,1.0,16.0,8.0,6.0,19.0,13.0,6.0,9.0,10.0
7,-0.4999999999999998,-0.8660254037844388,1,0.7818314824680298,0.6234898018587336,8.0,6.0,19.0,13.0,6.0,9.0,10.0,12.0
7,-0.4999999999999998,-0.8660254037844388,2,0.9749279121818236,-0.2225209339563143,6.0,19.0,13.0,6.0,9.0,10.0,12.0,11.0
7,-0.4999999999999998,-0.8660254037844388,3,0.4338837391175582,-0.900968867902419,19.0,13.0,6.0,9.0,10.0,12.0,11.0,20.0
7,-0.4999999999999998,-0.8660254037844388,4,-0.433883739117558,-0.9009688679024191,13.0,6.0,9.0,10.0,12.0,11.0,20.0,15.0
7,-0.4999999999999998,-0.8660254037844388,5,-0.9749279121818236,-0.2225209339563146,6.0,9.0,10.0,12.0,11.0,20.0,15.0,23.0
7,-0.4999999999999998,-0.8660254037844388,6,-0.7818314824680299,0.6234898018587334,9.0,10.0,12.0,11.0,20.0,15.0,23.0,9.0
7,-0.4999999999999998,-0.8660254037844388,0,0.0,1.0,10.0,12.0,11.0,20.0,15.0,23.0,9.0,12.0
7,-0.4999999999999998,-0.8660254037844388,1,0.7818314824680298,0.6234898018587336,12.0,11.0,20.0,15.0,23.0,9.0,12.0,19.0
7,-0.4999999999999998,-0.8660254037844388,2,0.9749279121818236,-0.2225209339563143,11.0,20.0,15.0,23.0,9.0,12.0,19.0,18.0
7,-0.4999999999999998,-0.8660254037844388,3,0.4338837391175582,-0.900968867902419,20.0,15.0,23.0,9.0,12.0,19.0,18.0,14.0
7,-0.4999999999999998,-0.8660254037844388,4,-0.433883739117558,-0.9009688679024191,15.0,23.0,9.0,12.0,19.0,18.0,14.0,1.0
7,-0.4999999999999998,-0.8660254037844388,5,-0.9749279121818236,-0.2225209339563146,23.0,9.0,12.0,19.0,18.0,14.0,1.0,15.0
7,-0.4999999999999998,-0.8660254037844388,6,-0.7818314824680299,0.6234898018587334,9.0,12.0,19.0,18.0,14.0,1.0,15.0,13.0
7,-0.4999999999999998,-0.8660254037844388,0,0.0,1.0,12.0,19.0,18.0,14.0,1.0,15.0,13.0,11.0
7,-0.4999999999999998,-0.8660254037844388,1,0.7818314824680298,0.6234898018587336,19.0,18.0,14.0,1.0,15.0,13.0,11.0,13.0
7,-0.4999999999999998,-0.8660254037844388,2,0.9749279121818236,-0.2225209339563143,18.0,14.0,1.0,15.0,13.0,11.0,13.0,1.0
7,-0.4999999999999998,-0.8660254037844388,3,0.4338837391175582,-0.900968867902419,14.0,1.0,15.0,13.0,11.0,13.0,1.0,16.0
7,-0.4999999999999998,-0.8660254037844388,4,-0.433883739117558,-0.9009688679024191,1.0,15.0,13.0,11.0,13.0,1.0,16.0,19.0
7,-0.4999999999999998,-0.8660254037844388,5,-0.9749279121818236,-0.2225209339563146,15.0,13.0,11.0,13.0,1.0,16.0,19.0,13.0
7,-0.4999999999999998,-0.8660254037844388,6,-0.7818314824680299,0.6234898018587334,13.0,11.0,13.0,1.0,16.0,19.0,13.0,19.5
7,-0.4999999999999998,-0.8660254037844388,0,0.0,1.0,11.0,13.0,1.0,16.0,19.0,13.0,19.5,26.0
7,-0.4999999999999998,-0.8660254037844388,1,0.7818314824680298,0.6234898018587336,13.0,1.0,16.0,19.0,13.0,19.5,26.0,10.0
7,-0.4999999999999998,-0.8660254037844388,2,0.9749279121818236,-0.2225209339563143,1.0,16.0,19.0,13.0,19.5,26.0,10.0,15.0
7,-0.4999999999999998,-0.8660254037844388,3,0.4338837391175582,-0.900968867902419,16.0,19.0,13.0,19.5,26.0,10.0,15.0,12.0
7,-0.4999999999999998,-0.8660254037844388,4,-0.433883739117558,-0.9009688679024191,19.0,13.0,19.5,26.0,10.0,15.0,12.0,28.0
8,-0.8660254037844384,-0.5000000000000004,5,-0.9749279121818236,-0.2225209339563146,13.0,19.5,26.0,10.0,15.0,12.0,28.0,11.0
8,-0.8660254037844384,-0.5000000000000004,6,-0.7818314824680299,0.6234898018587334,19.5,26.0,10.0,15.0,12.0,28.0,11.0,8.0
8,-0.8660254037844384,-0.5000000000000004,0,0.0,1.0,26.0,10.0,15.0,12.0,28.0,11.0,8.0,12.0
8,-0.8660254037844384,-0.5000000000000004,1,0.7818314824680298,0.6234898018587336,10.0,15.0,12.0,28.0,11.0,8.0,12.0,19.0
8,-0.8660254037844384,-0.5000000000000004,2,0.9749279121818236,-0.2225209339563143,15.0,12.0,28.0,11.0,8.0,12.0,19.0,6.0
8,-0.8660254037844384,-0.5000000000000004,3,0.4338837391175582,-0.900968867902419,12.0,28.0,11.0,8.0,12.0,19.0,6.0,16.0
8,-0.8660254037844384,-0.5000000000000004,4,-0.433883739117558,-0.9009688679024191,28.0,11.0,8.0,12.0,19.0,6.0,16.0,11.0
8,-0.8660254037844384,-0.5000000000000004,5,-0.9749279121818236,-0.2225209339563146,11.0,8.0,12.0,19.0,6.0,16.0,11.0,12.0
8,-0.8660254037844384,-0.5000000000000004,6,-0.7818314824680299,0.6234898018587334,8.0,12.0,19.0,6.0,16.0,11.0,12.0,16.5
8,-0.8660254037844384,-0.5000000000000004,0,0.0,1.0,12.0,19.0,6.0,16.0,11.0,12.0,16.5,21.0
8,-0.8660254037844384,-0.5000000000000004,1,0.7818314824680298,0.6234898018587336,19.0,6.0,16.0,11.0,12.0,16.5,21.0,1.0
8,-0.8660254037844384,-0.5000000000000004,2,0.9749279121818236,-0.2225209339563143,6.0,16.0,11.0,12.0,16.5,21.0,1.0,20.0
8,-0.8660254037844384,-0.5000000000000004,3,0.4338837391175582,-0.900968867902419,16.0,11.0,12.0,16.5,21.0,1.0,20.0,18.0
8,-0.8660254037844384,-0.5000000000000004,4,-0.433883739117558,-0.9009688679024191,11.0,12.0,16.5,21.0,1.0,20.0,18.0,8.0
8,-0.8660254037844384,-0.5000000000000004,5,-0.9749279121818236,-0.2225209339563146,12.0,16.5,21.0,1.0,20.0,18.0,8.0,2.0
8,-0.8660254037844384,-0.5000000000000004,6,-0.7818314824680299,0.6234898018587334,16.5,21.0,1.0,20.0,18.0,8.0,2.0,8.5
8,-0.8660254037844384,-0.5000000000000004,0,0.0,1.0,21.0,1.0,20.0,18.0,8.0,2.0,8.5,15.0
8,-0.8660254037844384,-0.5000000000000004,1,0.7818314824680298,0.6234898018587336,1.0,20.0,18.0,8.0,2.0,8.5,15.0,8.0
8,-0.8660254037844384,-0.5000000000000004,2,0.9749279121818236,-0.2225209339563143,20.0,18.0,8.0,2.0,8.5,15.0,8.0,4.0
8,-0.8660254037844384,-0.5000000000000004,3,0.4338837391175582,-0.900968867902419,18.0,8.0,2.0,8.5,15.0,8.0,4.0,8.0
8,-0.8660254037844384,-0.5000000000000004,4,-0.433883739117558,-0.9009688679024191,8.0,2.0,8.5,15.0,8.0,4.0,8.0,8.0
8,-0.8660254037844384,-0.5000000000000004,5,-0.9749279121818236,-0.2225209339563146,2.0,8.5,15.0,8.0,4.0,8.0,8.0,9.0
8,-0.8660254037844384,-0.5000000000000004,6,-0.7818314824680299,0.6234898018587334,8.5,15.0,8.0,4.0,8.0,8.0,9.0,15.5
8,-0.8660254037844384,-0.5000000000000004,0,0.0,1.0,15.0,8.0,4.0,8.0,8.0,9.0,15.5,22.0
8,-0.8660254037844384,-0.5000000000000004,1,0.7818314824680298,0.6234898018587336,8.0,4.0,8.0,8.0,9.0,15.5,22.0,11.0
8,-0.8660254037844384,-0.5000000000000004,2,0.9749279121818236,-0.2225209339563143,4.0,8.0,8.0,9.0,15.5,22.0,11.0,13.0
8,-0.8660254037844384,-0.5000000000000004,3,0.4338837391175582,-0.900968867902419,8.0,8.0,9.0,15.5,22.0,11.0,13.0,10.0
8,-0.8660254037844384,-0.5000000000000004,4,-0.433883739117558,-0.9009688679024191,8.0,9.0,15.5,22.0,11.0,13.0,10.0,18.0
8,-0.8660254037844384,-0.5000000000000004,5,-0.9749279121818236,-0.2225209339563146,9.0,15.5,22.0,11.0,13.0,10.0,18.0,11.0
8,-0.8660254037844384,-0.5000000000000004,6,-0.7818314824680299,0.6234898018587334,15.5,22.0,11.0,13.0,10.0,18.0,11.0,15.0
8,-0.8660254037844384,-0.5000000000000004,0,0.0,1.0,22.0,11.0,13.0,10.0,18.0,11.0,15.0,19.0
9,-1.0,-1.8369701987210294e-16,1,0.7818314824680298,0.6234898018587336,11.0,13.0,10.0,18.0,11.0,15.0,19.0,17.0
9,-1.0,-1.8369701987210294e-16,2,0.9749279121818236,-0.2225209339563143,13.0,10.0,18.0,11.0,15.0,19.0,17.0,19.0
9,-1.0,-1.8369701987210294e-16,3,0.4338837391175582,-0.900968867902419,10.0,18.0,11.0,15.0,19.0,17.0,19.0,8.0
9,-1.0,-1.8369701987210294e-16,4,-0.433883739117558,-0.9009688679024191,18.0,11.0,15.0,19.0,17.0,19.0,8.0,16.0
9,-1.0,-1.8369701987210294e-16,5,-0.9749279121818236,-0.2225209339563146,11.0,15.0,19.0,17.0,19.0,8.0,16.0,1.0
9,-1.0,-1.8369701987210294e-16,6,-0.7818314824680299,0.6234898018587334,15.0,19.0,17.0,19.0,8.0,16.0,1.0,9.5
9,-1.0,-1.8369701987210294e-16,0,0.0,1.0,19.0,17.0,19.0,8.0,16.0,1.0,9.5,18.0
9,-1.0,-1.8369701987210294e-16,1,0.7818314824680298,0.6234898018587336,17.0,19.0,8.0,16.0,1.0,9.5,18.0,27.0
9,-1.0,-1.8369701987210294e-16,2,0.9749279121818236,-0.2225209339563143,19.0,8.0,16.0,1.0,9.5,18.0,27.0,15.0
9,-1.0,-1.8369701987210294e-16,3,0.4338837391175582,-0.900968867902419,8.0,16.0,1.0,9.5,18.0,27.0,15.0,10.0
9,-1.0,-1.8369701987210294e-16,4,-0.433883739117558,-0.9009688679024191,16.0,1.0,9.5,18.0,27.0,15.0,10.0,3.0
9,-1.0,-1.8369701987210294e-16,5,-0.9749279121818236,-0.2225209339563146,1.0,9.5,18.0,27.0,15.0,10.0,3.0,8.0
9,-1.0,-1.8369701987210294e-16,6,-0.7818314824680299,0.6234898018587334,9.5,18.0,27.0,15.0,10.0,3.0,8.0,8.0
9,-1.0,-1.8369701987210294e-16,0,0.0,1.0,18.0,27.0,15.0,10.0,3.0,8.0,8.0,19.0
9,-1.0,-1.8369701987210294e-16,1,0.7818314824680298,0.6234898018587336,27.0,15.0,10.0,3.0,8.0,8.0,19.0,10.0
9,-1.0,-1.8369701987210294e-16,2,0.9749279121818236,-0.2225209339563143,15.0,10.0,3.0,8.0,8.0,19.0,10.0,25.0
9,-1.0,-1.8369701987210294e-16,3,0.4338837391175582,-0.900968867902419,10.0,3.0,8.0,8.0,19.0,10.0,25.0,14.0
9,-1.0,-1.8369701987210294e-16,4,-0.433883739117558,-0.9009688679024191,3.0,8.0,8.0,19.0,10.0,25.0,14.0,9.0
9,-1.0,-1.8369701987210294e-16,5,-0.9749279121818236,-0.2225209339563146,8.0,8.0,19.0,10.0,25.0,14.0,9.0,8.0
9,-1.0,-1.8369701987210294e-16,6,-0.7818314824680299,0.6234898018587334,8.0,19.0,10.0,25.0,14.0,9.0,8.0,7.0
9,-1.0,-1.8369701987210294e-16,0,0.0,1.0,19.0,10.0,25.0,14.0,9.0,8.0,7.0,29.0
9,-1.0,-1.8369701987210294e-16,1,0.7818314824680298,0.6234898018587336,10.0,25.0,14.0,9.0,8.0,7.0,29.0,13.0
9,-1.0,-1.8369701987210294e-16,2,0.9749279121818236,-0.2225209339563143,25.0,14.0,9.0,8.0,7.0,29.0,13.0,21.0
9,-1.0,-1.8369701987210294e-16,3,0.4338837391175582,-0.900968867902419,14.0,9.0,8.0,7.0,29.0,13.0,21.0,15.0
9,-1.0,-1.8369701987210294e-16,4,-0.433883739117558,-0.9009688679024191,9.0,8.0,7.0,29.0,13.0,21.0,15.0,23.0
9,-1.0,-1.8369701987210294e-16,5,-0.9749279121818236,-0.2225209339563146,8.0,7.0,29.0,13.0,21.0,15.0,23.0,8.0
9,-1.0,-1.8369701987210294e-16,6,-0.7818314824680299,0.6234898018587334,7.0,29.0,13.0,21.0,15.0,23.0,8.0,19.0
9,-1.0,-1.8369701987210294e-16,0,0.0,1.0,29.0,13.0,21.0,15.0,23.0,8.0,19.0,30.0
9,-1.0,-1.8369701987210294e-16,1,0.7818314824680298,0.6234898018587336,13.0,21.0,15.0,23.0,8.0,19.0,30.0,16.0
9,-1.0,-1.8369701987210294e-16,2,0.9749279121818236,-0.2225209339563143,21.0,15.0,23.0,8.0,19.0,30.0,16.0,12.0
10,-0.8660254037844386,0.5000000000000001,3,0.4338837391175582,-0.900968867902419,15.0,23.0,8.0,19.0,30.0,16.0,12.0,23.0
10,-0.8660254037844386,0.5000000000000001,4,-0.433883739117558,-0.9009688679024191,23.0,8.0,19.0,30.0,16.0,12.0,23.0,13.0
10,-0.8660254037844386,0.5000000000000001,5,-0.9749279121818236,-0.2225209339563146,8.0,19.0,30.0,16.0,12.0,23.0,13.0,10.0
10,-0.8660254037844386,0.5000000000000001,6,-0.7818314824680299,0.6234898018587334,19.0,30.0,16.0,12.0,23.0,13.0,10.0,7.0
10,-0.8660254037844386,0.5000000000000001,0,0.0,1.0,30.0,16.0,12.0,23.0,13.0,10.0,7.0,33.0
10,-0.8660254037844386,0.5000000000000001,1,0.7818314824680298,0.6234898018587336,16.0,12.0,23.0,13.0,10.0,7.0,33.0,7.0
10,-0.8660254037844386,0.5000000000000001,2,0.9749279121818236,-0.2225209339563143,12.0,23.0,13.0,10.0,7.0,33.0,7.0,20.0
10,-0.8660254037844386,0.5000000000000001,3,0.4338837391175582,-0.900968867902419,23.0,13.0,10.0,7.0,33.0,7.0,20.0,11.0
10,-0.8660254037844386,0.5000000000000001,4,-0.433883739117558,-0.9009688679024191,13.0,10.0,7.0,33.0,7.0,20.0,11.0,12.0
10,-0.8660254037844386,0.5000000000000001,5,-0.9749279121818236,-0.2225209339563146,10.0,7.0,33.0,7.0,20.0,11.0,12.0,8.0
10,-0.8660254037844386,0.5000000000000001,6,-0.7818314824680299,0.6234898018587334,7.0,33.0,7.0,20.0,11.0,12.0,8.0,21.5
10,-0.8660254037844386,0.5000000000000001,0,0.0,1.0,33.0,7.0,20.0,11.0,12.0,8.0,21.5,35.0
10,-0.8660254037844386,0.5000000000000001,1,0.7818314824680298,0.6234898018587336,7.0,20.0,11.0,12.0,8.0,21.5,35.0,18.0
10,-0.8660254037844386,0.5000000000000001,2,0.9749279121818236,-0.2225209339563143,20.0,11.0,12.0,8.0,21.5,35.0,18.0,18.5
10,-0.8660254037844386,0.5000000000000001,3,0.4338837391175582,-0.900968867902419,11.0,12.0,8.0,21.5,35.0,18.0,18.5,19.0
10,-0.8660254037844386,0.5000000000000001,4,-0.433883739117558,-0.9009688679024191,12.0,8.0,21.5,35.0,18.0,18.5,19.0,15.0
10,-0.8660254037844386,0.5000000000000001,5,-0.9749279121818236,-0.2225209339563146,8.0,21.5,35.0,18.0,18.5,19.0,15.0,8.0
10,-0.8660254037844386,0.5000000000000001,6,-0.7818314824680299,0.6234898018587334,21.5,35.0,18.0,18.5,19.0,15.0,8.0,14.0
10,-0.8660254037844386,0.5000000000000001,0,0.0,1.0,35.0,18.0,18.5,19.0,15.0,8.0,14.0,20.0
10,-0.8660254037844386,0.5000000000000001,1,0.7818314824680298,0.6234898018587336,18.0,18.5,19.0,15.0,8.0,14.0,20.0,5.0
10,-0.8660254037844386,0.5000000000000001,2,0.9749279121818236,-0.2225209339563143,18.5,19.0,15.0,8.0,14.0,20.0,5.0,1.0
10,-0.8660254037844386,0.5000000000000001,3,0.4338837391175582,-0.900968867902419,19.0,15.0,8.0,14.0,20.0,5.0,1.0,9.0
10,-0.8660254037844386,0.5000000000000001,4,-0.433883739117558,-0.9009688679024191,15.0,8.0,14.0,20.0,5.0,1.0,9.0,17.0
10,-0.8660254037844386,0.5000000000000001,5,-0.9749279121818236,-0.2225209339563146,8.0,14.0,20.0,5.0,1.0,9.0,17.0,2.0
10,-0.8660254037844386,0.5000000000000001,6,-0.7818314824680299,0.6234898018587334,14.0,20.0,5.0,1.0,9.0,17.0,2.0,3.0
10,-0.8660254037844386,0.5000000000000001,0,0.0,1.0,20.0,5.0,1.0,9.0,17.0,2.0,3.0,33.0
10,-0.8660254037844386,0.5000000000000001,1,0.7818314824680298,0.6234898018587336,5.0,1.0,9.0,17.0,2.0,3.0,33.0,18.0
10,-0.8660254037844386,0.5000000000000001,2,0.9749279121818236,-0.2225209339563143,1.0,9.0,17.0,2.0,3.0,33.0,18.0,18.0
10,-0.8660254037844386,0.5000000000000001,3,0.4338837391175582,-0.900968867902419,9.0,17.0,2.0,3.0,33.0,18.0,18.0,14.0
10,-0.8660254037844386,0.5000000000000001,4,-0.433883739117558,-0.9009688679024191,17.0,2.0,3.0,33.0,18.0,18.0,14.0,16.0
10,-0.8660254037844386,0.5000000000000001,5,-0.9749279121818236,-0.2225209339563146,2.0,3.0,33.0,18.0,18.0,14.0,16.0,17.333333333333332
11,-0.5000000000000004,0.8660254037844384,6,-0.7818314824680299,0.6234898018587334,3.0,33.0,18.0,18.0,14.0,16.0,17.333333333333332,18.666666666666668
11,-0.5000000000000004,0.8660254037844384,0,0.0,1.0,33.0,18.0,18.0,14.0,16.0,17.333333333333332,18.666666666666668,20.0
11,-0.5000000000000004,0.8660254037844384,1,0.7818314824680298,0.6234898018587336,18.0,18.0,14.0,16.0,17.333333333333332,18.666666666666668,20.0,31.0
11,-0.5000000000000004,0.8660254037844384,2,0.9749279121818236,-0.2225209339563143,18.0,14.0,16.0,17.333333333333332,18.666666666666668,20.0,31.0,13.0
11,-0.5000000000000004,0.8660254037844384,3,0.4338837391175582,-0.900968867902419,14.0,16.0,17.333333333333332,18.666666666666668,20.0,31.0,13.0,12.0
11,-0.5000000000000004,0.8660254037844384,4,-0.433883739117558,-0.9009688679024191,16.0,17.333333333333332,18.666666666666668,20.0,31.0,13.0,12.0,16.0
11,-0.5000000000000004,0.8660254037844384,5,-0.9749279121818236,-0.2225209339563146,17.333333333333332,18.666666666666668,20.0,31.0,13.0,12.0,16.0,21.333333333333332
11,-0.5000000000000004,0.8660254037844384,6,-0.7818314824680299,0.6234898018587334,18.666666666666668,20.0,31.0,13.0,12.0,16.0,21.333333333333332,26.666666666666664
11,-0.5000000000000004,0.8660254037844384,0,0.0,1.0,20.0,31.0,13.0,12.0,16.0,21.333333333333332,26.666666666666664,32.0
11,-0.5000000000000004,0.8660254037844384,1,0.7818314824680298,0.6234898018587336,31.0,13.0,12.0,16.0,21.333333333333332,26.666666666666664,32.0,12.0
11,-0.5000000000000004,0.8660254037844384,2,0.9749279121818236,-0.2225209339563143,13.0,12.0,16.0,21.333333333333332,26.666666666666664,32.0,12.0,14.0
11,-0.5000000000000004,0.8660254037844384,3,0.4338837391175582,-0.900968867902419,12.0,16.0,21.333333333333332,26.666666666666664,32.0,12.0,14.0,5.0
11,-0.5000000000000004,0.8660254037844384,4,-0.433883739117558,-0.9009688679024191,16.0,21.333333333333332,26.666666666666664,32.0,12.0,14.0,5.0,32.0
11,-0.5000000000000004,0.8660254037844384,5,-0.9749279121818236,-0.2225209339563146,21.333333333333332,26.666666666666664,32.0,12.0,14.0,5.0,32.0,26.0
11,-0.5000000000000004,0.8660254037844384,6,-0.7818314824680299,0.6234898018587334,26.666666666666664,32.0,12.0,14.0,5.0,32.0,26.0,22.5
11,-0.5000000000000004,0.8660254037844384,0,0.0,1.0,32.0,12.0,14.0,5.0,32.0,26.0,22.5,19.0
11,-0.5000000000000004,0.8660254037844384,1,0.7818314824680298,0.6234898018587336,12.0,14.0,5.0,32.0,26.0,22.5,19.0,27.0
11,-0.5000000000000004,0.8660254037844384,2,0.9749279121818236,-0.2225209339563143,14.0,5.0,32.0,26.0,22.5,19.0,27.0,19.0
11,-0.5000000000000004,0.8660254037844384,3,0.4338837391175582,-0.900968867902419,5.0,32.0,26.0,22.5,19.0,27.0,19.0,20.0
11,-0.5000000000000004,0.8660254037844384,4,-0.433883739117558,-0.9009688679024191,32.0,26.0,22.5,19.0,27.0,19.0,20.0,17.0
11,-0.5000000000000004,0.8660254037844384,5,-0.9749279121818236,-0.2225209339563146,26.0,22.5,19.0,27.0,19.0,20.0,17.0,16.0
11,-0.5000000000000004,0.8660254037844384,6,-0.7818314824680299,0.6234898018587334,22.5,19.0,27.0,19.0,20.0,17.0,16.0,25.0
11,-0.5000000000000004,0.8660254037844384,0,0.0,1.0,19.0,27.0,19.0,20.0,17.0,16.0,25.0,34.0
11,-0.5000000000000004,0.8660254037844384,1,0.7818314824680298,0.6234898018587336,27.0,19.0,20.0,17.0,16.0,25.0,34.0,13.0
11,-0.5000000000000004,0.8660254037844384,2,0.9749279121818236,-0.2225209339563143,19.0,20.0,17.0,16.0,25.0,34.0,13.0,11.0
11,-0.5000000000000004,0.8660254037844384,3,0.4338837391175582,-0.900968867902419,20.0,17.0,16.0,25.0,34.0,13.0,11.0,9.0
11,-0.5000000000000004,0.8660254037844384,4,-0.433883739117558,-0.9009688679024191,17.0,16.0,25.0,34.0,13.0,11.0,9.0,20.0
11,-0.5000000000000004,0.8660254037844384,5,-0.9749279121818236,-0.2225209339563146,16.0,25.0,34.0,13.0,11.0,9.0,20.0,11.0
11,-0.5000000000000004,0.8660254037844384,6,-0.7818314824680299,0.6234898018587334,25.0,34.0,13.0,11.0,9.0,20.0,11.0,21.5
11,-0.5000000000000004,0.8660254037844384,0,0.0,1.0,34.0,13.0,11.0,9.0,20.0,11.0,21.5,32.0
12,-2.4492935982947064e-16,1.0,1,0.7818314824680298,0.6234898018587336,13.0,11.0,9.0,20.0,11.0,21.5,32.0,17.0
12,-2.4492935982947064e-16,1.0,2,0.9749279121818236,-0.2225209339563143,11.0,9.0,20.0,11.0,21.5,32.0,17.0,19.0
12,-2.4492935982947064e-16,1.0,3,0.4338837391175582,-0.900968867902419,9.0,20.0,11.0,21.5,32.0,17.0,19.0,21.0
12,-2.4492935982947064e-16,1.0,4,-0.433883739117558,-0.9009688679024191,20.0,11.0,21.5,32.0,17.0,19.0,21.0,25.0
12,-2.4492935982947064e-16,1.0,5,-0.9749279121818236,-0.2225209339563146,11.0,21.5,32.0,17.0,19.0,21.0,25.0,14.0
12,-2.4492935982947064e-16,1.0,6,-0.7818314824680299,0.6234898018587334,21.5,32.0,17.0,19.0,21.0,25.0,14.0,21.0
12,-2.4492935982947064e-16,1.0,0,0.0,1.0,32.0,17.0,19.0,21.0,25.0,14.0,21.0,28.0
12,-2.4492935982947064e-16,1.0,1,0.7818314824680298,0.6234898018587336,17.0,19.0,21.0,25.0,14.0,21.0,28.0,16.0
12,-2.4492935982947064e-16,1.0,2,0.9749279121818236,-0.2225209339563143,19.0,21.0,25.0,14.0,21.0,28.0,16.0,15.0
12,-2.4492935982947064e-16,1.0,3,0.4338837391175582,-0.900968867902419,21.0,25.0,14.0,21.0,28.0,16.0,15.0,20.0
12,-2.4492935982947064e-16,1.0,4,-0.433883739117558,-0.9009688679024191,25.0,14.0,21.0,28.0,16.0,15.0,20.0,11.0
12,-2.4492935982947064e-16,1.0,5,-0.9749279121818236,-0.2225209339563146,14.0,21.0,28.0,16.0,15.0,20.0,11.0,8.0
12,-2.4492935982947064e-16,1.0,6,-0.7818314824680299,0.6234898018587334,21.0,28.0,16.0,15.0,20.0,11.0,8.0,15.5
12,-2.4492935982947064e-16,1.0,0,0.0,1.0,28.0,16.0,15.0,20.0,11.0,8.0,15.5,23.0
12,-2.4492935982947064e-16,1.0,1,0.7818314824680298,0.6234898018587336,16.0,15.0,20.0,11.0,8.0,15.5,23.0,20.0
12,-2.4492935982947064e-16,1.0,2,0.9749279121818236,-0.2225209339563143,15.0,20.0,11.0,8.0,15.5,23.0,20.0,13.0
12,-2.4492935982947064e-16,1.0,3,0.4338837391175582,-0.900968867902419,20.0,11.0,8.0,15.5,23.0,20.0,13.0,16.0
12,-2.4492935982947064e-16,1.0,4,-0.433883739117558,-0.9009688679024191,11.0,8.0,15.5,23.0,20.0,13.0,16.0,20.0
12,-2.4492935982947064e-16,1.0,5,-0.9749279121818236,-0.2225209339563146,8.0,15.5,23.0,20.0,13.0,16.0,20.0,12.0
12,-2.4492935982947064e-16,1.0,6,-0.7818314824680299,0.6234898018587334,15.5,23.0,20.0,13.0,16.0,20.0,12.0,19.0
12,-2.4492935982947064e-16,1.0,0,0.0,1.0,23.0,20.0,13.0,16.0,20.0,12.0,19.0,26.0
12,-2.4492935982947064e-16,1.0,1,0.7818314824680298,0.6234898018587336,20.0,13.0,16.0,20.0,12.0,19.0,26.0,15.0
12,-2.4492935982947064e-16,1.0,2,0.9749279121818236,-0.2225209339563143,13.0,16.0,20.0,12.0,19.0,26.0,15.0,14.0
12,-2.4492935982947064e-16,1.0,3,0.4338837391175582,-0.900968867902419,16.0,20.0,12.0,19.0,26.0,15.0,14.0,18.0
12,-2.4492935982947064e-16,1.0,4,-0.433883739117558,-0.9009688679024191,20.0,12.0,19.0,26.0,15.0,14.0,18.0,25.0
12,-2.4492935982947064e-16,1.0,5,-0.9749279121818236,-0.2225209339563146,12.0,19.0,26.0,15.0,14.0,18.0,25.0,10.0
12,-2.4492935982947064e-16,1.0,6,-0.7818314824680299,0.6234898018587334,19.0,26.0,15.0,14.0,18.0,25.0,10.0,27.5
12,-2.4492935982947064e-16,1.0,0,0.0,1.0,26.0,15.0,14.0,18.0,25.0,10.0,27.5,45.0
12,-2.4492935982947064e-16,1.0,1,0.7818314824680298,0.6234898018587336,15.0,14.0,18.0,25.0,10.0,27.5,45.0,26.0
12,-2.4492935982947064e-16,1.0,2,0.9749279121818236,-0.2225209339563143,14.0,18.0,25.0,10.0,27.5,45.0,26.0,22.0
12,-2.4492935982947064e-16,1.0,3,0.4338837391175582,-0.900968867902419,18.0,25.0,10.0,27.5,45.0,26.0,22.0,17.0
1,0.4999999999999999,0.8660254037844387,4,-0.433883739117558,-0.9009688679024191,25.0,10.0,27.5,45.0,26.0,22.0,17.0,15.0
1,0.4999999999999999,0.8660254037844387,5,-0.9749279121818236,-0.2225209339563146,10.0,27.5,45.0,26.0,22.0,17.0,15.0,13.0
1,0.4999999999999999,0.8660254037844387,6,-0.7818314824680299,0.6234898018587334,27.5,45.0,26.0,22.0,17.0,15.0,13.0,11.0
1,0.4999999999999999,0.8660254037844387,0,0.0,1.0,45.0,26.0,22.0,17.0,15.0,13.0,11.0,12.0
1,0.4999999999999999,0.8660254037844387,1,0.7818314824680298,0.6234898018587336,26.0,22.0,17.0,15.0,13.0,11.0,12.0,18.0
1,0.4999999999999999,0.8660254037844387,2,0.9749279121818236,-0.2225209339563143,22.0,17.0,15.0,13.0,11.0,12.0,18.0,15.0
1,0.4999999999999999,0.8660254037844387,3,0.4338837391175582,-0.900968867902419,17.0,15.0,13.0,11.0,12.0,18.0,15.0,14.5
1,0.4999999999999999,0.8660254037844387,4,-0.433883739117558,-0.9009688679024191,15.0,13.0,11.0,12.0,18.0,15.0,14.5,14.0
1,0.4999999999999999,0.8660254037844387,5,-0.9749279121818236,-0.2225209339563146,13.0,11.0,12.0,18.0,15.0,14.5,14.0,17.333333333333332
1,0.4999999999999999,0.8660254037844387,6,-0.7818314824680299,0.6234898018587334,11.0,12.0,18.0,15.0,14.5,14.0,17.333333333333332,20.666666666666668
1,0.4999999999999999,0.8660254037844387,0,0.0,1.0,12.0,18.0,15.0,14.5,14.0,17.333333333333332,20.666666666666668,24.0
1,0.4999999999999999,0.8660254037844387,1,0.7818314824680298,0.6234898018587336,18.0,15.0,14.5,14.0,17.333333333333332,20.666666666666668,24.0,12.0
1,0.4999999999999999,0.8660254037844387,2,0.9749279121818236,-0.2225209339563143,15.0,14.5,14.0,17.333333333333332,20.666666666666668,24.0,12.0,12.0
1,0.4999999999999999,0.8660254037844387,3,0.4338837391175582,-0.900968867902419,14.5,14.0,17.333333333333332,20.666666666666668,24.0,12.0,12.0,14.0
1,0.4999999999999999,0.8660254037844387,4,-0.433883739117558,-0.9009688679024191,14.0,17.333333333333332,20.666666666666668,24.0,12.0,12.0,14.0,19.5
1,0.4999999999999999,0.8660254037844387,5,-0.9749279121818236,-0.2225209339563146,17.333333333333332,20.666666666666668,24.0,12.0,12.0,14.0,19.5,25.0
1,0.4999999999999999,0.8660254037844387,6,-0.7818314824680299,0.6234898018587334,20.666666666666668,24.0,12.0,12.0,14.0,19.5,25.0,24.0
1,0.4999999999999999,0.8660254037844387,0,0.0,1.0,24.0,12.0,12.0,14.0,19.5,25.0,24.0,23.0
1,0.4999999999999999,0.8660254037844387,1,0.7818314824680298,0.6234898018587336,12.0,12.0,14.0,19.5,25.0,24.0,23.0,10.0
1,0.4999999999999999,0.8660254037844387,2,0.9749279121818236,-0.2225209339563143,12.0,14.0,19.5,25.0,24.0,23.0,10.0,10.0
1,0.4999999999999999,0.8660254037844387,3,0.4338837391175582,-0.900968867902419,14.0,19.5,25.0,24.0,23.0,10.0,10.0,10.0
1,0.4999999999999999,0.8660254037844387,4,-0.433883739117558,-0.9009688679024191,19.5,25.0,24.0,23.0,10.0,10.0,10.0,16.0
1,0.4999999999999999,0.8660254037844387,5,-0.9749279121818236,-0.2225209339563146,25.0,24.0,23.0,10.0,10.0,10.0,16.0,19.333333333333332
1,0.4999999999999999,0.8660254037844387,6,-0.7818314824680299,0.6234898018587334,24.0,23.0,10.0,10.0,10.0,16.0,19.333333333333332,22.666666666666668
1,0.4999999999999999,0.8660254037844387,0,0.0,1.0,23.0,10.0,10.0,10.0,16.0,19.333333333333332,22.666666666666668,26.0
1,0.4999999999999999,0.8660254037844387,1,0.7818314824680298,0.6234898018587336,10.0,10.0,10.0,16.0,19.333333333333332,22.666666666666668,26.0,16.0
1,0.4999999999999999,0.8660254037844387,2,0.9749279121818236,-0.2225209339563143,10.0,10.0,16.0,19.333333333333332,22.666666666666668,26.0,16.0,18.0
1,0.4999999999999999,0.8660254037844387,3,0.4338837391175582,-0.900968867902419,10.0,16.0,19.333333333333332,22.666666666666668,26.0,16.0,18.0,16.0
1,0.4999999999999999,0.8660254037844387,4,-0.433883739117558,-0.9009688679024191,16.0,19.333333333333332,22.666666666666668,26.0,16.0,18.0,16.0,22.0
1,0.4999999999999999,0.8660254037844387,5,-0.9749279121818236,-0.2225209339563146,19.333333333333332,22.666666666666668,26.0,16.0,18.0,16.0,22.0,8.0
1,0.4999999999999999,0.8660254037844387,6,-0.7818314824680299,0.6234898018587334,22.666666666666668,26.0,16.0,18.0,16.0,22.0,8.0,19.5
2,0.8660254037844386,0.5000000000000001,0,0.0,1.0,26.0,16.0,18.0,16.0,22.0,8.0,19.5,31.0
2,0.8660254037844386,0.5000000000000001,1,0.7818314824680298,0.6234898018587336,16.0,18.0,16.0,22.0,8.0,19.5,31.0,20.0
2,0.8660254037844386,0.5000000000000001,2,0.9749279121818236,-0.2225209339563143,18.0,16.0,22.0,8.0,19.5,31.0,20.0,19.0
2,0.8660254037844386,0.5000000000000001,3,0.4338837391175582,-0.900968867902419,16.0,22.0,8.0,19.5,31.0,20.0,19.0,17.0
2,0.8660254037844386,0.5000000000000001,4,-0.433883739117558,-0.9009688679024191,22.0,8.0,19.5,31.0,20.0,19.0,17.0,18.0
2,0.8660254037844386,0.5000000000000001,5,-0.9749279121818236,-0.2225209339563146,8.0,19.5,31.0,20.0,19.0,17.0,18.0,17.0
2,0.8660254037844386,0.5000000000000001,6,-0.7818314824680299,0.6234898018587334,19.5,31.0,20.0,19.0,17.0,18.0,17.0,20.0
2,0.8660254037844386,0.5000000000000001,0,0.0,1.0,31.0,20.0,19.0,17.0,18.0,17.0,20.0,8.0
2,0.8660254037844386,0.5000000000000001,1,0.7818314824680298,0.6234898018587336,20.0,19.0,17.0,18.0,17.0,20.0,8.0,13.0
2,0.8660254037844386,0.5000000000000001,2,0.9749279121818236,-0.2225209339563143,19.0,17.0,18.0,17.0,20.0,8.0,13.0,12.0
2,0.8660254037844386,0.5000000000000001,3,0.4338837391175582,-0.900968867902419,17.0,18.0,17.0,20.0,8.0,13.0,12.0,9.0
2,0.8660254037844386,0.5000000000000001,4,-0.433883739117558,-0.9009688679024191,18.0,17.0,20.0,8.0,13.0,12.0,9.0,20.0
2,0.8660254037844386,0.5000000000000001,5,-0.9749279121818236,-0.2225209339563146,17.0,20.0,8.0,13.0,12.0,9.0,20.0,14.0
2,0.8660254037844386,0.5000000000000001,6,-0.7818314824680299,0.6234898018587334,20.0,8.0,13.0,12.0,9.0,20.0,14.0,10.0
2,0.8660254037844386,0.5000000000000001,0,0.0,1.0,8.0,13.0,12.0,9.0,20.0,14.0,10.0,21.0
2,0.8660254037844386,0.5000000000000001,1,0.7818314824680298,0.6234898018587336,13.0,12.0,9.0,20.0,14.0,10.0,21.0,12.0
2,0.8660254037844386,0.5000000000000001,2,0.9749279121818236,-0.2225209339563143,12.0,9.0,20.0,14.0,10.0,21.0,12.0,18.0
2,0.8660254037844386,0.5000000000000001,3,0.4338837391175582,-0.900968867902419,9.0,20.0,14.0,10.0,21.0,12.0,18.0,14.0
2,0.8660254037844386,0.5000000000000001,4,-0.433883739117558,-0.9009688679024191,20.0,14.0,10.0,21.0,12.0,18.0,14.0,11.0
2,0.8660254037844386,0.5000000000000001,5,-0.9749279121818236,-0.2225209339563146,14.0,10.0,21.0,12.0,18.0,14.0,11.0,18.0
2,0.8660254037844386,0.5000000000000001,6,-0.7818314824680299,0.6234898018587334,10.0,21.0,12.0,18.0,14.0,11.0,18.0,10.0
2,0.8660254037844386,0.5000000000000001,0,0.0,1.0,21.0,12.0,18.0,14.0,11.0,18.0,10.0,9.0
2,0.8660254037844386,0.5000000000000001,1,0.7818314824680298,0.6234898018587336,12.0,18.0,14.0,11.0,18.0,10.0,9.0,3.0
2,0.8660254037844386,0.5000000000000001,2,0.9749279121818236,-0.2225209339563143,18.0,14.0,11.0,18.0,10.0,9.0,3.0,9.0
2,0.8660254037844386,0.5000000000000001,3,0.4338837391175582,-0.900968867902419,14.0,11.0,18.0,10.0,9.0,3.0,9.0,11.0
2,0.8660254037844386,0.5000000000000001,4,-0.433883739117558,-0.9009688679024191,11.0,18.0,10.0,9.0,3.0,9.0,11.0,11.0
2,0.8660254037844386,0.5000000000000001,5,-0.9749279121818236,-0.2225209339563146,18.0,10.0,9.0,3.0,9.0,11.0,11.0,17.0
2,0.8660254037844386,0.5000000000000001,6,-0.7818314824680299,0.6234898018587334,10.0,9.0,3.0,9.0,11.0,11.0,17.0,10.0
3,1.0,6.123233995736766e-17,0,0.0,1.0,9.0,3.0,9.0,11.0,11.0,17.0,10.0,15.0
3,1.0,6.123233995736766e-17,1,0.7818314824680298,0.6234898018587336,3.0,9.0,11.0,11.0,17.0,10.0,15.0,10.0
3,1.0,6.123233995736766e-17,2,0.9749279121818236,-0.2225209339563143,9.0,11.0,11.0,17.0,10.0,15.0,10.0,17.0
3,1.0,6.123233995736766e-17,3,0.4338837391175582,-0.900968867902419,11.0,11.0,17.0,10.0,15.0,10.0,17.0,20.0
3,1.0,6.123233995736766e-17,4,-0.433883739117558,-0.9009688679024191,11.0,17.0,10.0,15.0,10.0,17.0,20.0,24.0
3,1.0,6.123233995736766e-17,5,-0.9749279121818236,-0.2225209339563146,17.0,10.0,15.0,10.0,17.0,20.0,24.0,17.0
3,1.0,6.123233995736766e-17,6,-0.7818314824680299,0.6234898018587334,10.0,15.0,10.0,17.0,20.0,24.0,17.0,13.0
3,1.0,6.123233995736766e-17,0,0.0,1.0,15.0,10.0,17.0,20.0,24.0,17.0,13.0,16.0
3,1.0,6.123233995736766e-17,1,0.7818314824680298,0.6234898018587336,10.0,17.0,20.0,24.0,17.0,13.0,16.0,16.0
3,1.0,6.123233995736766e-17,2,0.9749279121818236,-0.2225209339563143,17.0,20.0,24.0,17.0,13.0,16.0,16.0,17.0
3,1.0,6.123233995736766e-17,3,0.4338837391175582,-0.900968867902419,20.0,24.0,17.0,13.0,16.0,16.0,17.0,22.0
3,1.0,6.123233995736766e-17,4,-0.433883739117558,-0.9009688679024191,24.0,17.0,13.0,16.0,16.0,17.0,22.0,22.0
3,1.0,6.123233995736766e-17,5,-0.9749279121818236,-0.2225209339563146,17.0,13.0,16.0,16.0,17.0,22.0,22.0,19.0
3,1.0,6.123233995736766e-17,6,-0.7818314824680299,0.6234898018587334,13.0,16.0,16.0,17.0,22.0,22.0,19.0,13.0
3,1.0,6.123233995736766e-17,0,0.0,1.0,16.0,16.0,17.0,22.0,22.0,19.0,13.0,26.0
3,1.0,6.123233995736766e-17,1,0.7818314824680298,0.6234898018587336,16.0,17.0,22.0,22.0,19.0,13.0,26.0,18.0
3,1.0,6.123233995736766e-17,2,0.9749279121818236,-0.2225209339563143,17.0,22.0,22.0,19.0,13.0,26.0,18.0,22.0
3,1.0,6.123233995736766e-17,3,0.4338837391175582,-0.900968867902419,22.0,22.0,19.0,13.0,26.0,18.0,22.0,19.0
3,1.0,6.123233995736766e-17,4,-0.433883739117558,-0.9009688679024191,22.0,19.0,13.0,26.0,18.0,22.0,19.0,23.0
3,1.0,6.123233995736766e-17,5,-0.9749279121818236,-0.2225209339563146,19.0,13.0,26.0,18.0,22.0,19.0,23.0,19.0
3,1.0,6.123233995736766e-17,6,-0.7818314824680299,0.6234898018587334,13.0,26.0,18.0,22.0,19.0,23.0,19.0,22.0
3,1.0,6.123233995736766e-17,0,0.0,1.0,26.0,18.0,22.0,19.0,23.0,19.0,22.0,17.0
3,1.0,6.123233995736766e-17,1,0.7818314824680298,0.6234898018587336,18.0,22.0,19.0,23.0,19.0,22.0,17.0,18.0
3,1.0,6.123233995736766e-17,2,0.9749279121818236,-0.2225209339563143,22.0,19.0,23.0,19.0,22.0,17.0,18.0,22.0
3,1.0,6.123233995736766e-17,3,0.4338837391175582,-0.900968867902419,19.0,23.0,19.0,22.0,17.0,18.0,22.0,22.0
3,1.0,6.123233995736766e-17,4,-0.433883739117558,-0.9009688679024191,23.0,19.0,22.0,17.0,18.0,22.0,22.0,31.0
3,1.0,6.123233995736766e-17,5,-0.9749279121818236,-0.2225209339563146,19.0,22.0,17.0,18.0,22.0,22.0,31.0,22.0
3,1.0,6.123233995736766e-17,6,-0.7818314824680299,0.6234898018587334,22.0,17.0,18.0,22.0,22.0,31.0,22.0,19.0
3,1.0,6.123233995736766e-17,0,0.0,1.0,17.0,18.0,22.0,22.0,31.0,22.0,19.0,16.0
3,1.0,6.123233995736766e-17,1,0.7818314824680298,0.6234898018587336,18.0,22.0,22.0,31.0,22.0,19.0,16.0,24.0
3,1.0,6.123233995736766e-17,2,0.9749279121818236,-0.2225209339563143,22.0,22.0,31.0,22.0,19.0,16.0,24.0,38.0
4,0.8660254037844387,-0.4999999999999998,3,0.4338837391175582,-0.900968867902419,22.0,31.0,22.0,19.0,16.0,24.0,38.0,11.0
4,0.8660254037844387,-0.4999999999999998,4,-0.433883739117558,-0.9009688679024191,31.0,22.0,19.0,16.0,24.0,38.0,11.0,16.0
4,0.8660254037844387,-0.4999999999999998,5,-0.9749279121818236,-0.2225209339563146,22.0,19.0,16.0,24.0,38.0,11.0,16.0,16.0
4,0.8660254037844387,-0.4999999999999998,6,-0.7818314824680299,0.6234898018587334,19.0,16.0,24.0,38.0,11.0,16.0,16.0,8.0
4,0.8660254037844387,-0.4999999999999998,0,0.0,1.0,16.0,24.0,38.0,11.0,16.0,16.0,8.0,24.0
4,0.8660254037844387,-0.4999999999999998,1,0.7818314824680298,0.6234898018587336,24.0,38.0,11.0,16.0,16.0,8.0,24.0,14.0
4,0.8660254037844387,-0.4999999999999998,2,0.9749279121818236,-0.2225209339563143,38.0,11.0,16.0,16.0,8.0,24.0,14.0,28.0
4,0.8660254037844387,-0.4999999999999998,3,0.4338837391175582,-0.900968867902419,11.0,16.0,16.0,8.0,24.0,14.0,28.0,18.0
4,0.8660254037844387,-0.4999999999999998,4,-0.433883739117558,-0.9009688679024191,16.0,16.0,8.0,24.0,14.0,28.0,18.0,20.0
4,0.8660254037844387,-0.4999999999999998,5,-0.9749279121818236,-0.2225209339563146,16.0,8.0,24.0,14.0,28.0,18.0,20.0,7.0
4,0.8660254037844387,-0.4999999999999998,6,-0.7818314824680299,0.6234898018587334,8.0,24.0,14.0,28.0,18.0,20.0,7.0,12.0
4,0.8660254037844387,-0.4999999999999998,0,0.0,1.0,24.0,14.0,28.0,18.0,20.0,7.0,12.0,31.0
4,0.8660254037844387,-0.4999999999999998,1,0.7818314824680298,0.6234898018587336,14.0,28.0,18.0,20.0,7.0,12.0,31.0,33.0
4,0.8660254037844387,-0.4999999999999998,2,0.9749279121818236,-0.2225209339563143,28.0,18.0,20.0,7.0,12.0,31.0,33.0,38.0
4,0.8660254037844387,-0.4999999999999998,3,0.4338837391175582,-0.900968867902419,18.0,20.0,7.0,12.0,31.0,33.0,38.0,26.0
4,0.8660254037844387,-0.4999999999999998,4,-0.433883739117558,-0.9009688679024191,20.0,7.0,12.0,31.0,33.0,38.0,26.0,36.0
4,0.8660254037844387,-0.4999999999999998,5,-0.9749279121818236,-0.2225209339563146,7.0,12.0,31.0,33.0,38.0,26.0,36.0,21.0
4,0.8660254037844387,-0.4999999999999998,6,-0.7818314824680299,0.6234898018587334,12.0,31.0,33.0,38.0,26.0,36.0,21.0,15.0
4,0.8660254037844387,-0.4999999999999998,0,0.0,1.0,31.0,33.0,38.0,26.0,36.0,21.0,15.0,25.0
4,0.8660254037844387,-0.4999999999999998,1,0.7818314824680298,0.6234898018587336,33.0,38.0,26.0,36.0,21.0,15.0,25.0,26.0
4,0.8660254037844387,-0.4999999999999998,2,0.9749279121818236,-0.2225209339563143,38.0,26.0,36.0,21.0,15.0,25.0,26.0,13.0
4,0.8660254037844387,-0.4999999999999998,3,0.4338837391175582,-0.900968867902419,26.0,36.0,21.0,15.0,25.0,26.0,13.0,11.0
4,0.8660254037844387,-0.4999999999999998,4,-0.433883739117558,-0.9009688679024191,36.0,21.0,15.0,25.0,26.0,13.0,11.0,19.0
4,0.8660254037844387,-0.4999999999999998,5,-0.9749279121818236,-0.2225209339563146,21.0,15.0,25.0,26.0,13.0,11.0,19.0,9.0
4,0.8660254037844387,-0.4999999999999998,6,-0.7818314824680299,0.6234898018587334,15.0,25.0,26.0,13.0,11.0,19.0,9.0,7.0
4,0.8660254037844387,-0.4999999999999998,0,0.0,1.0,25.0,26.0,13.0,11.0,19.0,9.0,7.0,20.0
4,0.8660254037844387,-0.4999999999999998,1,0.7818314824680298,0.6234898018587336,26.0,13.0,11.0,19.0,9.0,7.0,20.0,9.0
4,0.8660254037844387,-0.4999999999999998,2,0.9749279121818236,-0.2225209339563143,13.0,11.0,19.0,9.0,7.0,20.0,9.0,15.0
4,0.8660254037844387,-0.4999999999999998,3,0.4338837391175582,-0.900968867902419,11.0,19.0,9.0,7.0,20.0,9.0,15.0,14.0
4,0.8660254037844387,-0.4999999999999998,4,-0.433883739117558,-0.9009688679024191,19.0,9.0,7.0,20.0,9.0,15.0,14.0,25.0
5,0.4999999999999999,-0.8660254037844387,5,-0.9749279121818236,-0.2225209339563146,9.0,7.0,20.0,9.0,15.0,14.0,25.0,11.0
5,0.4999999999999999,-0.8660254037844387,6,-0.7818314824680299,0.6234898018587334,7.0,20.0,9.0,15.0,14.0,25.0,11.0,12.0
5,0.4999999999999999,-0.8660254037844387,0,0.0,1.0,20.0,9.0,15.0,14.0,25.0,11.0,12.0,9.0
5,0.4999999999999999,-0.8660254037844387,1,0.7818314824680298,0.6234898018587336,9.0,15.0,14.0,25.0,11.0,12.0,9.0,13.0
5,0.4999999999999999,-0.8660254037844387,2,0.9749279121818236,-0.2225209339563143,15.0,14.0,25.0,11.0,12.0,9.0,13.0,19.0
5,0.4999999999999999,-0.8660254037844387,3,0.4338837391175582,-0.900968867902419,14.0,25.0,11.0,12.0,9.0,13.0,19.0,14.0
5,0.4999999999999999,-0.8660254037844387,4,-0.433883739117558,-0.9009688679024191,25.0,11.0,12.0,9.0,13.0,19.0,14.0,15.0
5,0.4999999999999999,-0.8660254037844387,5,-0.9749279121818236,-0.2225209339563146,11.0,12.0,9.0,13.0,19.0,14.0,15.0,8.0
5,0.4999999999999999,-0.8660254037844387,6,-0.7818314824680299,0.6234898018587334,12.0,9.0,13.0,19.0,14.0,15.0,8.0,3.0
5,0.4999999999999999,-0.8660254037844387,0,0.0,1.0,9.0,13.0,19.0,14.0,15.0,8.0,3.0,15.0
5,0.4999999999999999,-0.8660254037844387,1,0.7818314824680298,0.6234898018587336,13.0,19.0,14.0,15.0,8.0,3.0,15.0,16.0
5,0.4999999999999999,-0.8660254037844387,2,0.9749279121818236,-0.2225209339563143,19.0,14.0,15.0,8.0,3.0,15.0,16.0,18.0
5,0.4999999999999999,-0.8660254037844387,3,0.4338837391175582,-0.900968867902419,14.0,15.0,8.0,3.0,15.0,16.0,18.0,15.0
5,0.4999999999999999,-0.8660254037844387,4,-0.433883739117558,-0.9009688679024191,15.0,8.0,3.0,15.0,16.0,18.0,15.0,22.0
5,0.4999999999999999,-0.8660254037844387,5,-0.9749279121818236,-0.2225209339563146,8.0,3.0,15.0,16.0,18.0,15.0,22.0,21.0
5,0.4999999999999999,-0.8660254037844387,6,-0.7818314824680299,0.6234898018587334,3.0,15.0,16.0,18.0,15.0,22.0,21.0,9.0
5,0.4999999999999999,-0.8660254037844387,0,0.0,1.0,15.0,16.0,18.0,15.0,22.0,21.0,9.0,18.0
5,0.4999999999999999,-0.8660254037844387,1,0.7818314824680298,0.6234898018587336,16.0,18.0,15.0,22.0,21.0,9.0,18.0,17.0
5,0.4999999999999999,-0.8660254037844387,2,0.9749279121818236,-0.2225209339563143,18.0,15.0,22.0,21.0,9.0,18.0,17.0,17.0
5,0.4999999999999999,-0.8660254037844387,3,0.4338837391175582,-0.900968867902419,15.0,22.0,21.0,9.0,18.0,17.0,17.0,9.0
5,0.4999999999999999,-0.8660254037844387,4,-0.433883739117558,-0.9009688679024191,22.0,21.0,9.0,18.0,17.0,17.0,9.0,12.0
5,0.4999999999999999,-0.8660254037844387,5,-0.9749279121818236,-0.2225209339563146,21.0,9.0,18.0,17.0,17.0,9.0,12.0,14.0
5,0.4999999999999999,-0.8660254037844387,6,-0.7818314824680299,0.6234898018587334,9.0,18.0,17.0,17.0,9.0,12.0,14.0,5.0
5,0.4999999999999999,-0.8660254037844387,0,0.0,1.0,18.0,17.0,17.0,9.0,12.0,14.0,5.0,15.0
5,0.4999999999999999,-0.8660254037844387,1,0.7818314824680298,0.6234898018587336,17.0,17.0,9.0,12.0,14.0,5.0,15.0,12.0
5,0.4999999999999999,-0.8660254037844387,2,0.9749279121818236,-0.2225209339563143,17.0,9.0,12.0,14.0,5.0,15.0,12.0,16.0
5,0.4999999999999999,-0.8660254037844387,3,0.4338837391175582,-0.900968867902419,9.0,12.0,14.0,5.0,15.0,12.0,16.0,11.0
5,0.4999999999999999,-0.8660254037844387,4,-0.433883739117558,-0.9009688679024191,12.0,14.0,5.0,15.0,12.0,16.0,11.0,16.0
5,0.4999999999999999,-0.8660254037844387,5,-0.9749279121818236,-0.2225209339563146,14.0,5.0,15.0,12.0,16.0,11.0,16.0,6.0
5,0.4999999999999999,-0.8660254037844387,6,-0.7818314824680299,0.6234898018587334,5.0,15.0,12.0,16.0,11.0,16.0,6.0,7.0
5,0.4999999999999999,-0.8660254037844387,0,0.0,1.0,15.0,12.0,16.0,11.0,16.0,6.0,7.0,11.0
6,1.2246467991473532e-16,-1.0,1,0.7818314824680298,0.6234898018587336,12.0,16.0,11.0,16.0,6.0,7.0,11.0,18.0
6,1.2246467991473532e-16,-1.0,2,0.9749279121818236,-0.2225209339563143,16.0,11.0,16.0,6.0,7.0,11.0,18.0,15.0
6,1.2246467991473532e-16,-1.0,3,0.4338837391175582,-0.900968867902419,11.0,16.0,6.0,7.0,11.0,18.0,15.0,13.0
6,1.2246467991473532e-16,-1.0,4,-0.433883739117558,-0.9009688679024191,16.0,6.0,7.0,11.0,18.0,15.0,13.0,13.0
6,1.2246467991473532e-16,-1.0,5,-0.9749279121818236,-0.2225209339563146,6.0,7.0,11.0,18.0,15.0,13.0,13.0,14.0
6,1.2246467991473532e-16,-1.0,6,-0.7818314824680299,0.6234898018587334,7.0,11.0,18.0,15.0,13.0,13.0,14.0,8.0
6,1.2246467991473532e-16,-1.0,0,0.0,1.0,11.0,18.0,15.0,13.0,13.0,14.0,8.0,10.0
6,1.2246467991473532e-16,-1.0,1,0.7818314824680298,0.6234898018587336,18.0,15.0,13.0,13.0,14.0,8.0,10.0,15.0
6,1.2246467991473532e-16,-1.0,2,0.9749279121818236,-0.2225209339563143,15.0,13.0,13.0,14.0,8.0,10.0,15.0,12.0
6,1.2246467991473532e-16,-1.0,3,0.4338837391175582,-0.900968867902419,13.0,13.0,14.0,8.0,10.0,15.0,12.0,18.0
6,1.2246467991473532e-16,-1.0,4,-0.433883739117558,-0.9009688679024191,13.0,14.0,8.0,10.0,15.0,12.0,18.0,17.0
6,1.2246467991473532e-16,-1.0,5,-0.9749279121818236,-0.2225209339563146,14.0,8.0,10.0,15.0,12.0,18.0,17.0,7.0
6,1.2246467991473532e-16,-1.0,6,-0.7818314824680299,0.6234898018587334,8.0,10.0,15.0,12.0,18.0,17.0,7.0,6.0
6,1.2246467991473532e-16,-1.0,0,0.0,1.0,10.0,15.0,12.0,18.0,17.0,7.0,6.0,6.0
6,1.2246467991473532e-16,-1.0,1,0.7818314824680298,0.6234898018587336,15.0,12.0,18.0,17.0,7.0,6.0,6.0,14.0
6,1.2246467991473532e-16,-1.0,2,0.9749279121818236,-0.2225209339563143,12.0,18.0,17.0,7.0,6.0,6.0,14.0,15.0
6,1.2246467991473532e-16,-1.0,3,0.4338837391175582,-0.900968867902419,18.0,17.0,7.0,6.0,6.0,14.0,15.0,14.0
6,1.2246467991473532e-16,-1.0,4,-0.433883739117558,-0.9009688679024191,17.0,7.0,6.0,6.0,14.0,15.0,14.0,13.0
6,1.2246467991473532e-16,-1.0,5,-0.9749279121818236,-0.2225209339563146,7.0,6.0,6.0,14.0,15.0,14.0,13.0,13.0
6,1.2246467991473532e-16,-1.0,6,-0.7818314824680299,0.6234898018587334,6.0,6.0,14.0,15.0,14.0,13.0,13.0,10.0
6,1.2246467991473532e-16,-1.0,0,0.0,1.0,6.0,14.0,15.0,14.0,13.0,13.0,10.0,14.0
6,1.2246467991473532e-16,-1.0,1,0.7818314824680298,0.6234898018587336,14.0,15.0,14.0,13.0,13.0,10.0,14.0,18.0
6,1.2246467991473532e-16,-1.0,2,0.9749279121818236,-0.2225209339563143,15.0,14.0,13.0,13.0,10.0,14.0,18.0,15.0
6,1.2246467991473532e-16,-1.0,3,0.4338837391175582,-0.900968867902419,14.0,13.0,13.0,10.0,14.0,18.0,15.0,22.0
6,1.2246467991473532e-16,-1.0,4,-0.433883739117558,-0.9009688679024191,13.0,13.0,10.0,14.0,18.0,15.0,22.0,9.0
6,1.2246467991473532e-16,-1.0,5,-0.9749279121818236,-0.2225209339563146,13.0,10.0,14.0,18.0,15.0,22.0,9.0,18.0
6,1.2246467991473532e-16,-1.0,6,-0.7818314824680299,0.6234898018587334,10.0,14.0,18.0,15.0,22.0,9.0,18.0,9.0
6,1.2246467991473532e-16,-1.0,0,0.0,1.0,14.0,18.0,15.0,22.0,9.0,18.0,9.0,15.0
6,1.2246467991473532e-16,-1.0,1,0.7818314824680298,0.6234898018587336,18.0,15.0,22.0,9.0,18.0,9.0,15.0,13.0
6,1.2246467991473532e-16,-1.0,2,0.9749279121818236,-0.2225209339563143,15.0,22.0,9.0,18.0,9.0,15.0,13.0,18.0
7,-0.4999999999999998,-0.8660254037844388,3,0.4338837391175582,-0.900968867902419,22.0,9.0,18.0,9.0,15.0,13.0,18.0,17.0
7,-0.4999999999999998,-0.8660254037844388,4,-0.433883739117558,-0.9009688679024191,9.0,18.0,9.0,15.0,13.0,18.0,17.0,20.0
7,-0.4999999999999998,-0.8660254037844388,5,-0.9749279121818236,-0.2225209339563146,18.0,9.0,15.0,13.0,18.0,17.0,20.0,9.0
7,-0.4999999999999998,-0.8660254037844388,6,-0.7818314824680299,0.6234898018587334,9.0,15.0,13.0,18.0,17.0,20.0,9.0,10.0
7,-0.4999999999999998,-0.8660254037844388,0,0.0,1.0,15.0,13.0,18.0,17.0,20.0,9.0,10.0,15.0
7,-0.4999999999999998,-0.8660254037844388,1,0.7818314824680298,0.6234898018587336,13.0,18.0,17.0,20.0,9.0,10.0,15.0,11.0
7,-0.4999999999999998,-0.8660254037844388,2,0.9749279121818236,-0.2225209339563143,18.0,17.0,20.0,9.0,10.0,15.0,11.0,14.0
7,-0.4999999999999998,-0.8660254037844388,3,0.4338837391175582,-0.900968867902419,17.0,20.0,9.0,10.0,15.0,11.0,14.0,12.0
7,-0.4999999999999998,-0.8660254037844388,4,-0.433883739117558,-0.9009688679024191,20.0,9.0,10.0,15.0,11.0,14.0,12.0,18.0
7,-0.4999999999999998,-0.8660254037844388,5,-0.9749279121818236,-0.2225209339563146,9.0,10.0,15.0,11.0,14.0,12.0,18.0,10.0
7,-0.4999999999999998,-0.8660254037844388,6,-0.7818314824680299,0.6234898018587334,10.0,15.0,11.0,14.0,12.0,18.0,10.0,7.0
7,-0.4999999999999998,-0.8660254037844388,0,0.0,1.0,15.0,11.0,14.0,12.0,18.0,10.0,7.0,6.0
7,-0.4999999999999998,-0.8660254037844388,1,0.7818314824680298,0.6234898018587336,11.0,14.0,12.0,18.0,10.0,7.0,6.0,10.0
7,-0.4999999999999998,-0.8660254037844388,2,0.9749279121818236,-0.2225209339563143,14.0,12.0,18.0,10.0,7.0,6.0,10.0,14.0
7,-0.4999999999999998,-0.8660254037844388,3,0.4338837391175582,-0.900968867902419,12.0,18.0,10.0,7.0,6.0,10.0,14.0,15.0
7,-0.4999999999999998,-0.8660254037844388,4,-0.433883739117558,-0.9009688679024191,18.0,10.0,7.0,6.0,10.0,14.0,15.0,23.0
7,-0.4999999999999998,-0.8660254037844388,5,-0.9749279121818236,-0.2225209339563146,10.0,7.0,6.0,10.0,14.0,15.0,23.0,10.0
7,-0.4999999999999998,-0.8660254037844388,6,-0.7818314824680299,0.6234898018587334,7.0,6.0,10.0,14.0,15.0,23.0,10.0,6.0
7,-0.4999999999999998,-0.8660254037844388,0,0.0,1.0,6.0,10.0,14.0,15.0,23.0,10.0,6.0,23.0
7,-0.4999999999999998,-0.8660254037844388,1,0.7818314824680298,0.6234898018587336,10.0,14.0,15.0,23.0,10.0,6.0,23.0,15.0
7,-0.4999999999999998,-0.8660254037844388,2,0.9749279121818236,-0.2225209339563143,14.0,15.0,23.0,10.0,6.0,23.0,15.0,13.0
7,-0.4999999999999998,-0.8660254037844388,3,0.4338837391175582,-0.900968867902419,15.0,23.0,10.0,6.0,23.0,15.0,13.0,7.0
7,-0.4999999999999998,-0.8660254037844388,4,-0.433883739117558,-0.9009688679024191,23.0,10.0,6.0,23.0,15.0,13.0,7.0,14.0
7,-0.4999999999999998,-0.8660254037844388,5,-0.9749279121818236,-0.2225209339563146,10.0,6.0,23.0,15.0,13.0,7.0,14.0,12.0
7,-0.4999999999999998,-0.8660254037844388,6,-0.7818314824680299,0.6234898018587334,6.0,23.0,15.0,13.0,7.0,14.0,12.0,9.0
7,-0.4999999999999998,-0.8660254037844388,0,0.0,1.0,23.0,15.0,13.0,7.0,14.0,12.0,9.0,12.0
7,-0.4999999999999998,-0.8660254037844388,1,0.7818314824680298,0.6234898018587336,15.0,13.0,7.0,14.0,12.0,9.0,12.0,11.0
7,-0.4999999999999998,-0.8660254037844388,2,0.9749279121818236,-0.2225209339563143,13.0,7.0,14.0,12.0,9.0,12.0,11.0,16.0
7,-0.4999999999999998,-0.8660254037844388,3,0.4338837391175582,-0.900968867902419,7.0,14.0,12.0,9.0,12.0,11.0,16.0,20.0
7,-0.4999999999999998,-0.8660254037844388,4,-0.433883739117558,-0.9009688679024191,14.0,12.0,9.0,12.0,11.0,16.0,20.0,10.0
7,-0.4999999999999998,-0.8660254037844388,5,-0.9749279121818236,-0.2225209339563146,12.0,9.0,12.0,11.0,16.0,20.0,10.0,15.0
8,-0.8660254037844384,-0.5000000000000004,6,-0.7818314824680299,0.6234898018587334,9.0,12.0,11.0,16.0,20.0,10.0,15.0,8.0
8,-0.8660254037844384,-0.5000000000000004,0,0.0,1.0,12.0,11.0,16.0,20.0,10.0,15.0,8.0,21.0
8,-0.8660254037844384,-0.5000000000000004,1,0.7818314824680298,0.6234898018587336,11.0,16.0,20.0,10.0,15.0,8.0,21.0,12.0
8,-0.8660254037844384,-0.5000000000000004,2,0.9749279121818236,-0.2225209339563143,16.0,20.0,10.0,15.0,8.0,21.0,12.0,18.0
8,-0.8660254037844384,-0.5000000000000004,3,0.4338837391175582,-0.900968867902419,20.0,10.0,15.0,8.0,21.0,12.0,18.0,12.0
8,-0.8660254037844384,-0.5000000000000004,4,-0.433883739117558,-0.9009688679024191,10.0,15.0,8.0,21.0,12.0,18.0,12.0,18.0
8,-0.8660254037844384,-0.5000000000000004,5,-0.9749279121818236,-0.2225209339563146,15.0,8.0,21.0,12.0,18.0,12.0,18.0,11.0
8,-0.8660254037844384,-0.5000000000000004,6,-0.7818314824680299,0.6234898018587334,8.0,21.0,12.0,18.0,12.0,18.0,11.0,16.0
8,-0.8660254037844384,-0.5000000000000004,0,0.0,1.0,21.0,12.0,18.0,12.0,18.0,11.0,16.0,17.0
8,-0.8660254037844384,-0.5000000000000004,1,0.7818314824680298,0.6234898018587336,12.0,18.0,12.0,18.0,11.0,16.0,17.0,14.0
8,-0.8660254037844384,-0.5000000000000004,2,0.9749279121818236,-0.2225209339563143,18.0,12.0,18.0,11.0,16.0,17.0,14.0,13.0
8,-0.8660254037844384,-0.5000000000000004,3,0.4338837391175582,-0.900968867902419,12.0,18.0,11.0,16.0,17.0,14.0,13.0,10.0
8,-0.8660254037844384,-0.5000000000000004,4,-0.433883739117558,-0.9009688679024191,18.0,11.0,16.0,17.0,14.0,13.0,10.0,22.0
8,-0.8660254037844384,-0.5000000000000004,5,-0.9749279121818236,-0.2225209339563146,11.0,16.0,17.0,14.0,13.0,10.0,22.0,5.0
8,-0.8660254037844384,-0.5000000000000004,6,-0.7818314824680299,0.6234898018587334,16.0,17.0,14.0,13.0,10.0,22.0,5.0,10.0
8,-0.8660254037844384,-0.5000000000000004,0,0.0,1.0,17.0,14.0,13.0,10.0,22.0,5.0,10.0,16.0
8,-0.8660254037844384,-0.5000000000000004,1,0.7818314824680298,0.6234898018587336,14.0,13.0,10.0,22.0,5.0,10.0,16.0,22.0
8,-0.8660254037844384,-0.5000000000000004,2,0.9749279121818236,-0.2225209339563143,13.0,10.0,22.0,5.0,10.0,16.0,22.0,14.0
8,-0.8660254037844384,-0.5000000000000004,3,0.4338837391175582,-0.900968867902419,10.0,22.0,5.0,10.0,16.0,22.0,14.0,20.0
8,-0.8660254037844384,-0.5000000000000004,4,-0.433883739117558,-0.9009688679024191,22.0,5.0,10.0,16.0,22.0,14.0,20.0,10.0
8,-0.8660254037844384,-0.5000000000000004,5,-0.9749279121818236,-0.2225209339563146,5.0,10.0,16.0,22.0,14.0,20.0,10.0,10.0
8,-0.8660254037844384,-0.5000000000000004,6,-0.7818314824680299,0.6234898018587334,10.0,16.0,22.0,14.0,20.0,10.0,10.0,12.0
8,-0.8660254037844384,-0.5000000000000004,0,0.0,1.0,16.0,22.0,14.0,20.0,10.0,10.0,12.0,15.0
8,-0.8660254037844384,-0.5000000000000004,1,0.7818314824680298,0.6234898018587336,22.0,14.0,20.0,10.0,10.0,12.0,15.0,19.0
8,-0.8660254037844384,-0.5000000000000004,2,0.9749279121818236,-0.2225209339563143,14.0,20.0,10.0,10.0,12.0,15.0,19.0,14.0
8,-0.8660254037844384,-0.5000000000000004,3,0.4338837391175582,-0.900968867902419,20.0,10.0,10.0,12.0,15.0,19.0,14.0,14.0
8,-0.8660254037844384,-0.5000000000000004,4,-0.433883739117558,-0.9009688679024191,10.0,10.0,12.0,15.0,19.0,14.0,14.0,10.0
8,-0.8660254037844384,-0.5000000000000004,5,-0.9749279121818236,-0.2225209339563146,10.0,12.0,15.0,19.0,14.0,14.0,10.0,9.0
8,-0.8660254037844384,-0.5000000000000004,6,-0.7818314824680299,0.6234898018587334,12.0,15.0,19.0,14.0,14.0,10.0,9.0,5.0
8,-0.8660254037844384,-0.5000000000000004,0,0.0,1.0,15.0,19.0,14.0,14.0,10.0,9.0,5.0,19.0
8,-0.8660254037844384,-0.5000000000000004,1,0.7818314824680298,0.6234898018587336,19.0,14.0,14.0,10.0,9.0,5.0,19.0,7.0
9,-1.0,-1.8369701987210294e-16,2,0.9749279121818236,-0.2225209339563143,14.0,14.0,10.0,9.0,5.0,19.0,7.0,14.0
9,-1.0,-1.8369701987210294e-16,3,0.4338837391175582,-0.900968867902419,14.0,10.0,9.0,5.0,19.0,7.0,14.0,17.0
9,-1.0,-1.8369701987210294e-16,4,-0.433883739117558,-0.9009688679024191,10.0,9.0,5.0,19.0,7.0,14.0,17.0,8.0
9,-1.0,-1.8369701987210294e-16,5,-0.9749279121818236,-0.2225209339563146,9.0,5.0,19.0,7.0,14.0,17.0,8.0,5.0
9,-1.0,-1.8369701987210294e-16,6,-0.7818314824680299,0.6234898018587334,5.0,19.0,7.0,14.0,17.0,8.0,5.0,11.0
9,-1.0,-1.8369701987210294e-16,0,0.0,1.0,19.0,7.0,14.0,17.0,8.0,5.0,11.0,13.0
9,-1.0,-1.8369701987210294e-16,1,0.7818314824680298,0.6234898018587336,7.0,14.0,17.0,8.0,5.0,11.0,13.0,11.0
9,-1.0,-1.8369701987210294e-16,2,0.9749279121818236,-0.2225209339563143,14.0,17.0,8.0,5.0,11.0,13.0,11.0,10.0
9,-1.0,-1.8369701987210294e-16,3,0.4338837391175582,-0.900968867902419,17.0,8.0,5.0,11.0,13.0,11.0,10.0,16.0
9,-1.0,-1.8369701987210294e-16,4,-0.433883739117558,-0.9009688679024191,8.0,5.0,11.0,13.0,11.0,10.0,16.0,24.0
9,-1.0,-1.8369701987210294e-16,5,-0.9749279121818236,-0.2225209339563146,5.0,11.0,13.0,11.0,10.0,16.0,24.0,16.0
9,-1.0,-1.8369701987210294e-16,6,-0.7818314824680299,0.6234898018587334,11.0,13.0,11.0,10.0,16.0,24.0,16.0,22.0
9,-1.0,-1.8369701987210294e-16,0,0.0,1.0,13.0,11.0,10.0,16.0,24.0,16.0,22.0,30.0
9,-1.0,-1.8369701987210294e-16,1,0.7818314824680298,0.6234898018587336,11.0,10.0,16.0,24.0,16.0,22.0,30.0,19.0
9,-1.0,-1.8369701987210294e-16,2,0.9749279121818236,-0.2225209339563143,10.0,16.0,24.0,16.0,22.0,30.0,19.0,16.0
9,-1.0,-1.8369701987210294e-16,3,0.4338837391175582,-0.900968867902419,16.0,24.0,16.0,22.0,30.0,19.0,16.0,13.0
9,-1.0,-1.8369701987210294e-16,4,-0.433883739117558,-0.9009688679024191,24.0,16.0,22.0,30.0,19.0,16.0,13.0,20.0
9,-1.0,-1.8369701987210294e-16,5,-0.9749279121818236,-0.2225209339563146,16.0,22.0,30.0,19.0,16.0,13.0,20.0,13.0
9,-1.0,-1.8369701987210294e-16,6,-0.7818314824680299,0.6234898018587334,22.0,30.0,19.0,16.0,13.0,20.0,13.0,14.0
9,-1.0,-1.8369701987210294e-16,0,0.0,1.0,30.0,19.0,16.0,13.0,20.0,13.0,14.0,18.0
9,-1.0,-1.8369701987210294e-16,1,0.7818314824680298,0.6234898018587336,19.0,16.0,13.0,20.0,13.0,14.0,18.0,22.0
9,-1.0,-1.8369701987210294e-16,2,0.9749279121818236,-0.2225209339563143,16.0,13.0,20.0,13.0,14.0,18.0,22.0,24.0
9,-1.0,-1.8369701987210294e-16,3,0.4338837391175582,-0.900968867902419,13.0,20.0,13.0,14.0,18.0,22.0,24.0,21.0
9,-1.0,-1.8369701987210294e-16,4,-0.433883739117558,-0.9009688679024191,20.0,13.0,14.0,18.0,22.0,24.0,21.0,20.0
9,-1.0,-1.8369701987210294e-16,5,-0.9749279121818236,-0.2225209339563146,13.0,14.0,18.0,22.0,24.0,21.0,20.0,15.0
9,-1.0,-1.8369701987210294e-16,6,-0.7818314824680299,0.6234898018587334,14.0,18.0,22.0,24.0,21.0,20.0,15.0,8.0
9,-1.0,-1.8369701987210294e-16,0,0.0,1.0,18.0,22.0,24.0,21.0,20.0,15.0,8.0,22.0
9,-1.0,-1.8369701987210294e-16,1,0.7818314824680298,0.6234898018587336,22.0,24.0,21.0,20.0,15.0,8.0,22.0,21.0
9,-1.0,-1.8369701987210294e-16,2,0.9749279121818236,-0.2225209339563143,24.0,21.0,20.0,15.0,8.0,22.0,21.0,20.0
9,-1.0,-1.8369701987210294e-16,3,0.4338837391175582,-0.900968867902419,21.0,20.0,15.0,8.0,22.0,21.0,20.0,13.0
10,-0.8660254037844386,0.5000000000000001,4,-0.433883739117558,-0.9009688679024191,20.0,15.0,8.0,22.0,21.0,20.0,13.0,21.0
10,-0.8660254037844386,0.5000000000000001,5,-0.9749279121818236,-0.2225209339563146,15.0,8.0,22.0,21.0,20.0,13.0,21.0,12.0
10,-0.8660254037844386,0.5000000000000001,6,-0.7818314824680299,0.6234898018587334,8.0,22.0,21.0,20.0,13.0,21.0,12.0,16.0
10,-0.8660254037844386,0.5000000000000001,0,0.0,1.0,22.0,21.0,20.0,13.0,21.0,12.0,16.0,24.0
10,-0.8660254037844386,0.5000000000000001,1,0.7818314824680298,0.6234898018587336,21.0,20.0,13.0,21.0,12.0,16.0,24.0,37.0
10,-0.8660254037844386,0.5000000000000001,2,0.9749279121818236,-0.2225209339563143,20.0,13.0,21.0,12.0,16.0,24.0,37.0,21.0
10,-0.8660254037844386,0.5000000000000001,3,0.4338837391175582,-0.900968867902419,13.0,21.0,12.0,16.0,24.0,37.0,21.0,22.0
10,-0.8660254037844386,0.5000000000000001,4,-0.433883739117558,-0.9009688679024191,21.0,12.0,16.0,24.0,37.0,21.0,22.0,31.0
10,-0.8660254037844386,0.5000000000000001,5,-0.9749279121818236,-0.2225209339563146,12.0,16.0,24.0,37.0,21.0,22.0,31.0,17.0
10,-0.8660254037844386,0.5000000000000001,6,-0.7818314824680299,0.6234898018587334,16.0,24.0,37.0,21.0,22.0,31.0,17.0,12.0
10,-0.8660254037844386,0.5000000000000001,0,0.0,1.0,24.0,37.0,21.0,22.0,31.0,17.0,12.0,18.0
10,-0.8660254037844386,0.5000000000000001,1,0.7818314824680298,0.6234898018587336,37.0,21.0,22.0,31.0,17.0,12.0,18.0,25.0
10,-0.8660254037844386,0.5000000000000001,2,0.9749279121818236,-0.2225209339563143,21.0,22.0,31.0,17.0,12.0,18.0,25.0,18.0
10,-0.8660254037844386,0.5000000000000001,3,0.4338837391175582,-0.900968867902419,22.0,31.0,17.0,12.0,18.0,25.0,18.0,17.0
10,-0.8660254037844386,0.5000000000000001,4,-0.433883739117558,-0.9009688679024191,31.0,17.0,12.0,18.0,25.0,18.0,17.0,18.0
10,-0.8660254037844386,0.5000000000000001,5,-0.9749279121818236,-0.2225209339563146,17.0,12.0,18.0,25.0,18.0,17.0,18.0,15.0
10,-0.8660254037844386,0.5000000000000001,6,-0.7818314824680299,0.6234898018587334,12.0,18.0,25.0,18.0,17.0,18.0,15.0,10.0
10,-0.8660254037844386,0.5000000000000001,0,0.0,1.0,18.0,25.0,18.0,17.0,18.0,15.0,10.0,13.0
10,-0.8660254037844386,0.5000000000000001,1,0.7818314824680298,0.6234898018587336,25.0,18.0,17.0,18.0,15.0,10.0,13.0,17.0
10,-0.8660254037844386,0.5000000000000001,2,0.9749279121818236,-0.2225209339563143,18.0,17.0,18.0,15.0,10.0,13.0,17.0,20.0
10,-0.8660254037844386,0.5000000000000001,3,0.4338837391175582,-0.900968867902419,17.0,18.0,15.0,10.0,13.0,17.0,20.0,18.0
10,-0.8660254037844386,0.5000000000000001,4,-0.433883739117558,-0.9009688679024191,18.0,15.0,10.0,13.0,17.0,20.0,18.0,17.0
10,-0.8660254037844386,0.5000000000000001,5,-0.9749279121818236,-0.2225209339563146,15.0,10.0,13.0,17.0,20.0,18.0,17.0,23.0
10,-0.8660254037844386,0.5000000000000001,6,-0.7818314824680299,0.6234898018587334,10.0,13.0,17.0,20.0,18.0,17.0,23.0,15.0
10,-0.8660254037844386,0.5000000000000001,0,0.0,1.0,13.0,17.0,20.0,18.0,17.0,23.0,15.0,13.0
10,-0.8660254037844386,0.5000000000000001,1,0.7818314824680298,0.6234898018587336,17.0,20.0,18.0,17.0,23.0,15.0,13.0,21.0
10,-0.8660254037844386,0.5000000000000001,2,0.9749279121818236,-0.2225209339563143,20.0,18.0,17.0,23.0,15.0,13.0,21.0,25.0
10,-0.8660254037844386,0.5000000000000001,3,0.4338837391175582,-0.900968867902419,18.0,17.0,23.0,15.0,13.0,21.0,25.0,20.0
10,-0.8660254037844386,0.5000000000000001,4,-0.433883739117558,-0.9009688679024191,17.0,23.0,15.0,13.0,21.0,25.0,20.0,29.0
10,-0.8660254037844386,0.5000000000000001,5,-0.9749279121818236,-0.2225209339563146,23.0,15.0,13.0,21.0,25.0,20.0,29.0,22.0
10,-0.8660254037844386,0.5000000000000001,6,-0.7818314824680299,0.6234898018587334,15.0,13.0,21.0,25.0,20.0,29.0,22.0,13.0
11,-0.5000000000000004,0.8660254037844384,0,0.0,1.0,13.0,21.0,25.0,20.0,29.0,22.0,13.0,24.0
11,-0.5000000000000004,0.8660254037844384,1,0.7818314824680298,0.6234898018587336,21.0,25.0,20.0,29.0,22.0,13.0,24.0,25.0
11,-0.5000000000000004,0.8660254037844384,2,0.9749279121818236,-0.2225209339563143,25.0,20.0,29.0,22.0,13.0,24.0,25.0,28.0
11,-0.5000000000000004,0.8660254037844384,3,0.4338837391175582,-0.900968867902419,20.0,29.0,22.0,13.0,24.0,25.0,28.0,34.0
11,-0.5000000000000004,0.8660254037844384,4,-0.433883739117558,-0.9009688679024191,29.0,22.0,13.0,24.0,25.0,28.0,34.0,24.0
11,-0.5000000000000004,0.8660254037844384,5,-0.9749279121818236,-0.2225209339563146,22.0,13.0,24.0,25.0,28.0,34.0,24.0,9.0
11,-0.5000000000000004,0.8660254037844384,6,-0.7818314824680299,0.6234898018587334,13.0,24.0,25.0,28.0,34.0,24.0,9.0,10.0
11,-0.5000000000000004,0.8660254037844384,0,0.0,1.0,24.0,25.0,28.0,34.0,24.0,9.0,10.0,17.0
11,-0.5000000000000004,0.8660254037844384,1,0.7818314824680298,0.6234898018587336,25.0,28.0,34.0,24.0,9.0,10.0,17.0,16.0
11,-0.5000000000000004,0.8660254037844384,2,0.9749279121818236,-0.2225209339563143,28.0,34.0,24.0,9.0,10.0,17.0,16.0,28.0
11,-0.5000000000000004,0.8660254037844384,3,0.4338837391175582,-0.900968867902419,34.0,24.0,9.0,10.0,17.0,16.0,28.0,30.0
11,-0.5000000000000004,0.8660254037844384,4,-0.433883739117558,-0.9009688679024191,24.0,9.0,10.0,17.0,16.0,28.0,30.0,25.0
11,-0.5000000000000004,0.8660254037844384,5,-0.9749279121818236,-0.2225209339563146,9.0,10.0,17.0,16.0,28.0,30.0,25.0,21.0
11,-0.5000000000000004,0.8660254037844384,6,-0.7818314824680299,0.6234898018587334,10.0,17.0,16.0,28.0,30.0,25.0,21.0,28.0
11,-0.5000000000000004,0.8660254037844384,0,0.0,1.0,17.0,16.0,28.0,30.0,25.0,21.0,28.0,28.0
11,-0.5000000000000004,0.8660254037844384,1,0.7818314824680298,0.6234898018587336,16.0,28.0,30.0,25.0,21.0,28.0,28.0,26.0
11,-0.5000000000000004,0.8660254037844384,2,0.9749279121818236,-0.2225209339563143,28.0,30.0,25.0,21.0,28.0,28.0,26.0,26.0
11,-0.5000000000000004,0.8660254037844384,3,0.4338837391175582,-0.900968867902419,30.0,25.0,21.0,28.0,28.0,26.0,26.0,25.0
11,-0.5000000000000004,0.8660254037844384,4,-0.433883739117558,-0.9009688679024191,25.0,21.0,28.0,28.0,26.0,26.0,25.0,27.0
11,-0.5000000000000004,0.8660254037844384,5,-0.9749279121818236,-0.2225209339563146,21.0,28.0,28.0,26.0,26.0,25.0,27.0,27.0
11,-0.5000000000000004,0.8660254037844384,6,-0.7818314824680299,0.6234898018587334,28.0,28.0,26.0,26.0,25.0,27.0,27.0,12.0
11,-0.5000000000000004,0.8660254037844384,0,0.0,1.0,28.0,26.0,26.0,25.0,27.0,27.0,12.0,23.0
11,-0.5000000000000004,0.8660254037844384,1,0.7818314824680298,0.6234898018587336,26.0,26.0,25.0,27.0,27.0,12.0,23.0,21.0
11,-0.5000000000000004,0.8660254037844384,2,0.9749279121818236,-0.2225209339563143,26.0,25.0,27.0,27.0,12.0,23.0,21.0,17.0
11,-0.5000000000000004,0.8660254037844384,3,0.4338837391175582,-0.900968867902419,25.0,27.0,27.0,12.0,23.0,21.0,17.0,25.0
11,-0.5000000000000004,0.8660254037844384,4,-0.433883739117558,-0.9009688679024191,27.0,27.0,12.0,23.0,21.0,17.0,25.0,20.0
11,-0.5000000000000004,0.8660254037844384,5,-0.9749279121818236,-0.2225209339563146,27.0,12.0,23.0,21.0,17.0,25.0,20.0,17.0
11,-0.5000000000000004,0.8660254037844384,6,-0.7818314824680299,0.6234898018587334,12.0,23.0,21.0,17.0,25.0,20.0,17.0,16.0
11,-0.5000000000000004,0.8660254037844384,0,0.0,1.0,23.0,21.0,17.0,25.0,20.0,17.0,16.0,22.0
11,-0.5000000000000004,0.8660254037844384,1,0.7818314824680298,0.6234898018587336,21.0,17.0,25.0,20.0,17.0,16.0,22.0,13.0
12,-2.4492935982947064e-16,1.0,2,0.9749279121818236,-0.2225209339563143,17.0,25.0,20.0,17.0,16.0,22.0,13.0,24.0
12,-2.4492935982947064e-16,1.0,3,0.4338837391175582,-0.900968867902419,25.0,20.0,17.0,16.0,22.0,13.0,24.0,21.0
12,-2.4492935982947064e-16,1.0,4,-0.433883739117558,-0.9009688679024191,20.0,17.0,16.0,22.0,13.0,24.0,21.0,23.0
12,-2.4492935982947064e-16,1.0,5,-0.9749279121818236,-0.2225209339563146,17.0,16.0,22.0,13.0,24.0,21.0,23.0,12.0
12,-2.4492935982947064e-16,1.0,6,-0.7818314824680299,0.6234898018587334,16.0,22.0,13.0,24.0,21.0,23.0,12.0,15.0
12,-2.4492935982947064e-16,1.0,0,0.0,1.0,22.0,13.0,24.0,21.0,23.0,12.0,15.0,20.0
12,-2.4492935982947064e-16,1.0,1,0.7818314824680298,0.6234898018587336,13.0,24.0,21.0,23.0,12.0,15.0,20.0,19.0
12,-2.4492935982947064e-16,1.0,2,0.9749279121818236,-0.2225209339563143,24.0,21.0,23.0,12.0,15.0,20.0,19.0,21.0
12,-2.4492935982947064e-16,1.0,3,0.4338837391175582,-0.900968867902419,21.0,23.0,12.0,15.0,20.0,19.0,21.0,22.0
12,-2.4492935982947064e-16,1.0,4,-0.433883739117558,-0.9009688679024191,23.0,12.0,15.0,20.0,19.0,21.0,22.0,25.0
12,-2.4492935982947064e-16,1.0,5,-0.9749279121818236,-0.2225209339563146,12.0,15.0,20.0,19.0,21.0,22.0,25.0,24.0
12,-2.4492935982947064e-16,1.0,6,-0.7818314824680299,0.6234898018587334,15.0,20.0,19.0,21.0,22.0,25.0,24.0,14.0
12,-2.4492935982947064e-16,1.0,0,0.0,1.0,20.0,19.0,21.0,22.0,25.0,24.0,14.0,24.0
12,-2.4492935982947064e-16,1.0,1,0.7818314824680298,0.6234898018587336,19.0,21.0,22.0,25.0,24.0,14.0,24.0,22.0
12,-2.4492935982947064e-16,1.0,2,0.9749279121818236,-0.2225209339563143,21.0,22.0,25.0,24.0,14.0,24.0,22.0,21.0
12,-2.4492935982947064e-16,1.0,3,0.4338837391175582,-0.900968867902419,22.0,25.0,24.0,14.0,24.0,22.0,21.0,23.0
12,-2.4492935982947064e-16,1.0,4,-0.433883739117558,-0.9009688679024191,25.0,24.0,14.0,24.0,22.0,21.0,23.0,23.0
12,-2.4492935982947064e-16,1.0,5,-0.9749279121818236,-0.2225209339563146,24.0,14.0,24.0,22.0,21.0,23.0,23.0,19.0
12,-2.4492935982947064e-16,1.0,6,-0.7818314824680299,0.6234898018587334,14.0,24.0,22.0,21.0,23.0,23.0,19.0,21.0
12,-2.4492935982947064e-16,1.0,0,0.0,1.0,24.0,22.0,21.0,23.0,23.0,19.0,21.0,21.0
12,-2.4492935982947064e-16,1.0,1,0.7818314824680298,0.6234898018587336,22.0,21.0,23.0,23.0,19.0,21.0,21.0,17.0
12,-2.4492935982947064e-16,1.0,2,0.9749279121818236,-0.2225209339563143,21.0,23.0,23.0,19.0,21.0,21.0,17.0,22.0
12,-2.4492935982947064e-16,1.0,3,0.4338837391175582,-0.900968867902419,23.0,23.0,19.0,21.0,21.0,17.0,22.0,26.0
12,-2.4492935982947064e-16,1.0,4,-0.433883739117558,-0.9009688679024191,23.0,19.0,21.0,21.0,17.0,22.0,26.0,25.0
12,-2.4492935982947064e-16,1.0,5,-0.9749279121818236,-0.2225209339563146,19.0,21.0,21.0,17.0,22.0,26.0,25.0,19.0
12,-2.4492935982947064e-16,1.0,6,-0.7818314824680299,0.6234898018587334,21.0,21.0,17.0,22.0,26.0,25.0,19.0,10.0
12,-2.4492935982947064e-16,1.0,0,0.0,1.0,21.0,17.0,22.0,26.0,25.0,19.0,10.0,24.0
12,-2.4492935982947064e-16,1.0,1,0.7818314824680298,0.6234898018587336,17.0,22.0,26.0,25.0,19.0,10.0,24.0,20.0
12,-2.4492935982947064e-16,1.0,2,0.9749279121818236,-0.2225209339563143,22.0,26.0,25.0,19.0,10.0,24.0,20.0,23.0
12,-2.4492935982947064e-16,1.0,3,0.4338837391175582,-0.900968867902419,26.0,25.0,19.0,10.0,24.0,20.0,23.0,21.0
12,-2.4492935982947064e-16,1.0,4,-0.433883739117558,-0.9009688679024191,25.0,19.0,10.0,24.0,20.0,23.0,21.0,12.0
1,0.4999999999999999,0.8660254037844387,5,-0.9749279121818236,-0.2225209339563146,19.0,10.0,24.0,20.0,23.0,21.0,12.0,12.0
1,0.4999999999999999,0.8660254037844387,6,-0.7818314824680299,0.6234898018587334,10.0,24.0,20.0,23.0,21.0,12.0,12.0,12.0
1,0.4999999999999999,0.8660254037844387,0,0.0,1.0,24.0,20.0,23.0,21.0,12.0,12.0,12.0,12.0
1,0.4999999999999999,0.8660254037844387,1,0.7818314824680298,0.6234898018587336,20.0,23.0,21.0,12.0,12.0,12.0,12.0,15.0
1,0.4999999999999999,0.8660254037844387,2,0.9749279121818236,-0.2225209339563143,23.0,21.0,12.0,12.0,12.0,12.0,15.0,10.0
1,0.4999999999999999,0.8660254037844387,3,0.4338837391175582,-0.900968867902419,21.0,12.0,12.0,12.0,12.0,15.0,10.0,14.0
1,0.4999999999999999,0.8660254037844387,4,-0.433883739117558,-0.9009688679024191,12.0,12.0,12.0,12.0,15.0,10.0,14.0,13.0
1,0.4999999999999999,0.8660254037844387,5,-0.9749279121818236,-0.2225209339563146,12.0,12.0,12.0,15.0,10.0,14.0,13.0,13.0
1,0.4999999999999999,0.8660254037844387,6,-0.7818314824680299,0.6234898018587334,12.0,12.0,15.0,10.0,14.0,13.0,13.0,17.0
1,0.4999999999999999,0.8660254037844387,0,0.0,1.0,12.0,15.0,10.0,14.0,13.0,13.0,17.0,19.0
1,0.4999999999999999,0.8660254037844387,1,0.7818314824680298,0.6234898018587336,15.0,10.0,14.0,13.0,13.0,17.0,19.0,22.0
1,0.4999999999999999,0.8660254037844387,2,0.9749279121818236,-0.2225209339563143,10.0,14.0,13.0,13.0,17.0,19.0,22.0,14.0
1,0.4999999999999999,0.8660254037844387,3,0.4338837391175582,-0.900968867902419,14.0,13.0,13.0,17.0,19.0,22.0,14.0,19.0
1,0.4999999999999999,0.8660254037844387,4,-0.433883739117558,-0.9009688679024191,13.0,13.0,17.0,19.0,22.0,14.0,19.0,20.0
1,0.4999999999999999,0.8660254037844387,5,-0.9749279121818236,-0.2225209339563146,13.0,17.0,19.0,22.0,14.0,19.0,20.0,13.0
1,0.4999999999999999,0.8660254037844387,6,-0.7818314824680299,0.6234898018587334,17.0,19.0,22.0,14.0,19.0,20.0,13.0,12.0
1,0.4999999999999999,0.8660254037844387,0,0.0,1.0,19.0,22.0,14.0,19.0,20.0,13.0,12.0,13.0
1,0.4999999999999999,0.8660254037844387,1,0.7818314824680298,0.6234898018587336,22.0,14.0,19.0,20.0,13.0,12.0,13.0,22.0
1,0.4999999999999999,0.8660254037844387,2,0.9749279121818236,-0.2225209339563143,14.0,19.0,20.0,13.0,12.0,13.0,22.0,11.0
1,0.4999999999999999,0.8660254037844387,3,0.4338837391175582,-0.900968867902419,19.0,20.0,13.0,12.0,13.0,22.0,11.0,21.0
1,0.4999999999999999,0.8660254037844387,4,-0.433883739117558,-0.9009688679024191,20.0,13.0,12.0,13.0,22.0,11.0,21.0,27.0
1,0.4999999999999999,0.8660254037844387,5,-0.9749279121818236,-0.2225209339563146,13.0,12.0,13.0,22.0,11.0,21.0,27.0,17.0
1,0.4999999999999999,0.8660254037844387,6,-0.7818314824680299,0.6234898018587334,12.0,13.0,22.0,11.0,21.0,27.0,17.0,8.0
1,0.4999999999999999,0.8660254037844387,0,0.0,1.0,13.0,22.0,11.0,21.0,27.0,17.0,8.0,25.0
1,0.4999999999999999,0.8660254037844387,1,0.7818314824680298,0.6234898018587336,22.0,11.0,21.0,27.0,17.0,8.0,25.0,20.0
1,0.4999999999999999,0.8660254037844387,2,0.9749279121818236,-0.2225209339563143,11.0,21.0,27.0,17.0,8.0,25.0,20.0,17.0
1,0.4999999999999999,0.8660254037844387,3,0.4338837391175582,-0.900968867902419,21.0,27.0,17.0,8.0,25.0,20.0,17.0,21.0
1,0.4999999999999999,0.8660254037844387,4,-0.433883739117558,-0.9009688679024191,27.0,17.0,8.0,25.0,20.0,17.0,21.0,18.0
1,0.4999999999999999,0.8660254037844387,5,-0.9749279121818236,-0.2225209339563146,17.0,8.0,25.0,20.0,17.0,21.0,18.0,15.0
1,0.4999999999999999,0.8660254037844387,6,-0.7818314824680299,0.6234898018587334,8.0,25.0,20.0,17.0,21.0,18.0,15.0,13.0
1,0.4999999999999999,0.8660254037844387,0,0.0,1.0,25.0,20.0,17.0,21.0,18.0,15.0,13.0,23.0
2,0.8660254037844386,0.5000000000000001,1,0.7818314824680298,0.6234898018587336,20.0,17.0,21.0,18.0,15.0,13.0,23.0,15.0
2,0.8660254037844386,0.5000000000000001,2,0.9749279121818236,-0.2225209339563143,17.0,21.0,18.0,15.0,13.0,23.0,15.0,21.0
2,0.8660254037844386,0.5000000000000001,3,0.4338837391175582,-0.900968867902419,21.0,18.0,15.0,13.0,23.0,15.0,21.0,16.0
2,0.8660254037844386,0.5000000000000001,4,-0.433883739117558,-0.9009688679024191,18.0,15.0,13.0,23.0,15.0,21.0,16.0,23.0
2,0.8660254037844386,0.5000000000000001,5,-0.9749279121818236,-0.2225209339563146,15.0,13.0,23.0,15.0,21.0,16.0,23.0,17.0
2,0.8660254037844386,0.5000000000000001,6,-0.7818314824680299,0.6234898018587334,13.0,23.0,15.0,21.0,16.0,23.0,17.0,9.0
2,0.8660254037844386,0.5000000000000001,0,0.0,1.0,23.0,15.0,21.0,16.0,23.0,17.0,9.0,21.0
2,0.8660254037844386,0.5000000000000001,1,0.7818314824680298,0.6234898018587336,15.0,21.0,16.0,23.0,17.0,9.0,21.0,19.0
2,0.8660254037844386,0.5000000000000001,2,0.9749279121818236,-0.2225209339563143,21.0,16.0,23.0,17.0,9.0,21.0,19.0,14.0
2,0.8660254037844386,0.5000000000000001,3,0.4338837391175582,-0.900968867902419,16.0,23.0,17.0,9.0,21.0,19.0,14.0,12.0
2,0.8660254037844386,0.5000000000000001,4,-0.433883739117558,-0.9009688679024191,23.0,17.0,9.0,21.0,19.0,14.0,12.0,17.0
2,0.8660254037844386,0.5000000000000001,5,-0.9749279121818236,-0.2225209339563146,17.0,9.0,21.0,19.0,14.0,12.0,17.0,16.0
2,0.8660254037844386,0.5000000000000001,6,-0.7818314824680299,0.6234898018587334,9.0,21.0,19.0,14.0,12.0,17.0,16.0,13.0
2,0.8660254037844386,0.5000000000000001,0,0.0,1.0,21.0,19.0,14.0,12.0,17.0,16.0,13.0,23.0
2,0.8660254037844386,0.5000000000000001,1,0.7818314824680298,0.6234898018587336,19.0,14.0,12.0,17.0,16.0,13.0,23.0,17.0
2,0.8660254037844386,0.5000000000000001,2,0.9749279121818236,-0.2225209339563143,14.0,12.0,17.0,16.0,13.0,23.0,17.0,18.0
2,0.8660254037844386,0.5000000000000001,3,0.4338837391175582,-0.900968867902419,12.0,17.0,16.0,13.0,23.0,17.0,18.0,19.0
2,0.8660254037844386,0.5000000000000001,4,-0.433883739117558,-0.9009688679024191,17.0,16.0,13.0,23.0,17.0,18.0,19.0,30.0
2,0.8660254037844386,0.5000000000000001,5,-0.9749279121818236,-0.2225209339563146,16.0,13.0,23.0,17.0,18.0,19.0,30.0,17.0
2,0.8660254037844386,0.5000000000000001,6,-0.7818314824680299,0.6234898018587334,13.0,23.0,17.0,18.0,19.0,30.0,17.0,13.0
2,0.8660254037844386,0.5000000000000001,0,0.0,1.0,23.0,17.0,18.0,19.0,30.0,17.0,13.0,21.0
2,0.8660254037844386,0.5000000000000001,1,0.7818314824680298,0.6234898018587336,17.0,18.0,19.0,30.0,17.0,13.0,21.0,21.0
2,0.8660254037844386,0.5000000000000001,2,0.9749279121818236,-0.2225209339563143,18.0,19.0,30.0,17.0,13.0,21.0,21.0,14.0
2,0.8660254037844386,0.5000000000000001,3,0.4338837391175582,-0.900968867902419,19.0,30.0,17.0,13.0,21.0,21.0,14.0,16.0
2,0.8660254037844386,0.5000000000000001,4,-0.433883739117558,-0.9009688679024191,30.0,17.0,13.0,21.0,21.0,14.0,16.0,22.0
2,0.8660254037844386,0.5000000000000001,5,-0.9749279121818236,-0.2225209339563146,17.0,13.0,21.0,21.0,14.0,16.0,22.0,15.0
2,0.8660254037844386,0.5000000000000001,6,-0.7818314824680299,0.6234898018587334,13.0,21.0,21.0,14.0,16.0,22.0,15.0,12.0
2,0.8660254037844386,0.5000000000000001,0,0.0,1.0,21.0,21.0,14.0,16.0,22.0,15.0,12.0,18.0
3,1.0,6.123233995736766e-17,1,0.7818314824680298,0.6234898018587336,21.0,14.0,16.0,22.0,15.0,12.0,18.0,16.0
3,1.0,6.123233995736766e-17,2,0.9749279121818236,-0.2225209339563143,14.0,16.0,22.0,15.0,12.0,18.0,16.0,10.0
3,1.0,6.123233995736766e-17,3,0.4338837391175582,-0.900968867902419,16.0,22.0,15.0,12.0,18.0,16.0,10.0,30.0
3,1.0,6.123233995736766e-17,4,-0.433883739117558,-0.9009688679024191,22.0,15.0,12.0,18.0,16.0,10.0,30.0,25.0
3,1.0,6.123233995736766e-17,5,-0.9749279121818236,-0.2225209339563146,15.0,12.0,18.0,16.0,10.0,30.0,25.0,29.0
3,1.0,6.123233995736766e-17,6,-0.7818314824680299,0.6234898018587334,12.0,18.0,16.0,10.0,30.0,25.0,29.0,27.0
3,1.0,6.123233995736766e-17,0,0.0,1.0,18.0,16.0,10.0,30.0,25.0,29.0,27.0,21.0
3,1.0,6.123233995736766e-17,1,0.7818314824680298,0.6234898018587336,16.0,10.0,30.0,25.0,29.0,27.0,21.0,9.0
3,1.0,6.123233995736766e-17,2,0.9749279121818236,-0.2225209339563143,10.0,30.0,25.0,29.0,27.0,21.0,9.0,17.0
3,1.0,6.123233995736766e-17,3,0.4338837391175582,-0.900968867902419,30.0,25.0,29.0,27.0,21.0,9.0,17.0,23.0
3,1.0,6.123233995736766e-17,4,-0.433883739117558,-0.9009688679024191,25.0,29.0,27.0,21.0,9.0,17.0,23.0,21.0
3,1.0,6.123233995736766e-17,5,-0.9749279121818236,-0.2225209339563146,29.0,27.0,21.0,9.0,17.0,23.0,21.0,17.0
3,1.0,6.123233995736766e-17,6,-0.7818314824680299,0.6234898018587334,27.0,21.0,9.0,17.0,23.0,21.0,17.0,13.0
3,1.0,6.123233995736766e-17,0,0.0,1.0,21.0,9.0,17.0,23.0,21.0,17.0,13.0,14.0
3,1.0,6.123233995736766e-17,1,0.7818314824680298,0.6234898018587336,9.0,17.0,23.0,21.0,17.0,13.0,14.0,23.0
3,1.0,6.123233995736766e-17,2,0.9749279121818236,-0.2225209339563143,17.0,23.0,21.0,17.0,13.0,14.0,23.0,29.0
3,1.0,6.123233995736766e-17,3,0.4338837391175582,-0.900968867902419,23.0,21.0,17.0,13.0,14.0,23.0,29.0,17.0
3,1.0,6.123233995736766e-17,4,-0.433883739117558,-0.9009688679024191,21.0,17.0,13.0,14.0,23.0,29.0,17.0,23.0
3,1.0,6.123233995736766e-17,5,-0.9749279121818236,-0.2225209339563146,17.0,13.0,14.0,23.0,29.0,17.0,23.0,11.0
3,1.0,6.123233995736766e-17,6,-0.7818314824680299,0.6234898018587334,13.0,14.0,23.0,29.0,17.0,23.0,11.0,12.0
3,1.0,6.123233995736766e-17,0,0.0,1.0,14.0,23.0,29.0,17.0,23.0,11.0,12.0,16.0
3,1.0,6.123233995736766e-17,1,0.7818314824680298,0.6234898018587336,23.0,29.0,17.0,23.0,11.0,12.0,16.0,21.0
3,1.0,6.123233995736766e-17,2,0.9749279121818236,-0.2225209339563143,29.0,17.0,23.0,11.0,12.0,16.0,21.0,22.0
3,1.0,6.123233995736766e-17,3,0.4338837391175582,-0.900968867902419,17.0,23.0,11.0,12.0,16.0,21.0,22.0,22.0
3,1.0,6.123233995736766e-17,4,-0.433883739117558,-0.9009688679024191,23.0,11.0,12.0,16.0,21.0,22.0,22.0,17.0
3,1.0,6.123233995736766e-17,5,-0.9749279121818236,-0.2225209339563146,11.0,12.0,16.0,21.0,22.0,22.0,17.0,15.0
3,1.0,6.123233995736766e-17,6,-0.7818314824680299,0.6234898018587334,12.0,16.0,21.0,22.0,22.0,17.0,15.0,12.0
3,1.0,6.123233995736766e-17,0,0.0,1.0,16.0,21.0,22.0,22.0,17.0,15.0,12.0,21.0
3,1.0,6.123233995736766e-17,1,0.7818314824680298,0.6234898018587336,21.0,22.0,22.0,17.0,15.0,12.0,21.0,21.0
3,1.0,6.123233995736766e-17,2,0.9749279121818236,-0.2225209339563143,22.0,22.0,17.0,15.0,12.0,21.0,21.0,17.0
3,1.0,6.123233995736766e-17,3,0.4338837391175582,-0.900968867902419,22.0,17.0,15.0,12.0,21.0,21.0,17.0,16.0
4,0.8660254037844387,-0.4999999999999998,4,-0.433883739117558,-0.9009688679024191,17.0,15.0,12.0,21.0,21.0,17.0,16.0,29.0
4,0.8660254037844387,-0.4999999999999998,5,-0.9749279121818236,-0.2225209339563146,15.0,12.0,21.0,21.0,17.0,16.0,29.0,13.0
4,0.8660254037844387,-0.4999999999999998,6,-0.7818314824680299,0.6234898018587334,12.0,21.0,21.0,17.0,16.0,29.0,13.0,10.0
4,0.8660254037844387,-0.4999999999999998,0,0.0,1.0,21.0,21.0,17.0,16.0,29.0,13.0,10.0,14.0
4,0.8660254037844387,-0.4999999999999998,1,0.7818314824680298,0.6234898018587336,21.0,17.0,16.0,29.0,13.0,10.0,14.0,13.0
4,0.8660254037844387,-0.4999999999999998,2,0.9749279121818236,-0.2225209339563143,17.0,16.0,29.0,13.0,10.0,14.0,13.0,22.0
4,0.8660254037844387,-0.4999999999999998,3,0.4338837391175582,-0.900968867902419,16.0,29.0,13.0,10.0,14.0,13.0,22.0,21.0
4,0.8660254037844387,-0.4999999999999998,4,-0.433883739117558,-0.9009688679024191,29.0,13.0,10.0,14.0,13.0,22.0,21.0,27.0
4,0.8660254037844387,-0.4999999999999998,5,-0.9749279121818236,-0.2225209339563146,13.0,10.0,14.0,13.0,22.0,21.0,27.0,20.0
4,0.8660254037844387,-0.4999999999999998,6,-0.7818314824680299,0.6234898018587334,10.0,14.0,13.0,22.0,21.0,27.0,20.0,8.0
4,0.8660254037844387,-0.4999999999999998,0,0.0,1.0,14.0,13.0,22.0,21.0,27.0,20.0,8.0,24.0
4,0.8660254037844387,-0.4999999999999998,1,0.7818314824680298,0.6234898018587336,13.0,22.0,21.0,27.0,20.0,8.0,24.0,22.0
4,0.8660254037844387,-0.4999999999999998,2,0.9749279121818236,-0.2225209339563143,22.0,21.0,27.0,20.0,8.0,24.0,22.0,24.0
4,0.8660254037844387,-0.4999999999999998,3,0.4338837391175582,-0.900968867902419,21.0,27.0,20.0,8.0,24.0,22.0,24.0,25.0
4,0.8660254037844387,-0.4999999999999998,4,-0.433883739117558,-0.9009688679024191,27.0,20.0,8.0,24.0,22.0,24.0,25.0,24.0
4,0.8660254037844387,-0.4999999999999998,5,-0.9749279121818236,-0.2225209339563146,20.0,8.0,24.0,22.0,24.0,25.0,24.0,22.0
4,0.8660254037844387,-0.4999999999999998,6,-0.7818314824680299,0.6234898018587334,8.0,24.0,22.0,24.0,25.0,24.0,22.0,10.0
4,0.8660254037844387,-0.4999999999999998,0,0.0,1.0,24.0,22.0,24.0,25.0,24.0,22.0,10.0,11.0
4,0.8660254037844387,-0.4999999999999998,1,0.7818314824680298,0.6234898018587336,22.0,24.0,25.0,24.0,22.0,10.0,11.0,21.0
4,0.8660254037844387,-0.4999999999999998,2,0.9749279121818236,-0.2225209339563143,24.0,25.0,24.0,22.0,10.0,11.0,21.0,23.0
4,0.8660254037844387,-0.4999999999999998,3,0.4338837391175582,-0.900968867902419,25.0,24.0,22.0,10.0,11.0,21.0,23.0,23.0
4,0.8660254037844387,-0.4999999999999998,4,-0.433883739117558,-0.9009688679024191,24.0,22.0,10.0,11.0,21.0,23.0,23.0,28.0
4,0.8660254037844387,-0.4999999999999998,5,-0.9749279121818236,-0.2225209339563146,22.0,10.0,11.0,21.0,23.0,23.0,28.0,23.0
4,0.8660254037844387,-0.4999999999999998,6,-0.7818314824680299,0.6234898018587334,10.0,11.0,21.0,23.0,23.0,28.0,23.0,11.0
4,0.8660254037844387,-0.4999999999999998,0,0.0,1.0,11.0,21.0,23.0,23.0,28.0,23.0,11.0,22.0
4,0.8660254037844387,-0.4999999999999998,1,0.7818314824680298,0.6234898018587336,21.0,23.0,23.0,28.0,23.0,11.0,22.0,23.0
4,0.8660254037844387,-0.4999999999999998,2,0.9749279121818236,-0.2225209339563143,23.0,23.0,28.0,23.0,11.0,22.0,23.0,18.0
4,0.8660254037844387,-0.4999999999999998,3,0.4338837391175582,-0.900968867902419,23.0,28.0,23.0,11.0,22.0,23.0,18.0,22.0
4,0.8660254037844387,-0.4999999999999998,4,-0.433883739117558,-0.9009688679024191,28.0,23.0,11.0,22.0,23.0,18.0,22.0,27.0
4,0.8660254037844387,-0.4999999999999998,5,-0.9749279121818236,-0.2225209339563146,23.0,11.0,22.0,23.0,18.0,22.0,27.0,23.0
5,0.4999999999999999,-0.8660254037844387,6,-0.7818314824680299,0.6234898018587334,11.0,22.0,23.0,18.0,22.0,27.0,23.0,9.0
5,0.4999999999999999,-0.8660254037844387,0,0.0,1.0,22.0,23.0,18.0,22.0,27.0,23.0,9.0,5.0
5,0.4999999999999999,-0.8660254037844387,1,0.7818314824680298,0.6234898018587336,23.0,18.0,22.0,27.0,23.0,9.0,5.0,16.0
5,0.4999999999999999,-0.8660254037844387,2,0.9749279121818236,-0.2225209339563143,18.0,22.0,27.0,23.0,9.0,5.0,16.0,16.0
5,0.4999999999999999,-0.8660254037844387,3,0.4338837391175582,-0.900968867902419,22.0,27.0,23.0,9.0,5.0,16.0,16.0,10.0
5,0.4999999999999999,-0.8660254037844387,4,-0.433883739117558,-0.9009688679024191,27.0,23.0,9.0,5.0,16.0,16.0,10.0,22.0
5,0.4999999999999999,-0.8660254037844387,5,-0.9749279121818236,-0.2225209339563146,23.0,9.0,5.0,16.0,16.0,10.0,22.0,15.0
5,0.4999999999999999,-0.8660254037844387,6,-0.7818314824680299,0.6234898018587334,9.0,5.0,16.0,16.0,10.0,22.0,15.0,7.0
5,0.4999999999999999,-0.8660254037844387,0,0.0,1.0,5.0,16.0,16.0,10.0,22.0,15.0,7.0,6.0
5,0.4999999999999999,-0.8660254037844387,1,0.7818314824680298,0.6234898018587336,16.0,16.0,10.0,22.0,15.0,7.0,6.0,5.0
5,0.4999999999999999,-0.8660254037844387,2,0.9749279121818236,-0.2225209339563143,16.0,10.0,22.0,15.0,7.0,6.0,5.0,12.0
5,0.4999999999999999,-0.8660254037844387,3,0.4338837391175582,-0.900968867902419,10.0,22.0,15.0,7.0,6.0,5.0,12.0,16.0
5,0.4999999999999999,-0.8660254037844387,4,-0.433883739117558,-0.9009688679024191,22.0,15.0,7.0,6.0,5.0,12.0,16.0,20.0
5,0.4999999999999999,-0.8660254037844387,5,-0.9749279121818236,-0.2225209339563146,15.0,7.0,6.0,5.0,12.0,16.0,20.0,9.0
5,0.4999999999999999,-0.8660254037844387,6,-0.7818314824680299,0.6234898018587334,7.0,6.0,5.0,12.0,16.0,20.0,9.0,10.0
5,0.4999999999999999,-0.8660254037844387,0,0.0,1.0,6.0,5.0,12.0,16.0,20.0,9.0,10.0,15.0
5,0.4999999999999999,-0.8660254037844387,1,0.7818314824680298,0.6234898018587336,5.0,12.0,16.0,20.0,9.0,10.0,15.0,11.0
5,0.4999999999999999,-0.8660254037844387,2,0.9749279121818236,-0.2225209339563143,12.0,16.0,20.0,9.0,10.0,15.0,11.0,10.0
5,0.4999999999999999,-0.8660254037844387,3,0.4338837391175582,-0.900968867902419,16.0,20.0,9.0,10.0,15.0,11.0,10.0,16.0
5,0.4999999999999999,-0.8660254037844387,4,-0.433883739117558,-0.9009688679024191,20.0,9.0,10.0,15.0,11.0,10.0,16.0,17.0
5,0.4999999999999999,-0.8660254037844387,5,-0.9749279121818236,-0.2225209339563146,9.0,10.0,15.0,11.0,10.0,16.0,17.0,19.0
5,0.4999999999999999,-0.8660254037844387,6,-0.7818314824680299,0.6234898018587334,10.0,15.0,11.0,10.0,16.0,17.0,19.0,13.0
5,0.4999999999999999,-0.8660254037844387,0,0.0,1.0,15.0,11.0,10.0,16.0,17.0,19.0,13.0,15.0
5,0.4999999999999999,-0.8660254037844387,1,0.7818314824680298,0.6234898018587336,11.0,10.0,16.0,17.0,19.0,13.0,15.0,17.0
5,0.4999999999999999,-0.8660254037844387,2,0.9749279121818236,-0.2225209339563143,10.0,16.0,17.0,19.0,13.0,15.0,17.0,30.0
5,0.4999999999999999,-0.8660254037844387,3,0.4338837391175582,-0.900968867902419,16.0,17.0,19.0,13.0,15.0,17.0,30.0,17.0
5,0.4999999999999999,-0.8660254037844387,4,-0.433883739117558,-0.9009688679024191,17.0,19.0,13.0,15.0,17.0,30.0,17.0,22.0
5,0.4999999999999999,-0.8660254037844387,5,-0.9749279121818236,-0.2225209339563146,19.0,13.0,15.0,17.0,30.0,17.0,22.0,7.0
5,0.4999999999999999,-0.8660254037844387,6,-0.7818314824680299,0.6234898018587334,13.0,15.0,17.0,30.0,17.0,22.0,7.0,14.0
5,0.4999999999999999,-0.8660254037844387,0,0.0,1.0,15.0,17.0,30.0,17.0,22.0,7.0,14.0,16.0
5,0.4999999999999999,-0.8660254037844387,1,0.7818314824680298,0.6234898018587336,17.0,30.0,17.0,22.0,7.0,14.0,16.0,19.0
6,1.2246467991473532e-16,-1.0,2,0.9749279121818236,-0.2225209339563143,30.0,17.0,22.0,7.0,14.0,16.0,19.0,20.0
6,1.2246467991473532e-16,-1.0,3,0.4338837391175582,-0.900968867902419,17.0,22.0,7.0,14.0,16.0,19.0,20.0,14.0
6,1.2246467991473532e-16,-1.0,4,-0.433883739117558,-0.9009688679024191,22.0,7.0,14.0,16.0,19.0,20.0,14.0,21.0
6,1.2246467991473532e-16,-1.0,5,-0.9749279121818236,-0.2225209339563146,7.0,14.0,16.0,19.0,20.0,14.0,21.0,11.0
6,1.2246467991473532e-16,-1.0,6,-0.7818314824680299,0.6234898018587334,14.0,16.0,19.0,20.0,14.0,21.0,11.0,8.0
6,1.2246467991473532e-16,-1.0,0,0.0,1.0,16.0,19.0,20.0,14.0,21.0,11.0,8.0,11.0
6,1.2246467991473532e-16,-1.0,1,0.7818314824680298,0.6234898018587336,19.0,20.0,14.0,21.0,11.0,8.0,11.0,13.0
6,1.2246467991473532e-16,-1.0,2,0.9749279121818236,-0.2225209339563143,20.0,14.0,21.0,11.0,8.0,11.0,13.0,11.0
6,1.2246467991473532e-16,-1.0,3,0.4338837391175582,-0.900968867902419,14.0,21.0,11.0,8.0,11.0,13.0,11.0,17.0
6,1.2246467991473532e-16,-1.0,4,-0.433883739117558,-0.9009688679024191,21.0,11.0,8.0,11.0,13.0,11.0,17.0,21.0
6,1.2246467991473532e-16,-1.0,5,-0.9749279121818236,-0.2225209339563146,11.0,8.0,11.0,13.0,11.0,17.0,21.0,17.0
6,1.2246467991473532e-16,-1.0,6,-0.7818314824680299,0.6234898018587334,8.0,11.0,13.0,11.0,17.0,21.0,17.0,10.0
6,1.2246467991473532e-16,-1.0,0,0.0,1.0,11.0,13.0,11.0,17.0,21.0,17.0,10.0,12.0
6,1.2246467991473532e-16,-1.0,1,0.7818314824680298,0.6234898018587336,13.0,11.0,17.0,21.0,17.0,10.0,12.0,19.0
6,1.2246467991473532e-16,-1.0,2,0.9749279121818236,-0.2225209339563143,11.0,17.0,21.0,17.0,10.0,12.0,19.0,18.0
6,1.2246467991473532e-16,-1.0,3,0.4338837391175582,-0.900968867902419,17.0,21.0,17.0,10.0,12.0,19.0,18.0,12.0
6,1.2246467991473532e-16,-1.0,4,-0.433883739117558,-0.9009688679024191,21.0,17.0,10.0,12.0,19.0,18.0,12.0,10.0
6,1.2246467991473532e-16,-1.0,5,-0.9749279121818236,-0.2225209339563146,17.0,10.0,12.0,19.0,18.0,12.0,10.0,10.0
6,1.2246467991473532e-16,-1.0,6,-0.7818314824680299,0.6234898018587334,10.0,12.0,19.0,18.0,12.0,10.0,10.0,18.0
6,1.2246467991473532e-16,-1.0,0,0.0,1.0,12.0,19.0,18.0,12.0,10.0,10.0,18.0,15.0
6,1.2246467991473532e-16,-1.0,1,0.7818314824680298,0.6234898018587336,19.0,18.0,12.0,10.0,10.0,18.0,15.0,15.0
6,1.2246467991473532e-16,-1.0,2,0.9749279121818236,-0.2225209339563143,18.0,12.0,10.0,10.0,18.0,15.0,15.0,12.0
6,1.2246467991473532e-16,-1.0,3,0.4338837391175582,-0.900968867902419,12.0,10.0,10.0,18.0,15.0,15.0,12.0,15.0
6,1.2246467991473532e-16,-1.0,4,-0.433883739117558,-0.9009688679024191,10.0,10.0,18.0,15.0,15.0,12.0,15.0,19.0
6,1.2246467991473532e-16,-1.0,5,-0.9749279121818236,-0.2225209339563146,10.0,18.0,15.0,15.0,12.0,15.0,19.0,14.0
6,1.2246467991473532e-16,-1.0,6,-0.7818314824680299,0.6234898018587334,18.0,15.0,15.0,12.0,15.0,19.0,14.0,10.0
6,1.2246467991473532e-16,-1.0,0,0.0,1.0,15.0,15.0,12.0,15.0,19.0,14.0,10.0,12.0
6,1.2246467991473532e-16,-1.0,1,0.7818314824680298,0.6234898018587336,15.0,12.0,15.0,19.0,14.0,10.0,12.0,9.0
6,1.2246467991473532e-16,-1.0,2,0.9749279121818236,-0.2225209339563143,12.0,15.0,19.0,14.0,10.0,12.0,9.0,17.0
6,1.2246467991473532e-16,-1.0,3,0.4338837391175582,-0.900968867902419,15.0,19.0,14.0,10.0,12.0,9.0,17.0,14.0
7,-0.4999999999999998,-0.8660254037844388,4,-0.433883739117558,-0.9009688679024191,19.0,14.0,10.0,12.0,9.0,17.0,14.0,18.0
7,-0.4999999999999998,-0.8660254037844388,5,-0.9749279121818236,-0.2225209339563146,14.0,10.0,12.0,9.0,17.0,14.0,18.0,11.0
7,-0.4999999999999998,-0.8660254037844388,6,-0.7818314824680299,0.6234898018587334,10.0,12.0,9.0,17.0,14.0,18.0,11.0,6.0
7,-0.4999999999999998,-0.8660254037844388,0,0.0,1.0,12.0,9.0,17.0,14.0,18.0,11.0,6.0,16.0
7,-0.4999999999999998,-0.8660254037844388,1,0.7818314824680298,0.6234898018587336,9.0,17.0,14.0,18.0,11.0,6.0,16.0,14.0
7,-0.4999999999999998,-0.8660254037844388,2,0.9749279121818236,-0.2225209339563143,17.0,14.0,18.0,11.0,6.0,16.0,14.0,14.0
7,-0.4999999999999998,-0.8660254037844388,3,0.4338837391175582,-0.900968867902419,14.0,18.0,11.0,6.0,16.0,14.0,14.0,14.0
7,-0.4999999999999998,-0.8660254037844388,4,-0.433883739117558,-0.9009688679024191,18.0,11.0,6.0,16.0,14.0,14.0,14.0,17.0
7,-0.4999999999999998,-0.8660254037844388,5,-0.9749279121818236,-0.2225209339563146,11.0,6.0,16.0,14.0,14.0,14.0,17.0,15.0
7,-0.4999999999999998,-0.8660254037844388,6,-0.7818314824680299,0.6234898018587334,6.0,16.0,14.0,14.0,14.0,17.0,15.0,12.0
7,-0.4999999999999998,-0.8660254037844388,0,0.0,1.0,16.0,14.0,14.0,14.0,17.0,15.0,12.0,10.0
7,-0.4999999999999998,-0.8660254037844388,1,0.7818314824680298,0.6234898018587336,14.0,14.0,14.0,17.0,15.0,12.0,10.0,11.0
7,-0.4999999999999998,-0.8660254037844388,2,0.9749279121818236,-0.2225209339563143,14.0,14.0,17.0,15.0,12.0,10.0,11.0,14.0
7,-0.4999999999999998,-0.8660254037844388,3,0.4338837391175582,-0.900968867902419,14.0,17.0,15.0,12.0,10.0,11.0,14.0,6.0
7,-0.4999999999999998,-0.8660254037844388,4,-0.433883739117558,-0.9009688679024191,17.0,15.0,12.0,10.0,11.0,14.0,6.0,16.0
7,-0.4999999999999998,-0.8660254037844388,5,-0.9749279121818236,-0.2225209339563146,15.0,12.0,10.0,11.0,14.0,6.0,16.0,14.0
7,-0.4999999999999998,-0.8660254037844388,6,-0.7818314824680299,0.6234898018587334,12.0,10.0,11.0,14.0,6.0,16.0,14.0,7.0
7,-0.4999999999999998,-0.8660254037844388,0,0.0,1.0,10.0,11.0,14.0,6.0,16.0,14.0,7.0,13.0
7,-0.4999999999999998,-0.8660254037844388,1,0.7818314824680298,0.6234898018587336,11.0,14.0,6.0,16.0,14.0,7.0,13.0,15.0
7,-0.4999999999999998,-0.8660254037844388,2,0.9749279121818236,-0.2225209339563143,14.0,6.0,16.0,14.0,7.0,13.0,15.0,11.0
7,-0.4999999999999998,-0.8660254037844388,3,0.4338837391175582,-0.900968867902419,6.0,16.0,14.0,7.0,13.0,15.0,11.0,14.0
7,-0.4999999999999998,-0.8660254037844388,4,-0.433883739117558,-0.9009688679024191,16.0,14.0,7.0,13.0,15.0,11.0,14.0,19.0
7,-0.4999999999999998,-0.8660254037844388,5,-0.9749279121818236,-0.2225209339563146,14.0,7.0,13.0,15.0,11.0,14.0,19.0,14.0
7,-0.4999999999999998,-0.8660254037844388,6,-0.7818314824680299,0.6234898018587334,7.0,13.0,15.0,11.0,14.0,19.0,14.0,6.0
7,-0.4999999999999998,-0.8660254037844388,0,0.0,1.0,13.0,15.0,11.0,14.0,19.0,14.0,6.0,17.0
7,-0.4999999999999998,-0.8660254037844388,1,0.7818314824680298,0.6234898018587336,15.0,11.0,14.0,19.0,14.0,6.0,17.0,11.0
7,-0.4999999999999998,-0.8660254037844388,2,0.9749279121818236,-0.2225209339563143,11.0,14.0,19.0,14.0,6.0,17.0,11.0,14.0
7,-0.4999999999999998,-0.8660254037844388,3,0.4338837391175582,-0.900968867902419,14.0,19.0,14.0,6.0,17.0,11.0,14.0,17.0
7,-0.4999999999999998,-0.8660254037844388,4,-0.433883739117558,-0.9009688679024191,19.0,14.0,6.0,17.0,11.0,14.0,17.0,12.0
7,-0.4999999999999998,-0.8660254037844388,5,-0.9749279121818236,-0.2225209339563146,14.0,6.0,17.0,11.0,14.0,17.0,12.0,14.0
7,-0.4999999999999998,-0.8660254037844388,6,-0.7818314824680299,0.6234898018587334,6.0,17.0,11.0,14.0,17.0,12.0,14.0,13.0
8,-0.8660254037844384,-0.5000000000000004,0,0.0,1.0,17.0,11.0,14.0,17.0,12.0,14.0,13.0,8.0
8,-0.8660254037844384,-0.5000000000000004,1,0.7818314824680298,0.6234898018587336,11.0,14.0,17.0,12.0,14.0,13.0,8.0,11.0
8,-0.8660254037844384,-0.5000000000000004,2,0.9749279121818236,-0.2225209339563143,14.0,17.0,12.0,14.0,13.0,8.0,11.0,15.0
8,-0.8660254037844384,-0.5000000000000004,3,0.4338837391175582,-0.900968867902419,17.0,12.0,14.0,13.0,8.0,11.0,15.0,16.0
8,-0.8660254037844384,-0.5000000000000004,4,-0.433883739117558,-0.9009688679024191,12.0,14.0,13.0,8.0,11.0,15.0,16.0,18.0
8,-0.8660254037844384,-0.5000000000000004,5,-0.9749279121818236,-0.2225209339563146,14.0,13.0,8.0,11.0,15.0,16.0,18.0,9.0
8,-0.8660254037844384,-0.5000000000000004,6,-0.7818314824680299,0.6234898018587334,13.0,8.0,11.0,15.0,16.0,18.0,9.0,12.0
8,-0.8660254037844384,-0.5000000000000004,0,0.0,1.0,8.0,11.0,15.0,16.0,18.0,9.0,12.0,23.0
8,-0.8660254037844384,-0.5000000000000004,1,0.7818314824680298,0.6234898018587336,11.0,15.0,16.0,18.0,9.0,12.0,23.0,15.0
8,-0.8660254037844384,-0.5000000000000004,2,0.9749279121818236,-0.2225209339563143,15.0,16.0,18.0,9.0,12.0,23.0,15.0,13.0
8,-0.8660254037844384,-0.5000000000000004,3,0.4338837391175582,-0.900968867902419,16.0,18.0,9.0,12.0,23.0,15.0,13.0,8.0
8,-0.8660254037844384,-0.5000000000000004,4,-0.433883739117558,-0.9009688679024191,18.0,9.0,12.0,23.0,15.0,13.0,8.0,18.0
8,-0.8660254037844384,-0.5000000000000004,5,-0.9749279121818236,-0.2225209339563146,9.0,12.0,23.0,15.0,13.0,8.0,18.0,15.0
8,-0.8660254037844384,-0.5000000000000004,6,-0.7818314824680299,0.6234898018587334,12.0,23.0,15.0,13.0,8.0,18.0,15.0,4.0
8,-0.8660254037844384,-0.5000000000000004,0,0.0,1.0,23.0,15.0,13.0,8.0,18.0,15.0,4.0,13.0
8,-0.8660254037844384,-0.5000000000000004,1,0.7818314824680298,0.6234898018587336,15.0,13.0,8.0,18.0,15.0,4.0,13.0,13.0
8,-0.8660254037844384,-0.5000000000000004,2,0.9749279121818236,-0.2225209339563143,13.0,8.0,18.0,15.0,4.0,13.0,13.0,12.0
8,-0.8660254037844384,-0.5000000000000004,3,0.4338837391175582,-0.900968867902419,8.0,18.0,15.0,4.0,13.0,13.0,12.0,12.0
8,-0.8660254037844384,-0.5000000000000004,4,-0.433883739117558,-0.9009688679024191,18.0,15.0,4.0,13.0,13.0,12.0,12.0,14.0
8,-0.8660254037844384,-0.5000000000000004,5,-0.9749279121818236,-0.2225209339563146,15.0,4.0,13.0,13.0,12.0,12.0,14.0,9.0
8,-0.8660254037844384,-0.5000000000000004,6,-0.7818314824680299,0.6234898018587334,4.0,13.0,13.0,12.0,12.0,14.0,9.0,10.0
8,-0.8660254037844384,-0.5000000000000004,0,0.0,1.0,13.0,13.0,12.0,12.0,14.0,9.0,10.0,11.0
8,-0.8660254037844384,-0.5000000000000004,1,0.7818314824680298,0.6234898018587336,13.0,12.0,12.0,14.0,9.0,10.0,11.0,17.0
8,-0.8660254037844384,-0.5000000000000004,2,0.9749279121818236,-0.2225209339563143,12.0,12.0,14.0,9.0,10.0,11.0,17.0,20.0
8,-0.8660254037844384,-0.5000000000000004,3,0.4338837391175582,-0.900968867902419,12.0,14.0,9.0,10.0,11.0,17.0,20.0,13.0
8,-0.8660254037844384,-0.5000000000000004,4,-0.433883739117558,-0.9009688679024191,14.0,9.0,10.0,11.0,17.0,20.0,13.0,18.0
8,-0.8660254037844384,-0.5000000000000004,5,-0.9749279121818236,-0.2225209339563146,9.0,10.0,11.0,17.0,20.0,13.0,18.0,13.0
8,-0.8660254037844384,-0.5000000000000004,6,-0.7818314824680299,0.6234898018587334,10.0,11.0,17.0,20.0,13.0,18.0,13.0,9.0
8,-0.8660254037844384,-0.5000000000000004,0,0.0,1.0,11.0,17.0,20.0,13.0,18.0,13.0,9.0,11.0
8,-0.8660254037844384,-0.5000000000000004,1,0.7818314824680298,0.6234898018587336,17.0,20.0,13.0,18.0,13.0,9.0,11.0,17.0
8,-0.8660254037844384,-0.5000000000000004,2,0.9749279121818236,-0.2225209339563143,20.0,13.0,18.0,13.0,9.0,11.0,17.0,14.0
9,-1.0,-1.8369701987210294e-16,3,0.4338837391175582,-0.900968867902419,13.0,18.0,13.0,9.0,11.0,17.0,14.0,12.0
9,-1.0,-1.8369701987210294e-16,4,-0.433883739117558,-0.9009688679024191,18.0,13.0,9.0,11.0,17.0,14.0,12.0,13.0
9,-1.0,-1.8369701987210294e-16,5,-0.9749279121818236,-0.2225209339563146,13.0,9.0,11.0,17.0,14.0,12.0,13.0,12.0
9,-1.0,-1.8369701987210294e-16,6,-0.7818314824680299,0.6234898018587334,9.0,11.0,17.0,14.0,12.0,13.0,12.0,7.0
9,-1.0,-1.8369701987210294e-16,0,0.0,1.0,11.0,17.0,14.0,12.0,13.0,12.0,7.0,14.0
9,-1.0,-1.8369701987210294e-16,1,0.7818314824680298,0.6234898018587336,17.0,14.0,12.0,13.0,12.0,7.0,14.0,16.0
9,-1.0,-1.8369701987210294e-16,2,0.9749279121818236,-0.2225209339563143,14.0,12.0,13.0,12.0,7.0,14.0,16.0,11.0
9,-1.0,-1.8369701987210294e-16,3,0.4338837391175582,-0.900968867902419,12.0,13.0,12.0,7.0,14.0,16.0,11.0,15.0
9,-1.0,-1.8369701987210294e-16,4,-0.433883739117558,-0.9009688679024191,13.0,12.0,7.0,14.0,16.0,11.0,15.0,19.0
9,-1.0,-1.8369701987210294e-16,5,-0.9749279121818236,-0.2225209339563146,12.0,7.0,14.0,16.0,11.0,15.0,19.0,14.0
9,-1.0,-1.8369701987210294e-16,6,-0.7818314824680299,0.6234898018587334,7.0,14.0,16.0,11.0,15.0,19.0,14.0,11.0
9,-1.0,-1.8369701987210294e-16,0,0.0,1.0,14.0,16.0,11.0,15.0,19.0,14.0,11.0,15.0
9,-1.0,-1.8369701987210294e-16,1,0.7818314824680298,0.6234898018587336,16.0,11.0,15.0,19.0,14.0,11.0,15.0,13.0
9,-1.0,-1.8369701987210294e-16,2,0.9749279121818236,-0.2225209339563143,11.0,15.0,19.0,14.0,11.0,15.0,13.0,18.0
9,-1.0,-1.8369701987210294e-16,3,0.4338837391175582,-0.900968867902419,15.0,19.0,14.0,11.0,15.0,13.0,18.0,15.0
9,-1.0,-1.8369701987210294e-16,4,-0.433883739117558,-0.9009688679024191,19.0,14.0,11.0,15.0,13.0,18.0,15.0,19.0
9,-1.0,-1.8369701987210294e-16,5,-0.9749279121818236,-0.2225209339563146,14.0,11.0,15.0,13.0,18.0,15.0,19.0,8.0
9,-1.0,-1.8369701987210294e-16,6,-0.7818314824680299,0.6234898018587334,11.0,15.0,13.0,18.0,15.0,19.0,8.0,12.0
9,-1.0,-1.8369701987210294e-16,0,0.0,1.0,15.0,13.0,18.0,15.0,19.0,8.0,12.0,12.0
9,-1.0,-1.8369701987210294e-16,1,0.7818314824680298,0.6234898018587336,13.0,18.0,15.0,19.0,8.0,12.0,12.0,19.0
9,-1.0,-1.8369701987210294e-16,2,0.9749279121818236,-0.2225209339563143,18.0,15.0,19.0,8.0,12.0,12.0,19.0,24.0
9,-1.0,-1.8369701987210294e-16,3,0.4338837391175582,-0.900968867902419,15.0,19.0,8.0,12.0,12.0,19.0,24.0,24.0
9,-1.0,-1.8369701987210294e-16,4,-0.433883739117558,-0.9009688679024191,19.0,8.0,12.0,12.0,19.0,24.0,24.0,15.0
9,-1.0,-1.8369701987210294e-16,5,-0.9749279121818236,-0.2225209339563146,8.0,12.0,12.0,19.0,24.0,24.0,15.0,18.0
9,-1.0,-1.8369701987210294e-16,6,-0.7818314824680299,0.6234898018587334,12.0,12.0,19.0,24.0,24.0,15.0,18.0,6.0
9,-1.0,-1.8369701987210294e-16,0,0.0,1.0,12.0,19.0,24.0,24.0,15.0,18.0,6.0,17.0
9,-1.0,-1.8369701987210294e-16,1,0.7818314824680298,0.6234898018587336,19.0,24.0,24.0,15.0,18.0,6.0,17.0,11.0
9,-1.0,-1.8369701987210294e-16,2,0.9749279121818236,-0.2225209339563143,24.0,24.0,15.0,18.0,6.0,17.0,11.0,13.0
9,-1.0,-1.8369701987210294e-16,3,0.4338837391175582,-0.900968867902419,24.0,15.0,18.0,6.0,17.0,11.0,13.0,14.0
9,-1.0,-1.8369701987210294e-16,4,-0.433883739117558,-0.9009688679024191,15.0,18.0,6.0,17.0,11.0,13.0,14.0,17.0
10,-0.8660254037844386,0.5000000000000001,5,-0.9749279121818236,-0.2225209339563146,18.0,6.0,17.0,11.0,13.0,14.0,17.0,15.0
10,-0.8660254037844386,0.5000000000000001,6,-0.7818314824680299,0.6234898018587334,6.0,17.0,11.0,13.0,14.0,17.0,15.0,13.0
10,-0.8660254037844386,0.5000000000000001,0,0.0,1.0,17.0,11.0,13.0,14.0,17.0,15.0,13.0,14.0
10,-0.8660254037844386,0.5000000000000001,1,0.7818314824680298,0.6234898018587336,11.0,13.0,14.0,17.0,15.0,13.0,14.0,13.0
10,-0.8660254037844386,0.5000000000000001,2,0.9749279121818236,-0.2225209339563143,13.0,14.0,17.0,15.0,13.0,14.0,13.0,27.0
10,-0.8660254037844386,0.5000000000000001,3,0.4338837391175582,-0.900968867902419,14.0,17.0,15.0,13.0,14.0,13.0,27.0,14.0
10,-0.8660254037844386,0.5000000000000001,4,-0.433883739117558,-0.9009688679024191,17.0,15.0,13.0,14.0,13.0,27.0,14.0,22.0
10,-0.8660254037844386,0.5000000000000001,5,-0.9749279121818236,-0.2225209339563146,15.0,13.0,14.0,13.0,27.0,14.0,22.0,17.0
10,-0.8660254037844386,0.5000000000000001,6,-0.7818314824680299,0.6234898018587334,13.0,14.0,13.0,27.0,14.0,22.0,17.0,13.0
10,-0.8660254037844386,0.5000000000000001,0,0.0,1.0,14.0,13.0,27.0,14.0,22.0,17.0,13.0,22.0
10,-0.8660254037844386,0.5000000000000001,1,0.7818314824680298,0.6234898018587336,13.0,27.0,14.0,22.0,17.0,13.0,22.0,14.0
10,-0.8660254037844386,0.5000000000000001,2,0.9749279121818236,-0.2225209339563143,27.0,14.0,22.0,17.0,13.0,22.0,14.0,23.0
10,-0.8660254037844386,0.5000000000000001,3,0.4338837391175582,-0.900968867902419,14.0,22.0,17.0,13.0,22.0,14.0,23.0,23.0
10,-0.8660254037844386,0.5000000000000001,4,-0.433883739117558,-0.9009688679024191,22.0,17.0,13.0,22.0,14.0,23.0,23.0,22.0
10,-0.8660254037844386,0.5000000000000001,5,-0.9749279121818236,-0.2225209339563146,17.0,13.0,22.0,14.0,23.0,23.0,22.0,12.0
10,-0.8660254037844386,0.5000000000000001,6,-0.7818314824680299,0.6234898018587334,13.0,22.0,14.0,23.0,23.0,22.0,12.0,11.0
10,-0.8660254037844386,0.5000000000000001,0,0.0,1.0,22.0,14.0,23.0,23.0,22.0,12.0,11.0,26.0
10,-0.8660254037844386,0.5000000000000001,1,0.7818314824680298,0.6234898018587336,14.0,23.0,23.0,22.0,12.0,11.0,26.0,21.0
10,-0.8660254037844386,0.5000000000000001,2,0.9749279121818236,-0.2225209339563143,23.0,23.0,22.0,12.0,11.0,26.0,21.0,24.0
10,-0.8660254037844386,0.5000000000000001,3,0.4338837391175582,-0.900968867902419,23.0,22.0,12.0,11.0,26.0,21.0,24.0,20.0
10,-0.8660254037844386,0.5000000000000001,4,-0.433883739117558,-0.9009688679024191,22.0,12.0,11.0,26.0,21.0,24.0,20.0,29.0
10,-0.8660254037844386,0.5000000000000001,5,-0.9749279121818236,-0.2225209339563146,12.0,11.0,26.0,21.0,24.0,20.0,29.0,24.0
10,-0.8660254037844386,0.5000000000000001,6,-0.7818314824680299,0.6234898018587334,11.0,26.0,21.0,24.0,20.0,29.0,24.0,12.0
10,-0.8660254037844386,0.5000000000000001,0,0.0,1.0,26.0,21.0,24.0,20.0,29.0,24.0,12.0,25.0
10,-0.8660254037844386,0.5000000000000001,1,0.7818314824680298,0.6234898018587336,21.0,24.0,20.0,29.0,24.0,12.0,25.0,12.0
10,-0.8660254037844386,0.5000000000000001,2,0.9749279121818236,-0.2225209339563143,24.0,20.0,29.0,24.0,12.0,25.0,12.0,31.0
10,-0.8660254037844386,0.5000000000000001,3,0.4338837391175582,-0.900968867902419,20.0,29.0,24.0,12.0,25.0,12.0,31.0,24.0
10,-0.8660254037844386,0.5000000000000001,4,-0.433883739117558,-0.9009688679024191,29.0,24.0,12.0,25.0,12.0,31.0,24.0,32.0
10,-0.8660254037844386,0.5000000000000001,5,-0.9749279121818236,-0.2225209339563146,24.0,12.0,25.0,12.0,31.0,24.0,32.0,12.0
10,-0.8660254037844386,0.5000000000000001,6,-0.7818314824680299,0.6234898018587334,12.0,25.0,12.0,31.0,24.0,32.0,12.0,11.0
10,-0.8660254037844386,0.5000000000000001,0,0.0,1.0,25.0,12.0,31.0,24.0,32.0,12.0,11.0,25.0
11,-0.5000000000000004,0.8660254037844384,1,0.7818314824680298,0.6234898018587336,12.0,31.0,24.0,32.0,12.0,11.0,25.0,16.0
11,-0.5000000000000004,0.8660254037844384,2,0.9749279121818236,-0.2225209339563143,31.0,24.0,32.0,12.0,11.0,25.0,16.0,22.0
11,-0.5000000000000004,0.8660254037844384,3,0.4338837391175582,-0.900968867902419,24.0,32.0,12.0,11.0,25.0,16.0,22.0,23.0
11,-0.5000000000000004,0.8660254037844384,4,-0.433883739117558,-0.9009688679024191,32.0,12.0,11.0,25.0,16.0,22.0,23.0,25.0
11,-0.5000000000000004,0.8660254037844384,5,-0.9749279121818236,-0.2225209339563146,12.0,11.0,25.0,16.0,22.0,23.0,25.0,18.0
11,-0.5000000000000004,0.8660254037844384,6,-0.7818314824680299,0.6234898018587334,11.0,25.0,16.0,22.0,23.0,25.0,18.0,23.0
11,-0.5000000000000004,0.8660254037844384,0,0.0,1.0,25.0,16.0,22.0,23.0,25.0,18.0,23.0,34.0
11,-0.5000000000000004,0.8660254037844384,1,0.7818314824680298,0.6234898018587336,16.0,22.0,23.0,25.0,18.0,23.0,34.0,21.0
11,-0.5000000000000004,0.8660254037844384,2,0.9749279121818236,-0.2225209339563143,22.0,23.0,25.0,18.0,23.0,34.0,21.0,25.0
11,-0.5000000000000004,0.8660254037844384,3,0.4338837391175582,-0.900968867902419,23.0,25.0,18.0,23.0,34.0,21.0,25.0,25.0
11,-0.5000000000000004,0.8660254037844384,4,-0.433883739117558,-0.9009688679024191,25.0,18.0,23.0,34.0,21.0,25.0,25.0,28.0
11,-0.5000000000000004,0.8660254037844384,5,-0.9749279121818236,-0.2225209339563146,18.0,23.0,34.0,21.0,25.0,25.0,28.0,18.0
11,-0.5000000000000004,0.8660254037844384,6,-0.7818314824680299,0.6234898018587334,23.0,34.0,21.0,25.0,25.0,28.0,18.0,11.0
11,-0.5000000000000004,0.8660254037844384,0,0.0,1.0,34.0,21.0,25.0,25.0,28.0,18.0,11.0,21.0
11,-0.5000000000000004,0.8660254037844384,1,0.7818314824680298,0.6234898018587336,21.0,25.0,25.0,28.0,18.0,11.0,21.0,28.0
11,-0.5000000000000004,0.8660254037844384,2,0.9749279121818236,-0.2225209339563143,25.0,25.0,28.0,18.0,11.0,21.0,28.0,27.0
11,-0.5000000000000004,0.8660254037844384,3,0.4338837391175582,-0.900968867902419,25.0,28.0,18.0,11.0,21.0,28.0,27.0,39.0
11,-0.5000000000000004,0.8660254037844384,4,-0.433883739117558,-0.9009688679024191,28.0,18.0,11.0,21.0,28.0,27.0,39.0,34.0
11,-0.5000000000000004,0.8660254037844384,5,-0.9749279121818236,-0.2225209339563146,18.0,11.0,21.0,28.0,27.0,39.0,34.0,20.0
11,-0.5000000000000004,0.8660254037844384,6,-0.7818314824680299,0.6234898018587334,11.0,21.0,28.0,27.0,39.0,34.0,20.0,19.0
11,-0.5000000000000004,0.8660254037844384,0,0.0,1.0,21.0,28.0,27.0,39.0,34.0,20.0,19.0,33.0
11,-0.5000000000000004,0.8660254037844384,1,0.7818314824680298,0.6234898018587336,28.0,27.0,39.0,34.0,20.0,19.0,33.0,25.0
11,-0.5000000000000004,0.8660254037844384,2,0.9749279121818236,-0.2225209339563143,27.0,39.0,34.0,20.0,19.0,33.0,25.0,31.0
11,-0.5000000000000004,0.8660254037844384,3,0.4338837391175582,-0.900968867902419,39.0,34.0,20.0,19.0,33.0,25.0,31.0,20.0
11,-0.5000000000000004,0.8660254037844384,4,-0.433883739117558,-0.9009688679024191,34.0,20.0,19.0,33.0,25.0,31.0,20.0,28.0
11,-0.5000000000000004,0.8660254037844384,5,-0.9749279121818236,-0.2225209339563146,20.0,19.0,33.0,25.0,31.0,20.0,28.0,16.0
11,-0.5000000000000004,0.8660254037844384,6,-0.7818314824680299,0.6234898018587334,19.0,33.0,25.0,31.0,20.0,28.0,16.0,19.0
11,-0.5000000000000004,0.8660254037844384,0,0.0,1.0,33.0,25.0,31.0,20.0,28.0,16.0,19.0,29.0
11,-0.5000000000000004,0.8660254037844384,1,0.7818314824680298,0.6234898018587336,25.0,31.0,20.0,28.0,16.0,19.0,29.0,25.0
11,-0.5000000000000004,0.8660254037844384,2,0.9749279121818236,-0.2225209339563143,31.0,20.0,28.0,16.0,19.0,29.0,25.0,28.0
12,-2.4492935982947064e-16,1.0,3,0.4338837391175582,-0.900968867902419,20.0,28.0,16.0,19.0,29.0,25.0,28.0,25.0
12,-2.4492935982947064e-16,1.0,4,-0.433883739117558,-0.9009688679024191,28.0,16.0,19.0,29.0,25.0,28.0,25.0,24.0
12,-2.4492935982947064e-16,1.0,5,-0.9749279121818236,-0.2225209339563146,16.0,19.0,29.0,25.0,28.0,25.0,24.0,20.0
12,-2.4492935982947064e-16,1.0,6,-0.7818314824680299,0.6234898018587334,19.0,29.0,25.0,28.0,25.0,24.0,20.0,14.0
12,-2.4492935982947064e-16,1.0,0,0.0,1.0,29.0,25.0,28.0,25.0,24.0,20.0,14.0,21.0
12,-2.4492935982947064e-16,1.0,1,0.7818314824680298,0.6234898018587336,25.0,28.0,25.0,24.0,20.0,14.0,21.0,24.0
12,-2.4492935982947064e-16,1.0,2,0.9749279121818236,-0.2225209339563143,28.0,25.0,24.0,20.0,14.0,21.0,24.0,18.0
12,-2.4492935982947064e-16,1.0,3,0.4338837391175582,-0.900968867902419,25.0,24.0,20.0,14.0,21.0,24.0,18.0,20.0
12,-2.4492935982947064e-16,1.0,4,-0.433883739117558,-0.9009688679024191,24.0,20.0,14.0,21.0,24.0,18.0,20.0,20.0
12,-2.4492935982947064e-16,1.0,5,-0.9749279121818236,-0.2225209339563146,20.0,14.0,21.0,24.0,18.0,20.0,20.0,15.0
12,-2.4492935982947064e-16,1.0,6,-0.7818314824680299,0.6234898018587334,14.0,21.0,24.0,18.0,20.0,20.0,15.0,12.0
12,-2.4492935982947064e-16,1.0,0,0.0,1.0,21.0,24.0,18.0,20.0,20.0,15.0,12.0,11.0
12,-2.4492935982947064e-16,1.0,1,0.7818314824680298,0.6234898018587336,24.0,18.0,20.0,20.0,15.0,12.0,11.0,16.0
12,-2.4492935982947064e-16,1.0,2,0.9749279121818236,-0.2225209339563143,18.0,20.0,20.0,15.0,12.0,11.0,16.0,20.0
12,-2.4492935982947064e-16,1.0,3,0.4338837391175582,-0.900968867902419,20.0,20.0,15.0,12.0,11.0,16.0,20.0,12.0
12,-2.4492935982947064e-16,1.0,4,-0.433883739117558,-0.9009688679024191,20.0,15.0,12.0,11.0,16.0,20.0,12.0,23.0
12,-2.4492935982947064e-16,1.0,5,-0.9749279121818236,-0.2225209339563146,15.0,12.0,11.0,16.0,20.0,12.0,23.0,12.0
12,-2.4492935982947064e-16,1.0,6,-0.7818314824680299,0.6234898018587334,12.0,11.0,16.0,20.0,12.0,23.0,12.0,7.0
12,-2.4492935982947064e-16,1.0,0,0.0,1.0,11.0,16.0,20.0,12.0,23.0,12.0,7.0,20.0
12,-2.4492935982947064e-16,1.0,1,0.7818314824680298,0.6234898018587336,16.0,20.0,12.0,23.0,12.0,7.0,20.0,19.0
12,-2.4492935982947064e-16,1.0,2,0.9749279121818236,-0.2225209339563143,20.0,12.0,23.0,12.0,7.0,20.0,19.0,15.0
12,-2.4492935982947064e-16,1.0,3,0.4338837391175582,-0.900968867902419,12.0,23.0,12.0,7.0,20.0,19.0,15.0,17.0
12,-2.4492935982947064e-16,1.0,4,-0.433883739117558,-0.9009688679024191,23.0,12.0,7.0,20.0,19.0,15.0,17.0,19.0
12,-2.4492935982947064e-16,1.0,5,-0.9749279121818236,-0.2225209339563146,12.0,7.0,20.0,19.0,15.0,17.0,19.0,9.0
12,-2.4492935982947064e-16,1.0,6,-0.7818314824680299,0.6234898018587334,7.0,20.0,19.0,15.0,17.0,19.0,9.0,11.0
12,-2.4492935982947064e-16,1.0,0,0.0,1.0,20.0,19.0,15.0,17.0,19.0,9.0,11.0,28.0
12,-2.4492935982947064e-16,1.0,1,0.7818314824680298,0.6234898018587336,19.0,15.0,17.0,19.0,9.0,11.0,28.0,35.0
12,-2.4492935982947064e-16,1.0,2,0.9749279121818236,-0.2225209339563143,15.0,17.0,19.0,9.0,11.0,28.0,35.0,30.0
12,-2.4492935982947064e-16,1.0,3,0.4338837391175582,-0.900968867902419,17.0,19.0,9.0,11.0,28.0,35.0,30.0,39.0
12,-2.4492935982947064e-16,1.0,4,-0.433883739117558,-0.9009688679024191,19.0,9.0,11.0,28.0,35.0,30.0,39.0,35.0
12,-2.4492935982947064e-16,1.0,5,-0.9749279121818236,-0.2225209339563146,9.0,11.0,28.0,35.0,30.0,39.0,35.0,12.0
1,0.4999999999999999,0.8660254037844387,6,-0.7818314824680299,0.6234898018587334,11.0,28.0,35.0,30.0,39.0,35.0,12.0,7.5
1,0.4999999999999999,0.8660254037844387,0,0.0,1.0,28.0,35.0,30.0,39.0,35.0,12.0,7.5,3.0
1,0.4999999999999999,0.8660254037844387,1,0.7818314824680298,0.6234898018587336,35.0,30.0,39.0,35.0,12.0,7.5,3.0,20.0
1,0.4999999999999999,0.8660254037844387,2,0.9749279121818236,-0.2225209339563143,30.0,39.0,35.0,12.0,7.5,3.0,20.0,21.0
1,0.4999999999999999,0.8660254037844387,3,0.4338837391175582,-0.900968867902419,39.0,35.0,12.0,7.5,3.0,20.0,21.0,15.0
1,0.4999999999999999,0.8660254037844387,4,-0.433883739117558,-0.9009688679024191,35.0,12.0,7.5,3.0,20.0,21.0,15.0,15.0
1,0.4999999999999999,0.8660254037844387,5,-0.9749279121818236,-0.2225209339563146,12.0,7.5,3.0,20.0,21.0,15.0,15.0,6.0
1,0.4999999999999999,0.8660254037844387,6,-0.7818314824680299,0.6234898018587334,7.5,3.0,20.0,21.0,15.0,15.0,6.0,9.0
1,0.4999999999999999,0.8660254037844387,0,0.0,1.0,3.0,20.0,21.0,15.0,15.0,6.0,9.0,4.0
1,0.4999999999999999,0.8660254037844387,1,0.7818314824680298,0.6234898018587336,20.0,21.0,15.0,15.0,6.0,9.0,4.0,10.0
1,0.4999999999999999,0.8660254037844387,2,0.9749279121818236,-0.2225209339563143,21.0,15.0,15.0,6.0,9.0,4.0,10.0,11.0
1,0.4999999999999999,0.8660254037844387,3,0.4338837391175582,-0.900968867902419,15.0,15.0,6.0,9.0,4.0,10.0,11.0,17.0
1,0.4999999999999999,0.8660254037844387,4,-0.433883739117558,-0.9009688679024191,15.0,6.0,9.0,4.0,10.0,11.0,17.0,15.0
1,0.4999999999999999,0.8660254037844387,5,-0.9749279121818236,-0.2225209339563146,6.0,9.0,4.0,10.0,11.0,17.0,15.0,15.0
1,0.4999999999999999,0.8660254037844387,6,-0.7818314824680299,0.6234898018587334,9.0,4.0,10.0,11.0,17.0,15.0,15.0,10.0
1,0.4999999999999999,0.8660254037844387,0,0.0,1.0,4.0,10.0,11.0,17.0,15.0,15.0,10.0,25.0
1,0.4999999999999999,0.8660254037844387,1,0.7818314824680298,0.6234898018587336,10.0,11.0,17.0,15.0,15.0,10.0,25.0,19.0
1,0.4999999999999999,0.8660254037844387,2,0.9749279121818236,-0.2225209339563143,11.0,17.0,15.0,15.0,10.0,25.0,19.0,21.0
1,0.4999999999999999,0.8660254037844387,3,0.4338837391175582,-0.900968867902419,17.0,15.0,15.0,10.0,25.0,19.0,21.0,24.0
1,0.4999999999999999,0.8660254037844387,4,-0.433883739117558,-0.9009688679024191,15.0,15.0,10.0,25.0,19.0,21.0,24.0,23.0
1,0.4999999999999999,0.8660254037844387,5,-0.9749279121818236,-0.2225209339563146,15.0,10.0,25.0,19.0,21.0,24.0,23.0,17.0
1,0.4999999999999999,0.8660254037844387,6,-0.7818314824680299,0.6234898018587334,10.0,25.0,19.0,21.0,24.0,23.0,17.0,9.0
1,0.4999999999999999,0.8660254037844387,0,0.0,1.0,25.0,19.0,21.0,24.0,23.0,17.0,9.0,21.0
1,0.4999999999999999,0.8660254037844387,1,0.7818314824680298,0.6234898018587336,19.0,21.0,24.0,23.0,17.0,9.0,21.0,19.0
1,0.4999999999999999,0.8660254037844387,2,0.9749279121818236,-0.2225209339563143,21.0,24.0,23.0,17.0,9.0,21.0,19.0,19.0
1,0.4999999999999999,0.8660254037844387,3,0.4338837391175582,-0.900968867902419,24.0,23.0,17.0,9.0,21.0,19.0,19.0,18.0
1,0.4999999999999999,0.8660254037844387,4,-0.433883739117558,-0.9009688679024191,23.0,17.0,9.0,21.0,19.0,19.0,18.0,23.0
1,0.4999999999999999,0.8660254037844387,5,-0.9749279121818236,-0.2225209339563146,17.0,9.0,21.0,19.0,19.0,18.0,23.0,11.0
1,0.4999999999999999,0.8660254037844387,6,-0.7818314824680299,0.6234898018587334,9.0,21.0,19.0,19.0,18.0,23.0,11.0,7.0
1,0.4999999999999999,0.8660254037844387,0,0.0,1.0,21.0,19.0,19.0,18.0,23.0,11.0,7.0,28.0
1,0.4999999999999999,0.8660254037844387,1,0.7818314824680298,0.6234898018587336,19.0,19.0,18.0,23.0,11.0,7.0,28.0,17.0
2,0.8660254037844386,0.5000000000000001,2,0.9749279121818236,-0.2225209339563143,19.0,18.0,23.0,11.0,7.0,28.0,17.0,11.0
2,0.8660254037844386,0.5000000000000001,3,0.4338837391175582,-0.900968867902419,18.0,23.0,11.0,7.0,28.0,17.0,11.0,12.0
2,0.8660254037844386,0.5000000000000001,4,-0.433883739117558,-0.9009688679024191,23.0,11.0,7.0,28.0,17.0,11.0,12.0,32.0
2,0.8660254037844386,0.5000000000000001,5,-0.9749279121818236,-0.2225209339563146,11.0,7.0,28.0,17.0,11.0,12.0,32.0,30.0
2,0.8660254037844386,0.5000000000000001,6,-0.7818314824680299,0.6234898018587334,7.0,28.0,17.0,11.0,12.0,32.0,30.0,17.0
2,0.8660254037844386,0.5000000000000001,0,0.0,1.0,28.0,17.0,11.0,12.0,32.0,30.0,17.0,30.0
2,0.8660254037844386,0.5000000000000001,1,0.7818314824680298,0.6234898018587336,17.0,11.0,12.0,32.0,30.0,17.0,30.0,18.0
2,0.8660254037844386,0.5000000000000001,2,0.9749279121818236,-0.2225209339563143,11.0,12.0,32.0,30.0,17.0,30.0,18.0,23.0
2,0.8660254037844386,0.5000000000000001,3,0.4338837391175582,-0.900968867902419,12.0,32.0,30.0,17.0,30.0,18.0,23.0,27.0
2,0.8660254037844386,0.5000000000000001,4,-0.433883739117558,-0.9009688679024191,32.0,30.0,17.0,30.0,18.0,23.0,27.0,33.0
2,0.8660254037844386,0.5000000000000001,5,-0.9749279121818236,-0.2225209339563146,30.0,17.0,30.0,18.0,23.0,27.0,33.0,26.0
2,0.8660254037844386,0.5000000000000001,6,-0.7818314824680299,0.6234898018587334,17.0,30.0,18.0,23.0,27.0,33.0,26.0,18.0
2,0.8660254037844386,0.5000000000000001,0,0.0,1.0,30.0,18.0,23.0,27.0,33.0,26.0,18.0,23.0
2,0.8660254037844386,0.5000000000000001,1,0.7818314824680298,0.6234898018587336,18.0,23.0,27.0,33.0,26.0,18.0,23.0,23.0
2,0.8660254037844386,0.5000000000000001,2,0.9749279121818236,-0.2225209339563143,23.0,27.0,33.0,26.0,18.0,23.0,23.0,29.0
2,0.8660254037844386,0.5000000000000001,3,0.4338837391175582,-0.900968867902419,27.0,33.0,26.0,18.0,23.0,23.0,29.0,37.0
2,0.8660254037844386,0.5000000000000001,4,-0.433883739117558,-0.9009688679024191,33.0,26.0,18.0,23.0,23.0,29.0,37.0,40.0
2,0.8660254037844386,0.5000000000000001,5,-0.9749279121818236,-0.2225209339563146,26.0,18.0,23.0,23.0,29.0,37.0,40.0,19.0
2,0.8660254037844386,0.5000000000000001,6,-0.7818314824680299,0.6234898018587334,18.0,23.0,23.0,29.0,37.0,40.0,19.0,19.0
2,0.8660254037844386,0.5000000000000001,0,0.0,1.0,23.0,23.0,29.0,37.0,40.0,19.0,19.0,19.0
2,0.8660254037844386,0.5000000000000001,1,0.7818314824680298,0.6234898018587336,23.0,29.0,37.0,40.0,19.0,19.0,19.0,28.0
2,0.8660254037844386,0.5000000000000001,2,0.9749279121818236,-0.2225209339563143,29.0,37.0,40.0,19.0,19.0,19.0,28.0,32.0
2,0.8660254037844386,0.5000000000000001,3,0.4338837391175582,-0.900968867902419,37.0,40.0,19.0,19.0,19.0,28.0,32.0,23.0
2,0.8660254037844386,0.5000000000000001,4,-0.433883739117558,-0.9009688679024191,40.0,19.0,19.0,19.0,28.0,32.0,23.0,23.0
2,0.8660254037844386,0.5000000000000001,5,-0.9749279121818236,-0.2225209339563146,19.0,19.0,19.0,28.0,32.0,23.0,23.0,19.0
2,0.8660254037844386,0.5000000000000001,6,-0.7818314824680299,0.6234898018587334,19.0,19.0,28.0,32.0,23.0,23.0,19.0,9.0
2,0.8660254037844386,0.5000000000000001,0,0.0,1.0,19.0,28.0,32.0,23.0,23.0,19.0,9.0,16.0
2,0.8660254037844386,0.5000000000000001,1,0.7818314824680298,0.6234898018587336,28.0,32.0,23.0,23.0,19.0,9.0,16.0,21.0
3,1.0,6.123233995736766e-17,2,0.9749279121818236,-0.2225209339563143,32.0,23.0,23.0,19.0,9.0,16.0,21.0,19.0
3,1.0,6.123233995736766e-17,3,0.4338837391175582,-0.900968867902419,23.0,23.0,19.0,9.0,16.0,21.0,19.0,22.0
3,1.0,6.123233995736766e-17,4,-0.433883739117558,-0.9009688679024191,23.0,19.0,9.0,16.0,21.0,19.0,22.0,26.0
3,1.0,6.123233995736766e-17,5,-0.9749279121818236,-0.2225209339563146,19.0,9.0,16.0,21.0,19.0,22.0,26.0,17.0
3,1.0,6.123233995736766e-17,6,-0.7818314824680299,0.6234898018587334,9.0,16.0,21.0,19.0,22.0,26.0,17.0,14.0
3,1.0,6.123233995736766e-17,0,0.0,1.0,16.0,21.0,19.0,22.0,26.0,17.0,14.0,16.0
3,1.0,6.123233995736766e-17,1,0.7818314824680298,0.6234898018587336,21.0,19.0,22.0,26.0,17.0,14.0,16.0,23.0
3,1.0,6.123233995736766e-17,2,0.9749279121818236,-0.2225209339563143,19.0,22.0,26.0,17.0,14.0,16.0,23.0,17.0
3,1.0,6.123233995736766e-17,3,0.4338837391175582,-0.900968867902419,22.0,26.0,17.0,14.0,16.0,23.0,17.0,19.0
3,1.0,6.123233995736766e-17,4,-0.433883739117558,-0.9009688679024191,26.0,17.0,14.0,16.0,23.0,17.0,19.0,13.0
3,1.0,6.123233995736766e-17,5,-0.9749279121818236,-0.2225209339563146,17.0,14.0,16.0,23.0,17.0,19.0,13.0,21.0
3,1.0,6.123233995736766e-17,6,-0.7818314824680299,0.6234898018587334,14.0,16.0,23.0,17.0,19.0,13.0,21.0,20.0
3,1.0,6.123233995736766e-17,0,0.0,1.0,16.0,23.0,17.0,19.0,13.0,21.0,20.0,17.0
3,1.0,6.123233995736766e-17,1,0.7818314824680298,0.6234898018587336,23.0,17.0,19.0,13.0,21.0,20.0,17.0,18.0
3,1.0,6.123233995736766e-17,2,0.9749279121818236,-0.2225209339563143,17.0,19.0,13.0,21.0,20.0,17.0,18.0,21.0
3,1.0,6.123233995736766e-17,3,0.4338837391175582,-0.900968867902419,19.0,13.0,21.0,20.0,17.0,18.0,21.0,21.0
3,1.0,6.123233995736766e-17,4,-0.433883739117558,-0.9009688679024191,13.0,21.0,20.0,17.0,18.0,21.0,21.0,25.0
3,1.0,6.123233995736766e-17,5,-0.9749279121818236,-0.2225209339563146,21.0,20.0,17.0,18.0,21.0,21.0,25.0,23.0
3,1.0,6.123233995736766e-17,6,-0.7818314824680299,0.6234898018587334,20.0,17.0,18.0,21.0,21.0,25.0,23.0,18.0
3,1.0,6.123233995736766e-17,0,0.0,1.0,17.0,18.0,21.0,21.0,25.0,23.0,18.0,22.0
3,1.0,6.123233995736766e-17,1,0.7818314824680298,0.6234898018587336,18.0,21.0,21.0,25.0,23.0,18.0,22.0,23.0
3,1.0,6.123233995736766e-17,2,0.9749279121818236,-0.2225209339563143,21.0,21.0,25.0,23.0,18.0,22.0,23.0,25.0
3,1.0,6.123233995736766e-17,3,0.4338837391175582,-0.900968867902419,21.0,25.0,23.0,18.0,22.0,23.0,25.0,21.0
3,1.0,6.123233995736766e-17,4,-0.433883739117558,-0.9009688679024191,25.0,23.0,18.0,22.0,23.0,25.0,21.0,28.0
3,1.0,6.123233995736766e-17,5,-0.9749279121818236,-0.2225209339563146,23.0,18.0,22.0,23.0,25.0,21.0,28.0,18.0
3,1.0,6.123233995736766e-17,6,-0.7818314824680299,0.6234898018587334,18.0,22.0,23.0,25.0,21.0,28.0,18.0,21.0
3,1.0,6.123233995736766e-17,0,0.0,1.0,22.0,23.0,25.0,21.0,28.0,18.0,21.0,26.0
3,1.0,6.123233995736766e-17,1,0.7818314824680298,0.6234898018587336,23.0,25.0,21.0,28.0,18.0,21.0,26.0,27.0
3,1.0,6.123233995736766e-17,2,0.9749279121818236,-0.2225209339563143,25.0,21.0,28.0,18.0,21.0,26.0,27.0,34.0
3,1.0,6.123233995736766e-17,3,0.4338837391175582,-0.900968867902419,21.0,28.0,18.0,21.0,26.0,27.0,34.0,35.0
3,1.0,6.123233995736766e-17,4,-0.433883739117558,-0.9009688679024191,28.0,18.0,21.0,26.0,27.0,34.0,35.0,35.0
4,0.8660254037844387,-0.4999999999999998,5,-0.9749279121818236,-0.2225209339563146,18.0,21.0,26.0,27.0,34.0,35.0,35.0,39.0
4,0.8660254037844387,-0.4999999999999998,6,-0.7818314824680299,0.6234898018587334,21.0,26.0,27.0,34.0,35.0,35.0,39.0,25.0
4,0.8660254037844387,-0.4999999999999998,0,0.0,1.0,26.0,27.0,34.0,35.0,35.0,39.0,25.0,41.0
4,0.8660254037844387,-0.4999999999999998,1,0.7818314824680298,0.6234898018587336,27.0,34.0,35.0,35.0,39.0,25.0,41.0,39.0
4,0.8660254037844387,-0.4999999999999998,2,0.9749279121818236,-0.2225209339563143,34.0,35.0,35.0,39.0,25.0,41.0,39.0,44.0
4,0.8660254037844387,-0.4999999999999998,3,0.4338837391175582,-0.900968867902419,35.0,35.0,39.0,25.0,41.0,39.0,44.0,30.0
4,0.8660254037844387,-0.4999999999999998,4,-0.433883739117558,-0.9009688679024191,35.0,39.0,25.0,41.0,39.0,44.0,30.0,35.0
4,0.8660254037844387,-0.4999999999999998,5,-0.9749279121818236,-0.2225209339563146,39.0,25.0,41.0,39.0,44.0,30.0,35.0,22.0
4,0.8660254037844387,-0.4999999999999998,6,-0.7818314824680299,0.6234898018587334,25.0,41.0,39.0,44.0,30.0,35.0,22.0,15.0
4,0.8660254037844387,-0.4999999999999998,0,0.0,1.0,41.0,39.0,44.0,30.0,35.0,22.0,15.0,24.0
4,0.8660254037844387,-0.4999999999999998,1,0.7818314824680298,0.6234898018587336,39.0,44.0,30.0,35.0,22.0,15.0,24.0,30.0
4,0.8660254037844387,-0.4999999999999998,2,0.9749279121818236,-0.2225209339563143,44.0,30.0,35.0,22.0,15.0,24.0,30.0,21.0
4,0.8660254037844387,-0.4999999999999998,3,0.4338837391175582,-0.900968867902419,30.0,35.0,22.0,15.0,24.0,30.0,21.0,18.0
4,0.8660254037844387,-0.4999999999999998,4,-0.433883739117558,-0.9009688679024191,35.0,22.0,15.0,24.0,30.0,21.0,18.0,25.0
4,0.8660254037844387,-0.4999999999999998,5,-0.9749279121818236,-0.2225209339563146,22.0,15.0,24.0,30.0,21.0,18.0,25.0,19.0
4,0.8660254037844387,-0.4999999999999998,6,-0.7818314824680299,0.6234898018587334,15.0,24.0,30.0,21.0,18.0,25.0,19.0,12.0
4,0.8660254037844387,-0.4999999999999998,0,0.0,1.0,24.0,30.0,21.0,18.0,25.0,19.0,12.0,19.0
4,0.8660254037844387,-0.4999999999999998,1,0.7818314824680298,0.6234898018587336,30.0,21.0,18.0,25.0,19.0,12.0,19.0,15.0
4,0.8660254037844387,-0.4999999999999998,2,0.9749279121818236,-0.2225209339563143,21.0,18.0,25.0,19.0,12.0,19.0,15.0,19.0
4,0.8660254037844387,-0.4999999999999998,3,0.4338837391175582,-0.900968867902419,18.0,25.0,19.0,12.0,19.0,15.0,19.0,26.0
4,0.8660254037844387,-0.4999999999999998,4,-0.433883739117558,-0.9009688679024191,25.0,19.0,12.0,19.0,15.0,19.0,26.0,17.0
4,0.8660254037844387,-0.4999999999999998,5,-0.9749279121818236,-0.2225209339563146,19.0,12.0,19.0,15.0,19.0,26.0,17.0,10.0
4,0.8660254037844387,-0.4999999999999998,6,-0.7818314824680299,0.6234898018587334,12.0,19.0,15.0,19.0,26.0,17.0,10.0,16.0
4,0.8660254037844387,-0.4999999999999998,0,0.0,1.0,19.0,15.0,19.0,26.0,17.0,10.0,16.0,14.0
4,0.8660254037844387,-0.4999999999999998,1,0.7818314824680298,0.6234898018587336,15.0,19.0,26.0,17.0,10.0,16.0,14.0,20.0
4,0.8660254037844387,-0.4999999999999998,2,0.9749279121818236,-0.2225209339563143,19.0,26.0,17.0,10.0,16.0,14.0,20.0,11.0
4,0.8660254037844387,-0.4999999999999998,3,0.4338837391175582,-0.900968867902419,26.0,17.0,10.0,16.0,14.0,20.0,11.0,19.0
4,0.8660254037844387,-0.4999999999999998,4,-0.433883739117558,-0.9009688679024191,17.0,10.0,16.0,14.0,20.0,11.0,19.0,26.0
4,0.8660254037844387,-0.4999999999999998,5,-0.9749279121818236,-0.2225209339563146,10.0,16.0,14.0,20.0,11.0,19.0,26.0,14.0
4,0.8660254037844387,-0.4999999999999998,6,-0.7818314824680299,0.6234898018587334,16.0,14.0,20.0,11.0,19.0,26.0,14.0,9.0
5,0.4999999999999999,-0.8660254037844387,0,0.0,1.0,14.0,20.0,11.0,19.0,26.0,14.0,9.0,6.0
5,0.4999999999999999,-0.8660254037844387,1,0.7818314824680298,0.6234898018587336,20.0,11.0,19.0,26.0,14.0,9.0,6.0,17.0
5,0.4999999999999999,-0.8660254037844387,2,0.9749279121818236,-0.2225209339563143,11.0,19.0,26.0,14.0,9.0,6.0,17.0,17.0
5,0.4999999999999999,-0.8660254037844387,3,0.4338837391175582,-0.900968867902419,19.0,26.0,14.0,9.0,6.0,17.0,17.0,20.0
5,0.4999999999999999,-0.8660254037844387,4,-0.433883739117558,-0.9009688679024191,26.0,14.0,9.0,6.0,17.0,17.0,20.0,23.0
5,0.4999999999999999,-0.8660254037844387,5,-0.9749279121818236,-0.2225209339563146,14.0,9.0,6.0,17.0,17.0,20.0,23.0,20.0
5,0.4999999999999999,-0.8660254037844387,6,-0.7818314824680299,0.6234898018587334,9.0,6.0,17.0,17.0,20.0,23.0,20.0,15.0
5,0.4999999999999999,-0.8660254037844387,0,0.0,1.0,6.0,17.0,17.0,20.0,23.0,20.0,15.0,15.0
5,0.4999999999999999,-0.8660254037844387,1,0.7818314824680298,0.6234898018587336,17.0,17.0,20.0,23.0,20.0,15.0,15.0,9.0
5,0.4999999999999999,-0.8660254037844387,2,0.9749279121818236,-0.2225209339563143,17.0,20.0,23.0,20.0,15.0,15.0,9.0,19.0
5,0.4999999999999999,-0.8660254037844387,3,0.4338837391175582,-0.900968867902419,20.0,23.0,20.0,15.0,15.0,9.0,19.0,22.0
5,0.4999999999999999,-0.8660254037844387,4,-0.433883739117558,-0.9009688679024191,23.0,20.0,15.0,15.0,9.0,19.0,22.0,15.0
5,0.4999999999999999,-0.8660254037844387,5,-0.9749279121818236,-0.2225209339563146,20.0,15.0,15.0,9.0,19.0,22.0,15.0,21.0
5,0.4999999999999999,-0.8660254037844387,6,-0.7818314824680299,0.6234898018587334,15.0,15.0,9.0,19.0,22.0,15.0,21.0,14.0
5,0.4999999999999999,-0.8660254037844387,0,0.0,1.0,15.0,9.0,19.0,22.0,15.0,21.0,14.0,15.0
5,0.4999999999999999,-0.8660254037844387,1,0.7818314824680298,0.6234898018587336,9.0,19.0,22.0,15.0,21.0,14.0,15.0,17.0
5,0.4999999999999999,-0.8660254037844387,2,0.9749279121818236,-0.2225209339563143,19.0,22.0,15.0,21.0,14.0,15.0,17.0,20.0
5,0.4999999999999999,-0.8660254037844387,3,0.4338837391175582,-0.900968867902419,22.0,15.0,21.0,14.0,15.0,17.0,20.0,13.0
5,0.4999999999999999,-0.8660254037844387,4,-0.433883739117558,-0.9009688679024191,15.0,21.0,14.0,15.0,17.0,20.0,13.0,17.0
5,0.4999999999999999,-0.8660254037844387,5,-0.9749279121818236,-0.2225209339563146,21.0,14.0,15.0,17.0,20.0,13.0,17.0,15.0
5,0.4999999999999999,-0.8660254037844387,6,-0.7818314824680299,0.6234898018587334,14.0,15.0,17.0,20.0,13.0,17.0,15.0,13.0
5,0.4999999999999999,-0.8660254037844387,0,0.0,1.0,15.0,17.0,20.0,13.0,17.0,15.0,13.0,16.0
5,0.4999999999999999,-0.8660254037844387,1,0.7818314824680298,0.6234898018587336,17.0,20.0,13.0,17.0,15.0,13.0,16.0,16.0
5,0.4999999999999999,-0.8660254037844387,2,0.9749279121818236,-0.2225209339563143,20.0,13.0,17.0,15.0,13.0,16.0,16.0,18.0
5,0.4999999999999999,-0.8660254037844387,3,0.4338837391175582,-0.900968867902419,13.0,17.0,15.0,13.0,16.0,16.0,18.0,21.0
5,0.4999999999999999,-0.8660254037844387,4,-0.433883739117558,-0.9009688679024191,17.0,15.0,13.0,16.0,16.0,18.0,21.0,15.0
5,0.4999999999999999,-0.8660254037844387,5,-0.9749279121818236,-0.2225209339563146,15.0,13.0,16.0,16.0,18.0,21.0,15.0,17.0
5,0.4999999999999999,-0.8660254037844387,6,-0.7818314824680299,0.6234898018587334,13.0,16.0,16.0,18.0,21.0,15.0,17.0,8.0
5,0.4999999999999999,-0.8660254037844387,0,0.0,1.0,16.0,16.0,18.0,21.0,15.0,17.0,8.0,17.0
5,0.4999999999999999,-0.8660254037844387,1,0.7818314824680298,0.6234898018587336,16.0,18.0,21.0,15.0,17.0,8.0,17.0,13.0
5,0.4999999999999999,-0.8660254037844387,2,0.9749279121818236,-0.2225209339563143,18.0,21.0,15.0,17.0,8.0,17.0,13.0,10.0
6,1.2246467991473532e-16,-1.0,3,0.4338837391175582,-0.900968867902419,21.0,15.0,17.0,8.0,17.0,13.0,10.0,12.0
6,1.2246467991473532e-16,-1.0,4,-0.433883739117558,-0.9009688679024191,15.0,17.0,8.0,17.0,13.0,10.0,12.0,20.0
6,1.2246467991473532e-16,-1.0,5,-0.9749279121818236,-0.2225209339563146,17.0,8.0,17.0,13.0,10.0,12.0,20.0,13.0
6,1.2246467991473532e-16,-1.0,6,-0.7818314824680299,0.6234898018587334,8.0,17.0,13.0,10.0,12.0,20.0,13.0,16.0
6,1.2246467991473532e-16,-1.0,0,0.0,1.0,17.0,13.0,10.0,12.0,20.0,13.0,16.0,20.0
6,1.2246467991473532e-16,-1.0,1,0.7818314824680298,0.6234898018587336,13.0,10.0,12.0,20.0,13.0,16.0,20.0,16.0
6,1.2246467991473532e-16,-1.0,2,0.9749279121818236,-0.2225209339563143,10.0,12.0,20.0,13.0,16.0,20.0,16.0,20.0
6,1.2246467991473532e-16,-1.0,3,0.4338837391175582,-0.900968867902419,12.0,20.0,13.0,16.0,20.0,16.0,20.0,7.0
6,1.2246467991473532e-16,-1.0,4,-0.433883739117558,-0.9009688679024191,20.0,13.0,16.0,20.0,16.0,20.0,7.0,17.0
6,1.2246467991473532e-16,-1.0,5,-0.9749279121818236,-0.2225209339563146,13.0,16.0,20.0,16.0,20.0,7.0,17.0,12.0
6,1.2246467991473532e-16,-1.0,6,-0.7818314824680299,0.6234898018587334,16.0,20.0,16.0,20.0,7.0,17.0,12.0,15.0
6,1.2246467991473532e-16,-1.0,0,0.0,1.0,20.0,16.0,20.0,7.0,17.0,12.0,15.0,13.0
6,1.2246467991473532e-16,-1.0,1,0.7818314824680298,0.6234898018587336,16.0,20.0,7.0,17.0,12.0,15.0,13.0,15.0
6,1.2246467991473532e-16,-1.0,2,0.9749279121818236,-0.2225209339563143,20.0,7.0,17.0,12.0,15.0,13.0,15.0,13.0
6,1.2246467991473532e-16,-1.0,3,0.4338837391175582,-0.900968867902419,7.0,17.0,12.0,15.0,13.0,15.0,13.0,11.0
6,1.2246467991473532e-16,-1.0,4,-0.433883739117558,-0.9009688679024191,17.0,12.0,15.0,13.0,15.0,13.0,11.0,21.0
6,1.2246467991473532e-16,-1.0,5,-0.9749279121818236,-0.2225209339563146,12.0,15.0,13.0,15.0,13.0,11.0,21.0,13.0
6,1.2246467991473532e-16,-1.0,6,-0.7818314824680299,0.6234898018587334,15.0,13.0,15.0,13.0,11.0,21.0,13.0,9.0
6,1.2246467991473532e-16,-1.0,0,0.0,1.0,13.0,15.0,13.0,11.0,21.0,13.0,9.0,13.0
6,1.2246467991473532e-16,-1.0,1,0.7818314824680298,0.6234898018587336,15.0,13.0,11.0,21.0,13.0,9.0,13.0,11.0
6,1.2246467991473532e-16,-1.0,2,0.9749279121818236,-0.2225209339563143,13.0,11.0,21.0,13.0,9.0,13.0,11.0,13.0
6,1.2246467991473532e-16,-1.0,3,0.4338837391175582,-0.900968867902419,11.0,21.0,13.0,9.0,13.0,11.0,13.0,15.0
6,1.2246467991473532e-16,-1.0,4,-0.433883739117558,-0.9009688679024191,21.0,13.0,9.0,13.0,11.0,13.0,15.0,16.0
6,1.2246467991473532e-16,-1.0,5,-0.9749279121818236,-0.2225209339563146,13.0,9.0,13.0,11.0,13.0,15.0,16.0,19.0
6,1.2246467991473532e-16,-1.0,6,-0.7818314824680299,0.6234898018587334,9.0,13.0,11.0,13.0,15.0,16.0,19.0,10.0
6,1.2246467991473532e-16,-1.0,0,0.0,1.0,13.0,11.0,13.0,15.0,16.0,19.0,10.0,13.0
6,1.2246467991473532e-16,-1.0,1,0.7818314824680298,0.6234898018587336,11.0,13.0,15.0,16.0,19.0,10.0,13.0,18.0
6,1.2246467991473532e-16,-1.0,2,0.9749279121818236,-0.2225209339563143,13.0,15.0,16.0,19.0,10.0,13.0,18.0,17.0
6,1.2246467991473532e-16,-1.0,3,0.4338837391175582,-0.900968867902419,15.0,16.0,19.0,10.0,13.0,18.0,17.0,17.0
6,1.2246467991473532e-16,-1.0,4,-0.433883739117558,-0.9009688679024191,16.0,19.0,10.0,13.0,18.0,17.0,17.0,20.0
7,-0.4999999999999998,-0.8660254037844388,5,-0.9749279121818236,-0.2225209339563146,19.0,10.0,13.0,18.0,17.0,17.0,20.0,16.0
7,-0.4999999999999998,-0.8660254037844388,6,-0.7818314824680299,0.6234898018587334,10.0,13.0,18.0,17.0,17.0,20.0,16.0,5.0
7,-0.4999999999999998,-0.8660254037844388,0,0.0,1.0,13.0,18.0,17.0,17.0,20.0,16.0,5.0,22.0
7,-0.4999999999999998,-0.8660254037844388,1,0.7818314824680298,0.6234898018587336,18.0,17.0,17.0,20.0,16.0,5.0,22.0,17.0
7,-0.4999999999999998,-0.8660254037844388,2,0.9749279121818236,-0.2225209339563143,17.0,17.0,20.0,16.0,5.0,22.0,17.0,14.0
7,-0.4999999999999998,-0.8660254037844388,3,0.4338837391175582,-0.900968867902419,17.0,20.0,16.0,5.0,22.0,17.0,14.0,23.0
7,-0.4999999999999998,-0.8660254037844388,4,-0.433883739117558,-0.9009688679024191,20.0,16.0,5.0,22.0,17.0,14.0,23.0,18.0
7,-0.4999999999999998,-0.8660254037844388,5,-0.9749279121818236,-0.2225209339563146,16.0,5.0,22.0,17.0,14.0,23.0,18.0,22.0
7,-0.4999999999999998,-0.8660254037844388,6,-0.7818314824680299,0.6234898018587334,5.0,22.0,17.0,14.0,23.0,18.0,22.0,15.0
7,-0.4999999999999998,-0.8660254037844388,0,0.0,1.0,22.0,17.0,14.0,23.0,18.0,22.0,15.0,13.0
7,-0.4999999999999998,-0.8660254037844388,1,0.7818314824680298,0.6234898018587336,17.0,14.0,23.0,18.0,22.0,15.0,13.0,10.0
7,-0.4999999999999998,-0.8660254037844388,2,0.9749279121818236,-0.2225209339563143,14.0,23.0,18.0,22.0,15.0,13.0,10.0,13.0
7,-0.4999999999999998,-0.8660254037844388,3,0.4338837391175582,-0.900968867902419,23.0,18.0,22.0,15.0,13.0,10.0,13.0,17.0
7,-0.4999999999999998,-0.8660254037844388,4,-0.433883739117558,-0.9009688679024191,18.0,22.0,15.0,13.0,10.0,13.0,17.0,16.0
7,-0.4999999999999998,-0.8660254037844388,5,-0.9749279121818236,-0.2225209339563146,22.0,15.0,13.0,10.0,13.0,17.0,16.0,12.0
7,-0.4999999999999998,-0.8660254037844388,6,-0.7818314824680299,0.6234898018587334,15.0,13.0,10.0,13.0,17.0,16.0,12.0,10.0
7,-0.4999999999999998,-0.8660254037844388,0,0.0,1.0,13.0,10.0,13.0,17.0,16.0,12.0,10.0,15.0
7,-0.4999999999999998,-0.8660254037844388,1,0.7818314824680298,0.6234898018587336,10.0,13.0,17.0,16.0,12.0,10.0,15.0,11.0
7,-0.4999999999999998,-0.8660254037844388,2,0.9749279121818236,-0.2225209339563143,13.0,17.0,16.0,12.0,10.0,15.0,11.0,19.0
7,-0.4999999999999998,-0.8660254037844388,3,0.4338837391175582,-0.900968867902419,17.0,16.0,12.0,10.0,15.0,11.0,19.0,21.0
7,-0.4999999999999998,-0.8660254037844388,4,-0.433883739117558,-0.9009688679024191,16.0,12.0,10.0,15.0,11.0,19.0,21.0,21.0
7,-0.4999999999999998,-0.8660254037844388,5,-0.9749279121818236,-0.2225209339563146,12.0,10.0,15.0,11.0,19.0,21.0,21.0,13.0
7,-0.4999999999999998,-0.8660254037844388,6,-0.7818314824680299,0.6234898018587334,10.0,15.0,11.0,19.0,21.0,21.0,13.0,12.0
7,-0.4999999999999998,-0.8660254037844388,0,0.0,1.0,15.0,11.0,19.0,21.0,21.0,13.0,12.0,22.0
7,-0.4999999999999998,-0.8660254037844388,1,0.7818314824680298,0.6234898018587336,11.0,19.0,21.0,21.0,13.0,12.0,22.0,19.0
7,-0.4999999999999998,-0.8660254037844388,2,0.9749279121818236,-0.2225209339563143,19.0,21.0,21.0,13.0,12.0,22.0,19.0,20.0
7,-0.4999999999999998,-0.8660254037844388,3,0.4338837391175582,-0.900968867902419,21.0,21.0,13.0,12.0,22.0,19.0,20.0,21.0
7,-0.4999999999999998,-0.8660254037844388,4,-0.433883739117558,-0.9009688679024191,21.0,13.0,12.0,22.0,19.0,20.0,21.0,28.0
7,-0.4999999999999998,-0.8660254037844388,5,-0.9749279121818236,-0.2225209339563146,13.0,12.0,22.0,19.0,20.0,21.0,28.0,19.0
7,-0.4999999999999998,-0.8660254037844388,6,-0.7818314824680299,0.6234898018587334,12.0,22.0,19.0,20.0,21.0,28.0,19.0,8.0
7,-0.4999999999999998,-0.8660254037844388,0,0.0,1.0,22.0,19.0,20.0,21.0,28.0,19.0,8.0,18.0
8,-0.8660254037844384,-0.5000000000000004,1,0.7818314824680298,0.6234898018587336,19.0,20.0,21.0,28.0,19.0,8.0,18.0,11.0
8,-0.8660254037844384,-0.5000000000000004,2,0.9749279121818236,-0.2225209339563143,20.0,21.0,28.0,19.0,8.0,18.0,11.0,14.0
8,-0.8660254037844384,-0.5000000000000004,3,0.4338837391175582,-0.900968867902419,21.0,28.0,19.0,8.0,18.0,11.0,14.0,16.0
8,-0.8660254037844384,-0.5000000000000004,4,-0.433883739117558,-0.9009688679024191,28.0,19.0,8.0,18.0,11.0,14.0,16.0,18.0
8,-0.8660254037844384,-0.5000000000000004,5,-0.9749279121818236,-0.2225209339563146,19.0,8.0,18.0,11.0,14.0,16.0,18.0,15.0
8,-0.8660254037844384,-0.5000000000000004,6,-0.7818314824680299,0.6234898018587334,8.0,18.0,11.0,14.0,16.0,18.0,15.0,13.0
8,-0.8660254037844384,-0.5000000000000004,0,0.0,1.0,18.0,11.0,14.0,16.0,18.0,15.0,13.0,21.0
8,-0.8660254037844384,-0.5000000000000004,1,0.7818314824680298,0.6234898018587336,11.0,14.0,16.0,18.0,15.0,13.0,21.0,21.0
8,-0.8660254037844384,-0.5000000000000004,2,0.9749279121818236,-0.2225209339563143,14.0,16.0,18.0,15.0,13.0,21.0,21.0,8.0
8,-0.8660254037844384,-0.5000000000000004,3,0.4338837391175582,-0.900968867902419,16.0,18.0,15.0,13.0,21.0,21.0,8.0,14.0
8,-0.8660254037844384,-0.5000000000000004,4,-0.433883739117558,-0.9009688679024191,18.0,15.0,13.0,21.0,21.0,8.0,14.0,27.0
8,-0.8660254037844384,-0.5000000000000004,5,-0.9749279121818236,-0.2225209339563146,15.0,13.0,21.0,21.0,8.0,14.0,27.0,17.0
8,-0.8660254037844384,-0.5000000000000004,6,-0.7818314824680299,0.6234898018587334,13.0,21.0,21.0,8.0,14.0,27.0,17.0,13.0
8,-0.8660254037844384,-0.5000000000000004,0,0.0,1.0,21.0,21.0,8.0,14.0,27.0,17.0,13.0,18.0
8,-0.8660254037844384,-0.5000000000000004,1,0.7818314824680298,0.6234898018587336,21.0,8.0,14.0,27.0,17.0,13.0,18.0,16.0
8,-0.8660254037844384,-0.5000000000000004,2,0.9749279121818236,-0.2225209339563143,8.0,14.0,27.0,17.0,13.0,18.0,16.0,14.0
8,-0.8660254037844384,-0.5000000000000004,3,0.4338837391175582,-0.900968867902419,14.0,27.0,17.0,13.0,18.0,16.0,14.0,16.0
8,-0.8660254037844384,-0.5000000000000004,4,-0.433883739117558,-0.9009688679024191,27.0,17.0,13.0,18.0,16.0,14.0,16.0,14.0
8,-0.8660254037844384,-0.5000000000000004,5,-0.9749279121818236,-0.2225209339563146,17.0,13.0,18.0,16.0,14.0,16.0,14.0,13.0
8,-0.8660254037844384,-0.5000000000000004,6,-0.7818314824680299,0.6234898018587334,13.0,18.0,16.0,14.0,16.0,14.0,13.0,8.0
8,-0.8660254037844384,-0.5000000000000004,0,0.0,1.0,18.0,16.0,14.0,16.0,14.0,13.0,8.0,20.0
8,-0.8660254037844384,-0.5000000000000004,1,0.7818314824680298,0.6234898018587336,16.0,14.0,16.0,14.0,13.0,8.0,20.0,22.0
8,-0.8660254037844384,-0.5000000000000004,2,0.9749279121818236,-0.2225209339563143,14.0,16.0,14.0,13.0,8.0,20.0,22.0,24.0
8,-0.8660254037844384,-0.5000000000000004,3,0.4338837391175582,-0.900968867902419,16.0,14.0,13.0,8.0,20.0,22.0,24.0,17.0
8,-0.8660254037844384,-0.5000000000000004,4,-0.433883739117558,-0.9009688679024191,14.0,13.0,8.0,20.0,22.0,24.0,17.0,15.0
8,-0.8660254037844384,-0.5000000000000004,5,-0.9749279121818236,-0.2225209339563146,13.0,8.0,20.0,22.0,24.0,17.0,15.0,16.0
8,-0.8660254037844384,-0.5000000000000004,6,-0.7818314824680299,0.6234898018587334,8.0,20.0,22.0,24.0,17.0,15.0,16.0,13.0
8,-0.8660254037844384,-0.5000000000000004,0,0.0,1.0,20.0,22.0,24.0,17.0,15.0,16.0,13.0,14.0
8,-0.8660254037844384,-0.5000000000000004,1,0.7818314824680298,0.6234898018587336,22.0,24.0,17.0,15.0,16.0,13.0,14.0,22.0
8,-0.8660254037844384,-0.5000000000000004,2,0.9749279121818236,-0.2225209339563143,24.0,17.0,15.0,16.0,13.0,14.0,22.0,21.0
8,-0.8660254037844384,-0.5000000000000004,3,0.4338837391175582,-0.900968867902419,17.0,15.0,16.0,13.0,14.0,22.0,21.0,16.0
9,-1.0,-1.8369701987210294e-16,4,-0.433883739117558,-0.9009688679024191,15.0,16.0,13.0,14.0,22.0,21.0,16.0,30.0
9,-1.0,-1.8369701987210294e-16,5,-0.9749279121818236,-0.2225209339563146,16.0,13.0,14.0,22.0,21.0,16.0,30.0,11.0
9,-1.0,-1.8369701987210294e-16,6,-0.7818314824680299,0.6234898018587334,13.0,14.0,22.0,21.0,16.0,30.0,11.0,14.0
9,-1.0,-1.8369701987210294e-16,0,0.0,1.0,14.0,22.0,21.0,16.0,30.0,11.0,14.0,19.0
9,-1.0,-1.8369701987210294e-16,1,0.7818314824680298,0.6234898018587336,22.0,21.0,16.0,30.0,11.0,14.0,19.0,20.0
9,-1.0,-1.8369701987210294e-16,2,0.9749279121818236,-0.2225209339563143,21.0,16.0,30.0,11.0,14.0,19.0,20.0,15.0
9,-1.0,-1.8369701987210294e-16,3,0.4338837391175582,-0.900968867902419,16.0,30.0,11.0,14.0,19.0,20.0,15.0,7.0
9,-1.0,-1.8369701987210294e-16,4,-0.433883739117558,-0.9009688679024191,30.0,11.0,14.0,19.0,20.0,15.0,7.0,18.0
9,-1.0,-1.8369701987210294e-16,5,-0.9749279121818236,-0.2225209339563146,11.0,14.0,19.0,20.0,15.0,7.0,18.0,18.0
9,-1.0,-1.8369701987210294e-16,6,-0.7818314824680299,0.6234898018587334,14.0,19.0,20.0,15.0,7.0,18.0,18.0,9.0
9,-1.0,-1.8369701987210294e-16,0,0.0,1.0,19.0,20.0,15.0,7.0,18.0,18.0,9.0,19.0
9,-1.0,-1.8369701987210294e-16,1,0.7818314824680298,0.6234898018587336,20.0,15.0,7.0,18.0,18.0,9.0,19.0,20.0
9,-1.0,-1.8369701987210294e-16,2,0.9749279121818236,-0.2225209339563143,15.0,7.0,18.0,18.0,9.0,19.0,20.0,16.0
9,-1.0,-1.8369701987210294e-16,3,0.4338837391175582,-0.900968867902419,7.0,18.0,18.0,9.0,19.0,20.0,16.0,25.0
9,-1.0,-1.8369701987210294e-16,4,-0.433883739117558,-0.9009688679024191,18.0,18.0,9.0,19.0,20.0,16.0,25.0,20.0
9,-1.0,-1.8369701987210294e-16,5,-0.9749279121818236,-0.2225209339563146,18.0,9.0,19.0,20.0,16.0,25.0,20.0,19.0
9,-1.0,-1.8369701987210294e-16,6,-0.7818314824680299,0.6234898018587334,9.0,19.0,20.0,16.0,25.0,20.0,19.0,16.0
9,-1.0,-1.8369701987210294e-16,0,0.0,1.0,19.0,20.0,16.0,25.0,20.0,19.0,16.0,22.0
9,-1.0,-1.8369701987210294e-16,1,0.7818314824680298,0.6234898018587336,20.0,16.0,25.0,20.0,19.0,16.0,22.0,23.0
9,-1.0,-1.8369701987210294e-16,2,0.9749279121818236,-0.2225209339563143,16.0,25.0,20.0,19.0,16.0,22.0,23.0,23.0
9,-1.0,-1.8369701987210294e-16,3,0.4338837391175582,-0.900968867902419,25.0,20.0,19.0,16.0,22.0,23.0,23.0,13.0
9,-1.0,-1.8369701987210294e-16,4,-0.433883739117558,-0.9009688679024191,20.0,19.0,16.0,22.0,23.0,23.0,13.0,20.0
9,-1.0,-1.8369701987210294e-16,5,-0.9749279121818236,-0.2225209339563146,19.0,16.0,22.0,23.0,23.0,13.0,20.0,18.0
9,-1.0,-1.8369701987210294e-16,6,-0.7818314824680299,0.6234898018587334,16.0,22.0,23.0,23.0,13.0,20.0,18.0,12.0
9,-1.0,-1.8369701987210294e-16,0,0.0,1.0,22.0,23.0,23.0,13.0,20.0,18.0,12.0,19.0
9,-1.0,-1.8369701987210294e-16,1,0.7818314824680298,0.6234898018587336,23.0,23.0,13.0,20.0,18.0,12.0,19.0,25.0
9,-1.0,-1.8369701987210294e-16,2,0.9749279121818236,-0.2225209339563143,23.0,13.0,20.0,18.0,12.0,19.0,25.0,20.0
9,-1.0,-1.8369701987210294e-16,3,0.4338837391175582,-0.900968867902419,13.0,20.0,18.0,12.0,19.0,25.0,20.0,17.0
9,-1.0,-1.8369701987210294e-16,4,-0.433883739117558,-0.9009688679024191,20.0,18.0,12.0,19.0,25.0,20.0,17.0,16.0
9,-1.0,-1.8369701987210294e-16,5,-0.9749279121818236,-0.2225209339563146,18.0,12.0,19.0,25.0,20.0,17.0,16.0,14.0
10,-0.8660254037844386,0.5000000000000001,6,-0.7818314824680299,0.6234898018587334,12.0,19.0,25.0,20.0,17.0,16.0,14.0,11.0
10,-0.8660254037844386,0.5000000000000001,0,0.0,1.0,19.0,25.0,20.0,17.0,16.0,14.0,11.0,18.0
10,-0.8660254037844386,0.5000000000000001,1,0.7818314824680298,0.6234898018587336,25.0,20.0,17.0,16.0,14.0,11.0,18.0,15.0
10,-0.8660254037844386,0.5000000000000001,2,0.9749279121818236,-0.2225209339563143,20.0,17.0,16.0,14.0,11.0,18.0,15.0,19.0
10,-0.8660254037844386,0.5000000000000001,3,0.4338837391175582,-0.900968867902419,17.0,16.0,14.0,11.0,18.0,15.0,19.0,19.0
10,-0.8660254037844386,0.5000000000000001,4,-0.433883739117558,-0.9009688679024191,16.0,14.0,11.0,18.0,15.0,19.0,19.0,21.0
10,-0.8660254037844386,0.5000000000000001,5,-0.9749279121818236,-0.2225209339563146,14.0,11.0,18.0,15.0,19.0,19.0,21.0,18.0
10,-0.8660254037844386,0.5000000000000001,6,-0.7818314824680299,0.6234898018587334,11.0,18.0,15.0,19.0,19.0,21.0,18.0,8.0
10,-0.8660254037844386,0.5000000000000001,0,0.0,1.0,18.0,15.0,19.0,19.0,21.0,18.0,8.0,17.0
10,-0.8660254037844386,0.5000000000000001,1,0.7818314824680298,0.6234898018587336,15.0,19.0,19.0,21.0,18.0,8.0,17.0,18.0
10,-0.8660254037844386,0.5000000000000001,2,0.9749279121818236,-0.2225209339563143,19.0,19.0,21.0,18.0,8.0,17.0,18.0,25.0
10,-0.8660254037844386,0.5000000000000001,3,0.4338837391175582,-0.900968867902419,19.0,21.0,18.0,8.0,17.0,18.0,25.0,23.0
10,-0.8660254037844386,0.5000000000000001,4,-0.433883739117558,-0.9009688679024191,21.0,18.0,8.0,17.0,18.0,25.0,23.0,18.0
10,-0.8660254037844386,0.5000000000000001,5,-0.9749279121818236,-0.2225209339563146,18.0,8.0,17.0,18.0,25.0,23.0,18.0,23.0
10,-0.8660254037844386,0.5000000000000001,6,-0.7818314824680299,0.6234898018587334,8.0,17.0,18.0,25.0,23.0,18.0,23.0,17.0
10,-0.8660254037844386,0.5000000000000001,0,0.0,1.0,17.0,18.0,25.0,23.0,18.0,23.0,17.0,35.0
10,-0.8660254037844386,0.5000000000000001,1,0.7818314824680298,0.6234898018587336,18.0,25.0,23.0,18.0,23.0,17.0,35.0,24.0
10,-0.8660254037844386,0.5000000000000001,2,0.9749279121818236,-0.2225209339563143,25.0,23.0,18.0,23.0,17.0,35.0,24.0,25.0
10,-0.8660254037844386,0.5000000000000001,3,0.4338837391175582,-0.900968867902419,23.0,18.0,23.0,17.0,35.0,24.0,25.0,22.0
10,-0.8660254037844386,0.5000000000000001,4,-0.433883739117558,-0.9009688679024191,18.0,23.0,17.0,35.0,24.0,25.0,22.0,34.0
10,-0.8660254037844386,0.5000000000000001,5,-0.9749279121818236,-0.2225209339563146,23.0,17.0,35.0,24.0,25.0,22.0,34.0,24.0
10,-0.8660254037844386,0.5000000000000001,6,-0.7818314824680299,0.6234898018587334,17.0,35.0,24.0,25.0,22.0,34.0,24.0,27.0
10,-0.8660254037844386,0.5000000000000001,0,0.0,1.0,35.0,24.0,25.0,22.0,34.0,24.0,27.0,35.0
10,-0.8660254037844386,0.5000000000000001,1,0.7818314824680298,0.6234898018587336,24.0,25.0,22.0,34.0,24.0,27.0,35.0,22.0
10,-0.8660254037844386,0.5000000000000001,2,0.9749279121818236,-0.2225209339563143,25.0,22.0,34.0,24.0,27.0,35.0,22.0,26.0
10,-0.8660254037844386,0.5000000000000001,3,0.4338837391175582,-0.900968867902419,22.0,34.0,24.0,27.0,35.0,22.0,26.0,36.0
10,-0.8660254037844386,0.5000000000000001,4,-0.433883739117558,-0.9009688679024191,34.0,24.0,27.0,35.0,22.0,26.0,36.0,41.0
10,-0.8660254037844386,0.5000000000000001,5,-0.9749279121818236,-0.2225209339563146,24.0,27.0,35.0,22.0,26.0,36.0,41.0,23.0
10,-0.8660254037844386,0.5000000000000001,6,-0.7818314824680299,0.6234898018587334,27.0,35.0,22.0,26.0,36.0,41.0,23.0,13.0
10,-0.8660254037844386,0.5000000000000001,0,0.0,1.0,35.0,22.0,26.0,36.0,41.0,23.0,13.0,24.0
10,-0.8660254037844386,0.5000000000000001,1,0.7818314824680298,0.6234898018587336,22.0,26.0,36.0,41.0,23.0,13.0,24.0,22.0
11,-0.5000000000000004,0.8660254037844384,2,0.9749279121818236,-0.2225209339563143,26.0,36.0,41.0,23.0,13.0,24.0,22.0,29.0
11,-0.5000000000000004,0.8660254037844384,3,0.4338837391175582,-0.900968867902419,36.0,41.0,23.0,13.0,24.0,22.0,29.0,25.0
11,-0.5000000000000004,0.8660254037844384,4,-0.433883739117558,-0.9009688679024191,41.0,23.0,13.0,24.0,22.0,29.0,25.0,39.0
11,-0.5000000000000004,0.8660254037844384,5,-0.9749279121818236,-0.2225209339563146,23.0,13.0,24.0,22.0,29.0,25.0,39.0,33.0
11,-0.5000000000000004,0.8660254037844384,6,-0.7818314824680299,0.6234898018587334,13.0,24.0,22.0,29.0,25.0,39.0,33.0,25.0
11,-0.5000000000000004,0.8660254037844384,0,0.0,1.0,24.0,22.0,29.0,25.0,39.0,33.0,25.0,38.0
11,-0.5000000000000004,0.8660254037844384,1,0.7818314824680298,0.6234898018587336,22.0,29.0,25.0,39.0,33.0,25.0,38.0,48.0
11,-0.5000000000000004,0.8660254037844384,2,0.9749279121818236,-0.2225209339563143,29.0,25.0,39.0,33.0,25.0,38.0,48.0,13.0
11,-0.5000000000000004,0.8660254037844384,3,0.4338837391175582,-0.900968867902419,25.0,39.0,33.0,25.0,38.0,48.0,13.0,20.0
11,-0.5000000000000004,0.8660254037844384,4,-0.433883739117558,-0.9009688679024191,39.0,33.0,25.0,38.0,48.0,13.0,20.0,28.0
11,-0.5000000000000004,0.8660254037844384,5,-0.9749279121818236,-0.2225209339563146,33.0,25.0,38.0,48.0,13.0,20.0,28.0,21.0
11,-0.5000000000000004,0.8660254037844384,6,-0.7818314824680299,0.6234898018587334,25.0,38.0,48.0,13.0,20.0,28.0,21.0,23.0
11,-0.5000000000000004,0.8660254037844384,0,0.0,1.0,38.0,48.0,13.0,20.0,28.0,21.0,23.0,28.0
11,-0.5000000000000004,0.8660254037844384,1,0.7818314824680298,0.6234898018587336,48.0,13.0,20.0,28.0,21.0,23.0,28.0,24.0
11,-0.5000000000000004,0.8660254037844384,2,0.9749279121818236,-0.2225209339563143,13.0,20.0,28.0,21.0,23.0,28.0,24.0,31.0
11,-0.5000000000000004,0.8660254037844384,3,0.4338837391175582,-0.900968867902419,20.0,28.0,21.0,23.0,28.0,24.0,31.0,33.0
11,-0.5000000000000004,0.8660254037844384,4,-0.433883739117558,-0.9009688679024191,28.0,21.0,23.0,28.0,24.0,31.0,33.0,41.0
11,-0.5000000000000004,0.8660254037844384,5,-0.9749279121818236,-0.2225209339563146,21.0,23.0,28.0,24.0,31.0,33.0,41.0,26.0
11,-0.5000000000000004,0.8660254037844384,6,-0.7818314824680299,0.6234898018587334,23.0,28.0,24.0,31.0,33.0,41.0,26.0,36.0
11,-0.5000000000000004,0.8660254037844384,0,0.0,1.0,28.0,24.0,31.0,33.0,41.0,26.0,36.0,35.0
11,-0.5000000000000004,0.8660254037844384,1,0.7818314824680298,0.6234898018587336,24.0,31.0,33.0,41.0,26.0,36.0,35.0,33.0
11,-0.5000000000000004,0.8660254037844384,2,0.9749279121818236,-0.2225209339563143,31.0,33.0,41.0,26.0,36.0,35.0,33.0,19.0
11,-0.5000000000000004,0.8660254037844384,3,0.4338837391175582,-0.900968867902419,33.0,41.0,26.0,36.0,35.0,33.0,19.0,25.0
11,-0.5000000000000004,0.8660254037844384,4,-0.433883739117558,-0.9009688679024191,41.0,26.0,36.0,35.0,33.0,19.0,25.0,31.0
11,-0.5000000000000004,0.8660254037844384,5,-0.9749279121818236,-0.2225209339563146,26.0,36.0,35.0,33.0,19.0,25.0,31.0,24.0
11,-0.5000000000000004,0.8660254037844384,6,-0.7818314824680299,0.6234898018587334,36.0,35.0,33.0,19.0,25.0,31.0,24.0,24.0
11,-0.5000000000000004,0.8660254037844384,0,0.0,1.0,35.0,33.0,19.0,25.0,31.0,24.0,24.0,24.0
11,-0.5000000000000004,0.8660254037844384,1,0.7818314824680298,0.6234898018587336,33.0,19.0,25.0,31.0,24.0,24.0,24.0,30.0
11,-0.5000000000000004,0.8660254037844384,2,0.9749279121818236,-0.2225209339563143,19.0,25.0,31.0,24.0,24.0,24.0,30.0,29.0
11,-0.5000000000000004,0.8660254037844384,3,0.4338837391175582,-0.900968867902419,25.0,31.0,24.0,24.0,24.0,30.0,29.0,45.0
12,-2.4492935982947064e-16,1.0,4,-0.433883739117558,-0.9009688679024191,31.0,24.0,24.0,24.0,30.0,29.0,45.0,36.0
12,-2.4492935982947064e-16,1.0,5,-0.9749279121818236,-0.2225209339563146,24.0,24.0,24.0,30.0,29.0,45.0,36.0,39.0
12,-2.4492935982947064e-16,1.0,6,-0.7818314824680299,0.6234898018587334,24.0,24.0,30.0,29.0,45.0,36.0,39.0,26.0
12,-2.4492935982947064e-16,1.0,0,0.0,1.0,24.0,30.0,29.0,45.0,36.0,39.0,26.0,34.0
12,-2.4492935982947064e-16,1.0,1,0.7818314824680298,0.6234898018587336,30.0,29.0,45.0,36.0,39.0,26.0,34.0,28.0
12,-2.4492935982947064e-16,1.0,2,0.9749279121818236,-0.2225209339563143,29.0,45.0,36.0,39.0,26.0,34.0,28.0,39.0
12,-2.4492935982947064e-16,1.0,3,0.4338837391175582,-0.900968867902419,45.0,36.0,39.0,26.0,34.0,28.0,39.0,28.0
12,-2.4492935982947064e-16,1.0,4,-0.433883739117558,-0.9009688679024191,36.0,39.0,26.0,34.0,28.0,39.0,28.0,20.0
12,-2.4492935982947064e-16,1.0,5,-0.9749279121818236,-0.2225209339563146,39.0,26.0,34.0,28.0,39.0,28.0,20.0,16.0
12,-2.4492935982947064e-16,1.0,6,-0.7818314824680299,0.6234898018587334,26.0,34.0,28.0,39.0,28.0,20.0,16.0,15.0
12,-2.4492935982947064e-16,1.0,0,0.0,1.0,34.0,28.0,39.0,28.0,20.0,16.0,15.0,16.0
12,-2.4492935982947064e-16,1.0,1,0.7818314824680298,0.6234898018587336,28.0,39.0,28.0,20.0,16.0,15.0,16.0,19.0
12,-2.4492935982947064e-16,1.0,2,0.9749279121818236,-0.2225209339563143,39.0,28.0,20.0,16.0,15.0,16.0,19.0,19.0
12,-2.4492935982947064e-16,1.0,3,0.4338837391175582,-0.900968867902419,28.0,20.0,16.0,15.0,16.0,19.0,19.0,28.0
12,-2.4492935982947064e-16,1.0,4,-0.433883739117558,-0.9009688679024191,20.0,16.0,15.0,16.0,19.0,19.0,28.0,33.0
12,-2.4492935982947064e-16,1.0,5,-0.9749279121818236,-0.2225209339563146,16.0,15.0,16.0,19.0,19.0,28.0,33.0,29.0
12,-2.4492935982947064e-16,1.0,6,-0.7818314824680299,0.6234898018587334,15.0,16.0,19.0,19.0,28.0,33.0,29.0,21.0
12,-2.4492935982947064e-16,1.0,0,0.0,1.0,16.0,19.0,19.0,28.0,33.0,29.0,21.0,18.0
12,-2.4492935982947064e-16,1.0,1,0.7818314824680298,0.6234898018587336,19.0,19.0,28.0,33.0,29.0,21.0,18.0,26.0
12,-2.4492935982947064e-16,1.0,2,0.9749279121818236,-0.2225209339563143,19.0,28.0,33.0,29.0,21.0,18.0,26.0,24.0
12,-2.4492935982947064e-16,1.0,3,0.4338837391175582,-0.900968867902419,28.0,33.0,29.0,21.0,18.0,26.0,24.0,14.0
12,-2.4492935982947064e-16,1.0,4,-0.433883739117558,-0.9009688679024191,33.0,29.0,21.0,18.0,26.0,24.0,14.0,23.0
12,-2.4492935982947064e-16,1.0,5,-0.9749279121818236,-0.2225209339563146,29.0,21.0,18.0,26.0,24.0,14.0,23.0,26.0
12,-2.4492935982947064e-16,1.0,6,-0.7818314824680299,0.6234898018587334,21.0,18.0,26.0,24.0,14.0,23.0,26.0,19.0
12,-2.4492935982947064e-16,1.0,0,0.0,1.0,18.0,26.0,24.0,14.0,23.0,26.0,19.0,30.0
12,-2.4492935982947064e-16,1.0,1,0.7818314824680298,0.6234898018587336,26.0,24.0,14.0,23.0,26.0,19.0,30.0,29.0
12,-2.4492935982947064e-16,1.0,2,0.9749279121818236,-0.2225209339563143,24.0,14.0,23.0,26.0,19.0,30.0,29.0,33.0
12,-2.4492935982947064e-16,1.0,3,0.4338837391175582,-0.900968867902419,14.0,23.0,26.0,19.0,30.0,29.0,33.0,39.0
12,-2.4492935982947064e-16,1.0,4,-0.433883739117558,-0.9009688679024191,23.0,26.0,19.0,30.0,29.0,33.0,39.0,49.0
12,-2.4492935982947064e-16,1.0,5,-0.9749279121818236,-0.2225209339563146,26.0,19.0,30.0,29.0,33.0,39.0,49.0,46.0
12,-2.4492935982947064e-16,1.0,6,-0.7818314824680299,0.6234898018587334,19.0,30.0,29.0,33.0,39.0,49.0,46.0,39.5
1,0.4999999999999999,0.8660254037844387,0,0.0,1.0,30.0,29.0,33.0,39.0,49.0,46.0,39.5,33.0
1,0.4999999999999999,0.8660254037844387,1,0.7818314824680298,0.6234898018587336,29.0,33.0,39.0,49.0,46.0,39.5,33.0,26.5
1,0.4999999999999999,0.8660254037844387,2,0.9749279121818236,-0.2225209339563143,33.0,39.0,49.0,46.0,39.5,33.0,26.5,20.0
1,0.4999999999999999,0.8660254037844387,3,0.4338837391175582,-0.900968867902419,39.0,49.0,46.0,39.5,33.0,26.5,20.0,20.0
1,0.4999999999999999,0.8660254037844387,4,-0.433883739117558,-0.9009688679024191,49.0,46.0,39.5,33.0,26.5,20.0,20.0,18.0
1,0.4999999999999999,0.8660254037844387,5,-0.9749279121818236,-0.2225209339563146,46.0,39.5,33.0,26.5,20.0,20.0,18.0,17.0
1,0.4999999999999999,0.8660254037844387,6,-0.7818314824680299,0.6234898018587334,39.5,33.0,26.5,20.0,20.0,18.0,17.0,9.0
1,0.4999999999999999,0.8660254037844387,0,0.0,1.0,33.0,26.5,20.0,20.0,18.0,17.0,9.0,20.0
1,0.4999999999999999,0.8660254037844387,1,0.7818314824680298,0.6234898018587336,26.5,20.0,20.0,18.0,17.0,9.0,20.0,29.0
1,0.4999999999999999,0.8660254037844387,2,0.9749279121818236,-0.2225209339563143,20.0,20.0,18.0,17.0,9.0,20.0,29.0,19.0
1,0.4999999999999999,0.8660254037844387,3,0.4338837391175582,-0.900968867902419,20.0,18.0,17.0,9.0,20.0,29.0,19.0,23.0
1,0.4999999999999999,0.8660254037844387,4,-0.433883739117558,-0.9009688679024191,18.0,17.0,9.0,20.0,29.0,19.0,23.0,22.0
1,0.4999999999999999,0.8660254037844387,5,-0.9749279121818236,-0.2225209339563146,17.0,9.0,20.0,29.0,19.0,23.0,22.0,15.0
1,0.4999999999999999,0.8660254037844387,6,-0.7818314824680299,0.6234898018587334,9.0,20.0,29.0,19.0,23.0,22.0,15.0,17.0
1,0.4999999999999999,0.8660254037844387,0,0.0,1.0,20.0,29.0,19.0,23.0,22.0,15.0,17.0,27.0
1,0.4999999999999999,0.8660254037844387,1,0.7818314824680298,0.6234898018587336,29.0,19.0,23.0,22.0,15.0,17.0,27.0,24.0
1,0.4999999999999999,0.8660254037844387,2,0.9749279121818236,-0.2225209339563143,19.0,23.0,22.0,15.0,17.0,27.0,24.0,17.0
1,0.4999999999999999,0.8660254037844387,3,0.4338837391175582,-0.900968867902419,23.0,22.0,15.0,17.0,27.0,24.0,17.0,28.0
1,0.4999999999999999,0.8660254037844387,4,-0.433883739117558,-0.9009688679024191,22.0,15.0,17.0,27.0,24.0,17.0,28.0,25.0
1,0.4999999999999999,0.8660254037844387,5,-0.9749279121818236,-0.2225209339563146,15.0,17.0,27.0,24.0,17.0,28.0,25.0,9.0
1,0.4999999999999999,0.8660254037844387,6,-0.7818314824680299,0.6234898018587334,17.0,27.0,24.0,17.0,28.0,25.0,9.0,3.0
1,0.4999999999999999,0.8660254037844387,0,0.0,1.0,27.0,24.0,17.0,28.0,25.0,9.0,3.0,19.0
1,0.4999999999999999,0.8660254037844387,1,0.7818314824680298,0.6234898018587336,24.0,17.0,28.0,25.0,9.0,3.0,19.0,23.0
1,0.4999999999999999,0.8660254037844387,2,0.9749279121818236,-0.2225209339563143,17.0,28.0,25.0,9.0,3.0,19.0,23.0,23.0
1,0.4999999999999999,0.8660254037844387,3,0.4338837391175582,-0.900968867902419,28.0,25.0,9.0,3.0,19.0,23.0,23.0,18.0
1,0.4999999999999999,0.8660254037844387,4,-0.433883739117558,-0.9009688679024191,25.0,9.0,3.0,19.0,23.0,23.0,18.0,22.0
1,0.4999999999999999,0.8660254037844387,5,-0.9749279121818236,-0.2225209339563146,9.0,3.0,19.0,23.0,23.0,18.0,22.0,22.0
1,0.4999999999999999,0.8660254037844387,6,-0.7818314824680299,0.6234898018587334,3.0,19.0,23.0,23.0,18.0,22.0,22.0,14.0
1,0.4999999999999999,0.8660254037844387,0,0.0,1.0,19.0,23.0,23.0,18.0,22.0,22.0,14.0,21.0
1,0.4999999999999999,0.8660254037844387,1,0.7818314824680298,0.6234898018587336,23.0,23.0,18.0,22.0,22.0,14.0,21.0,26.0
1,0.4999999999999999,0.8660254037844387,2,0.9749279121818236,-0.2225209339563143,23.0,18.0,22.0,22.0,14.0,21.0,26.0,24.0
2,0.8660254037844386,0.5000000000000001,3,0.4338837391175582,-0.900968867902419,18.0,22.0,22.0,14.0,21.0,26.0,24.0,24.0
2,0.8660254037844386,0.5000000000000001,4,-0.433883739117558,-0.9009688679024191,22.0,22.0,14.0,21.0,26.0,24.0,24.0,33.0
2,0.8660254037844386,0.5000000000000001,5,-0.9749279121818236,-0.2225209339563146,22.0,14.0,21.0,26.0,24.0,24.0,33.0,27.0
2,0.8660254037844386,0.5000000000000001,6,-0.7818314824680299,0.6234898018587334,14.0,21.0,26.0,24.0,24.0,33.0,27.0,15.0
2,0.8660254037844386,0.5000000000000001,0,0.0,1.0,21.0,26.0,24.0,24.0,33.0,27.0,15.0,24.0
2,0.8660254037844386,0.5000000000000001,1,0.7818314824680298,0.6234898018587336,26.0,24.0,24.0,33.0,27.0,15.0,24.0,18.0
2,0.8660254037844386,0.5000000000000001,2,0.9749279121818236,-0.2225209339563143,24.0,24.0,33.0,27.0,15.0,24.0,18.0,31.0
2,0.8660254037844386,0.5000000000000001,3,0.4338837391175582,-0.900968867902419,24.0,33.0,27.0,15.0,24.0,18.0,31.0,26.0
2,0.8660254037844386,0.5000000000000001,4,-0.433883739117558,-0.9009688679024191,33.0,27.0,15.0,24.0,18.0,31.0,26.0,28.0
2,0.8660254037844386,0.5000000000000001,5,-0.9749279121818236,-0.2225209339563146,27.0,15.0,24.0,18.0,31.0,26.0,28.0,27.0
2,0.8660254037844386,0.5000000000000001,6,-0.7818314824680299,0.6234898018587334,15.0,24.0,18.0,31.0,26.0,28.0,27.0,13.0
2,0.8660254037844386,0.5000000000000001,0,0.0,1.0,24.0,18.0,31.0,26.0,28.0,27.0,13.0,28.0
2,0.8660254037844386,0.5000000000000001,1,0.7818314824680298,0.6234898018587336,18.0,31.0,26.0,28.0,27.0,13.0,28.0,26.0
2,0.8660254037844386,0.5000000000000001,2,0.9749279121818236,-0.2225209339563143,31.0,26.0,28.0,27.0,13.0,28.0,26.0,28.0
2,0.8660254037844386,0.5000000000000001,3,0.4338837391175582,-0.900968867902419,26.0,28.0,27.0,13.0,28.0,26.0,28.0,25.0
2,0.8660254037844386,0.5000000000000001,4,-0.433883739117558,-0.9009688679024191,28.0,27.0,13.0,28.0,26.0,28.0,25.0,19.0
2,0.8660254037844386,0.5000000000000001,5,-0.9749279121818236,-0.2225209339563146,27.0,13.0,28.0,26.0,28.0,25.0,19.0,33.0
2,0.8660254037844386,0.5000000000000001,6,-0.7818314824680299,0.6234898018587334,13.0,28.0,26.0,28.0,25.0,19.0,33.0,19.0
2,0.8660254037844386,0.5000000000000001,0,0.0,1.0,28.0,26.0,28.0,25.0,19.0,33.0,19.0,22.0
2,0.8660254037844386,0.5000000000000001,1,0.7818314824680298,0.6234898018587336,26.0,28.0,25.0,19.0,33.0,19.0,22.0,24.0
2,0.8660254037844386,0.5000000000000001,2,0.9749279121818236,-0.2225209339563143,28.0,25.0,19.0,33.0,19.0,22.0,24.0,28.0
2,0.8660254037844386,0.5000000000000001,3,0.4338837391175582,-0.900968867902419,25.0,19.0,33.0,19.0,22.0,24.0,28.0,30.0
2,0.8660254037844386,0.5000000000000001,4,-0.433883739117558,-0.9009688679024191,19.0,33.0,19.0,22.0,24.0,28.0,30.0,30.0
2,0.8660254037844386,0.5000000000000001,5,-0.9749279121818236,-0.2225209339563146,33.0,19.0,22.0,24.0,28.0,30.0,30.0,24.0
2,0.8660254037844386,0.5000000000000001,6,-0.7818314824680299,0.6234898018587334,19.0,22.0,24.0,28.0,30.0,30.0,24.0,21.0
2,0.8660254037844386,0.5000000000000001,0,0.0,1.0,22.0,24.0,28.0,30.0,30.0,24.0,21.0,37.0
2,0.8660254037844386,0.5000000000000001,1,0.7818314824680298,0.6234898018587336,24.0,28.0,30.0,30.0,24.0,21.0,37.0,28.0
2,0.8660254037844386,0.5000000000000001,2,0.9749279121818236,-0.2225209339563143,28.0,30.0,30.0,24.0,21.0,37.0,28.0,32.0
2,0.8660254037844386,0.5000000000000001,3,0.4338837391175582,-0.900968867902419,30.0,30.0,24.0,21.0,37.0,28.0,32.0,35.0
3,1.0,6.123233995736766e-17,4,-0.433883739117558,-0.9009688679024191,30.0,24.0,21.0,37.0,28.0,32.0,35.0,37.0
3,1.0,6.123233995736766e-17,5,-0.9749279121818236,-0.2225209339563146,24.0,21.0,37.0,28.0,32.0,35.0,37.0,26.0
3,1.0,6.123233995736766e-17,6,-0.7818314824680299,0.6234898018587334,21.0,37.0,28.0,32.0,35.0,37.0,26.0,21.0
3,1.0,6.123233995736766e-17,0,0.0,1.0,37.0,28.0,32.0,35.0,37.0,26.0,21.0,30.0
3,1.0,6.123233995736766e-17,1,0.7818314824680298,0.6234898018587336,28.0,32.0,35.0,37.0,26.0,21.0,30.0,36.0
3,1.0,6.123233995736766e-17,2,0.9749279121818236,-0.2225209339563143,32.0,35.0,37.0,26.0,21.0,30.0,36.0,39.0
3,1.0,6.123233995736766e-17,3,0.4338837391175582,-0.900968867902419,35.0,37.0,26.0,21.0,30.0,36.0,39.0,50.0
3,1.0,6.123233995736766e-17,4,-0.433883739117558,-0.9009688679024191,37.0,26.0,21.0,30.0,36.0,39.0,50.0,27.0
3,1.0,6.123233995736766e-17,5,-0.9749279121818236,-0.2225209339563146,26.0,21.0,30.0,36.0,39.0,50.0,27.0,16.0
3,1.0,6.123233995736766e-17,6,-0.7818314824680299,0.6234898018587334,21.0,30.0,36.0,39.0,50.0,27.0,16.0,22.0
3,1.0,6.123233995736766e-17,0,0.0,1.0,30.0,36.0,39.0,50.0,27.0,16.0,22.0,44.0
3,1.0,6.123233995736766e-17,1,0.7818314824680298,0.6234898018587336,36.0,39.0,50.0,27.0,16.0,22.0,44.0,32.0
3,1.0,6.123233995736766e-17,2,0.9749279121818236,-0.2225209339563143,39.0,50.0,27.0,16.0,22.0,44.0,32.0,36.0
3,1.0,6.123233995736766e-17,3,0.4338837391175582,-0.900968867902419,50.0,27.0,16.0,22.0,44.0,32.0,36.0,32.0
3,1.0,6.123233995736766e-17,4,-0.433883739117558,-0.9009688679024191,27.0,16.0,22.0,44.0,32.0,36.0,32.0,44.0
3,1.0,6.123233995736766e-17,5,-0.9749279121818236,-0.2225209339563146,16.0,22.0,44.0,32.0,36.0,32.0,44.0,33.0
3,1.0,6.123233995736766e-17,6,-0.7818314824680299,0.6234898018587334,22.0,44.0,32.0,36.0,32.0,44.0,33.0,22.0
3,1.0,6.123233995736766e-17,0,0.0,1.0,44.0,32.0,36.0,32.0,44.0,33.0,22.0,37.0
3,1.0,6.123233995736766e-17,1,0.7818314824680298,0.6234898018587336,32.0,36.0,32.0,44.0,33.0,22.0,37.0,31.0
3,1.0,6.123233995736766e-17,2,0.9749279121818236,-0.2225209339563143,36.0,32.0,44.0,33.0,22.0,37.0,31.0,38.0
3,1.0,6.123233995736766e-17,3,0.4338837391175582,-0.900968867902419,32.0,44.0,33.0,22.0,37.0,31.0,38.0,40.0
3,1.0,6.123233995736766e-17,4,-0.433883739117558,-0.9009688679024191,44.0,33.0,22.0,37.0,31.0,38.0,40.0,39.0
3,1.0,6.123233995736766e-17,5,-0.9749279121818236,-0.2225209339563146,33.0,22.0,37.0,31.0,38.0,40.0,39.0,28.0
3,1.0,6.123233995736766e-17,6,-0.7818314824680299,0.6234898018587334,22.0,37.0,31.0,38.0,40.0,39.0,28.0,21.0
3,1.0,6.123233995736766e-17,0,0.0,1.0,37.0,31.0,38.0,40.0,39.0,28.0,21.0,23.0
3,1.0,6.123233995736766e-17,1,0.7818314824680298,0.6234898018587336,31.0,38.0,40.0,39.0,28.0,21.0,23.0,28.0
3,1.0,6.123233995736766e-17,2,0.9749279121818236,-0.2225209339563143,38.0,40.0,39.0,28.0,21.0,23.0,28.0,21.0
3,1.0,6.123233995736766e-17,3,0.4338837391175582,-0.900968867902419,40.0,39.0,28.0,21.0,23.0,28.0,21.0,28.0
3,1.0,6.123233995736766e-17,4,-0.433883739117558,-0.9009688679024191,39.0,28.0,21.0,23.0,28.0,21.0,28.0,43.0
3,1.0,6.123233995736766e-17,5,-0.9749279121818236,-0.2225209339563146,28.0,21.0,23.0,28.0,21.0,28.0,43.0,22.0
3,1.0,6.123233995736766e-17,6,-0.7818314824680299,0.6234898018587334,21.0,23.0,28.0,21.0,28.0,43.0,22.0,17.0
4,0.8660254037844387,-0.4999999999999998,0,0.0,1.0,23.0,28.0,21.0,28.0,43.0,22.0,17.0,37.0
4,0.8660254037844387,-0.4999999999999998,1,0.7818314824680298,0.6234898018587336,28.0,21.0,28.0,43.0,22.0,17.0,37.0,35.0
4,0.8660254037844387,-0.4999999999999998,2,0.9749279121818236,-0.2225209339563143,21.0,28.0,43.0,22.0,17.0,37.0,35.0,41.0
4,0.8660254037844387,-0.4999999999999998,3,0.4338837391175582,-0.900968867902419,28.0,43.0,22.0,17.0,37.0,35.0,41.0,37.0
4,0.8660254037844387,-0.4999999999999998,4,-0.433883739117558,-0.9009688679024191,43.0,22.0,17.0,37.0,35.0,41.0,37.0,26.0
4,0.8660254037844387,-0.4999999999999998,5,-0.9749279121818236,-0.2225209339563146,22.0,17.0,37.0,35.0,41.0,37.0,26.0,30.0
4,0.8660254037844387,-0.4999999999999998,6,-0.7818314824680299,0.6234898018587334,17.0,37.0,35.0,41.0,37.0,26.0,30.0,18.0
4,0.8660254037844387,-0.4999999999999998,0,0.0,1.0,37.0,35.0,41.0,37.0,26.0,30.0,18.0,32.0
4,0.8660254037844387,-0.4999999999999998,1,0.7818314824680298,0.6234898018587336,35.0,41.0,37.0,26.0,30.0,18.0,32.0,31.0
4,0.8660254037844387,-0.4999999999999998,2,0.9749279121818236,-0.2225209339563143,41.0,37.0,26.0,30.0,18.0,32.0,31.0,42.0
4,0.8660254037844387,-0.4999999999999998,3,0.4338837391175582,-0.900968867902419,37.0,26.0,30.0,18.0,32.0,31.0,42.0,41.0
4,0.8660254037844387,-0.4999999999999998,4,-0.433883739117558,-0.9009688679024191,26.0,30.0,18.0,32.0,31.0,42.0,41.0,37.0
4,0.8660254037844387,-0.4999999999999998,5,-0.9749279121818236,-0.2225209339563146,30.0,18.0,32.0,31.0,42.0,41.0,37.0,35.0
4,0.8660254037844387,-0.4999999999999998,6,-0.7818314824680299,0.6234898018587334,18.0,32.0,31.0,42.0,41.0,37.0,35.0,25.0
4,0.8660254037844387,-0.4999999999999998,0,0.0,1.0,32.0,31.0,42.0,41.0,37.0,35.0,25.0,36.0
4,0.8660254037844387,-0.4999999999999998,1,0.7818314824680298,0.6234898018587336,31.0,42.0,41.0,37.0,35.0,25.0,36.0,21.0
4,0.8660254037844387,-0.4999999999999998,2,0.9749279121818236,-0.2225209339563143,42.0,41.0,37.0,35.0,25.0,36.0,21.0,36.0
4,0.8660254037844387,-0.4999999999999998,3,0.4338837391175582,-0.900968867902419,41.0,37.0,35.0,25.0,36.0,21.0,36.0,27.0
4,0.8660254037844387,-0.4999999999999998,4,-0.433883739117558,-0.9009688679024191,37.0,35.0,25.0,36.0,21.0,36.0,27.0,46.0
4,0.8660254037844387,-0.4999999999999998,5,-0.9749279121818236,-0.2225209339563146,35.0,25.0,36.0,21.0,36.0,27.0,46.0,25.0
4,0.8660254037844387,-0.4999999999999998,6,-0.7818314824680299,0.6234898018587334,25.0,36.0,21.0,36.0,27.0,46.0,25.0,29.0
4,0.8660254037844387,-0.4999999999999998,0,0.0,1.0,36.0,21.0,36.0,27.0,46.0,25.0,29.0,31.0
4,0.8660254037844387,-0.4999999999999998,1,0.7818314824680298,0.6234898018587336,21.0,36.0,27.0,46.0,25.0,29.0,31.0,34.0
4,0.8660254037844387,-0.4999999999999998,2,0.9749279121818236,-0.2225209339563143,36.0,27.0,46.0,25.0,29.0,31.0,34.0,13.0
4,0.8660254037844387,-0.4999999999999998,3,0.4338837391175582,-0.900968867902419,27.0,46.0,25.0,29.0,31.0,34.0,13.0,25.0
4,0.8660254037844387,-0.4999999999999998,4,-0.433883739117558,-0.9009688679024191,46.0,25.0,29.0,31.0,34.0,13.0,25.0,28.0
4,0.8660254037844387,-0.4999999999999998,5,-0.9749279121818236,-0.2225209339563146,25.0,29.0,31.0,34.0,13.0,25.0,28.0,37.0
4,0.8660254037844387,-0.4999999999999998,6,-0.7818314824680299,0.6234898018587334,29.0,31.0,34.0,13.0,25.0,28.0,37.0,21.0
4,0.8660254037844387,-0.4999999999999998,0,0.0,1.0,31.0,34.0,13.0,25.0,28.0,37.0,21.0,20.0
4,0.8660254037844387,-0.4999999999999998,1,0.7818314824680298,0.6234898018587336,34.0,13.0,25.0,28.0,37.0,21.0,20.0,15.0
5,0.4999999999999999,-0.8660254037844387,2,0.9749279121818236,-0.2225209339563143,13.0,25.0,28.0,37.0,21.0,20.0,15.0,8.0
5,0.4999999999999999,-0.8660254037844387,3,0.4338837391175582,-0.900968867902419,25.0,28.0,37.0,21.0,20.0,15.0,8.0,17.0
5,0.4999999999999999,-0.8660254037844387,4,-0.433883739117558,-0.9009688679024191,28.0,37.0,21.0,20.0,15.0,8.0,17.0,22.0
5,0.4999999999999999,-0.8660254037844387,5,-0.9749279121818236,-0.2225209339563146,37.0,21.0,20.0,15.0,8.0,17.0,22.0,16.0
5,0.4999999999999999,-0.8660254037844387,6,-0.7818314824680299,0.6234898018587334,21.0,20.0,15.0,8.0,17.0,22.0,16.0,19.0
5,0.4999999999999999,-0.8660254037844387,0,0.0,1.0,20.0,15.0,8.0,17.0,22.0,16.0,19.0,19.0
5,0.4999999999999999,-0.8660254037844387,1,0.7818314824680298,0.6234898018587336,15.0,8.0,17.0,22.0,16.0,19.0,19.0,21.0
5,0.4999999999999999,-0.8660254037844387,2,0.9749279121818236,-0.2225209339563143,8.0,17.0,22.0,16.0,19.0,19.0,21.0,23.0
5,0.4999999999999999,-0.8660254037844387,3,0.4338837391175582,-0.900968867902419,17.0,22.0,16.0,19.0,19.0,21.0,23.0,19.0
5,0.4999999999999999,-0.8660254037844387,4,-0.433883739117558,-0.9009688679024191,22.0,16.0,19.0,19.0,21.0,23.0,19.0,19.0
5,0.4999999999999999,-0.8660254037844387,5,-0.9749279121818236,-0.2225209339563146,16.0,19.0,19.0,21.0,23.0,19.0,19.0,14.0
5,0.4999999999999999,-0.8660254037844387,6,-0.7818314824680299,0.6234898018587334,19.0,19.0,21.0,23.0,19.0,19.0,14.0,11.0
5,0.4999999999999999,-0.8660254037844387,0,0.0,1.0,19.0,21.0,23.0,19.0,19.0,14.0,11.0,29.0
5,0.4999999999999999,-0.8660254037844387,1,0.7818314824680298,0.6234898018587336,21.0,23.0,19.0,19.0,14.0,11.0,29.0,37.0
5,0.4999999999999999,-0.8660254037844387,2,0.9749279121818236,-0.2225209339563143,23.0,19.0,19.0,14.0,11.0,29.0,37.0,32.0
5,0.4999999999999999,-0.8660254037844387,3,0.4338837391175582,-0.900968867902419,19.0,19.0,14.0,11.0,29.0,37.0,32.0,45.0
5,0.4999999999999999,-0.8660254037844387,4,-0.433883739117558,-0.9009688679024191,19.0,14.0,11.0,29.0,37.0,32.0,45.0,27.0
5,0.4999999999999999,-0.8660254037844387,5,-0.9749279121818236,-0.2225209339563146,14.0,11.0,29.0,37.0,32.0,45.0,27.0,20.0
5,0.4999999999999999,-0.8660254037844387,6,-0.7818314824680299,0.6234898018587334,11.0,29.0,37.0,32.0,45.0,27.0,20.0,18.0
5,0.4999999999999999,-0.8660254037844387,0,0.0,1.0,29.0,37.0,32.0,45.0,27.0,20.0,18.0,32.0
5,0.4999999999999999,-0.8660254037844387,1,0.7818314824680298,0.6234898018587336,37.0,32.0,45.0,27.0,20.0,18.0,32.0,20.0
5,0.4999999999999999,-0.8660254037844387,2,0.9749279121818236,-0.2225209339563143,32.0,45.0,27.0,20.0,18.0,32.0,20.0,29.0
5,0.4999999999999999,-0.8660254037844387,3,0.4338837391175582,-0.900968867902419,45.0,27.0,20.0,18.0,32.0,20.0,29.0,27.0
5,0.4999999999999999,-0.8660254037844387,4,-0.433883739117558,-0.9009688679024191,27.0,20.0,18.0,32.0,20.0,29.0,27.0,21.0
5,0.4999999999999999,-0.8660254037844387,5,-0.9749279121818236,-0.2225209339563146,20.0,18.0,32.0,20.0,29.0,27.0,21.0,25.0
5,0.4999999999999999,-0.8660254037844387,6,-0.7818314824680299,0.6234898018587334,18.0,32.0,20.0,29.0,27.0,21.0,25.0,14.0
5,0.4999999999999999,-0.8660254037844387,0,0.0,1.0,32.0,20.0,29.0,27.0,21.0,25.0,14.0,33.0
5,0.4999999999999999,-0.8660254037844387,1,0.7818314824680298,0.6234898018587336,20.0,29.0,27.0,21.0,25.0,14.0,33.0,22.0
5,0.4999999999999999,-0.8660254037844387,2,0.9749279121818236,-0.2225209339563143,29.0,27.0,21.0,25.0,14.0,33.0,22.0,17.0
5,0.4999999999999999,-0.8660254037844387,3,0.4338837391175582,-0.900968867902419,27.0,21.0,25.0,14.0,33.0,22.0,17.0,27.0
5,0.4999999999999999,-0.8660254037844387,4,-0.433883739117558,-0.9009688679024191,21.0,25.0,14.0,33.0,22.0,17.0,27.0,29.0
6,1.2246467991473532e-16,-1.0,5,-0.9749279121818236,-0.2225209339563146,25.0,14.0,33.0,22.0,17.0,27.0,29.0,21.0
6,1.2246467991473532e-16,-1.0,6,-0.7818314824680299,0.6234898018587334,14.0,33.0,22.0,17.0,27.0,29.0,21.0,13.0
6,1.2246467991473532e-16,-1.0,0,0.0,1.0,33.0,22.0,17.0,27.0,29.0,21.0,13.0,14.0
6,1.2246467991473532e-16,-1.0,1,0.7818314824680298,0.6234898018587336,22.0,17.0,27.0,29.0,21.0,13.0,14.0,20.0
6,1.2246467991473532e-16,-1.0,2,0.9749279121818236,-0.2225209339563143,17.0,27.0,29.0,21.0,13.0,14.0,20.0,17.0
6,1.2246467991473532e-16,-1.0,3,0.4338837391175582,-0.900968867902419,27.0,29.0,21.0,13.0,14.0,20.0,17.0,20.0
6,1.2246467991473532e-16,-1.0,4,-0.433883739117558,-0.9009688679024191,29.0,21.0,13.0,14.0,20.0,17.0,20.0,15.0
6,1.2246467991473532e-16,-1.0,5,-0.9749279121818236,-0.2225209339563146,21.0,13.0,14.0,20.0,17.0,20.0,15.0,20.0
6,1.2246467991473532e-16,-1.0,6,-0.7818314824680299,0.6234898018587334,13.0,14.0,20.0,17.0,20.0,15.0,20.0,7.0
6,1.2246467991473532e-16,-1.0,0,0.0,1.0,14.0,20.0,17.0,20.0,15.0,20.0,7.0,24.0
6,1.2246467991473532e-16,-1.0,1,0.7818314824680298,0.6234898018587336,20.0,17.0,20.0,15.0,20.0,7.0,24.0,33.0
6,1.2246467991473532e-16,-1.0,2,0.9749279121818236,-0.2225209339563143,17.0,20.0,15.0,20.0,7.0,24.0,33.0,17.0
6,1.2246467991473532e-16,-1.0,3,0.4338837391175582,-0.900968867902419,20.0,15.0,20.0,7.0,24.0,33.0,17.0,25.0
6,1.2246467991473532e-16,-1.0,4,-0.433883739117558,-0.9009688679024191,15.0,20.0,7.0,24.0,33.0,17.0,25.0,21.0
6,1.2246467991473532e-16,-1.0,5,-0.9749279121818236,-0.2225209339563146,20.0,7.0,24.0,33.0,17.0,25.0,21.0,18.0
6,1.2246467991473532e-16,-1.0,6,-0.7818314824680299,0.6234898018587334,7.0,24.0,33.0,17.0,25.0,21.0,18.0,10.0
6,1.2246467991473532e-16,-1.0,0,0.0,1.0,24.0,33.0,17.0,25.0,21.0,18.0,10.0,18.0
6,1.2246467991473532e-16,-1.0,1,0.7818314824680298,0.6234898018587336,33.0,17.0,25.0,21.0,18.0,10.0,18.0,14.0
6,1.2246467991473532e-16,-1.0,2,0.9749279121818236,-0.2225209339563143,17.0,25.0,21.0,18.0,10.0,18.0,14.0,17.0
6,1.2246467991473532e-16,-1.0,3,0.4338837391175582,-0.900968867902419,25.0,21.0,18.0,10.0,18.0,14.0,17.0,16.0
6,1.2246467991473532e-16,-1.0,4,-0.433883739117558,-0.9009688679024191,21.0,18.0,10.0,18.0,14.0,17.0,16.0,22.0
6,1.2246467991473532e-16,-1.0,5,-0.9749279121818236,-0.2225209339563146,18.0,10.0,18.0,14.0,17.0,16.0,22.0,11.0
6,1.2246467991473532e-16,-1.0,6,-0.7818314824680299,0.6234898018587334,10.0,18.0,14.0,17.0,16.0,22.0,11.0,7.0
6,1.2246467991473532e-16,-1.0,0,0.0,1.0,18.0,14.0,17.0,16.0,22.0,11.0,7.0,6.0
6,1.2246467991473532e-16,-1.0,1,0.7818314824680298,0.6234898018587336,14.0,17.0,16.0,22.0,11.0,7.0,6.0,8.0
6,1.2246467991473532e-16,-1.0,2,0.9749279121818236,-0.2225209339563143,17.0,16.0,22.0,11.0,7.0,6.0,8.0,16.0
6,1.2246467991473532e-16,-1.0,3,0.4338837391175582,-0.900968867902419,16.0,22.0,11.0,7.0,6.0,8.0,16.0,17.0
6,1.2246467991473532e-16,-1.0,4,-0.433883739117558,-0.9009688679024191,22.0,11.0,7.0,6.0,8.0,16.0,17.0,17.0
6,1.2246467991473532e-16,-1.0,5,-0.9749279121818236,-0.2225209339563146,11.0,7.0,6.0,8.0,16.0,17.0,17.0,21.0
6,1.2246467991473532e-16,-1.0,6,-0.7818314824680299,0.6234898018587334,7.0,6.0,8.0,16.0,17.0,17.0,21.0,15.0
7,-0.4999999999999998,-0.8660254037844388,0,0.0,1.0,6.0,8.0,16.0,17.0,17.0,21.0,15.0,23.0
7,-0.4999999999999998,-0.8660254037844388,1,0.7818314824680298,0.6234898018587336,8.0,16.0,17.0,17.0,21.0,15.0,23.0,20.0
7,-0.4999999999999998,-0.8660254037844388,2,0.9749279121818236,-0.2225209339563143,16.0,17.0,17.0,21.0,15.0,23.0,20.0,15.0
7,-0.4999999999999998,-0.8660254037844388,3,0.4338837391175582,-0.900968867902419,17.0,17.0,21.0,15.0,23.0,20.0,15.0,23.0
7,-0.4999999999999998,-0.8660254037844388,4,-0.433883739117558,-0.9009688679024191,17.0,21.0,15.0,23.0,20.0,15.0,23.0,29.0
7,-0.4999999999999998,-0.8660254037844388,5,-0.9749279121818236,-0.2225209339563146,21.0,15.0,23.0,20.0,15.0,23.0,29.0,33.0
7,-0.4999999999999998,-0.8660254037844388,6,-0.7818314824680299,0.6234898018587334,15.0,23.0,20.0,15.0,23.0,29.0,33.0,12.0
7,-0.4999999999999998,-0.8660254037844388,0,0.0,1.0,23.0,20.0,15.0,23.0,29.0,33.0,12.0,16.0
7,-0.4999999999999998,-0.8660254037844388,1,0.7818314824680298,0.6234898018587336,20.0,15.0,23.0,29.0,33.0,12.0,16.0,18.0
7,-0.4999999999999998,-0.8660254037844388,2,0.9749279121818236,-0.2225209339563143,15.0,23.0,29.0,33.0,12.0,16.0,18.0,13.0
7,-0.4999999999999998,-0.8660254037844388,3,0.4338837391175582,-0.900968867902419,23.0,29.0,33.0,12.0,16.0,18.0,13.0,17.0
7,-0.4999999999999998,-0.8660254037844388,4,-0.433883739117558,-0.9009688679024191,29.0,33.0,12.0,16.0,18.0,13.0,17.0,17.0
7,-0.4999999999999998,-0.8660254037844388,5,-0.9749279121818236,-0.2225209339563146,33.0,12.0,16.0,18.0,13.0,17.0,17.0,10.0
7,-0.4999999999999998,-0.8660254037844388,6,-0.7818314824680299,0.6234898018587334,12.0,16.0,18.0,13.0,17.0,17.0,10.0,14.0
7,-0.4999999999999998,-0.8660254037844388,0,0.0,1.0,16.0,18.0,13.0,17.0,17.0,10.0,14.0,14.0
7,-0.4999999999999998,-0.8660254037844388,1,0.7818314824680298,0.6234898018587336,18.0,13.0,17.0,17.0,10.0,14.0,14.0,17.0
7,-0.4999999999999998,-0.8660254037844388,2,0.9749279121818236,-0.2225209339563143,13.0,17.0,17.0,10.0,14.0,14.0,17.0,16.0
7,-0.4999999999999998,-0.8660254037844388,3,0.4338837391175582,-0.900968867902419,17.0,17.0,10.0,14.0,14.0,17.0,16.0,8.0
7,-0.4999999999999998,-0.8660254037844388,4,-0.433883739117558,-0.9009688679024191,17.0,10.0,14.0,14.0,17.0,16.0,8.0,16.0
7,-0.4999999999999998,-0.8660254037844388,5,-0.9749279121818236,-0.2225209339563146,10.0,14.0,14.0,17.0,16.0,8.0,16.0,16.0
7,-0.4999999999999998,-0.8660254037844388,6,-0.7818314824680299,0.6234898018587334,14.0,14.0,17.0,16.0,8.0,16.0,16.0,9.0
7,-0.4999999999999998,-0.8660254037844388,0,0.0,1.0,14.0,17.0,16.0,8.0,16.0,16.0,9.0,16.0
7,-0.4999999999999998,-0.8660254037844388,1,0.7818314824680298,0.6234898018587336,17.0,16.0,8.0,16.0,16.0,9.0,16.0,16.0
7,-0.4999999999999998,-0.8660254037844388,2,0.9749279121818236,-0.2225209339563143,16.0,8.0,16.0,16.0,9.0,16.0,16.0,16.0
7,-0.4999999999999998,-0.8660254037844388,3,0.4338837391175582,-0.900968867902419,8.0,16.0,16.0,9.0,16.0,16.0,16.0,14.0
7,-0.4999999999999998,-0.8660254037844388,4,-0.433883739117558,-0.9009688679024191,16.0,16.0,9.0,16.0,16.0,16.0,14.0,18.0
7,-0.4999999999999998,-0.8660254037844388,5,-0.9749279121818236,-0.2225209339563146,16.0,9.0,16.0,16.0,16.0,14.0,18.0,22.0
7,-0.4999999999999998,-0.8660254037844388,6,-0.7818314824680299,0.6234898018587334,9.0,16.0,16.0,16.0,14.0,18.0,22.0,9.0
7,-0.4999999999999998,-0.8660254037844388,0,0.0,1.0,16.0,16.0,16.0,14.0,18.0,22.0,9.0,15.0
7,-0.4999999999999998,-0.8660254037844388,1,0.7818314824680298,0.6234898018587336,16.0,16.0,14.0,18.0,22.0,9.0,15.0,20.0
7,-0.4999999999999998,-0.8660254037844388,2,0.9749279121818236,-0.2225209339563143,16.0,14.0,18.0,22.0,9.0,15.0,20.0,13.0
8,-0.8660254037844384,-0.5000000000000004,3,0.4338837391175582,-0.900968867902419,14.0,18.0,22.0,9.0,15.0,20.0,13.0,22.0
8,-0.8660254037844384,-0.5000000000000004,4,-0.433883739117558,-0.9009688679024191,18.0,22.0,9.0,15.0,20.0,13.0,22.0,24.0
8,-0.8660254037844384,-0.5000000000000004,5,-0.9749279121818236,-0.2225209339563146,22.0,9.0,15.0,20.0,13.0,22.0,24.0,14.0
8,-0.8660254037844384,-0.5000000000000004,6,-0.7818314824680299,0.6234898018587334,9.0,15.0,20.0,13.0,22.0,24.0,14.0,9.0
8,-0.8660254037844384,-0.5000000000000004,0,0.0,1.0,15.0,20.0,13.0,22.0,24.0,14.0,9.0,20.0
8,-0.8660254037844384,-0.5000000000000004,1,0.7818314824680298,0.6234898018587336,20.0,13.0,22.0,24.0,14.0,9.0,20.0,17.0
8,-0.8660254037844384,-0.5000000000000004,2,0.9749279121818236,-0.2225209339563143,13.0,22.0,24.0,14.0,9.0,20.0,17.0,18.0
8,-0.8660254037844384,-0.5000000000000004,3,0.4338837391175582,-0.900968867902419,22.0,24.0,14.0,9.0,20.0,17.0,18.0,17.0
8,-0.8660254037844384,-0.5000000000000004,4,-0.433883739117558,-0.9009688679024191,24.0,14.0,9.0,20.0,17.0,18.0,17.0,24.0
8,-0.8660254037844384,-0.5000000000000004,5,-0.9749279121818236,-0.2225209339563146,14.0,9.0,20.0,17.0,18.0,17.0,24.0,23.0
8,-0.8660254037844384,-0.5000000000000004,6,-0.7818314824680299,0.6234898018587334,9.0,20.0,17.0,18.0,17.0,24.0,23.0,17.0
8,-0.8660254037844384,-0.5000000000000004,0,0.0,1.0,20.0,17.0,18.0,17.0,24.0,23.0,17.0,21.0
8,-0.8660254037844384,-0.5000000000000004,1,0.7818314824680298,0.6234898018587336,17.0,18.0,17.0,24.0,23.0,17.0,21.0,14.0
8,-0.8660254037844384,-0.5000000000000004,2,0.9749279121818236,-0.2225209339563143,18.0,17.0,24.0,23.0,17.0,21.0,14.0,14.0
8,-0.8660254037844384,-0.5000000000000004,3,0.4338837391175582,-0.900968867902419,17.0,24.0,23.0,17.0,21.0,14.0,14.0,23.0
8,-0.8660254037844384,-0.5000000000000004,4,-0.433883739117558,-0.9009688679024191,24.0,23.0,17.0,21.0,14.0,14.0,23.0,15.0
8,-0.8660254037844384,-0.5000000000000004,5,-0.9749279121818236,-0.2225209339563146,23.0,17.0,21.0,14.0,14.0,23.0,15.0,22.0
8,-0.8660254037844384,-0.5000000000000004,6,-0.7818314824680299,0.6234898018587334,17.0,21.0,14.0,14.0,23.0,15.0,22.0,9.0
8,-0.8660254037844384,-0.5000000000000004,0,0.0,1.0,21.0,14.0,14.0,23.0,15.0,22.0,9.0,31.0
8,-0.8660254037844384,-0.5000000000000004,1,0.7818314824680298,0.6234898018587336,14.0,14.0,23.0,15.0,22.0,9.0,31.0,31.0
8,-0.8660254037844384,-0.5000000000000004,2,0.9749279121818236,-0.2225209339563143,14.0,23.0,15.0,22.0,9.0,31.0,31.0,29.0
8,-0.8660254037844384,-0.5000000000000004,3,0.4338837391175582,-0.900968867902419,23.0,15.0,22.0,9.0,31.0,31.0,29.0,18.0
8,-0.8660254037844384,-0.5000000000000004,4,-0.433883739117558,-0.9009688679024191,15.0,22.0,9.0,31.0,31.0,29.0,18.0,38.0
8,-0.8660254037844384,-0.5000000000000004,5,-0.9749279121818236,-0.2225209339563146,22.0,9.0,31.0,31.0,29.0,18.0,38.0,17.0
8,-0.8660254037844384,-0.5000000000000004,6,-0.7818314824680299,0.6234898018587334,9.0,31.0,31.0,29.0,18.0,38.0,17.0,17.0
8,-0.8660254037844384,-0.5000000000000004,0,0.0,1.0,31.0,31.0,29.0,18.0,38.0,17.0,17.0,27.0
8,-0.8660254037844384,-0.5000000000000004,1,0.7818314824680298,0.6234898018587336,31.0,29.0,18.0,38.0,17.0,17.0,27.0,23.0
8,-0.8660254037844384,-0.5000000000000004,2,0.9749279121818236,-0.2225209339563143,29.0,18.0,38.0,17.0,17.0,27.0,23.0,26.0
8,-0.8660254037844384,-0.5000000000000004,3,0.4338837391175582,-0.900968867902419,18.0,38.0,17.0,17.0,27.0,23.0,26.0,30.0
8,-0.8660254037844384,-0.5000000000000004,4,-0.433883739117558,-0.9009688679024191,38.0,17.0,17.0,27.0,23.0,26.0,30.0,27.0
8,-0.8660254037844384,-0.5000000000000004,5,-0.9749279121818236,-0.2225209339563146,17.0,17.0,27.0,23.0,26.0,30.0,27.0,22.0
9,-1.0,-1.8369701987210294e-16,6,-0.7818314824680299,0.6234898018587334,17.0,27.0,23.0,26.0,30.0,27.0,22.0,16.0
9,-1.0,-1.8369701987210294e-16,0,0.0,1.0,27.0,23.0,26.0,30.0,27.0,22.0,16.0,15.0
9,-1.0,-1.8369701987210294e-16,1,0.7818314824680298,0.6234898018587336,23.0,26.0,30.0,27.0,22.0,16.0,15.0,21.0
9,-1.0,-1.8369701987210294e-16,2,0.9749279121818236,-0.2225209339563143,26.0,30.0,27.0,22.0,16.0,15.0,21.0,17.0
9,-1.0,-1.8369701987210294e-16,3,0.4338837391175582,-0.900968867902419,30.0,27.0,22.0,16.0,15.0,21.0,17.0,21.0
9,-1.0,-1.8369701987210294e-16,4,-0.433883739117558,-0.9009688679024191,27.0,22.0,16.0,15.0,21.0,17.0,21.0,26.0
9,-1.0,-1.8369701987210294e-16,5,-0.9749279121818236,-0.2225209339563146,22.0,16.0,15.0,21.0,17.0,21.0,26.0,23.0
9,-1.0,-1.8369701987210294e-16,6,-0.7818314824680299,0.6234898018587334,16.0,15.0,21.0,17.0,21.0,26.0,23.0,15.0
9,-1.0,-1.8369701987210294e-16,0,0.0,1.0,15.0,21.0,17.0,21.0,26.0,23.0,15.0,20.0
9,-1.0,-1.8369701987210294e-16,1,0.7818314824680298,0.6234898018587336,21.0,17.0,21.0,26.0,23.0,15.0,20.0,24.0
9,-1.0,-1.8369701987210294e-16,2,0.9749279121818236,-0.2225209339563143,17.0,21.0,26.0,23.0,15.0,20.0,24.0,20.0
9,-1.0,-1.8369701987210294e-16,3,0.4338837391175582,-0.900968867902419,21.0,26.0,23.0,15.0,20.0,24.0,20.0,21.0
9,-1.0,-1.8369701987210294e-16,4,-0.433883739117558,-0.9009688679024191,26.0,23.0,15.0,20.0,24.0,20.0,21.0,25.0
9,-1.0,-1.8369701987210294e-16,5,-0.9749279121818236,-0.2225209339563146,23.0,15.0,20.0,24.0,20.0,21.0,25.0,25.0
9,-1.0,-1.8369701987210294e-16,6,-0.7818314824680299,0.6234898018587334,15.0,20.0,24.0,20.0,21.0,25.0,25.0,13.0
9,-1.0,-1.8369701987210294e-16,0,0.0,1.0,20.0,24.0,20.0,21.0,25.0,25.0,13.0,20.0
9,-1.0,-1.8369701987210294e-16,1,0.7818314824680298,0.6234898018587336,24.0,20.0,21.0,25.0,25.0,13.0,20.0,20.0
9,-1.0,-1.8369701987210294e-16,2,0.9749279121818236,-0.2225209339563143,20.0,21.0,25.0,25.0,13.0,20.0,20.0,17.0
9,-1.0,-1.8369701987210294e-16,3,0.4338837391175582,-0.900968867902419,21.0,25.0,25.0,13.0,20.0,20.0,17.0,14.0
9,-1.0,-1.8369701987210294e-16,4,-0.433883739117558,-0.9009688679024191,25.0,25.0,13.0,20.0,20.0,17.0,14.0,16.0
9,-1.0,-1.8369701987210294e-16,5,-0.9749279121818236,-0.2225209339563146,25.0,13.0,20.0,20.0,17.0,14.0,16.0,18.0
9,-1.0,-1.8369701987210294e-16,6,-0.7818314824680299,0.6234898018587334,13.0,20.0,20.0,17.0,14.0,16.0,18.0,15.0
9,-1.0,-1.8369701987210294e-16,0,0.0,1.0,20.0,20.0,17.0,14.0,16.0,18.0,15.0,26.0
9,-1.0,-1.8369701987210294e-16,1,0.7818314824680298,0.6234898018587336,20.0,17.0,14.0,16.0,18.0,15.0,26.0,21.0
9,-1.0,-1.8369701987210294e-16,2,0.9749279121818236,-0.2225209339563143,17.0,14.0,16.0,18.0,15.0,26.0,21.0,18.0
9,-1.0,-1.8369701987210294e-16,3,0.4338837391175582,-0.900968867902419,14.0,16.0,18.0,15.0,26.0,21.0,18.0,29.0
9,-1.0,-1.8369701987210294e-16,4,-0.433883739117558,-0.9009688679024191,16.0,18.0,15.0,26.0,21.0,18.0,29.0,26.0
9,-1.0,-1.8369701987210294e-16,5,-0.9749279121818236,-0.2225209339563146,18.0,15.0,26.0,21.0,18.0,29.0,26.0,17.0
9,-1.0,-1.8369701987210294e-16,6,-0.7818314824680299,0.6234898018587334,15.0,26.0,21.0,18.0,29.0,26.0,17.0,12.0
9,-1.0,-1.8369701987210294e-16,0,0.0,1.0,26.0,21.0,18.0,29.0,26.0,17.0,12.0,23.0
10,-0.8660254037844386,0.5000000000000001,1,0.7818314824680298,0.6234898018587336,21.0,18.0,29.0,26.0,17.0,12.0,23.0,19.0
10,-0.8660254037844386,0.5000000000000001,2,0.9749279121818236,-0.2225209339563143,18.0,29.0,26.0,17.0,12.0,23.0,19.0,22.0
10,-0.8660254037844386,0.5000000000000001,3,0.4338837391175582,-0.900968867902419,29.0,26.0,17.0,12.0,23.0,19.0,22.0,25.0
10,-0.8660254037844386,0.5000000000000001,4,-0.433883739117558,-0.9009688679024191,26.0,17.0,12.0,23.0,19.0,22.0,25.0,26.0
10,-0.8660254037844386,0.5000000000000001,5,-0.9749279121818236,-0.2225209339563146,17.0,12.0,23.0,19.0,22.0,25.0,26.0,14.0
10,-0.8660254037844386,0.5000000000000001,6,-0.7818314824680299,0.6234898018587334,12.0,23.0,19.0,22.0,25.0,26.0,14.0,14.0
10,-0.8660254037844386,0.5000000000000001,0,0.0,1.0,23.0,19.0,22.0,25.0,26.0,14.0,14.0,19.0
10,-0.8660254037844386,0.5000000000000001,1,0.7818314824680298,0.6234898018587336,19.0,22.0,25.0,26.0,14.0,14.0,19.0,16.0
10,-0.8660254037844386,0.5000000000000001,2,0.9749279121818236,-0.2225209339563143,22.0,25.0,26.0,14.0,14.0,19.0,16.0,17.0
10,-0.8660254037844386,0.5000000000000001,3,0.4338837391175582,-0.900968867902419,25.0,26.0,14.0,14.0,19.0,16.0,17.0,18.0
10,-0.8660254037844386,0.5000000000000001,4,-0.433883739117558,-0.9009688679024191,26.0,14.0,14.0,19.0,16.0,17.0,18.0,30.0
10,-0.8660254037844386,0.5000000000000001,5,-0.9749279121818236,-0.2225209339563146,14.0,14.0,19.0,16.0,17.0,18.0,30.0,25.0
10,-0.8660254037844386,0.5000000000000001,6,-0.7818314824680299,0.6234898018587334,14.0,19.0,16.0,17.0,18.0,30.0,25.0,20.0
10,-0.8660254037844386,0.5000000000000001,0,0.0,1.0,19.0,16.0,17.0,18.0,30.0,25.0,20.0,25.0
10,-0.8660254037844386,0.5000000000000001,1,0.7818314824680298,0.6234898018587336,16.0,17.0,18.0,30.0,25.0,20.0,25.0,21.0
10,-0.8660254037844386,0.5000000000000001,2,0.9749279121818236,-0.2225209339563143,17.0,18.0,30.0,25.0,20.0,25.0,21.0,24.0
10,-0.8660254037844386,0.5000000000000001,3,0.4338837391175582,-0.900968867902419,18.0,30.0,25.0,20.0,25.0,21.0,24.0,18.0
10,-0.8660254037844386,0.5000000000000001,4,-0.433883739117558,-0.9009688679024191,30.0,25.0,20.0,25.0,21.0,24.0,18.0,30.0
10,-0.8660254037844386,0.5000000000000001,5,-0.9749279121818236,-0.2225209339563146,25.0,20.0,25.0,21.0,24.0,18.0,30.0,20.0
10,-0.8660254037844386,0.5000000000000001,6,-0.7818314824680299,0.6234898018587334,20.0,25.0,21.0,24.0,18.0,30.0,20.0,15.0
10,-0.8660254037844386,0.5000000000000001,0,0.0,1.0,25.0,21.0,24.0,18.0,30.0,20.0,15.0,21.0
10,-0.8660254037844386,0.5000000000000001,1,0.7818314824680298,0.6234898018587336,21.0,24.0,18.0,30.0,20.0,15.0,21.0,21.0
10,-0.8660254037844386,0.5000000000000001,2,0.9749279121818236,-0.2225209339563143,24.0,18.0,30.0,20.0,15.0,21.0,21.0,22.0
10,-0.8660254037844386,0.5000000000000001,3,0.4338837391175582,-0.900968867902419,18.0,30.0,20.0,15.0,21.0,21.0,22.0,24.0
10,-0.8660254037844386,0.5000000000000001,4,-0.433883739117558,-0.9009688679024191,30.0,20.0,15.0,21.0,21.0,22.0,24.0,31.0
10,-0.8660254037844386,0.5000000000000001,5,-0.9749279121818236,-0.2225209339563146,20.0,15.0,21.0,21.0,22.0,24.0,31.0,22.0
10,-0.8660254037844386,0.5000000000000001,6,-0.7818314824680299,0.6234898018587334,15.0,21.0,21.0,22.0,24.0,31.0,22.0,23.0
10,-0.8660254037844386,0.5000000000000001,0,0.0,1.0,21.0,21.0,22.0,24.0,31.0,22.0,23.0,31.0
10,-0.8660254037844386,0.5000000000000001,1,0.7818314824680298,0.6234898018587336,21.0,22.0,24.0,31.0,22.0,23.0,31.0,30.0
10,-0.8660254037844386,0.5000000000000001,2,0.9749279121818236,-0.2225209339563143,22.0,24.0,31.0,22.0,23.0,31.0,30.0,21.0
10,-0.8660254037844386,0.5000000000000001,3,0.4338837391175582,-0.900968867902419,24.0,31.0,22.0,23.0,31.0,30.0,21.0,26.0
11,-0.5000000000000004,0.8660254037844384,4,-0.433883739117558,-0.9009688679024191,31.0,22.0,23.0,31.0,30.0,21.0,26.0,21.0
11,-0.5000000000000004,0.8660254037844384,5,-0.9749279121818236,-0.2225209339563146,22.0,23.0,31.0,30.0,21.0,26.0,21.0,27.0
11,-0.5000000000000004,0.8660254037844384,6,-0.7818314824680299,0.6234898018587334,23.0,31.0,30.0,21.0,26.0,21.0,27.0,13.0
11,-0.5000000000000004,0.8660254037844384,0,0.0,1.0,31.0,30.0,21.0,26.0,21.0,27.0,13.0,21.0
11,-0.5000000000000004,0.8660254037844384,1,0.7818314824680298,0.6234898018587336,30.0,21.0,26.0,21.0,27.0,13.0,21.0,37.0
11,-0.5000000000000004,0.8660254037844384,2,0.9749279121818236,-0.2225209339563143,21.0,26.0,21.0,27.0,13.0,21.0,37.0,35.0
11,-0.5000000000000004,0.8660254037844384,3,0.4338837391175582,-0.900968867902419,26.0,21.0,27.0,13.0,21.0,37.0,35.0,32.0
11,-0.5000000000000004,0.8660254037844384,4,-0.433883739117558,-0.9009688679024191,21.0,27.0,13.0,21.0,37.0,35.0,32.0,32.0
11,-0.5000000000000004,0.8660254037844384,5,-0.9749279121818236,-0.2225209339563146,27.0,13.0,21.0,37.0,35.0,32.0,32.0,31.0
11,-0.5000000000000004,0.8660254037844384,6,-0.7818314824680299,0.6234898018587334,13.0,21.0,37.0,35.0,32.0,32.0,31.0,21.0
11,-0.5000000000000004,0.8660254037844384,0,0.0,1.0,21.0,37.0,35.0,32.0,32.0,31.0,21.0,29.0
11,-0.5000000000000004,0.8660254037844384,1,0.7818314824680298,0.6234898018587336,37.0,35.0,32.0,32.0,31.0,21.0,29.0,40.0
11,-0.5000000000000004,0.8660254037844384,2,0.9749279121818236,-0.2225209339563143,35.0,32.0,32.0,31.0,21.0,29.0,40.0,36.0
11,-0.5000000000000004,0.8660254037844384,3,0.4338837391175582,-0.900968867902419,32.0,32.0,31.0,21.0,29.0,40.0,36.0,40.0
11,-0.5000000000000004,0.8660254037844384,4,-0.433883739117558,-0.9009688679024191,32.0,31.0,21.0,29.0,40.0,36.0,40.0,34.0
11,-0.5000000000000004,0.8660254037844384,5,-0.9749279121818236,-0.2225209339563146,31.0,21.0,29.0,40.0,36.0,40.0,34.0,25.0
11,-0.5000000000000004,0.8660254037844384,6,-0.7818314824680299,0.6234898018587334,21.0,29.0,40.0,36.0,40.0,34.0,25.0,17.0
11,-0.5000000000000004,0.8660254037844384,0,0.0,1.0,29.0,40.0,36.0,40.0,34.0,25.0,17.0,25.0
11,-0.5000000000000004,0.8660254037844384,1,0.7818314824680298,0.6234898018587336,40.0,36.0,40.0,34.0,25.0,17.0,25.0,22.0
11,-0.5000000000000004,0.8660254037844384,2,0.9749279121818236,-0.2225209339563143,36.0,40.0,34.0,25.0,17.0,25.0,22.0,31.0
11,-0.5000000000000004,0.8660254037844384,3,0.4338837391175582,-0.900968867902419,40.0,34.0,25.0,17.0,25.0,22.0,31.0,37.0
11,-0.5000000000000004,0.8660254037844384,4,-0.433883739117558,-0.9009688679024191,34.0,25.0,17.0,25.0,22.0,31.0,37.0,35.0
11,-0.5000000000000004,0.8660254037844384,5,-0.9749279121818236,-0.2225209339563146,25.0,17.0,25.0,22.0,31.0,37.0,35.0,33.0
11,-0.5000000000000004,0.8660254037844384,6,-0.7818314824680299,0.6234898018587334,17.0,25.0,22.0,31.0,37.0,35.0,33.0,35.0
11,-0.5000000000000004,0.8660254037844384,0,0.0,1.0,25.0,22.0,31.0,37.0,35.0,33.0,35.0,44.0
11,-0.5000000000000004,0.8660254037844384,1,0.7818314824680298,0.6234898018587336,22.0,31.0,37.0,35.0,33.0,35.0,44.0,50.0
11,-0.5000000000000004,0.8660254037844384,2,0.9749279121818236,-0.2225209339563143,31.0,37.0,35.0,33.0,35.0,44.0,50.0,37.0
11,-0.5000000000000004,0.8660254037844384,3,0.4338837391175582,-0.900968867902419,37.0,35.0,33.0,35.0,44.0,50.0,37.0,37.0
11,-0.5000000000000004,0.8660254037844384,4,-0.433883739117558,-0.9009688679024191,35.0,33.0,35.0,44.0,50.0,37.0,37.0,41.0
11,-0.5000000000000004,0.8660254037844384,5,-0.9749279121818236,-0.2225209339563146,33.0,35.0,44.0,50.0,37.0,37.0,41.0,34.0
12,-2.4492935982947064e-16,1.0,6,-0.7818314824680299,0.6234898018587334,35.0,44.0,50.0,37.0,37.0,41.0,34.0,22.0
12,-2.4492935982947064e-16,1.0,0,0.0,1.0,44.0,50.0,37.0,37.0,41.0,34.0,22.0,27.0
12,-2.4492935982947064e-16,1.0,1,0.7818314824680298,0.6234898018587336,50.0,37.0,37.0,41.0,34.0,22.0,27.0,23.0
12,-2.4492935982947064e-16,1.0,2,0.9749279121818236,-0.2225209339563143,37.0,37.0,41.0,34.0,22.0,27.0,23.0,23.0
12,-2.4492935982947064e-16,1.0,3,0.4338837391175582,-0.900968867902419,37.0,41.0,34.0,22.0,27.0,23.0,23.0,33.0
12,-2.4492935982947064e-16,1.0,4,-0.433883739117558,-0.9009688679024191,41.0,34.0,22.0,27.0,23.0,23.0,33.0,36.0
12,-2.4492935982947064e-16,1.0,5,-0.9749279121818236,-0.2225209339563146,34.0,22.0,27.0,23.0,23.0,33.0,36.0,38.0
12,-2.4492935982947064e-16,1.0,6,-0.7818314824680299,0.6234898018587334,22.0,27.0,23.0,23.0,33.0,36.0,38.0,25.0
12,-2.4492935982947064e-16,1.0,0,0.0,1.0,27.0,23.0,23.0,33.0,36.0,38.0,25.0,37.0
12,-2.4492935982947064e-16,1.0,1,0.7818314824680298,0.6234898018587336,23.0,23.0,33.0,36.0,38.0,25.0,37.0,37.0
12,-2.4492935982947064e-16,1.0,2,0.9749279121818236,-0.2225209339563143,23.0,33.0,36.0,38.0,25.0,37.0,37.0,37.0
12,-2.4492935982947064e-16,1.0,3,0.4338837391175582,-0.900968867902419,33.0,36.0,38.0,25.0,37.0,37.0,37.0,31.0
12,-2.4492935982947064e-16,1.0,4,-0.433883739117558,-0.9009688679024191,36.0,38.0,25.0,37.0,37.0,37.0,31.0,42.0
12,-2.4492935982947064e-16,1.0,5,-0.9749279121818236,-0.2225209339563146,38.0,25.0,37.0,37.0,37.0,31.0,42.0,28.0
12,-2.4492935982947064e-16,1.0,6,-0.7818314824680299,0.6234898018587334,25.0,37.0,37.0,37.0,31.0,42.0,28.0,26.0
12,-2.4492935982947064e-16,1.0,0,0.0,1.0,37.0,37.0,37.0,31.0,42.0,28.0,26.0,30.0
12,-2.4492935982947064e-16,1.0,1,0.7818314824680298,0.6234898018587336,37.0,37.0,31.0,42.0,28.0,26.0,30.0,27.0
12,-2.4492935982947064e-16,1.0,2,0.9749279121818236,-0.2225209339563143,37.0,31.0,42.0,28.0,26.0,30.0,27.0,31.0
12,-2.4492935982947064e-16,1.0,3,0.4338837391175582,-0.900968867902419,31.0,42.0,28.0,26.0,30.0,27.0,31.0,37.0
12,-2.4492935982947064e-16,1.0,4,-0.433883739117558,-0.9009688679024191,42.0,28.0,26.0,30.0,27.0,31.0,37.0,33.0
12,-2.4492935982947064e-16,1.0,5,-0.9749279121818236,-0.2225209339563146,28.0,26.0,30.0,27.0,31.0,37.0,33.0,31.0
12,-2.4492935982947064e-16,1.0,6,-0.7818314824680299,0.6234898018587334,26.0,30.0,27.0,31.0,37.0,33.0,31.0,19.0
12,-2.4492935982947064e-16,1.0,0,0.0,1.0,30.0,27.0,31.0,37.0,33.0,31.0,19.0,29.0
12,-2.4492935982947064e-16,1.0,1,0.7818314824680298,0.6234898018587336,27.0,31.0,37.0,33.0,31.0,19.0,29.0,31.0
12,-2.4492935982947064e-16,1.0,2,0.9749279121818236,-0.2225209339563143,31.0,37.0,33.0,31.0,19.0,29.0,31.0,39.0
12,-2.4492935982947064e-16,1.0,3,0.4338837391175582,-0.900968867902419,37.0,33.0,31.0,19.0,29.0,31.0,39.0,33.0
12,-2.4492935982947064e-16,1.0,4,-0.433883739117558,-0.9009688679024191,33.0,31.0,19.0,29.0,31.0,39.0,33.0,42.0
12,-2.4492935982947064e-16,1.0,5,-0.9749279121818236,-0.2225209339563146,31.0,19.0,29.0,31.0,39.0,33.0,42.0,48.0
12,-2.4492935982947064e-16,1.0,6,-0.7818314824680299,0.6234898018587334,19.0,29.0,31.0,39.0,33.0,42.0,48.0,44.0
12,-2.4492935982947064e-16,1.0,0,0.0,1.0,29.0,31.0,39.0,33.0,42.0,48.0,44.0,53.0
12,-2.4492935982947064e-16,1.0,1,0.7818314824680298,0.6234898018587336,31.0,39.0,33.0,42.0,48.0,44.0,53.0,43.75
1,0.4999999999999999,0.8660254037844387,2,0.9749279121818236,-0.2225209339563143,39.0,33.0,42.0,48.0,44.0,53.0,43.75,34.5
1,0.4999999999999999,0.8660254037844387,3,0.4338837391175582,-0.900968867902419,33.0,42.0,48.0,44.0,53.0,43.75,34.5,25.25
1,0.4999999999999999,0.8660254037844387,4,-0.433883739117558,-0.9009688679024191,42.0,48.0,44.0,53.0,43.75,34.5,25.25,16.0
1,0.4999999999999999,0.8660254037844387,5,-0.9749279121818236,-0.2225209339563146,48.0,44.0,53.0,43.75,34.5,25.25,16.0,24.0
1,0.4999999999999999,0.8660254037844387,6,-0.7818314824680299,0.6234898018587334,44.0,53.0,43.75,34.5,25.25,16.0,24.0,30.0
1,0.4999999999999999,0.8660254037844387,0,0.0,1.0,53.0,43.75,34.5,25.25,16.0,24.0,30.0,18.0
1,0.4999999999999999,0.8660254037844387,1,0.7818314824680298,0.6234898018587336,43.75,34.5,25.25,16.0,24.0,30.0,18.0,19.0
1,0.4999999999999999,0.8660254037844387,2,0.9749279121818236,-0.2225209339563143,34.5,25.25,16.0,24.0,30.0,18.0,19.0,25.0
1,0.4999999999999999,0.8660254037844387,3,0.4338837391175582,-0.900968867902419,25.25,16.0,24.0,30.0,18.0,19.0,25.0,18.0
1,0.4999999999999999,0.8660254037844387,4,-0.433883739117558,-0.9009688679024191,16.0,24.0,30.0,18.0,19.0,25.0,18.0,27.0
1,0.4999999999999999,0.8660254037844387,5,-0.9749279121818236,-0.2225209339563146,24.0,30.0,18.0,19.0,25.0,18.0,27.0,9.0
1,0.4999999999999999,0.8660254037844387,6,-0.7818314824680299,0.6234898018587334,30.0,18.0,19.0,25.0,18.0,27.0,9.0,13.0
1,0.4999999999999999,0.8660254037844387,0,0.0,1.0,18.0,19.0,25.0,18.0,27.0,9.0,13.0,29.0
1,0.4999999999999999,0.8660254037844387,1,0.7818314824680298,0.6234898018587336,19.0,25.0,18.0,27.0,9.0,13.0,29.0,20.0
1,0.4999999999999999,0.8660254037844387,2,0.9749279121818236,-0.2225209339563143,25.0,18.0,27.0,9.0,13.0,29.0,20.0,20.0
1,0.4999999999999999,0.8660254037844387,3,0.4338837391175582,-0.900968867902419,18.0,27.0,9.0,13.0,29.0,20.0,20.0,30.0
1,0.4999999999999999,0.8660254037844387,4,-0.433883739117558,-0.9009688679024191,27.0,9.0,13.0,29.0,20.0,20.0,30.0,27.0
1,0.4999999999999999,0.8660254037844387,5,-0.9749279121818236,-0.2225209339563146,9.0,13.0,29.0,20.0,20.0,30.0,27.0,27.0
1,0.4999999999999999,0.8660254037844387,6,-0.7818314824680299,0.6234898018587334,13.0,29.0,20.0,20.0,30.0,27.0,27.0,18.0
1,0.4999999999999999,0.8660254037844387,0,0.0,1.0,29.0,20.0,20.0,30.0,27.0,27.0,18.0,16.0
1,0.4999999999999999,0.8660254037844387,1,0.7818314824680298,0.6234898018587336,20.0,20.0,30.0,27.0,27.0,18.0,16.0,27.0
1,0.4999999999999999,0.8660254037844387,2,0.9749279121818236,-0.2225209339563143,20.0,30.0,27.0,27.0,18.0,16.0,27.0,20.0
1,0.4999999999999999,0.8660254037844387,3,0.4338837391175582,-0.900968867902419,30.0,27.0,27.0,18.0,16.0,27.0,20.0,23.0
1,0.4999999999999999,0.8660254037844387,4,-0.433883739117558,-0.9009688679024191,27.0,27.0,18.0,16.0,27.0,20.0,23.0,25.0
1,0.4999999999999999,0.8660254037844387,5,-0.9749279121818236,-0.2225209339563146,27.0,18.0,16.0,27.0,20.0,23.0,25.0,23.0
1,0.4999999999999999,0.8660254037844387,6,-0.7818314824680299,0.6234898018587334,18.0,16.0,27.0,20.0,23.0,25.0,23.0,15.0
1,0.4999999999999999,0.8660254037844387,0,0.0,1.0,16.0,27.0,20.0,23.0,25.0,23.0,15.0,28.0
1,0.4999999999999999,0.8660254037844387,1,0.7818314824680298,0.6234898018587336,27.0,20.0,23.0,25.0,23.0,15.0,28.0,19.0
1,0.4999999999999999,0.8660254037844387,2,0.9749279121818236,-0.2225209339563143,20.0,23.0,25.0,23.0,15.0,28.0,19.0,26.0
1,0.4999999999999999,0.8660254037844387,3,0.4338837391175582,-0.900968867902419,23.0,25.0,23.0,15.0,28.0,19.0,26.0,28.0
1,0.4999999999999999,0.8660254037844387,4,-0.433883739117558,-0.9009688679024191,25.0,23.0,15.0,28.0,19.0,26.0,28.0,22.0
2,0.8660254037844386,0.5000000000000001,5,-0.9749279121818236,-0.2225209339563146,23.0,15.0,28.0,19.0,26.0,28.0,22.0,23.0
2,0.8660254037844386,0.5000000000000001,6,-0.7818314824680299,0.6234898018587334,15.0,28.0,19.0,26.0,28.0,22.0,23.0,16.0
2,0.8660254037844386,0.5000000000000001,0,0.0,1.0,28.0,19.0,26.0,28.0,22.0,23.0,16.0,22.0
2,0.8660254037844386,0.5000000000000001,1,0.7818314824680298,0.6234898018587336,19.0,26.0,28.0,22.0,23.0,16.0,22.0,26.0
2,0.8660254037844386,0.5000000000000001,2,0.9749279121818236,-0.2225209339563143,26.0,28.0,22.0,23.0,16.0,22.0,26.0,41.0
2,0.8660254037844386,0.5000000000000001,3,0.4338837391175582,-0.900968867902419,28.0,22.0,23.0,16.0,22.0,26.0,41.0,39.0
2,0.8660254037844386,0.5000000000000001,4,-0.433883739117558,-0.9009688679024191,22.0,23.0,16.0,22.0,26.0,41.0,39.0,41.0
2,0.8660254037844386,0.5000000000000001,5,-0.9749279121818236,-0.2225209339563146,23.0,16.0,22.0,26.0,41.0,39.0,41.0,29.0
2,0.8660254037844386,0.5000000000000001,6,-0.7818314824680299,0.6234898018587334,16.0,22.0,26.0,41.0,39.0,41.0,29.0,25.0
2,0.8660254037844386,0.5000000000000001,0,0.0,1.0,22.0,26.0,41.0,39.0,41.0,29.0,25.0,28.0
2,0.8660254037844386,0.5000000000000001,1,0.7818314824680298,0.6234898018587336,26.0,41.0,39.0,41.0,29.0,25.0,28.0,34.0
2,0.8660254037844386,0.5000000000000001,2,0.9749279121818236,-0.2225209339563143,41.0,39.0,41.0,29.0,25.0,28.0,34.0,27.0
2,0.8660254037844386,0.5000000000000001,3,0.4338837391175582,-0.900968867902419,39.0,41.0,29.0,25.0,28.0,34.0,27.0,27.0
2,0.8660254037844386,0.5000000000000001,4,-0.433883739117558,-0.9009688679024191,41.0,29.0,25.0,28.0,34.0,27.0,27.0,35.0
2,0.8660254037844386,0.5000000000000001,5,-0.9749279121818236,-0.2225209339563146,29.0,25.0,28.0,34.0,27.0,27.0,35.0,27.0
2,0.8660254037844386,0.5000000000000001,6,-0.7818314824680299,0.6234898018587334,25.0,28.0,34.0,27.0,27.0,35.0,27.0,17.0
2,0.8660254037844386,0.5000000000000001,0,0.0,1.0,28.0,34.0,27.0,27.0,35.0,27.0,17.0,27.0
2,0.8660254037844386,0.5000000000000001,1,0.7818314824680298,0.6234898018587336,34.0,27.0,27.0,35.0,27.0,17.0,27.0,23.0
2,0.8660254037844386,0.5000000000000001,2,0.9749279121818236,-0.2225209339563143,27.0,27.0,35.0,27.0,17.0,27.0,23.0,27.0
2,0.8660254037844386,0.5000000000000001,3,0.4338837391175582,-0.900968867902419,27.0,35.0,27.0,17.0,27.0,23.0,27.0,31.0
2,0.8660254037844386,0.5000000000000001,4,-0.433883739117558,-0.9009688679024191,35.0,27.0,17.0,27.0,23.0,27.0,31.0,25.0
2,0.8660254037844386,0.5000000000000001,5,-0.9749279121818236,-0.2225209339563146,27.0,17.0,27.0,23.0,27.0,31.0,25.0,23.0
2,0.8660254037844386,0.5000000000000001,6,-0.7818314824680299,0.6234898018587334,17.0,27.0,23.0,27.0,31.0,25.0,23.0,23.0
2,0.8660254037844386,0.5000000000000001,0,0.0,1.0,27.0,23.0,27.0,31.0,25.0,23.0,23.0,26.0
2,0.8660254037844386,0.5000000000000001,1,0.7818314824680298,0.6234898018587336,23.0,27.0,31.0,25.0,23.0,23.0,26.0,19.0
2,0.8660254037844386,0.5000000000000001,2,0.9749279121818236,-0.2225209339563143,27.0,31.0,25.0,23.0,23.0,26.0,19.0,26.0
2,0.8660254037844386,0.5000000000000001,3,0.4338837391175582,-0.900968867902419,31.0,25.0,23.0,23.0,26.0,19.0,26.0,33.0
2,0.8660254037844386,0.5000000000000001,4,-0.433883739117558,-0.9009688679024191,25.0,23.0,23.0,26.0,19.0,26.0,33.0,30.0
3,1.0,6.123233995736766e-17,5,-0.9749279121818236,-0.2225209339563146,23.0,23.0,26.0,19.0,26.0,33.0,30.0,26.0
3,1.0,6.123233995736766e-17,6,-0.7818314824680299,0.6234898018587334,23.0,26.0,19.0,26.0,33.0,30.0,26.0,15.0
3,1.0,6.123233995736766e-17,0,0.0,1.0,26.0,19.0,26.0,33.0,30.0,26.0,15.0,26.0
3,1.0,6.123233995736766e-17,1,0.7818314824680298,0.6234898018587336,19.0,26.0,33.0,30.0,26.0,15.0,26.0,24.0
3,1.0,6.123233995736766e-17,2,0.9749279121818236,-0.2225209339563143,26.0,33.0,30.0,26.0,15.0,26.0,24.0,32.0
3,1.0,6.123233995736766e-17,3,0.4338837391175582,-0.900968867902419,33.0,30.0,26.0,15.0,26.0,24.0,32.0,34.0
3,1.0,6.123233995736766e-17,4,-0.433883739117558,-0.9009688679024191,30.0,26.0,15.0,26.0,24.0,32.0,34.0,30.0
3,1.0,6.123233995736766e-17,5,-0.9749279121818236,-0.2225209339563146,26.0,15.0,26.0,24.0,32.0,34.0,30.0,13.0
3,1.0,6.123233995736766e-17,6,-0.7818314824680299,0.6234898018587334,15.0,26.0,24.0,32.0,34.0,30.0,13.0,11.0
3,1.0,6.123233995736766e-17,0,0.0,1.0,26.0,24.0,32.0,34.0,30.0,13.0,11.0,24.0
3,1.0,6.123233995736766e-17,1,0.7818314824680298,0.6234898018587336,24.0,32.0,34.0,30.0,13.0,11.0,24.0,27.0
3,1.0,6.123233995736766e-17,2,0.9749279121818236,-0.2225209339563143,32.0,34.0,30.0,13.0,11.0,24.0,27.0,19.0
3,1.0,6.123233995736766e-17,3,0.4338837391175582,-0.900968867902419,34.0,30.0,13.0,11.0,24.0,27.0,19.0,22.0
3,1.0,6.123233995736766e-17,4,-0.433883739117558,-0.9009688679024191,30.0,13.0,11.0,24.0,27.0,19.0,22.0,25.0
3,1.0,6.123233995736766e-17,5,-0.9749279121818236,-0.2225209339563146,13.0,11.0,24.0,27.0,19.0,22.0,25.0,14.0
3,1.0,6.123233995736766e-17,6,-0.7818314824680299,0.6234898018587334,11.0,24.0,27.0,19.0,22.0,25.0,14.0,18.0
3,1.0,6.123233995736766e-17,0,0.0,1.0,24.0,27.0,19.0,22.0,25.0,14.0,18.0,29.0
3,1.0,6.123233995736766e-17,1,0.7818314824680298,0.6234898018587336,27.0,19.0,22.0,25.0,14.0,18.0,29.0,41.0
3,1.0,6.123233995736766e-17,2,0.9749279121818236,-0.2225209339563143,19.0,22.0,25.0,14.0,18.0,29.0,41.0,32.0
3,1.0,6.123233995736766e-17,3,0.4338837391175582,-0.900968867902419,22.0,25.0,14.0,18.0,29.0,41.0,32.0,24.0
3,1.0,6.123233995736766e-17,4,-0.433883739117558,-0.9009688679024191,25.0,14.0,18.0,29.0,41.0,32.0,24.0,32.0
3,1.0,6.123233995736766e-17,5,-0.9749279121818236,-0.2225209339563146,14.0,18.0,29.0,41.0,32.0,24.0,32.0,26.0
3,1.0,6.123233995736766e-17,6,-0.7818314824680299,0.6234898018587334,18.0,29.0,41.0,32.0,24.0,32.0,26.0,17.0
3,1.0,6.123233995736766e-17,0,0.0,1.0,29.0,41.0,32.0,24.0,32.0,26.0,17.0,33.0
3,1.0,6.123233995736766e-17,1,0.7818314824680298,0.6234898018587336,41.0,32.0,24.0,32.0,26.0,17.0,33.0,25.0
3,1.0,6.123233995736766e-17,2,0.9749279121818236,-0.2225209339563143,32.0,24.0,32.0,26.0,17.0,33.0,25.0,24.0
3,1.0,6.123233995736766e-17,3,0.4338837391175582,-0.900968867902419,24.0,32.0,26.0,17.0,33.0,25.0,24.0,31.0
3,1.0,6.123233995736766e-17,4,-0.433883739117558,-0.9009688679024191,32.0,26.0,17.0,33.0,25.0,24.0,31.0,36.0
3,1.0,6.123233995736766e-17,5,-0.9749279121818236,-0.2225209339563146,26.0,17.0,33.0,25.0,24.0,31.0,36.0,26.0
3,1.0,6.123233995736766e-17,6,-0.7818314824680299,0.6234898018587334,17.0,33.0,25.0,24.0,31.0,36.0,26.0,27.0
3,1.0,6.123233995736766e-17,0,0.0,1.0,33.0,25.0,24.0,31.0,36.0,26.0,27.0,32.0
4,0.8660254037844387,-0.4999999999999998,1,0.7818314824680298,0.6234898018587336,25.0,24.0,31.0,36.0,26.0,27.0,32.0,23.0
4,0.8660254037844387,-0.4999999999999998,2,0.9749279121818236,-0.2225209339563143,24.0,31.0,36.0,26.0,27.0,32.0,23.0,26.0
4,0.8660254037844387,-0.4999999999999998,3,0.4338837391175582,-0.900968867902419,31.0,36.0,26.0,27.0,32.0,23.0,26.0,28.0
4,0.8660254037844387,-0.4999999999999998,4,-0.433883739117558,-0.9009688679024191,36.0,26.0,27.0,32.0,23.0,26.0,28.0,20.0
4,0.8660254037844387,-0.4999999999999998,5,-0.9749279121818236,-0.2225209339563146,26.0,27.0,32.0,23.0,26.0,28.0,20.0,24.0
4,0.8660254037844387,-0.4999999999999998,6,-0.7818314824680299,0.6234898018587334,27.0,32.0,23.0,26.0,28.0,20.0,24.0,12.0
4,0.8660254037844387,-0.4999999999999998,0,0.0,1.0,32.0,23.0,26.0,28.0,20.0,24.0,12.0,24.0
4,0.8660254037844387,-0.4999999999999998,1,0.7818314824680298,0.6234898018587336,23.0,26.0,28.0,20.0,24.0,12.0,24.0,30.0
4,0.8660254037844387,-0.4999999999999998,2,0.9749279121818236,-0.2225209339563143,26.0,28.0,20.0,24.0,12.0,24.0,30.0,19.0
4,0.8660254037844387,-0.4999999999999998,3,0.4338837391175582,-0.900968867902419,28.0,20.0,24.0,12.0,24.0,30.0,19.0,30.0
4,0.8660254037844387,-0.4999999999999998,4,-0.433883739117558,-0.9009688679024191,20.0,24.0,12.0,24.0,30.0,19.0,30.0,33.0
4,0.8660254037844387,-0.4999999999999998,5,-0.9749279121818236,-0.2225209339563146,24.0,12.0,24.0,30.0,19.0,30.0,33.0,19.0
4,0.8660254037844387,-0.4999999999999998,6,-0.7818314824680299,0.6234898018587334,12.0,24.0,30.0,19.0,30.0,33.0,19.0,13.0
4,0.8660254037844387,-0.4999999999999998,0,0.0,1.0,24.0,30.0,19.0,30.0,33.0,19.0,13.0,29.0
4,0.8660254037844387,-0.4999999999999998,1,0.7818314824680298,0.6234898018587336,30.0,19.0,30.0,33.0,19.0,13.0,29.0,31.0
4,0.8660254037844387,-0.4999999999999998,2,0.9749279121818236,-0.2225209339563143,19.0,30.0,33.0,19.0,13.0,29.0,31.0,13.0
4,0.8660254037844387,-0.4999999999999998,3,0.4338837391175582,-0.900968867902419,30.0,33.0,19.0,13.0,29.0,31.0,13.0,26.0
4,0.8660254037844387,-0.4999999999999998,4,-0.433883739117558,-0.9009688679024191,33.0,19.0,13.0,29.0,31.0,13.0,26.0,29.0
4,0.8660254037844387,-0.4999999999999998,5,-0.9749279121818236,-0.2225209339563146,19.0,13.0,29.0,31.0,13.0,26.0,29.0,27.0
4,0.8660254037844387,-0.4999999999999998,6,-0.7818314824680299,0.6234898018587334,13.0,29.0,31.0,13.0,26.0,29.0,27.0,10.0
4,0.8660254037844387,-0.4999999999999998,0,0.0,1.0,29.0,31.0,13.0,26.0,29.0,27.0,10.0,15.0
4,0.8660254037844387,-0.4999999999999998,1,0.7818314824680298,0.6234898018587336,31.0,13.0,26.0,29.0,27.0,10.0,15.0,17.0
4,0.8660254037844387,-0.4999999999999998,2,0.9749279121818236,-0.2225209339563143,13.0,26.0,29.0,27.0,10.0,15.0,17.0,23.0
4,0.8660254037844387,-0.4999999999999998,3,0.4338837391175582,-0.900968867902419,26.0,29.0,27.0,10.0,15.0,17.0,23.0,14.0
4,0.8660254037844387,-0.4999999999999998,4,-0.433883739117558,-0.9009688679024191,29.0,27.0,10.0,15.0,17.0,23.0,14.0,14.0
4,0.8660254037844387,-0.4999999999999998,5,-0.9749279121818236,-0.2225209339563146,27.0,10.0,15.0,17.0,23.0,14.0,14.0,12.0
4,0.8660254037844387,-0.4999999999999998,6,-0.7818314824680299,0.6234898018587334,10.0,15.0,17.0,23.0,14.0,14.0,12.0,9.0
4,0.8660254037844387,-0.4999999999999998,0,0.0,1.0,15.0,17.0,23.0,14.0,14.0,12.0,9.0,17.0
4,0.8660254037844387,-0.4999999999999998,1,0.7818314824680298,0.6234898018587336,17.0,23.0,14.0,14.0,12.0,9.0,17.0,13.0
4,0.8660254037844387,-0.4999999999999998,2,0.9749279121818236,-0.2225209339563143,23.0,14.0,14.0,12.0,9.0,17.0,13.0,26.0
5,0.4999999999999999,-0.8660254037844387,3,0.4338837391175582,-0.900968867902419,14.0,14.0,12.0,9.0,17.0,13.0,26.0,15.0
5,0.4999999999999999,-0.8660254037844387,4,-0.433883739117558,-0.9009688679024191,14.0,12.0,9.0,17.0,13.0,26.0,15.0,11.0
5,0.4999999999999999,-0.8660254037844387,5,-0.9749279121818236,-0.2225209339563146,12.0,9.0,17.0,13.0,26.0,15.0,11.0,6.0
5,0.4999999999999999,-0.8660254037844387,6,-0.7818314824680299,0.6234898018587334,9.0,17.0,13.0,26.0,15.0,11.0,6.0,13.0
5,0.4999999999999999,-0.8660254037844387,0,0.0,1.0,17.0,13.0,26.0,15.0,11.0,6.0,13.0,15.0
5,0.4999999999999999,-0.8660254037844387,1,0.7818314824680298,0.6234898018587336,13.0,26.0,15.0,11.0,6.0,13.0,15.0,13.0
5,0.4999999999999999,-0.8660254037844387,2,0.9749279121818236,-0.2225209339563143,26.0,15.0,11.0,6.0,13.0,15.0,13.0,26.0
5,0.4999999999999999,-0.8660254037844387,3,0.4338837391175582,-0.900968867902419,15.0,11.0,6.0,13.0,15.0,13.0,26.0,16.0
5,0.4999999999999999,-0.8660254037844387,4,-0.433883739117558,-0.9009688679024191,11.0,6.0,13.0,15.0,13.0,26.0,16.0,13.0
5,0.4999999999999999,-0.8660254037844387,5,-0.9749279121818236,-0.2225209339563146,6.0,13.0,15.0,13.0,26.0,16.0,13.0,8.0
5,0.4999999999999999,-0.8660254037844387,6,-0.7818314824680299,0.6234898018587334,13.0,15.0,13.0,26.0,16.0,13.0,8.0,10.5
5,0.4999999999999999,-0.8660254037844387,0,0.0,1.0,15.0,13.0,26.0,16.0,13.0,8.0,10.5,13.0
5,0.4999999999999999,-0.8660254037844387,1,0.7818314824680298,0.6234898018587336,13.0,26.0,16.0,13.0,8.0,10.5,13.0,17.0
5,0.4999999999999999,-0.8660254037844387,2,0.9749279121818236,-0.2225209339563143,26.0,16.0,13.0,8.0,10.5,13.0,17.0,20.0
5,0.4999999999999999,-0.8660254037844387,3,0.4338837391175582,-0.900968867902419,16.0,13.0,8.0,10.5,13.0,17.0,20.0,22.0
5,0.4999999999999999,-0.8660254037844387,4,-0.433883739117558,-0.9009688679024191,13.0,8.0,10.5,13.0,17.0,20.0,22.0,18.0
5,0.4999999999999999,-0.8660254037844387,5,-0.9749279121818236,-0.2225209339563146,8.0,10.5,13.0,17.0,20.0,22.0,18.0,17.0
5,0.4999999999999999,-0.8660254037844387,6,-0.7818314824680299,0.6234898018587334,10.5,13.0,17.0,20.0,22.0,18.0,17.0,5.0
5,0.4999999999999999,-0.8660254037844387,0,0.0,1.0,13.0,17.0,20.0,22.0,18.0,17.0,5.0,16.0
5,0.4999999999999999,-0.8660254037844387,1,0.7818314824680298,0.6234898018587336,17.0,20.0,22.0,18.0,17.0,5.0,16.0,15.0
5,0.4999999999999999,-0.8660254037844387,2,0.9749279121818236,-0.2225209339563143,20.0,22.0,18.0,17.0,5.0,16.0,15.0,22.0
5,0.4999999999999999,-0.8660254037844387,3,0.4338837391175582,-0.900968867902419,22.0,18.0,17.0,5.0,16.0,15.0,22.0,19.0
5,0.4999999999999999,-0.8660254037844387,4,-0.433883739117558,-0.9009688679024191,18.0,17.0,5.0,16.0,15.0,22.0,19.0,18.0
5,0.4999999999999999,-0.8660254037844387,5,-0.9749279121818236,-0.2225209339563146,17.0,5.0,16.0,15.0,22.0,19.0,18.0,24.0
5,0.4999999999999999,-0.8660254037844387,6,-0.7818314824680299,0.6234898018587334,5.0,16.0,15.0,22.0,19.0,18.0,24.0,16.0
5,0.4999999999999999,-0.8660254037844387,0,0.0,1.0,16.0,15.0,22.0,19.0,18.0,24.0,16.0,28.0
5,0.4999999999999999,-0.8660254037844387,1,0.7818314824680298,0.6234898018587336,15.0,22.0,19.0,18.0,24.0,16.0,28.0,16.0
5,0.4999999999999999,-0.8660254037844387,2,0.9749279121818236,-0.2225209339563143,22.0,19.0,18.0,24.0,16.0,28.0,16.0,21.0
5,0.4999999999999999,-0.8660254037844387,3,0.4338837391175582,-0.900968867902419,19.0,18.0,24.0,16.0,28.0,16.0,21.0,22.0
5,0.4999999999999999,-0.8660254037844387,4,-0.433883739117558,-0.9009688679024191,18.0,24.0,16.0,28.0,16.0,21.0,22.0,23.0
5,0.4999999999999999,-0.8660254037844387,5,-0.9749279121818236,-0.2225209339563146,24.0,16.0,28.0,16.0,21.0,22.0,23.0,17.0
6,1.2246467991473532e-16,-1.0,6,-0.7818314824680299,0.6234898018587334,16.0,28.0,16.0,21.0,22.0,23.0,17.0,8.0
6,1.2246467991473532e-16,-1.0,0,0.0,1.0,28.0,16.0,21.0,22.0,23.0,17.0,8.0,13.0
6,1.2246467991473532e-16,-1.0,1,0.7818314824680298,0.6234898018587336,16.0,21.0,22.0,23.0,17.0,8.0,13.0,15.0
6,1.2246467991473532e-16,-1.0,2,0.9749279121818236,-0.2225209339563143,21.0,22.0,23.0,17.0,8.0,13.0,15.0,12.0
6,1.2246467991473532e-16,-1.0,3,0.4338837391175582,-0.900968867902419,22.0,23.0,17.0,8.0,13.0,15.0,12.0,22.0
6,1.2246467991473532e-16,-1.0,4,-0.433883739117558,-0.9009688679024191,23.0,17.0,8.0,13.0,15.0,12.0,22.0,21.0
6,1.2246467991473532e-16,-1.0,5,-0.9749279121818236,-0.2225209339563146,17.0,8.0,13.0,15.0,12.0,22.0,21.0,15.0
6,1.2246467991473532e-16,-1.0,6,-0.7818314824680299,0.6234898018587334,8.0,13.0,15.0,12.0,22.0,21.0,15.0,8.0
6,1.2246467991473532e-16,-1.0,0,0.0,1.0,13.0,15.0,12.0,22.0,21.0,15.0,8.0,17.0
6,1.2246467991473532e-16,-1.0,1,0.7818314824680298,0.6234898018587336,15.0,12.0,22.0,21.0,15.0,8.0,17.0,20.0
6,1.2246467991473532e-16,-1.0,2,0.9749279121818236,-0.2225209339563143,12.0,22.0,21.0,15.0,8.0,17.0,20.0,15.0
6,1.2246467991473532e-16,-1.0,3,0.4338837391175582,-0.900968867902419,22.0,21.0,15.0,8.0,17.0,20.0,15.0,19.0
6,1.2246467991473532e-16,-1.0,4,-0.433883739117558,-0.9009688679024191,21.0,15.0,8.0,17.0,20.0,15.0,19.0,10.0
6,1.2246467991473532e-16,-1.0,5,-0.9749279121818236,-0.2225209339563146,15.0,8.0,17.0,20.0,15.0,19.0,10.0,12.0
6,1.2246467991473532e-16,-1.0,6,-0.7818314824680299,0.6234898018587334,8.0,17.0,20.0,15.0,19.0,10.0,12.0,8.0
6,1.2246467991473532e-16,-1.0,0,0.0,1.0,17.0,20.0,15.0,19.0,10.0,12.0,8.0,13.0
6,1.2246467991473532e-16,-1.0,1,0.7818314824680298,0.6234898018587336,20.0,15.0,19.0,10.0,12.0,8.0,13.0,13.0
6,1.2246467991473532e-16,-1.0,2,0.9749279121818236,-0.2225209339563143,15.0,19.0,10.0,12.0,8.0,13.0,13.0,19.0
6,1.2246467991473532e-16,-1.0,3,0.4338837391175582,-0.900968867902419,19.0,10.0,12.0,8.0,13.0,13.0,19.0,12.0
6,1.2246467991473532e-16,-1.0,4,-0.433883739117558,-0.9009688679024191,10.0,12.0,8.0,13.0,13.0,19.0,12.0,13.0
6,1.2246467991473532e-16,-1.0,5,-0.9749279121818236,-0.2225209339563146,12.0,8.0,13.0,13.0,19.0,12.0,13.0,7.0
6,1.2246467991473532e-16,-1.0,6,-0.7818314824680299,0.6234898018587334,8.0,13.0,13.0,19.0,12.0,13.0,7.0,15.0
6,1.2246467991473532e-16,-1.0,0,0.0,1.0,13.0,13.0,19.0,12.0,13.0,7.0,15.0,16.0
6,1.2246467991473532e-16,-1.0,1,0.7818314824680298,0.6234898018587336,13.0,19.0,12.0,13.0,7.0,15.0,16.0,17.0
6,1.2246467991473532e-16,-1.0,2,0.9749279121818236,-0.2225209339563143,19.0,12.0,13.0,7.0,15.0,16.0,17.0,20.0
6,1.2246467991473532e-16,-1.0,3,0.4338837391175582,-0.900968867902419,12.0,13.0,7.0,15.0,16.0,17.0,20.0,14.0
6,1.2246467991473532e-16,-1.0,4,-0.433883739117558,-0.9009688679024191,13.0,7.0,15.0,16.0,17.0,20.0,14.0,11.0
6,1.2246467991473532e-16,-1.0,5,-0.9749279121818236,-0.2225209339563146,7.0,15.0,16.0,17.0,20.0,14.0,11.0,13.0
6,1.2246467991473532e-16,-1.0,6,-0.7818314824680299,0.6234898018587334,15.0,16.0,17.0,20.0,14.0,11.0,13.0,6.0
6,1.2246467991473532e-16,-1.0,0,0.0,1.0,16.0,17.0,20.0,14.0,11.0,13.0,6.0,27.0
7,-0.4999999999999998,-0.8660254037844388,1,0.7818314824680298,0.6234898018587336,17.0,20.0,14.0,11.0,13.0,6.0,27.0,23.0
7,-0.4999999999999998,-0.8660254037844388,2,0.9749279121818236,-0.2225209339563143,20.0,14.0,11.0,13.0,6.0,27.0,23.0,16.0
7,-0.4999999999999998,-0.8660254037844388,3,0.4338837391175582,-0.900968867902419,14.0,11.0,13.0,6.0,27.0,23.0,16.0,15.0
7,-0.4999999999999998,-0.8660254037844388,4,-0.433883739117558,-0.9009688679024191,11.0,13.0,6.0,27.0,23.0,16.0,15.0,27.0
7,-0.4999999999999998,-0.8660254037844388,5,-0.9749279121818236,-0.2225209339563146,13.0,6.0,27.0,23.0,16.0,15.0,27.0,11.0
7,-0.4999999999999998,-0.8660254037844388,6,-0.7818314824680299,0.6234898018587334,6.0,27.0,23.0,16.0,15.0,27.0,11.0,18.0
7,-0.4999999999999998,-0.8660254037844388,0,0.0,1.0,27.0,23.0,16.0,15.0,27.0,11.0,18.0,23.0
7,-0.4999999999999998,-0.8660254037844388,1,0.7818314824680298,0.6234898018587336,23.0,16.0,15.0,27.0,11.0,18.0,23.0,26.0
7,-0.4999999999999998,-0.8660254037844388,2,0.9749279121818236,-0.2225209339563143,16.0,15.0,27.0,11.0,18.0,23.0,26.0,20.0
7,-0.4999999999999998,-0.8660254037844388,3,0.4338837391175582,-0.900968867902419,15.0,27.0,11.0,18.0,23.0,26.0,20.0,25.0
7,-0.4999999999999998,-0.8660254037844388,4,-0.433883739117558,-0.9009688679024191,27.0,11.0,18.0,23.0,26.0,20.0,25.0,20.0
7,-0.4999999999999998,-0.8660254037844388,5,-0.9749279121818236,-0.2225209339563146,11.0,18.0,23.0,26.0,20.0,25.0,20.0,14.0
7,-0.4999999999999998,-0.8660254037844388,6,-0.7818314824680299,0.6234898018587334,18.0,23.0,26.0,20.0,25.0,20.0,14.0,9.0
7,-0.4999999999999998,-0.8660254037844388,0,0.0,1.0,23.0,26.0,20.0,25.0,20.0,14.0,9.0,13.0
7,-0.4999999999999998,-0.8660254037844388,1,0.7818314824680298,0.6234898018587336,26.0,20.0,25.0,20.0,14.0,9.0,13.0,15.0
7,-0.4999999999999998,-0.8660254037844388,2,0.9749279121818236,-0.2225209339563143,20.0,25.0,20.0,14.0,9.0,13.0,15.0,23.0
7,-0.4999999999999998,-0.8660254037844388,3,0.4338837391175582,-0.900968867902419,25.0,20.0,14.0,9.0,13.0,15.0,23.0,14.0
7,-0.4999999999999998,-0.8660254037844388,4,-0.433883739117558,-0.9009688679024191,20.0,14.0,9.0,13.0,15.0,23.0,14.0,22.0
7,-0.4999999999999998,-0.8660254037844388,5,-0.9749279121818236,-0.2225209339563146,14.0,9.0,13.0,15.0,23.0,14.0,22.0,17.0
7,-0.4999999999999998,-0.8660254037844388,6,-0.7818314824680299,0.6234898018587334,9.0,13.0,15.0,23.0,14.0,22.0,17.0,8.0
7,-0.4999999999999998,-0.8660254037844388,0,0.0,1.0,13.0,15.0,23.0,14.0,22.0,17.0,8.0,15.0
7,-0.4999999999999998,-0.8660254037844388,1,0.7818314824680298,0.6234898018587336,15.0,23.0,14.0,22.0,17.0,8.0,15.0,11.0
7,-0.4999999999999998,-0.8660254037844388,2,0.9749279121818236,-0.2225209339563143,23.0,14.0,22.0,17.0,8.0,15.0,11.0,7.0
7,-0.4999999999999998,-0.8660254037844388,3,0.4338837391175582,-0.900968867902419,14.0,22.0,17.0,8.0,15.0,11.0,7.0,16.0
7,-0.4999999999999998,-0.8660254037844388,4,-0.433883739117558,-0.9009688679024191,22.0,17.0,8.0,15.0,11.0,7.0,16.0,21.0
7,-0.4999999999999998,-0.8660254037844388,5,-0.9749279121818236,-0.2225209339563146,17.0,8.0,15.0,11.0,7.0,16.0,21.0,7.0
7,-0.4999999999999998,-0.8660254037844388,6,-0.7818314824680299,0.6234898018587334,8.0,15.0,11.0,7.0,16.0,21.0,7.0,12.0
7,-0.4999999999999998,-0.8660254037844388,0,0.0,1.0,15.0,11.0,7.0,16.0,21.0,7.0,12.0,11.0
7,-0.4999999999999998,-0.8660254037844388,1,0.7818314824680298,0.6234898018587336,11.0,7.0,16.0,21.0,7.0,12.0,11.0,24.0
7,-0.4999999999999998,-0.8660254037844388,2,0.9749279121818236,-0.2225209339563143,7.0,16.0,21.0,7.0,12.0,11.0,24.0,16.0
7,-0.4999999999999998,-0.8660254037844388,3,0.4338837391175582,-0.900968867902419,16.0,21.0,7.0,12.0,11.0,24.0,16.0,11.0
8,-0.8660254037844384,-0.5000000000000004,4,-0.433883739117558,-0.9009688679024191,21.0,7.0,12.0,11.0,24.0,16.0,11.0,26.0
8,-0.8660254037844384,-0.5000000000000004,5,-0.9749279121818236,-0.2225209339563146,7.0,12.0,11.0,24.0,16.0,11.0,26.0,14.0
8,-0.8660254037844384,-0.5000000000000004,6,-0.7818314824680299,0.6234898018587334,12.0,11.0,24.0,16.0,11.0,26.0,14.0,7.0
8,-0.8660254037844384,-0.5000000000000004,0,0.0,1.0,11.0,24.0,16.0,11.0,26.0,14.0,7.0,21.0
8,-0.8660254037844384,-0.5000000000000004,1,0.7818314824680298,0.6234898018587336,24.0,16.0,11.0,26.0,14.0,7.0,21.0,16.0
8,-0.8660254037844384,-0.5000000000000004,2,0.9749279121818236,-0.2225209339563143,16.0,11.0,26.0,14.0,7.0,21.0,16.0,14.0
8,-0.8660254037844384,-0.5000000000000004,3,0.4338837391175582,-0.900968867902419,11.0,26.0,14.0,7.0,21.0,16.0,14.0,16.0
8,-0.8660254037844384,-0.5000000000000004,4,-0.433883739117558,-0.9009688679024191,26.0,14.0,7.0,21.0,16.0,14.0,16.0,16.0
8,-0.8660254037844384,-0.5000000000000004,5,-0.9749279121818236,-0.2225209339563146,14.0,7.0,21.0,16.0,14.0,16.0,16.0,12.0
8,-0.8660254037844384,-0.5000000000000004,6,-0.7818314824680299,0.6234898018587334,7.0,21.0,16.0,14.0,16.0,16.0,12.0,5.0
8,-0.8660254037844384,-0.5000000000000004,0,0.0,1.0,21.0,16.0,14.0,16.0,16.0,12.0,5.0,15.0
8,-0.8660254037844384,-0.5000000000000004,1,0.7818314824680298,0.6234898018587336,16.0,14.0,16.0,16.0,12.0,5.0,15.0,17.0
8,-0.8660254037844384,-0.5000000000000004,2,0.9749279121818236,-0.2225209339563143,14.0,16.0,16.0,12.0,5.0,15.0,17.0,18.0
8,-0.8660254037844384,-0.5000000000000004,3,0.4338837391175582,-0.900968867902419,16.0,16.0,12.0,5.0,15.0,17.0,18.0,16.0
8,-0.8660254037844384,-0.5000000000000004,4,-0.433883739117558,-0.9009688679024191,16.0,12.0,5.0,15.0,17.0,18.0,16.0,23.0
8,-0.8660254037844384,-0.5000000000000004,5,-0.9749279121818236,-0.2225209339563146,12.0,5.0,15.0,17.0,18.0,16.0,23.0,20.0
8,-0.8660254037844384,-0.5000000000000004,6,-0.7818314824680299,0.6234898018587334,5.0,15.0,17.0,18.0,16.0,23.0,20.0,10.0
8,-0.8660254037844384,-0.5000000000000004,0,0.0,1.0,15.0,17.0,18.0,16.0,23.0,20.0,10.0,13.0
8,-0.8660254037844384,-0.5000000000000004,1,0.7818314824680298,0.6234898018587336,17.0,18.0,16.0,23.0,20.0,10.0,13.0,21.0
8,-0.8660254037844384,-0.5000000000000004,2,0.9749279121818236,-0.2225209339563143,18.0,16.0,23.0,20.0,10.0,13.0,21.0,14.0
8,-0.8660254037844384,-0.5000000000000004,3,0.4338837391175582,-0.900968867902419,16.0,23.0,20.0,10.0,13.0,21.0,14.0,22.0
8,-0.8660254037844384,-0.5000000000000004,4,-0.433883739117558,-0.9009688679024191,23.0,20.0,10.0,13.0,21.0,14.0,22.0,19.0
8,-0.8660254037844384,-0.5000000000000004,5,-0.9749279121818236,-0.2225209339563146,20.0,10.0,13.0,21.0,14.0,22.0,19.0,13.0
8,-0.8660254037844384,-0.5000000000000004,6,-0.7818314824680299,0.6234898018587334,10.0,13.0,21.0,14.0,22.0,19.0,13.0,14.0
8,-0.8660254037844384,-0.5000000000000004,0,0.0,1.0,13.0,21.0,14.0,22.0,19.0,13.0,14.0,25.0
8,-0.8660254037844384,-0.5000000000000004,1,0.7818314824680298,0.6234898018587336,21.0,14.0,22.0,19.0,13.0,14.0,25.0,14.0
8,-0.8660254037844384,-0.5000000000000004,2,0.9749279121818236,-0.2225209339563143,14.0,22.0,19.0,13.0,14.0,25.0,14.0,13.0
8,-0.8660254037844384,-0.5000000000000004,3,0.4338837391175582,-0.900968867902419,22.0,19.0,13.0,14.0,25.0,14.0,13.0,16.0
8,-0.8660254037844384,-0.5000000000000004,4,-0.433883739117558,-0.9009688679024191,19.0,13.0,14.0,25.0,14.0,13.0,16.0,24.0
8,-0.8660254037844384,-0.5000000000000004,5,-0.9749279121818236,-0.2225209339563146,13.0,14.0,25.0,14.0,13.0,16.0,24.0,22.0
8,-0.8660254037844384,-0.5000000000000004,6,-0.7818314824680299,0.6234898018587334,14.0,25.0,14.0,13.0,16.0,24.0,22.0,12.0
9,-1.0,-1.8369701987210294e-16,0,0.0,1.0,25.0,14.0,13.0,16.0,24.0,22.0,12.0,29.0
9,-1.0,-1.8369701987210294e-16,1,0.7818314824680298,0.6234898018587336,14.0,13.0,16.0,24.0,22.0,12.0,29.0,15.0
9,-1.0,-1.8369701987210294e-16,2,0.9749279121818236,-0.2225209339563143,13.0,16.0,24.0,22.0,12.0,29.0,15.0,20.0
9,-1.0,-1.8369701987210294e-16,3,0.4338837391175582,-0.900968867902419,16.0,24.0,22.0,12.0,29.0,15.0,20.0,19.0
9,-1.0,-1.8369701987210294e-16,4,-0.433883739117558,-0.9009688679024191,24.0,22.0,12.0,29.0,15.0,20.0,19.0,33.0
9,-1.0,-1.8369701987210294e-16,5,-0.9749279121818236,-0.2225209339563146,22.0,12.0,29.0,15.0,20.0,19.0,33.0,24.0
9,-1.0,-1.8369701987210294e-16,6,-0.7818314824680299,0.6234898018587334,12.0,29.0,15.0,20.0,19.0,33.0,24.0,12.0
9,-1.0,-1.8369701987210294e-16,0,0.0,1.0,29.0,15.0,20.0,19.0,33.0,24.0,12.0,17.0
9,-1.0,-1.8369701987210294e-16,1,0.7818314824680298,0.6234898018587336,15.0,20.0,19.0,33.0,24.0,12.0,17.0,18.0
9,-1.0,-1.8369701987210294e-16,2,0.9749279121818236,-0.2225209339563143,20.0,19.0,33.0,24.0,12.0,17.0,18.0,21.0
9,-1.0,-1.8369701987210294e-16,3,0.4338837391175582,-0.900968867902419,19.0,33.0,24.0,12.0,17.0,18.0,21.0,19.0
9,-1.0,-1.8369701987210294e-16,4,-0.433883739117558,-0.9009688679024191,33.0,24.0,12.0,17.0,18.0,21.0,19.0,25.0
9,-1.0,-1.8369701987210294e-16,5,-0.9749279121818236,-0.2225209339563146,24.0,12.0,17.0,18.0,21.0,19.0,25.0,23.0
9,-1.0,-1.8369701987210294e-16,6,-0.7818314824680299,0.6234898018587334,12.0,17.0,18.0,21.0,19.0,25.0,23.0,19.0
9,-1.0,-1.8369701987210294e-16,0,0.0,1.0,17.0,18.0,21.0,19.0,25.0,23.0,19.0,20.0
9,-1.0,-1.8369701987210294e-16,1,0.7818314824680298,0.6234898018587336,18.0,21.0,19.0,25.0,23.0,19.0,20.0,18.0
9,-1.0,-1.8369701987210294e-16,2,0.9749279121818236,-0.2225209339563143,21.0,19.0,25.0,23.0,19.0,20.0,18.0,16.0
9,-1.0,-1.8369701987210294e-16,3,0.4338837391175582,-0.900968867902419,19.0,25.0,23.0,19.0,20.0,18.0,16.0,25.0
9,-1.0,-1.8369701987210294e-16,4,-0.433883739117558,-0.9009688679024191,25.0,23.0,19.0,20.0,18.0,16.0,25.0,29.0
9,-1.0,-1.8369701987210294e-16,5,-0.9749279121818236,-0.2225209339563146,23.0,19.0,20.0,18.0,16.0,25.0,29.0,10.0
9,-1.0,-1.8369701987210294e-16,6,-0.7818314824680299,0.6234898018587334,19.0,20.0,18.0,16.0,25.0,29.0,10.0,5.0
9,-1.0,-1.8369701987210294e-16,0,0.0,1.0,20.0,18.0,16.0,25.0,29.0,10.0,5.0,14.0
9,-1.0,-1.8369701987210294e-16,1,0.7818314824680298,0.6234898018587336,18.0,16.0,25.0,29.0,10.0,5.0,14.0,10.0
9,-1.0,-1.8369701987210294e-16,2,0.9749279121818236,-0.2225209339563143,16.0,25.0,29.0,10.0,5.0,14.0,10.0,11.0
