date,По дням,Количество заказ-нарядов,Работ,Запчастей,Всего по заказ-наряду,temperature_mean,pressure_mean,humidity_mean,wind_speed_avg_mean,wind_speed_avg_max,solar_rad_sum,uv_max,pcp_sum
2020-01-04,2020-01-04,1.0,3540.0,10019.12,13559.12,-1.334375,738.46875,91.75,1.91875,5.5,103.0,2.0,1.0
2020-01-05,2020-01-05,6.0,46340.0,21072.4075,46340.0,-1.9466666666666663,742.0,93.21666666666668,1.7866666666666666,5.0,57.0,2.0,3.9
2020-01-06,2020-01-06,5.666666666666667,37416.666666666664,32125.695,55494.090000000004,-1.88,750.7333333333333,90.48333333333332,1.0066666666666666,2.4,404.0,3.0,1.0
2020-01-07,2020-01-07,5.333333333333333,28493.333333333332,43178.9825,64648.18000000001,-3.943333333333333,754.95,92.1,0.93,1.1,79.0,3.0,18.1
2020-01-08,2020-01-08,5.0,19570.0,54232.27,73802.27,-6.72,755.6833333333333,93.03333333333332,0.98,2.5,675.0,3.0,4.6
2020-01-09,2020-01-09,5.0,44630.0,35011.37,79641.37,-5.803125,749.28125,90.5,1.603125,3.1,82.0,3.0,9.1
2020-01-10,2020-01-10,4.0,4150.0,28708.1775,4150.0,-3.953125,744.3125,91.5,1.28125,2.7,115.0,3.0,23.9
2020-01-11,2020-01-11,2.5,32683.333333333332,22404.985,35949.53333333334,-2.909375,743.875,90.71875,0.821875,2.2,116.0,3.0,13.8
2020-01-12,2020-01-12,1.0,61216.666666666664,16101.7925,67749.06666666668,-4.7875,743.8125,88.90625,1.13125,3.6,533.0,3.0,6.2
2020-01-13,2020-01-13,6.0,89750.0,9798.6,99548.6,-3.3400000000000003,734.5666666666667,91.73333333333332,1.7066666666666668,6.3,119.0,3.0,15.6
2020-01-14,2020-01-14,2.0,58300.0,44051.63,102351.63,-2.44375,741.09375,84.625,1.33125,3.6,201.0,3.0,10.3
2020-01-15,2020-01-15,7.0,53690.0,44402.02,98092.02,-1.4875,748.65625,86.875,1.225,3.1,158.0,3.0,8.8
2020-01-16,2020-01-16,10.0,164244.0,137163.82,301407.82,-0.5343749999999999,741.78125,94.8125,1.309375,2.2,99.0,3.0,13.7
2020-01-17,2020-01-17,10.0,163032.0,68871.51000000001,231903.51,0.7312500000000001,745.03125,93.0625,1.25625,2.2,373.0,3.0,1.1
2020-01-18,2020-01-18,10.0,161820.0,579.2,162399.2,0.3387096774193548,749.4193548387096,94.08064516129032,0.8870967741935484,2.3,115.0,3.0,3.2
2020-01-19,2020-01-19,2.0,18340.0,20343.466666666667,18340.0,-0.15,749.21875,93.71875,0.934375,1.8,151.0,3.0,9.6
2020-01-20,2020-01-20,1.0,6000.0,40107.73333333333,6000.0,-0.4312499999999999,745.25,95.34375,0.73125,1.3,110.0,3.0,19.7
2020-01-21,2020-01-21,3.0,36440.0,59872.0,96312.0,-0.959375,738.1875,95.25,1.20625,2.7,236.0,3.0,18.5
2020-01-22,2020-01-22,6.0,27750.0,31600.0,59350.0,-1.0375,723.4375,95.71875,1.30625,7.3,117.0,3.0,27.5
2020-01-23,2020-01-23,4.0,50550.0,19930.0,70480.0,-4.348387096774193,726.4516129032259,92.6774193548387,0.9387096774193548,2.2,149.0,3.0,20.4
2020-01-24,2020-01-24,8.0,99010.0,23028.8,122038.8,-7.965625,734.28125,89.875,1.128125,2.7,225.0,3.0,12.1
2020-01-25,2020-01-25,4.0,52600.0,11147.02,63747.02,-7.246875,728.65625,91.6875,1.125,1.8,163.0,3.0,24.8
2020-01-26,2020-01-26,1.0,13600.0,648.2,14248.2,-5.078125,729.59375,89.9375,1.159375,2.7,245.0,3.0,17.5
2020-01-27,2020-01-27,9.0,63550.0,164484.3,228034.3,-10.81875,736.4375,86.09375,0.95625,2.2,244.0,3.0,15.4
2020-01-28,2020-01-28,3.0,14700.0,419.82,15119.82,-17.453125,750.1875,85.59375,0.840625,1.8,1381.0,3.0,0.0
2020-01-29,2020-01-29,2.0,16050.0,4241.62,20291.62,-17.415625,753.96875,86.875,1.240625,2.7,256.0,3.0,16.8
2020-01-30,2020-01-30,6.0,9240.0,64922.89,74162.89,-8.903125,748.71875,90.625,1.15,2.2,253.0,3.0,25.4
2020-01-31,2020-01-31,5.0,36950.0,61607.54,98557.54,-2.378125,742.59375,94.6875,1.965625,3.1,151.0,3.0,29.5
2020-02-01,2020-02-01,4.0,28750.0,54337.2125,69821.69333333333,-2.0875,741.21875,95.0,1.0875,2.7,157.0,3.0,18.6
2020-02-02,2020-02-02,3.0,20550.0,47066.885,41085.846666666665,-2.09375,741.40625,94.90625,1.115625,2.7,283.0,3.0,6.9
2020-02-03,2020-02-03,2.0,12350.0,39796.557499999995,12350.0,-1.75,729.4375,94.6875,2.44375,4.5,166.0,3.0,25.2
2020-02-04,2020-02-04,4.0,58940.0,32526.23,91466.23,-0.009375,725.375,95.78125,1.221875,2.2,212.0,3.0,9.4
2020-02-05,2020-02-05,2.0,12300.0,16473.114999999998,12300.0,-3.75,730.65625,92.9375,0.815625,1.3,249.0,3.0,13.2
2020-02-06,2020-02-06,4.0,16120.0,420.0,16540.0,-9.55625,736.375,86.53125,1.228125,2.7,344.0,3.0,13.7
2020-02-07,2020-02-07,3.0,19000.0,79695.01,98695.01,-11.31875,737.4375,87.03125,0.96875,1.8,338.0,3.0,15.4
2020-02-08,2020-02-08,4.0,27850.0,28698.43,56548.43,-15.1625,742.125,84.46875,1.596875,2.7,1054.0,3.0,1.5
2020-02-09,2020-02-09,5.0,32835.0,22043.215,54878.215,-16.3375,747.78125,85.78125,1.059375,2.2,1210.0,3.0,10.0
2020-02-10,2020-02-10,6.0,37820.0,15388.0,53208.0,-8.8,742.5625,90.9375,0.8625,1.8,250.0,3.0,12.0
2020-02-11,2020-02-11,4.0,32700.0,155690.83,188390.83,-6.3875,742.40625,81.1875,1.30625,2.7,488.0,3.0,0.8
2020-02-12,2020-02-12,3.0,17000.0,50638.28,67638.28,-6.696875,746.46875,75.0,1.003125,1.8,1016.0,3.0,1.5
2020-02-13,2020-02-13,5.0,28475.0,36145.53,64620.53,-8.51875,746.96875,81.0625,0.9375,1.0,431.0,3.0,12.5
2020-02-14,2020-02-14,4.0,66800.0,89615.48,156415.48,-7.29375,748.09375,87.71875,0.965625,1.3,422.0,4.0,15.7
2020-02-15,2020-02-15,10.0,153070.0,113824.8,266894.8,-8.5625,752.9375,88.5,0.928125,1.0,397.0,4.0,5.0
2020-02-16,2020-02-16,4.0,26700.0,38559.0,65259.0,-9.159375,758.09375,91.1875,0.928125,1.8,494.0,4.0,4.7
2020-02-17,2020-02-17,7.0,34760.0,19409.54,54169.54,-4.351612903225806,751.8387096774194,91.09677419354838,2.383870967741936,4.0,418.0,4.0,10.5
2020-02-18,2020-02-18,5.0,27200.0,31910.43,59110.43,0.93125,742.15625,90.6875,1.6,3.6,440.0,4.0,5.4
2020-02-19,2020-02-19,4.0,10650.0,16162.715,10650.0,0.65625,742.09375,92.90625,0.95,1.8,335.0,4.0,3.8
2020-02-20,2020-02-20,6.0,32500.0,415.0,32915.0,0.509375,745.4375,93.4375,0.83125,1.3,347.0,4.0,2.1
2020-02-21,2020-02-21,1.0,11200.0,794.52,11994.52,0.4870967741935483,750.516129032258,94.09677419354838,0.9064516129032258,1.8,282.0,4.0,6.1
2020-02-22,2020-02-22,4.0,12200.0,59735.74,71935.74,-0.365625,754.75,93.8125,0.90625,1.0,342.0,4.0,6.3
2020-02-23,2020-02-23,1.0,5800.0,68701.15,5800.0,-2.4060606060606062,749.1818181818181,85.39393939393939,2.1818181818181817,4.5,2072.0,4.0,7.8
2020-02-24,2020-02-24,5.0,118800.0,77666.56,196466.56,-1.8838709677419356,736.4516129032259,92.06451612903226,1.9935483870967745,4.0,284.0,4.0,22.6
2020-02-25,2020-02-25,5.0,29760.0,7145.56,36905.56,-0.734375,736.53125,93.03125,1.946875,3.6,415.0,4.0,27.4
2020-02-26,2020-02-26,2.0,18500.0,19.58,18519.58,-0.69375,732.5625,92.875,1.5375,3.1,444.0,4.0,18.6
2020-02-27,2020-02-27,19.0,98320.0,481027.14,579347.14,-2.503125,739.28125,94.4375,0.89375,1.3,384.0,4.0,13.5
2020-02-28,2020-02-28,5.0,22300.0,59356.5,81656.5,1.45625,739.3125,96.375,1.51875,2.7,334.0,4.0,4.4
2020-02-29,2020-02-29,15.0,381760.0,338827.77,720587.77,0.23125,737.3125,89.3125,2.1281250000000003,4.5,568.0,4.0,10.6
2020-03-01,2020-03-01,10.0,219130.0,217452.56,436582.56,-1.678125,745.0625,78.78125,1.290625,3.6,1541.0,5.0,6.4
2020-03-02,2020-03-02,5.0,56500.0,96077.35,152577.35,-1.196875,748.40625,82.96875,1.34375,3.1,670.0,5.0,7.6
2020-03-03,2020-03-03,3.0,34430.0,14015.0,48445.0,2.5,750.28125,81.6875,1.2375,2.2,715.0,5.0,1.6
2020-03-04,2020-03-04,8.0,38850.0,74564.5,113414.5,0.921875,750.46875,81.5625,0.90625,2.2,732.0,5.0,3.4
2020-03-05,2020-03-05,8.0,73750.0,26709.93,100459.93,-3.5625,758.15625,70.71875,1.15625,3.6,3794.0,5.0,0.0
2020-03-06,2020-03-06,2.0,3300.0,24960.0,28260.0,-3.6375,759.46875,71.9375,1.53125,3.1,2498.0,5.0,0.4
2020-03-07,2020-03-07,2.0,13040.0,1089.52,14129.52,-1.84375,755.125,75.0,1.88125,3.1,792.0,5.0,6.4
2020-03-08,2020-03-08,9.0,63050.0,3076.79,66126.79,-0.190625,752.03125,78.375,1.58125,2.7,790.0,5.0,22.4
2020-03-09,2020-03-09,6.0,47890.0,2738.2,50628.2,1.478125,749.96875,94.59375,0.821875,1.3,414.0,5.0,2.0
2020-03-10,2020-03-10,7.0,47360.0,78124.56,125484.56,1.31875,751.125,90.625,1.315625,2.7,2125.0,5.0,1.1
2020-03-11,2020-03-11,5.0,22440.0,2553.0,24993.0,4.490625,745.03125,77.75,1.50625,3.1,750.0,5.0,0.0
2020-03-12,2020-03-12,4.0,38120.0,41227.0,79347.0,3.659375,736.59375,80.6875,2.2,3.6,856.0,5.0,1.3
2020-03-13,2020-03-13,5.0,125300.0,32643.46,157943.46,2.775,731.71875,90.8125,1.875,5.8,1146.0,5.0,0.4
2020-03-14,2020-03-14,7.0,173425.0,17285.434999999998,190710.435,2.4375,733.25,80.46875,1.484375,2.7,995.0,5.0,0.1
2020-03-15,2020-03-15,9.0,221550.0,1927.41,223477.41,1.0875,738.53125,87.625,0.9875,1.3,746.0,5.0,4.7
2020-03-16,2020-03-16,10.0,81430.0,15954.41,97384.41,-0.115625,745.34375,73.71875,2.0,6.6,1888.0,5.0,5.4
2020-03-17,2020-03-17,8.0,88582.0,119870.26,208452.26,-1.16875,746.90625,76.9375,1.25625,3.6,960.0,6.0,5.8
2020-03-18,2020-03-18,4.0,174920.0,50699.64,225619.64,1.503125,750.34375,81.15625,0.89375,1.3,1506.0,6.0,0.0
2020-03-19,2020-03-19,4.0,66915.0,10401.72,77316.72,2.740625,740.59375,84.65625,1.425,2.2,799.0,6.0,3.6
2020-03-20,2020-03-20,5.0,37625.0,195.77,37820.77,2.15625,737.09375,81.03125,1.14375,2.7,1760.0,6.0,1.3
2020-03-21,2020-03-21,2.0,4980.0,1600.0,6580.0,-0.88125,740.875,83.75,1.278125,3.6,1235.0,6.0,14.5
2020-03-22,2020-03-22,4.0,15360.0,35762.0,51122.0,-4.446875,754.46875,56.90625,1.43125,2.7,4708.0,6.0,6.7
2020-03-23,2020-03-23,4.0,26850.0,29942.79,56792.79,-4.746875,761.59375,61.375,1.94375,3.6,5412.0,6.0,0.0
2020-03-24,2020-03-24,6.0,64970.0,59235.71,124205.71,-1.38125,757.9375,85.53125,2.328125,6.7,798.0,6.0,22.4
2020-03-25,2020-03-25,13.0,208880.0,85198.39,294078.39,-1.390625,757.0,84.34375,1.14375,2.2,3839.0,6.0,9.3
2020-03-26,2020-03-26,2.0,32400.0,58140.03,90540.03,3.303125,751.625,63.5,1.253125,3.1,1805.0,6.0,1.4
2020-03-27,2020-03-27,2.0,9480.0,42965.965,9480.0,4.671875,755.34375,61.59375,1.034375,2.7,3769.0,6.0,0.0
2020-03-28,2020-03-28,2.0,41700.0,27791.9,69491.9,6.128125,754.0,63.71875,1.2375,3.6,1234.0,6.0,0.0
2020-03-29,2020-03-29,1.0,4900.0,318.53,5218.53,5.861290322580646,748.241935483871,69.7258064516129,1.2451612903225806,3.6,1058.0,6.0,0.0
2020-03-30,2020-03-30,5.0,95960.0,83377.0,179337.0,8.493333333333334,743.7333333333333,59.43333333333333,1.153333333333333,2.2,1241.0,6.0,0.0
2020-03-31,2020-03-31,20.0,289445.0,85363.62,374808.62,6.645161290322581,740.5967741935484,64.33870967741936,1.238709677419355,2.7,1706.5,6.0,0.5
2020-04-01,2020-04-01,12.0,169836.0,70026.675,239862.675,2.4516129032258065,734.9032258064516,71.25806451612904,1.7096774193548387,4.0,1466.0,6.0,8.4
2020-04-02,2020-04-02,4.0,50227.0,54689.73,104916.73,-0.1406249999999999,738.0,68.5,1.278125,2.2,2112.0,6.0,4.1
2020-04-03,2020-04-03,2.0,800.0,44734.64333333333,800.0,3.66875,745.65625,69.125,1.16875,4.3,2027.0,7.0,1.7
2020-04-04,2020-04-04,2.0,3345.0,34779.55666666667,15757.235,7.634374999999999,745.25,49.75,1.409375,2.2,6537.0,7.0,0.0
2020-04-05,2020-04-05,2.0,5890.0,24824.47,30714.47,4.425,744.65625,56.875,1.325,3.1,1802.0,7.0,0.0
2020-04-06,2020-04-06,3.0,2600.0,32970.08,35570.08,1.2,746.0,49.78125,1.115625,3.1,2204.0,7.0,0.0
2020-04-07,2020-04-07,4.0,27350.0,9603.7,36953.7,-0.328125,749.78125,49.78125,2.590625,5.8,5434.0,7.0,1.5
2020-04-08,2020-04-08,9.0,138510.0,29182.92,167692.92,0.240625,745.375,53.6875,1.2,3.1,5113.0,7.0,3.5
2020-04-09,2020-04-09,1.0,4500.0,56322.19,4500.0,7.121875,744.8125,63.3125,0.95,1.8,5267.0,7.0,0.9
2020-04-10,2020-04-10,6.0,38920.0,83461.46,122381.46,9.643333333333334,743.2666666666667,56.13333333333333,2.046666666666667,4.0,1416.0,7.0,0.1
2020-04-11,2020-04-11,2.0,11300.0,26027.29,37327.29,9.638709677419357,743.0322580645161,44.20967741935484,2.180645161290323,4.0,1401.5,7.0,0.7000000000000001
2020-04-12,2020-04-12,1.0,5900.0,93742.01499999998,5900.0,7.428125,740.59375,71.03125,1.46875,4.0,1456.0,7.0,2.1
2020-04-13,2020-04-13,8.0,62990.0,161456.74,224446.74,3.221875,739.53125,92.90625,1.459375,3.1,999.0,7.0,1.2000000000000002
2020-04-14,2020-04-14,9.0,137510.0,197476.72,334986.72,3.275,743.53125,87.71875,0.971875,1.8,1866.0,7.0,0.6000000000000001
2020-04-15,2020-04-15,11.0,45020.0,131613.96,176633.96,8.59375,740.84375,66.3125,1.75625,3.6,3710.0,7.0,0.1
2020-04-16,2020-04-16,4.0,11700.0,4781.0,16481.0,5.216666666666667,735.3,70.43333333333334,2.4166666666666665,4.9,1283.0,7.0,1.5
2020-04-17,2020-04-17,3.0,17100.0,8671.25,25771.25,3.6774193548387095,732.6451612903226,82.45161290322581,2.6225806451612903,8.5,1792.5,7.0,2.5
2020-04-18,2020-04-18,2.0,10050.0,12546.986666666666,14385.625,3.578125,734.8125,86.65625,1.121875,2.7,1229.0,7.0,0.3
2020-04-19,2020-04-19,1.0,3000.0,16422.72333333333,3000.0,3.840625,745.25,79.1875,1.084375,2.2,5783.0,7.0,0.2
2020-04-20,2020-04-20,2.0,9500.0,20298.46,29798.46,5.519354838709678,749.0,70.03225806451613,1.064516129032258,2.2,1987.0,7.0,0.1
2020-04-21,2020-04-21,6.0,50250.0,38309.61,88559.61,4.0625,744.34375,88.0,1.946875,4.5,1187.0,7.0,2.3000000000000003
2020-04-22,2020-04-22,16.0,98270.0,3379.01,101649.01,4.9625,730.25,87.34375,1.13125,2.7,3213.0,8.0,1.3
2020-04-23,2020-04-23,12.0,60600.0,366808.03,427408.03,-0.528125,733.0,87.09375,1.45,3.6,1533.0,8.0,34.9
2020-04-24,2020-04-24,3.0,35750.0,1173.13,36923.13,-0.984375,737.28125,74.78125,1.253125,3.1,3009.0,8.0,4.8
2020-04-25,2020-04-25,1.0,6700.0,318.0,7018.0,2.390625,736.5625,83.84375,1.43125,4.5,1435.0,8.0,4.9
2020-04-26,2020-04-26,2.5,6170.0,3191.71,9361.71,8.625,737.5625,82.96875,1.54375,3.1,1694.0,8.0,1.4
2020-04-27,2020-04-27,4.0,5640.0,6065.42,11705.42,11.829032258064515,738.0645161290323,62.64516129032258,1.3225806451612905,3.1,3056.5,8.0,0.0
2020-04-28,2020-04-28,3.0,14600.0,1080.0,15680.0,8.619354838709677,733.6935483870968,85.98387096774194,1.0129032258064516,1.8,1199.0,8.0,2.4000000000000004
2020-04-29,2020-04-29,3.0,11700.0,95049.55,11700.0,4.890625,736.03125,80.1875,1.509375,3.1,2490.0,8.0,2.7
2020-04-30,2020-04-30,15.0,409390.0,189019.1,598409.1,8.319354838709677,737.7258064516129,72.93548387096774,1.8935483870967744,5.7,6878.0,8.0,0.9
2020-05-01,2020-05-01,10.666666666666668,275976.6666666666,184583.356,401989.4,6.203125,746.125,72.28125,1.1375,2.2,2071.0,8.0,1.2000000000000002
2020-05-02,2020-05-02,6.333333333333334,142563.3333333333,180147.612,205569.7,5.721875,748.3125,58.21875,1.265625,2.7,8935.0,8.0,0.0
2020-05-03,2020-05-03,2.0,9150.0,175711.86800000002,9150.0,7.503125,751.90625,54.03125,0.921875,2.2,9078.0,8.0,0.0
2020-05-04,2020-05-04,5.5,43325.0,171276.124,126745.19,12.8625,753.125,47.3125,1.16875,3.7,9160.0,8.0,0.0
2020-05-05,2020-05-05,9.0,77500.0,166840.38,244340.38,18.98125,752.59375,38.9375,1.246875,2.7,7710.0,8.0,0.0
2020-05-06,2020-05-06,4.0,12650.0,318.0,12968.0,18.771875,750.3125,35.4375,1.290625,2.7,8181.0,8.0,0.0
2020-05-07,2020-05-07,2.0,24400.0,12905.11,24400.0,19.928125,746.1875,37.625,1.65625,4.5,3071.0,8.0,0.1
2020-05-08,2020-05-08,6.0,43820.0,25492.22,69312.22,21.15,744.65625,35.5625,1.60625,4.5,4415.0,8.0,0.0
2020-05-09,2020-05-09,4.0,20990.0,86006.25,106996.25,21.635483870967743,743.6290322580645,33.75806451612903,1.432258064516129,3.6,9524.0,8.0,0.0
2020-05-10,2020-05-10,3.0,14140.0,456.0,14596.0,16.95625,740.71875,55.65625,1.53125,3.1,4726.0,8.0,0.7000000000000001
2020-05-11,2020-05-11,2.0,11300.0,31304.94,42604.94,15.03125,742.625,60.9375,1.05,2.2,2105.0,8.0,0.0
2020-05-12,2020-05-12,9.0,46750.0,87833.015,46750.0,12.239285714285714,739.4285714285714,85.96428571428571,0.8928571428571429,1.3,1238.0,8.0,2.2
2020-05-13,2020-05-13,2.0,17000.0,144361.09,161361.09,14.535483870967742,738.8870967741935,81.87096774193549,1.335483870967742,3.1,7742.0,8.0,0.2
2020-05-14,2020-05-14,7.0,107440.0,207081.09,314521.09,9.893548387096772,744.2903225806451,64.96774193548387,1.4451612903225808,3.1,8056.0,8.0,0.0
2020-05-15,2020-05-15,8.0,35500.0,69090.86,104590.86,9.478125,742.71875,61.375,0.89375,1.8,5813.0,8.0,0.0
2020-05-16,2020-05-16,4.0,55580.0,33075.8,88655.8,8.470967741935485,738.758064516129,78.45161290322581,1.5483870967741935,3.1,5627.0,8.0,0.0
2020-05-17,2020-05-17,1.0,300.0,31573.620000000003,300.0,9.921875,743.28125,61.03125,0.91875,1.8,8951.0,8.0,0.0
2020-05-18,2020-05-18,6.0,103650.0,30071.44,133721.44,11.14375,741.9375,68.03125,1.05,2.2,8023.0,9.0,0.1
2020-05-19,2020-05-19,8.0,19100.0,34484.84,53584.84,12.270967741935484,738.5483870967741,70.37096774193549,1.2483870967741937,2.7,8190.5,9.0,0.2
2020-05-20,2020-05-20,6.0,12300.0,17569.87,29869.87,11.965625,735.9375,79.9375,1.171875,4.0,4305.0,9.0,1.3
2020-05-21,2020-05-21,4.0,5500.0,654.9,6154.9,10.403125,737.75,89.6875,1.25625,2.7,1571.0,9.0,1.5
2020-05-22,2020-05-22,4.0,42300.0,6044.2,48344.2,11.859375,740.1875,64.90625,1.3093750000000002,2.7,9608.0,9.0,0.1
2020-05-23,2020-05-23,2.0,3000.0,40034.86,3000.0,12.4125,746.90625,60.0625,0.846875,1.3,7202.0,9.0,0.0
2020-05-24,2020-05-24,1.0,13300.0,74025.52,87325.52,15.553125,746.09375,69.09375,1.74375,5.4,3708.0,9.0,0.7000000000000001
2020-05-25,2020-05-25,7.0,24870.0,10690.07,35560.07,11.65,752.71875,78.0625,1.00625,2.2,3700.0,9.0,0.6000000000000001
2020-05-26,2020-05-26,10.0,60920.0,66086.42,127006.42,13.746875,757.6875,65.90625,0.9875,1.8,10167.0,9.0,0.0
2020-05-27,2020-05-27,6.0,71000.0,111228.5,182228.5,17.759375,749.40625,71.4375,1.996875,4.0,6670.0,9.0,0.9
2020-05-28,2020-05-28,19.0,190690.0,623522.61,814212.61,15.790625,750.71875,65.84375,1.6125,3.1,9555.0,9.0,0.0
2020-05-29,2020-05-29,10.0,53040.0,48384.4,101424.4,17.478125,752.0,58.0625,0.91875,1.8,10660.0,9.0,0.0
2020-05-30,2020-05-30,1.0,5800.0,45913.77333333333,5800.0,19.678125,748.15625,61.15625,1.03125,2.2,9153.0,9.0,0.0
2020-05-31,2020-05-31,1.0,150.0,43443.14666666667,150.0,11.71875,741.3125,85.625,2.334375,4.0,2534.0,9.0,1.6
2020-06-01,2020-06-01,5.0,32410.0,40972.52,73382.52,8.496875000000001,742.65625,90.34375,0.94375,2.2,1719.0,9.0,0.3
2020-06-02,2020-06-02,7.0,21990.0,33252.45,55242.45,10.7125,749.59375,76.75,1.009375,2.2,8069.0,9.0,0.0
2020-06-03,2020-06-03,5.0,32860.0,613324.52,646184.52,13.4625,750.375,66.28125,1.309375,4.2,7639.0,9.0,0.0
2020-06-04,2020-06-04,9.0,32600.0,2035.81,34635.81,16.596875,749.0625,58.71875,1.63125,4.0,7603.0,9.0,0.0
2020-06-05,2020-06-05,4.0,22130.0,1079.2849999999999,22130.0,17.91875,749.59375,75.71875,1.903125,3.6,3040.0,9.0,1.9
2020-06-06,2020-06-06,1.0,13050.0,122.76,13172.76,17.68064516129032,750.1935483870968,66.59677419354838,1.5032258064516129,3.1,2972.0,9.0,0.0
2020-06-07,2020-06-07,4.0,24275.0,53798.595,78073.595,16.38125,749.6875,77.625,1.284375,3.1,3682.0,9.0,0.3
2020-06-08,2020-06-08,7.0,35500.0,107474.43,142974.43,18.359375,751.1875,78.65625,1.390625,4.0,7679.0,9.0,0.8
2020-06-09,2020-06-09,5.0,33750.0,24529.27,58279.27,23.0,753.40625,54.625,1.353125,2.7,10990.0,9.0,0.0
2020-06-10,2020-06-10,7.0,50650.0,2049.28,52699.28,21.096774193548388,751.741935483871,66.01612903225806,1.441935483870968,3.1,6964.5,9.0,0.4
2020-06-11,2020-06-11,7.0,44380.0,39067.97,83447.97,19.325806451612905,746.516129032258,77.80645161290323,1.1612903225806452,2.2,10395.0,9.0,0.5
2020-06-12,2020-06-12,4.5,30220.0,35336.763333333336,49753.985,15.159375,744.09375,89.625,1.078125,2.2,2479.0,9.0,1.5
2020-06-13,2020-06-13,2.0,16060.0,31605.556666666667,16060.0,11.7,749.9375,65.40625,1.49375,3.6,8080.0,9.0,0.0
2020-06-14,2020-06-14,1.0,10300.0,27874.35,38174.35,13.078125,753.65625,63.71875,1.146875,2.2,11071.0,9.0,0.0
2020-06-15,2020-06-15,9.0,405340.0,464037.52,869377.52,17.00625,754.03125,62.625,1.071875,2.2,9411.0,9.0,0.0
2020-06-16,2020-06-16,14.0,253520.0,1020248.2,1273768.2,19.3125,749.9375,61.84375,1.16875,2.2,11086.0,9.0,0.0
2020-06-17,2020-06-17,6.0,48010.0,7456.95,55466.95,19.1,746.03125,63.75,1.296875,3.1,10916.0,9.0,0.0
2020-06-18,2020-06-18,6.0,60800.0,47424.39,108224.39,14.0625,749.875,59.458333333333336,1.2583333333333335,2.2,4616.0,7.0,0.0
2020-06-19,2020-06-19,5.0,24830.0,31970.78,24830.0,16.353125,750.6875,56.6875,0.934375,1.8,10733.0,9.0,0.0
2020-06-20,2020-06-20,2.0,13490.0,16517.17,13490.0,16.696875,744.21875,67.875,1.2125,3.1,4869.0,9.0,0.2
2020-06-21,2020-06-21,3.0,13980.0,1063.56,15043.56,10.94516129032258,745.8387096774194,68.2258064516129,1.1193548387096774,3.1,10283.0,9.0,0.0
2020-06-22,2020-06-22,4.0,21600.0,21002.0,42602.0,10.033333333333331,748.4242424242424,76.57575757575758,0.9181818181818182,2.2,7216.0,9.0,0.0
2020-06-23,2020-06-23,6.0,28580.0,39817.12,68397.12,15.528125,747.0625,65.875,1.23125,3.1,6143.0,9.0,0.0
2020-06-24,2020-06-24,9.0,63350.0,89594.31,152944.31,15.10625,744.46875,64.78125,1.453125,3.1,8538.0,9.0,0.4
2020-06-25,2020-06-25,8.0,54150.0,190770.95,244920.95,9.990625,747.3125,71.21875,1.20625,3.1,5036.0,9.0,0.5
2020-06-26,2020-06-26,8.0,139820.0,111326.48,251146.48,12.690322580645162,746.0645161290323,68.19354838709677,1.2903225806451613,3.1,6525.0,9.0,0.6000000000000001
2020-06-27,2020-06-27,4.0,29320.0,37262.2,66582.2,14.203125,739.625,82.84375,1.140625,2.2,2074.0,9.0,1.6
2020-06-28,2020-06-28,14.0,305850.0,143611.5,449461.5,13.0125,738.21875,73.65625,2.09375,4.0,8975.0,9.0,0.3
2020-06-29,2020-06-29,5.0,11850.0,94433.355,11850.0,10.846875,740.90625,78.3125,1.08125,2.2,6517.0,9.0,0.5
2020-06-30,2020-06-30,14.0,84100.0,45255.21,129355.21,11.021875,743.75,75.25,0.978125,3.1,4586.0,9.0,0.9
2020-07-01,2020-07-01,2.0,33000.0,813.97,33813.97,13.422580645161291,747.4516129032259,65.90322580645162,1.0258064516129033,2.2,7340.0,9.0,0.0
2020-07-02,2020-07-02,3.0,7280.0,10294.75,17574.75,13.775,745.3125,87.4375,1.05625,2.2,1771.0,9.0,0.0
2020-07-03,2020-07-03,11.0,86720.0,39160.75,125880.75,19.903125,746.625,74.3125,1.04375,3.1,10537.0,9.0,0.0
2020-07-04,2020-07-04,5.0,24450.0,18928.71,43378.71,20.3625,747.15625,83.21875,1.00625,2.3,3470.0,9.0,0.0
2020-07-05,2020-07-05,1.0,6800.0,31858.855,6800.0,20.9625,743.625,88.34375,0.884375,1.3,2457.0,9.0,0.3
2020-07-06,2020-07-06,4.0,13420.0,44789.0,58209.0,22.1875,744.5625,84.40625,1.734375,3.7,6507.0,8.0,1.5
2020-07-07,2020-07-07,4.0,13900.0,5019.52,18919.52,23.082758620689653,746.551724137931,78.75862068965517,1.3275862068965518,3.6,10389.5,9.0,0.0
2020-07-08,2020-07-08,7.0,30100.0,13546.62,43646.62,26.045454545454547,747.8181818181819,70.3030303030303,1.1363636363636365,3.0,10796.0,9.0,0.0
2020-07-09,2020-07-09,8.0,18270.0,4370.6,22640.6,28.009375,747.09375,63.65625,0.996875,1.8,10759.0,9.0,0.0
2020-07-10,2020-07-10,10.0,136400.0,88765.73,225165.73,26.7,746.0,64.1875,1.18125,3.1,10319.0,9.0,0.5
2020-07-11,2020-07-11,1.0,1350.0,68588.86499999999,1350.0,20.5375,749.375,74.59375,1.059375,3.0,10273.0,9.0,0.2
2020-07-12,2020-07-12,3.0,40620.0,48412.0,89032.0,21.590625,749.4375,66.6875,0.884375,1.8,10320.0,9.0,0.0
2020-07-13,2020-07-13,4.0,15550.0,55903.42333333333,15550.0,23.003125,747.46875,69.40625,1.13125,4.4,8861.0,9.0,0.0
2020-07-14,2020-07-14,2.0,5670.0,63394.84666666667,5670.0,27.6125,745.96875,61.34375,1.2125,3.3,10565.0,9.0,0.0
2020-07-15,2020-07-15,4.0,76160.0,70886.27,147046.27,29.359375,744.625,52.3125,1.68125,5.6,10524.0,9.0,0.0
2020-07-16,2020-07-16,5.0,51050.0,55537.92,106587.92,26.641935483870967,744.0645161290323,61.774193548387096,1.1870967741935483,4.5,2805.0,9.0,0.4
2020-07-17,2020-07-17,13.0,30890.0,545556.35,576446.35,23.143478260869564,745.304347826087,68.04347826086956,1.2826086956521738,3.6,4478.0,9.0,0.5
2020-07-18,2020-07-18,5.0,18600.0,101389.7,119989.7,20.2125,745.46875,70.78125,0.94375,1.8,5275.0,9.0,0.0
2020-07-19,2020-07-19,3.0,38160.0,36127.85,74287.85,20.1625,742.5625,82.78125,1.56875,4.5,2687.0,9.0,2.5
2020-07-20,2020-07-20,5.0,22412.0,49310.14,71722.14,19.0375,740.8125,91.53125,1.20625,3.6,2605.0,9.0,1.0
2020-07-21,2020-07-21,18.0,265280.0,275256.76,540536.76,18.840625,742.03125,89.59375,1.20625,2.7,6788.0,9.0,0.5
2020-07-22,2020-07-22,3.0,7900.0,178446.14,7900.0,19.625806451612902,741.2741935483871,86.74193548387096,1.403225806451613,4.5,4387.0,9.0,0.7000000000000001
2020-07-23,2020-07-23,5.0,28840.0,81635.52,110475.52,16.653125,740.25,94.34375,1.196875,3.3,1014.0,9.0,5.5
2020-07-24,2020-07-24,2.0,4500.0,43575.545,4500.0,16.053125,741.8125,96.09375,0.8375,1.0,1010.0,9.0,4.4
2020-07-25,2020-07-25,2.0,2650.0,5515.57,8165.57,17.95625,745.25,85.1875,1.228125,3.3,2766.0,8.0,0.2
2020-07-26,2020-07-26,9.0,120960.0,169321.33,290281.33,16.159375,747.96875,86.875,1.284375,4.2,4167.0,7.0,0.9
2020-07-27,2020-07-27,6.0,79250.0,30686.74,109936.74,19.13125,749.75,74.53125,1.359375,3.8,9888.0,8.0,0.0
2020-07-28,2020-07-28,4.0,9790.0,22038.96,31828.96,19.74375,748.84375,75.84375,1.165625,2.7,7164.0,8.0,0.0
2020-07-29,2020-07-29,7.0,27700.0,68009.0,95709.0,21.25625,746.65625,73.0,1.078125,2.7,7775.0,8.0,0.0
2020-07-30,2020-07-30,22.0,310808.0,524393.23,835201.23,22.04375,742.46875,71.875,1.2375,6.6,1896.0,8.0,0.6000000000000001
2020-07-31,2020-07-31,23.0,420140.0,644480.8,1064620.8,18.096875,739.78125,81.78125,1.096875,4.1,5611.0,8.0,0.7000000000000001
2020-08-01,2020-08-01,1.0,18800.0,360899.43500000006,18800.0,16.193548387096776,740.9354838709677,84.16129032258064,0.9870967741935484,1.9,2586.0,8.0,1.6
2020-08-02,2020-08-02,4.0,19080.0,77318.07,96398.07,16.925,737.78125,82.59375,1.965625,4.9,2747.0,8.0,0.8
2020-08-03,2020-08-03,9.0,52100.0,38415.83,90515.83,15.703125,746.125,80.3125,0.921875,1.0,3299.0,8.0,0.0
2020-08-04,2020-08-04,2.0,9900.0,40804.42,50704.42,15.912903225806453,749.3870967741935,83.48387096774194,1.5838709677419356,4.8,1757.0,8.0,1.0
2020-08-05,2020-08-05,3.0,10850.0,163419.235,10850.0,19.5875,751.0,82.6875,1.540625,3.6,3763.0,8.0,0.0
2020-08-06,2020-08-06,4.0,14800.0,286034.05,300834.05,23.778125,750.21875,78.5,0.85625,1.0,2226.0,8.0,0.0
2020-08-07,2020-08-07,3.0,22160.0,397.0,22557.0,22.0875,747.125,76.71875,0.953125,2.2,3175.0,8.0,0.0
2020-08-08,2020-08-08,4.0,14410.0,53550.58,67960.58,17.1875,744.75,71.65625,1.66875,6.9,8869.0,8.0,0.0
2020-08-09,2020-08-09,1.0,8400.0,42697.0,51097.0,14.753125,740.34375,77.15625,1.5,4.0,3302.0,8.0,0.0
2020-08-10,2020-08-10,7.0,10700.0,77506.77,88206.77,15.140625,739.625,74.3125,1.534375,3.6,3625.0,8.0,0.0
2020-08-11,2020-08-11,2.0,17950.0,22164.48,40114.48,15.334375,742.625,68.375,1.36875,2.2,8822.0,8.0,0.0
2020-08-12,2020-08-12,12.0,56350.0,15080.37,71430.37,14.79375,744.375,71.1875,0.99375,1.8,5203.0,8.0,0.0
2020-08-13,2020-08-13,5.0,12180.0,333.2,12513.2,13.1875,744.625,75.71875,1.146875,2.2,2556.0,8.0,0.6000000000000001
2020-08-14,2020-08-14,10.0,61145.0,139631.75,200776.75,13.178125,741.125,83.1875,1.828125,4.3,4403.0,8.0,2.9000000000000004
2020-08-15,2020-08-15,3.0,15550.0,26876.79,42426.79,12.2875,739.9375,95.21875,2.3125,4.0,1152.0,8.0,2.9000000000000004
2020-08-16,2020-08-16,3.0,7200.0,23720.4,30920.4,12.440625,739.0625,86.4375,1.5625,3.1,1596.0,8.0,0.0
2020-08-17,2020-08-17,25.0,395560.0,661713.49,1057273.49,13.65625,735.75,83.34375,1.059375,2.7,4848.0,8.0,0.0
2020-08-18,2020-08-18,12.0,86450.0,153947.17,240397.17,12.121875,735.90625,77.9375,1.878125,4.0,5212.0,8.0,0.0
2020-08-19,2020-08-19,3.0,36240.0,11182.0,47422.0,9.021875,738.65625,86.15625,2.184375,4.9,2685.0,8.0,0.4
2020-08-20,2020-08-20,2.0,3050.0,3350.0,6400.0,11.915625,740.5625,85.65625,2.025,4.0,1543.0,7.0,0.0
2020-08-21,2020-08-21,7.0,23500.0,26953.0,50453.0,12.7375,743.625,90.9375,1.1875,4.1,2271.0,7.0,0.2
2020-08-22,2020-08-22,1.0,2000.0,21915.483333333334,2000.0,14.43125,745.28125,83.46875,0.975,1.8,5133.0,7.0,0.0
2020-08-23,2020-08-23,2.0,15875.0,16877.966666666667,21795.225,16.2375,744.875,79.46875,0.95,1.8,7810.0,7.0,0.0
2020-08-24,2020-08-24,3.0,29750.0,11840.45,41590.45,17.687096774193545,744.2903225806451,81.5,1.0806451612903225,1.8,2792.0,7.0,0.0
2020-08-25,2020-08-25,7.0,49650.0,39684.39,89334.39,17.825,743.0,79.78125,1.25,3.1,3471.0,7.0,0.0
2020-08-26,2020-08-26,2.0,3300.0,67741.97,3300.0,18.35625,746.0,78.3125,0.934375,1.3,5828.0,7.0,0.0
2020-08-27,2020-08-27,8.0,42700.0,95799.55,138499.55,20.074193548387097,743.3548387096774,72.61290322580645,1.0774193548387097,1.8,3651.0,7.0,0.0
2020-08-28,2020-08-28,25.0,270324.0,292801.28,563125.28,19.965625,743.46875,68.90625,1.034375,2.7,2132.0,7.0,0.0
2020-08-29,2020-08-29,1.0,500.0,155619.6,500.0,19.453125,743.25,74.3125,0.99375,1.8,3202.0,7.0,0.2
2020-08-30,2020-08-30,2.0,9040.0,18437.92,27477.92,16.775,746.90625,85.15625,0.971875,1.8,6606.0,7.0,0.4
2020-08-31,2020-08-31,17.0,256010.0,130430.26,386440.26,18.890625,747.0625,78.46875,0.953125,2.2,1883.0,7.0,0.1
2020-09-01,2020-09-01,4.0,22685.0,99602.75,22685.0,23.103125,743.59375,64.78125,0.94375,1.8,6109.0,7.0,0.0
2020-09-02,2020-09-02,6.0,38420.0,68775.24,107195.24,13.946875,749.84375,74.90625,1.759375,3.6,4234.0,7.0,0.0
2020-09-03,2020-09-03,8.0,151250.0,111971.66,263221.66,10.803125,758.03125,74.96875,1.00625,1.8,6766.0,7.0,0.0
2020-09-04,2020-09-04,7.0,57324.0,80331.0,137655.0,9.734375,759.09375,76.71875,0.959375,1.3,5493.0,7.0,0.0
2020-09-05,2020-09-05,1.0,11250.0,149.2,11399.2,11.2875,756.71875,74.3125,1.21875,2.8,6617.0,6.0,0.0
2020-09-06,2020-09-06,6.0,29357.5,991.3399999999999,30348.84,12.975,754.40625,73.71875,0.9375,1.7,2532.0,7.0,0.0
2020-09-07,2020-09-07,11.0,47465.0,1833.48,49298.48,14.96875,753.5625,71.0,0.984375,2.2,6442.0,7.0,0.0
2020-09-08,2020-09-08,4.0,31350.0,2733.6,34083.6,16.59032258064516,751.6129032258065,68.87096774193549,1.0096774193548388,2.8,1946.0,7.0,0.0
2020-09-09,2020-09-09,3.0,15800.0,3727.2,19527.2,15.986666666666668,745.1666666666666,70.11666666666666,1.7266666666666668,3.8,1208.0,6.0,1.2000000000000002
2020-09-10,2020-09-10,4.0,22150.0,12400.55,34550.55,13.113333333333332,743.4833333333333,81.7,1.1700000000000002,3.1,5912.0,6.0,0.5
2020-09-11,2020-09-11,6.0,111772.0,139042.84,250814.84,12.041935483870969,740.8064516129032,85.74193548387096,1.703225806451613,3.6,1026.0,6.0,1.6
2020-09-12,2020-09-12,3.0,164715.0,91171.42,164715.0,10.996875,747.71875,83.78125,1.328125,3.1,1383.0,6.0,0.3
2020-09-13,2020-09-13,3.0,20850.0,43300.0,64150.0,11.45625,751.34375,78.46875,0.953125,2.2,4585.0,6.0,0.0
2020-09-14,2020-09-14,13.0,57370.0,174886.89,232256.89,10.09375,740.5625,89.6875,0.875,1.8,644.0,6.0,1.6
2020-09-15,2020-09-15,6.0,81550.0,76340.19,157890.19,9.16875,738.21875,88.34375,1.584375,4.0,2239.0,6.0,1.5
2020-09-16,2020-09-16,7.0,30350.0,35951.33,66301.33,10.028125,738.875,82.5,2.30625,3.6,1179.0,6.0,0.2
2020-09-17,2020-09-17,5.0,12700.0,77142.48999999999,12700.0,7.859375,745.5,81.21875,1.61875,3.1,4509.0,6.0,0.0
2020-09-18,2020-09-18,9.0,72040.0,118333.65,190373.65,11.3125,742.78125,71.8125,1.471875,4.8,1806.0,6.0,0.0
2020-09-19,2020-09-19,2.0,19350.0,83878.76666666666,19350.0,9.309375,736.4375,82.71875,1.084375,2.7,944.0,6.0,1.5
2020-09-20,2020-09-20,4.0,16100.0,49423.88333333333,16100.0,6.58125,733.4375,79.90625,1.525,4.0,1246.0,6.0,0.1
2020-09-21,2020-09-21,3.0,12350.0,14969.0,27319.0,5.475,738.25,87.15625,1.09375,2.2,1698.0,6.0,2.2
2020-09-22,2020-09-22,18.0,141950.0,479037.6,620987.6,8.35,738.53125,90.375,1.25625,3.1,871.0,6.0,1.3
2020-09-23,2020-09-23,6.0,61100.0,102384.63,163484.63,10.221875,740.71875,75.9375,2.21875,5.4,1776.0,6.0,0.6000000000000001
2020-09-24,2020-09-24,9.0,70390.0,83535.5,153925.5,7.7625,753.34375,78.34375,0.9625,1.3,4893.0,6.0,0.0
2020-09-25,2020-09-25,4.0,13830.0,27634.38,41464.38,9.93448275862069,756.9655172413793,75.17241379310344,1.013793103448276,2.2,4130.0,6.0,0.0
2020-09-26,2020-09-26,9.0,163350.0,388233.42,551583.42,10.740625,759.09375,71.3125,0.946875,1.0,3747.0,6.0,0.0
2020-09-27,2020-09-27,1.0,2020.0,10404.01,12424.01,10.79375,760.9375,72.625,0.953125,1.3,1269.0,5.0,0.0
2020-09-28,2020-09-28,1.0,10840.0,34488.53,10840.0,10.46875,761.34375,74.875,0.953125,1.3,4515.0,5.0,0.0
2020-09-29,2020-09-29,10.0,38700.0,58573.05,97273.05,10.371875,762.0,74.21875,0.98125,1.0,4300.0,5.0,0.0
2020-09-30,2020-09-30,19.0,203330.0,505649.94,708979.94,10.45,761.09375,76.1875,1.0,1.0,1542.0,5.0,0.0
2020-10-01,2020-10-01,3.0,14000.0,53564.48,67564.48,10.815625,760.21875,78.0625,0.984375,1.0,1064.0,5.0,0.0
2020-10-02,2020-10-02,9.0,84100.0,9627.31,93727.31,10.53125,758.40625,77.8125,0.978125,1.3,3559.0,5.0,0.0
2020-10-03,2020-10-03,3.0,11100.0,24144.4,35244.4,9.634375,757.8125,75.34375,1.11875,4.0,3706.0,5.0,0.0
2020-10-04,2020-10-04,5.5,45155.0,134174.6,179329.59999999998,4.013333333333334,762.1666666666666,72.66666666666667,1.3266666666666669,4.5,4011.0,5.0,0.0
2020-10-05,2020-10-05,8.0,79210.0,244204.8,323414.8,3.421875,762.6875,69.6875,0.95,1.8,3928.0,5.0,0.0
2020-10-06,2020-10-06,8.0,41000.0,69818.46,110818.46,6.696875,754.84375,80.59375,0.85625,1.3,743.0,5.0,1.6
2020-10-07,2020-10-07,7.0,71040.0,163263.05,234303.05,6.309375,758.6875,90.03125,0.85,1.8,3658.0,5.0,0.0
2020-10-08,2020-10-08,12.0,67360.0,115869.59,183229.59,6.165625,762.96875,82.3125,1.0875,3.4,712.0,5.0,0.0
2020-10-09,2020-10-09,8.0,137805.0,76200.47,214005.47,10.121875,759.875,69.875,0.9625,2.2,1047.0,5.0,0.0
2020-10-10,2020-10-10,3.0,34250.0,29700.74,63950.74,10.646875,757.28125,65.75,1.153125,6.7,801.0,5.0,0.3
2020-10-11,2020-10-11,1.0,35400.0,17557.26,52957.26,10.7,756.8125,61.78125,0.871875,1.3,1669.0,5.0,0.0
2020-10-12,2020-10-12,10.0,66508.0,34903.61,101411.61,8.483870967741936,756.0322580645161,52.25806451612903,1.1,4.3,1197.0,5.0,0.0
2020-10-13,2020-10-13,9.0,42000.0,10955.86,52955.86,10.053125,752.84375,60.03125,0.90625,1.3,1258.0,5.0,0.0
2020-10-14,2020-10-14,6.0,30150.0,19927.864999999998,50077.865000000005,13.2875,750.375,55.34375,0.925,1.8,705.0,5.0,0.0
2020-10-15,2020-10-15,3.0,18300.0,28899.87,47199.87,11.975,747.375,53.15625,1.284375,2.7,1235.0,5.0,0.0
2020-10-16,2020-10-16,16.0,177932.0,350296.36,528228.36,10.4125,741.375,69.96875,1.596875,6.5,1148.0,4.0,1.4
2020-10-17,2020-10-17,3.0,21630.0,1455.62,23085.62,1.85625,744.8125,86.40625,1.421875,3.1,2728.0,4.0,1.5
2020-10-18,2020-10-18,6.0,88450.0,105298.0,193748.0,2.59375,749.90625,80.03125,1.78125,4.0,816.0,4.0,2.6
2020-10-19,2020-10-19,8.0,105400.0,252832.34,358232.34,6.459375,742.625,81.1875,1.140625,3.1,1123.0,4.0,0.1
2020-10-20,2020-10-20,5.0,15700.0,444.65,16144.65,2.8,742.3870967741935,80.74193548387096,0.9741935483870968,2.2,2201.0,4.0,0.0
2020-10-21,2020-10-21,7.0,15700.0,7691.0,23391.0,-0.0774193548387096,741.6129032258065,89.90322580645162,1.2064516129032257,3.2,547.0,4.0,7.2
2020-10-22,2020-10-22,6.0,59800.0,27787.54,87587.54,-0.784375,745.84375,86.40625,1.36875,2.7,458.0,4.0,9.0
2020-10-23,2020-10-23,4.0,60630.0,65096.14,125726.14,-3.3375,747.9375,77.78125,1.6375000000000002,3.1,1830.0,4.0,6.5
2020-10-24,2020-10-24,5.0,20850.0,26524.65,47374.65,2.840625,737.03125,95.9375,1.090625,2.7,247.0,4.0,8.2
2020-10-25,2020-10-25,1.0,10050.0,34177.41,10050.0,2.921875,740.84375,91.75,0.834375,1.3,352.0,4.0,0.6000000000000001
2020-10-26,2020-10-26,7.0,72880.0,41830.17,114710.17,-0.1999999999999999,745.9375,87.0625,1.303125,2.7,459.0,4.0,4.2
2020-10-27,2020-10-27,6.0,50000.0,65300.71,115300.71,-1.071875,757.15625,79.78125,1.134375,2.2,2259.0,4.0,0.4
2020-10-28,2020-10-28,2.0,24050.0,88151.53,24050.0,0.33125,757.65625,83.46875,0.928125,1.3,1386.0,4.0,2.6
2020-10-29,2020-10-29,11.0,105980.0,111002.35,216982.35,0.828125,756.9375,82.4375,0.896875,4.5,2153.0,4.0,0.0
2020-10-30,2020-10-30,7.0,44860.0,86440.18,131300.18,1.1875,755.75,83.28125,0.94375,3.3,1387.0,4.0,0.1
2020-10-31,2020-10-31,7.0,23300.0,14723.97,38023.97,2.71875,751.125,89.03125,0.821875,1.0,342.0,4.0,2.2
2020-11-01,2020-11-01,4.0,42280.0,22467.52,64747.52,0.653125,756.0625,86.1875,1.1375,2.2,1944.0,4.0,0.0
2020-11-02,2020-11-02,8.0,35798.0,43601.62,79399.62,-2.371875,758.34375,86.53125,0.825,1.0,1929.0,4.0,0.0
2020-11-03,2020-11-03,4.0,47700.0,7376.2,55076.2,-3.2875,759.84375,88.875,0.896875,1.3,1872.0,4.0,0.0
2020-11-04,2020-11-04,5.0,71502.2,59958.07,131460.27,-1.353125,756.96875,94.3125,0.93125,2.2,1815.0,4.0,0.0
2020-11-05,2020-11-05,4.0,26850.0,8214.0,35064.0,2.01875,751.46875,96.15625,0.93125,2.2,177.0,4.0,1.2000000000000002
2020-11-06,2020-11-06,8.0,71030.0,72566.26,143596.26,3.653125,739.0625,94.96875,1.040625,2.7,171.0,4.0,3.3000000000000003
2020-11-07,2020-11-07,2.0,29000.0,3788.84,32788.84,2.496875,734.6875,94.3125,1.096875,2.2,298.0,4.0,0.9
2020-11-08,2020-11-08,3.0,42390.0,1627.42,44017.42,1.553125,733.34375,90.5625,1.753125,3.6,162.0,4.0,2.4
2020-11-09,2020-11-09,6.0,33696.0,72123.72,105819.72,1.2125,738.9375,80.09375,1.95625,3.6,305.0,4.0,1.5
2020-11-10,2020-11-10,8.0,77090.0,38286.68,115376.68,-1.121875,739.59375,90.375,1.184375,2.2,179.0,3.0,21.7
2020-11-11,2020-11-11,5.0,14900.0,25062.7,39962.7,-2.0,745.25,85.84375,1.115625,2.2,312.0,3.0,8.9
2020-11-12,2020-11-12,7.0,39000.0,73347.45,112347.45,-2.521875,746.78125,88.90625,1.2125,2.2,165.0,3.0,18.4
2020-11-13,2020-11-13,14.0,82224.0,195946.37,278170.37,-5.375,750.84375,79.25,0.975,2.7,319.0,3.0,15.3
2020-11-14,2020-11-14,2.0,10300.0,211850.06666666665,10300.0,-8.459375,757.375,81.84375,0.921875,2.2,702.0,3.0,2.4
2020-11-15,2020-11-15,2.0,41425.0,227753.76333333334,41425.0,-13.01875,763.8125,86.53125,0.953125,1.0,1327.0,3.0,0.0
2020-11-16,2020-11-16,14.0,106780.0,243657.46,350437.46,-11.259375,765.65625,88.46875,0.93125,1.3,299.0,3.0,5.6
2020-11-17,2020-11-17,3.0,15845.0,24.0,15869.0,-9.417391304347824,768.9565217391304,86.56521739130434,0.7956521739130435,1.3,1254.0,3.0,0.0
2020-11-18,2020-11-18,11.0,94659.0,187313.03,281972.03,-10.903125,767.5,85.46875,0.784375,1.0,1219.0,3.0,0.0
2020-11-19,2020-11-19,11.0,43855.0,125277.175,43855.0,-7.422580645161291,759.741935483871,75.41935483870968,1.3064516129032258,2.2,426.0,3.0,3.5
2020-11-20,2020-11-20,8.0,49315.0,63241.32,112556.32,-3.3125,755.375,69.09375,1.628125,6.1,411.0,3.0,3.0
2020-11-21,2020-11-21,5.0,21650.0,187.01,21837.01,-5.3,760.4242424242424,70.45454545454545,1.0,2.2,227.0,3.0,2.6
2020-11-22,2020-11-22,5.0,24627.5,19232.174999999996,43859.675,-8.074193548387097,759.9677419354839,77.61290322580645,1.103225806451613,2.2,352.0,3.0,0.0
2020-11-23,2020-11-23,5.0,27605.0,38277.34,65882.34,-6.184374999999999,754.0625,79.78125,1.490625,2.2,203.0,3.0,20.9
2020-11-24,2020-11-24,7.0,126980.0,155978.22,282958.22,-5.0125,749.03125,87.25,1.478125,2.2,186.0,3.0,21.7
2020-11-25,2020-11-25,5.0,24610.0,25943.55,50553.55,-3.625,749.65625,92.125,1.978125,3.9,152.0,3.0,20.0
2020-11-26,2020-11-26,13.0,106284.0,185607.82,291891.82,-6.2,751.3125,92.75,2.00625,4.1,149.0,3.0,18.9
2020-11-27,2020-11-27,9.0,65184.0,190105.81,255289.81,-7.825,754.21875,91.9375,1.0,1.0,94.0,3.0,17.2
2020-11-28,2020-11-28,9.0,47600.0,61551.46,109151.46,-9.01290322580645,761.9677419354839,90.5483870967742,0.7806451612903226,1.0,699.0,3.0,6.8
2020-11-29,2020-11-29,2.0,19800.0,150.0,19950.0,-6.789655172413793,769.4137931034483,93.10344827586206,0.9103448275862068,1.8,87.0,3.0,0.0
2020-11-30,2020-11-30,5.0,71680.0,29182.2,100862.2,-4.190625,771.59375,94.4375,0.946875,1.3,134.0,3.0,0.0
2020-12-01,2020-12-01,2.0,1500.0,67326.265,1500.0,-5.10625,770.46875,91.375,0.9625,1.8,858.0,3.0,0.0
2020-12-02,2020-12-02,10.0,95600.0,105470.33,201070.33,-8.11875,767.09375,90.28125,0.771875,1.3,720.0,3.0,1.5
2020-12-03,2020-12-03,7.0,20449.97,21448.78,41898.75,-9.63225806451613,766.6129032258065,91.6774193548387,0.932258064516129,1.0,578.0,3.0,0.5
2020-12-04,2020-12-04,4.0,15695.0,69766.32,85461.32,-13.853125,767.625,88.9375,0.9375,1.0,787.0,3.0,0.0
2020-12-05,2020-12-05,7.0,21500.0,64331.68,85831.68,-16.51818181818182,768.2121212121212,86.54545454545455,1.0,1.0,765.0,3.0,0.0
2020-12-06,2020-12-06,4.0,16480.0,235.0,16715.0,-13.621875,767.0625,86.5625,0.890625,1.0,757.0,3.0,0.0
2020-12-07,2020-12-07,3.0,22395.0,34658.14,57053.14,-10.30625,763.25,81.28125,1.03125,2.2,755.0,3.0,0.0
2020-12-08,2020-12-08,9.0,91500.0,126036.76,217536.76,-10.35625,762.9375,82.25,1.153125,2.2,744.0,3.0,0.0
2020-12-09,2020-12-09,8.0,106070.0,114669.15,220739.15,-11.946875,763.34375,82.1875,0.853125,1.3,731.0,3.0,0.0
2020-12-10,2020-12-10,5.0,53600.0,56640.74,110240.74,-13.383870967741936,765.4193548387096,84.64516129032258,0.967741935483871,1.0,720.0,2.0,0.0
2020-12-11,2020-12-11,11.0,179610.0,461296.72,640906.72,-15.787878787878787,766.7575757575758,86.3030303030303,0.9848484848484848,1.0,708.0,2.0,0.0
2020-12-12,2020-12-12,3.0,48580.0,41036.72,89616.72,-15.738709677419356,765.3548387096774,87.3225806451613,0.9129032258064516,1.0,684.0,2.0,0.0
2020-12-13,2020-12-13,2.0,7600.0,6670.16,14270.16,-13.303125,764.59375,88.5625,0.90625,1.0,667.0,2.0,0.5
2020-12-14,2020-12-14,11.0,103753.8,262326.99,366080.79,-12.2375,762.34375,88.6875,0.85,1.0,367.0,2.0,0.0
2020-12-15,2020-12-15,7.0,29700.0,22901.32,52601.32,-11.28125,759.3125,80.09375,0.7375,1.0,132.0,2.0,5.5
2020-12-16,2020-12-16,5.0,17920.0,4303.91,22223.91,-7.55,753.875,84.625,0.871875,1.8,128.0,2.0,17.1
2020-12-17,2020-12-17,2.0,5200.0,9886.87,15086.87,-8.65625,749.28125,89.875,1.0625,1.8,87.0,2.0,10.2
2020-12-18,2020-12-18,12.0,102399.0,343769.95,446168.95,-7.246875,746.4375,89.1875,1.040625,2.2,107.0,2.0,16.7
2020-12-19,2020-12-19,3.0,113700.0,58081.71,171781.71,-17.28125,759.03125,85.34375,0.9,1.3,656.0,2.0,0.0
2020-12-20,2020-12-20,3.0,40964.0,39204.47,80168.47,-19.846875,762.4375,84.8125,0.7625,1.0,155.0,2.0,0.0
2020-12-21,2020-12-21,5.0,3900.0,20176.225000000002,3900.0,-11.228125,758.53125,90.0625,0.903125,1.8,115.0,2.0,9.9
2020-12-22,2020-12-22,6.0,17780.0,1147.98,18927.98,-5.703125,755.0625,93.34375,0.84375,1.3,65.0,2.0,3.9
2020-12-23,2020-12-23,2.0,5900.0,28360.05,34260.05,-4.14375,752.6875,92.96875,0.86875,2.2,70.0,2.0,1.0
2020-12-24,2020-12-24,6.0,90300.0,85484.9,175784.9,-5.678125,752.84375,92.15625,0.934375,1.3,66.0,2.0,5.0
2020-12-25,2020-12-25,2.0,2900.0,62010.7,2900.0,-9.2375,753.75,87.75,0.984375,1.8,120.0,2.0,7.3
2020-12-26,2020-12-26,2.0,18500.0,38536.5,57036.5,-9.140625,750.9375,87.34375,2.1875,3.6,122.0,2.0,14.9
2020-12-27,2020-12-27,4.0,18850.0,4386.0,23236.0,-7.378125000000001,747.53125,91.75,1.334375,2.7,70.0,2.0,19.8
2020-12-28,2020-12-28,5.0,16800.0,15640.0,32440.0,-6.1,754.5806451612904,92.19354838709675,0.8741935483870968,1.8,70.0,2.0,14.7
2020-12-29,2020-12-29,7.0,14800.0,9651.67,24451.67,-15.02121212121212,761.3636363636364,87.24242424242425,0.8787878787878788,1.3,585.0,2.0,8.5
2020-12-30,2020-12-30,5.0,34100.0,134888.05,168988.05,-19.24375,762.5,86.0625,0.928125,1.0,165.0,2.0,7.0
2020-12-31,2020-12-31,4.0,127000.0,90720.96,217720.96,-12.8875,761.0,89.03125,0.94375,1.8,175.0,2.0,10.5
2021-01-01,2021-01-01,4.75,99775.0,76455.60500000001,176230.60499999998,-9.640625,760.1875,90.03125,1.365625,2.7,125.0,2.0,10.1
2021-01-02,2021-01-02,5.5,72550.0,62190.25,134740.25,-8.346875,759.53125,91.0,1.303125,2.2,94.0,2.0,9.4
2021-01-03,2021-01-03,6.25,45325.0,47924.895000000004,93249.895,-9.740625,759.28125,89.875,1.553125,2.7,132.0,2.0,24.4
2021-01-04,2021-01-04,7.0,18100.0,33659.54,51759.54,-6.82258064516129,762.3870967741935,92.70967741935485,0.7935483870967742,1.0,74.0,2.0,19.5
2021-01-05,2021-01-05,5.0,7700.0,4292.6,11992.6,-7.109090909090909,763.3939393939394,92.75757575757576,0.8151515151515152,1.3,75.0,3.0,14.8
2021-01-06,2021-01-06,8.0,36040.0,56580.06,92620.06,-9.421875,761.96875,90.5,1.5125000000000002,2.7,112.0,3.0,15.3
2021-01-07,2021-01-07,5.5,24790.0,29003.17,53793.17,-10.94375,757.28125,84.21875,1.459375,2.2,139.0,3.0,14.1
2021-01-08,2021-01-08,3.0,13540.0,1426.28,14966.28,-9.134375,754.4375,89.0,1.415625,2.7,145.0,3.0,18.4
2021-01-09,2021-01-09,3.5,33595.0,90593.055,124188.055,-9.0125,750.96875,89.40625,1.115625,2.2,172.0,3.0,12.5
2021-01-10,2021-01-10,4.0,53650.0,179759.83,233409.83,-12.24375,743.6875,89.40625,3.075,4.5,150.0,3.0,19.9
2021-01-11,2021-01-11,11.0,161560.0,83961.01,245521.01,-17.14375,746.59375,85.53125,2.3156250000000003,3.6,151.0,3.0,12.5
2021-01-12,2021-01-12,7.0,109930.0,221537.98,331467.98,-19.509375,750.625,84.21875,1.3375,2.2,159.0,3.0,11.0
2021-01-13,2021-01-13,5.0,21520.0,91886.72,113406.72,-22.740625,758.59375,83.625,0.80625,1.0,685.0,3.0,5.5
2021-01-14,2021-01-14,16.0,148961.01,467422.24,616383.25,-17.39375,756.3125,85.59375,1.44375,2.7,165.0,3.0,16.9
2021-01-15,2021-01-15,12.0,63054.0,64942.1,127996.1,-8.374193548387098,744.9677419354839,90.70967741935485,1.1483870967741936,2.2,137.0,3.0,13.2
2021-01-16,2021-01-16,5.0,17502.0,30521.87,48023.87,-8.539393939393939,735.7878787878788,91.1818181818182,1.8454545454545457,4.7,104.0,3.0,17.4
2021-01-17,2021-01-17,1.0,2800.0,734.79,3534.79,-13.8,736.8484848484849,87.74242424242425,1.0030303030303032,2.2,184.5,3.0,2.5
2021-01-18,2021-01-18,6.0,22950.0,36996.22,59946.22,-21.472727272727276,748.3787878787879,84.34848484848484,0.9606060606060606,1.3,986.5,3.0,0.0
2021-01-19,2021-01-19,4.0,24015.0,6504.56,30519.56,-19.2,746.3666666666667,85.4,0.9633333333333332,1.8,163.0,3.0,15.1
2021-01-20,2021-01-20,3.0,6500.0,12296.0,18796.0,-18.251515151515157,742.8181818181819,85.36363636363636,0.9090909090909092,1.3,404.5,3.0,9.2
2021-01-21,2021-01-21,7.0,99585.0,63790.49,163375.49,-14.45,744.0,87.97058823529412,0.8058823529411764,1.0,199.5,3.0,17.5
2021-01-22,2021-01-22,11.0,214356.0,263995.74,478351.74,-13.43030303030303,746.3333333333334,87.10606060606061,0.796969696969697,1.3,397.0,3.0,10.7
2021-01-23,2021-01-23,2.0,22800.0,30210.09,53010.09,-18.45151515151515,753.3636363636364,85.81818181818181,1.1393939393939394,2.7,241.0,3.0,18.2
2021-01-24,2021-01-24,3.0,25056.0,14996.65,40052.65,-8.647058823529411,751.6470588235294,91.23529411764706,0.9147058823529411,1.3,156.0,3.0,13.2
2021-01-25,2021-01-25,3.0,11600.0,45223.26,56823.26,-0.15,753.78125,93.875,0.978125,1.8,132.5,3.0,1.3
2021-01-26,2021-01-26,5.0,20001.0,9425.71,29426.71,-2.8757575757575755,753.7575757575758,91.03030303030305,1.2484848484848483,2.2,159.0,3.0,4.3
2021-01-27,2021-01-27,13.0,110716.0,78661.54,189377.54,-5.363636363636363,752.4848484848485,89.51515151515152,1.412121212121212,2.7,167.0,3.0,1.3
2021-01-28,2021-01-28,17.0,122574.8,587961.89,710536.69,-5.429411764705883,749.0294117647059,79.79411764705883,1.5294117647058822,2.7,315.0,3.0,11.8
2021-01-29,2021-01-29,22.0,214565.0,677337.37,891902.37,-5.241176470588236,745.2941176470588,79.94117647058823,1.473529411764706,3.1,301.0,3.0,12.9
2021-01-30,2021-01-30,4.0,176701.0,399435.09,576136.09,-3.576470588235294,742.3529411764706,91.32352941176472,1.4558823529411764,2.7,520.0,3.0,14.6
2021-01-31,2021-01-31,8.0,109902.01,118121.32,228023.33,-2.157142857142857,744.1714285714286,88.6,2.02,4.5,284.0,3.0,9.5
2021-02-01,2021-02-01,6.0,16000.0,30607.72,46607.72,-2.878787878787879,742.7878787878788,80.43939393939394,1.8424242424242423,4.0,374.0,3.0,17.4
2021-02-02,2021-02-02,11.0,45354.0,69277.29,114631.29,-7.160606060606061,746.8484848484849,88.33333333333333,0.8393939393939394,1.3,292.5,3.0,13.1
2021-02-03,2021-02-03,4.0,20101.0,10949.11,31050.11,-10.737142857142857,749.6,91.11428571428571,0.8885714285714286,1.3,999.0,3.0,0.0
2021-02-04,2021-02-04,8.0,87030.0,611808.52,698838.52,-8.5,743.0294117647059,92.11764705882354,0.7823529411764706,1.3,194.0,3.0,8.0
2021-02-05,2021-02-05,5.0,21862.0,58874.81,80736.81,0.3741935483870968,734.2096774193549,96.14516129032258,1.7096774193548387,3.1,172.0,3.0,8.6
2021-02-06,2021-02-06,3.0,14800.0,63213.83,14800.0,-4.56969696969697,727.8181818181819,91.1060606060606,1.481818181818182,2.7,278.0,3.0,15.4
2021-02-07,2021-02-07,6.0,47050.0,67552.85,114602.85,-17.86470588235294,729.6764705882352,80.17647058823529,1.4323529411764706,3.6,416.0,3.0,9.8
2021-02-08,2021-02-08,6.0,89205.0,33163.54,122368.54,-22.86764705882353,736.0735294117648,75.22058823529412,2.4294117647058826,3.6,380.5,3.0,12.2
2021-02-09,2021-02-09,9.0,105975.0,158194.61,264169.61,-22.196969696969692,747.6060606060606,76.93939393939394,1.4,3.1,1583.0,3.0,0.0
2021-02-10,2021-02-10,6.0,13853.6,3121.28,16974.88,-22.42727272727273,753.939393939394,82.87878787878788,0.8636363636363636,1.3,392.0,3.0,1.4
2021-02-11,2021-02-11,22.0,204834.8,968557.63,1173392.43,-19.223529411764705,755.2352941176471,77.44117647058823,1.276470588235294,2.7,2028.0,3.0,4.0
2021-02-12,2021-02-12,20.0,220556.0,447707.0,668263.0,-14.548571428571428,750.7714285714286,79.42857142857143,0.9085714285714286,1.8,1259.0,3.0,12.4
2021-02-13,2021-02-13,4.0,39681.0,246438.18,286119.18,-5.481818181818182,743.969696969697,92.0,0.9393939393939394,1.8,221.0,3.0,21.8
2021-02-14,2021-02-14,5.0,22791.0,25.94,22816.94,-7.448484848484849,739.5151515151515,82.75757575757575,1.5393939393939395,4.0,1795.0,4.0,15.8
2021-02-15,2021-02-15,7.0,51200.0,223801.32,275001.32,-16.20294117647059,743.3823529411765,83.41176470588235,0.9382352941176472,1.8,654.0,4.0,2.0
2021-02-16,2021-02-16,10.0,70750.0,112956.54,183706.54,-19.75,749.0294117647059,80.20588235294117,0.9176470588235294,2.2,1744.0,4.0,0.0
2021-02-17,2021-02-17,5.0,74331.0,114939.4,189270.4,-19.064705882352943,753.4117647058823,80.76470588235294,0.7823529411764706,1.3,2771.0,4.0,0.0
2021-02-18,2021-02-18,6.0,19800.0,54444.32,74244.32,-19.442857142857143,750.1142857142858,78.11428571428571,0.9457142857142856,1.3,2735.0,4.0,0.0
2021-02-19,2021-02-19,4.0,23101.0,25561.08,48662.08,-18.33636363636364,746.7272727272727,81.6969696969697,0.9606060606060606,1.3,581.0,4.0,9.2
2021-02-20,2021-02-20,4.0,84030.0,1255507.41,1339537.41,-19.723529411764705,749.6764705882352,80.67647058823529,0.8852941176470589,1.3,1584.0,4.0,0.0
2021-02-21,2021-02-21,3.0,21600.0,97427.6,119027.6,-19.97941176470588,752.3529411764706,80.33823529411765,0.9911764705882352,1.8,841.0,4.0,0.0
2021-02-22,2021-02-22,6.0,128533.0,75555.41,204088.41,-24.418181818181814,752.0,76.24242424242425,1.3484848484848484,3.1,646.0,4.0,0.0
2021-02-23,2021-02-23,8.0,38350.0,140377.91,178727.91,-26.36176470588235,756.5588235294117,69.97058823529412,1.8205882352941176,3.6,2761.0,4.0,0.0
2021-02-24,2021-02-24,13.0,244255.0,579533.04,823788.04,-22.11142857142857,757.8571428571429,69.54285714285714,1.1085714285714288,2.2,3336.0,4.0,0.0
2021-02-25,2021-02-25,4.0,17765.0,32586.88,50351.88,-21.5,755.0882352941177,74.07352941176471,1.1441176470588237,2.2,3325.0,4.0,0.0
2021-02-26,2021-02-26,20.0,97340.0,901084.29,998424.29,-19.7625,749.15625,77.125,1.7937500000000002,3.6,650.5,4.0,0.0
2021-02-27,2021-02-27,9.0,96011.0,142376.83,238387.83,-13.82,738.4571428571429,83.88571428571429,2.105714285714286,4.5,651.0,4.0,26.3
2021-02-28,2021-02-28,11.0,203680.0,279128.94,482808.94,-13.7,740.2,78.37142857142857,1.477142857142857,3.1,732.0,4.0,6.7
2021-03-01,2021-03-01,6.0,7200.0,1511.44,8711.44,-13.967647058823529,746.5294117647059,75.08823529411765,0.8411764705882353,1.3,2122.0,5.0,0.0
2021-03-02,2021-03-02,9.0,64453.5,297717.15,362170.65,-9.235294117647058,736.1176470588235,87.94117647058823,1.05,2.2,632.0,5.0,20.7
2021-03-03,2021-03-03,5.0,26327.0,14355.49,40682.49,-1.847058823529412,733.2352941176471,87.52941176470588,1.061764705882353,2.2,642.0,5.0,19.7
2021-03-04,2021-03-04,6.0,7000.0,3051.6,10051.6,-4.673529411764706,730.1176470588235,87.05882352941177,1.3441176470588236,2.7,727.0,5.0,16.3
2021-03-05,2021-03-05,3.0,21809.0,2435.02,24244.02,-5.606060606060606,733.8181818181819,76.42424242424242,1.678787878787879,4.0,3483.0,5.0,11.5
2021-03-06,2021-03-06,4.0,38521.0,70671.09,109192.09,-10.376470588235296,741.4705882352941,78.20588235294117,1.1205882352941177,2.7,3023.0,5.0,2.7
2021-03-07,2021-03-07,5.0,41272.0,19817.78,61089.78,-12.461764705882352,740.4411764705883,81.58823529411765,0.9558823529411764,1.8,922.0,5.0,0.0
2021-03-08,2021-03-08,2.0,37201.0,3688.7,40889.7,-8.341176470588234,732.5,88.1470588235294,1.4323529411764706,2.2,769.0,5.0,0.0
2021-03-09,2021-03-09,4.0,31151.0,64240.12,95391.12,-8.861764705882353,739.2352941176471,86.48529411764706,0.9294117647058824,1.3,1944.0,5.0,12.4
2021-03-10,2021-03-10,11.0,84784.0,96053.09,180837.09,-15.102941176470589,742.5588235294117,72.0,1.844117647058824,3.6,4162.0,5.0,7.0
2021-03-11,2021-03-11,7.0,41720.0,657977.8049999999,41720.0,-16.945714285714285,745.5714285714286,77.77142857142857,1.0371428571428574,3.6,1037.0,5.0,10.1
2021-03-12,2021-03-12,20.0,263119.0,1219902.52,1483021.52,-9.18285714285714,750.3428571428572,66.42857142857143,1.397142857142857,3.1,4307.0,5.0,1.3
2021-03-13,2021-03-13,5.0,166402.0,272083.4,438485.4,-10.525714285714283,755.1714285714286,66.77142857142857,1.16,2.7,5043.0,5.0,0.0
2021-03-14,2021-03-14,1.0,2900.0,29221.37,32121.37,-9.95,753.7058823529412,77.75,1.161764705882353,2.7,1238.0,5.0,3.9
2021-03-15,2021-03-15,20.0,194704.0,513541.33,708245.33,-5.867647058823529,751.4117647058823,86.54411764705883,0.9558823529411764,1.8,908.0,5.0,23.7
2021-03-16,2021-03-16,3.0,18162.0,3635.82,21797.82,-4.502857142857143,753.3428571428572,71.34285714285714,1.1800000000000002,2.2,1069.0,5.0,22.8
2021-03-17,2021-03-17,11.0,99515.0,202116.66,301631.66,-3.803030303030303,753.4848484848485,66.54545454545455,0.9393939393939394,1.8,1035.0,6.0,6.2
2021-03-18,2021-03-18,4.0,67161.0,53931.16,121092.16,-4.163636363636364,745.5151515151515,78.51515151515152,1.3757575757575755,3.1,926.0,6.0,18.4
2021-03-19,2021-03-19,14.0,43780.0,92600.82,136380.82,-2.152941176470588,739.3529411764706,85.20588235294117,1.1411764705882357,2.2,1867.0,6.0,0.0
2021-03-20,2021-03-20,2.0,13901.0,252.0,14153.0,-1.9411764705882355,736.0,80.47058823529412,2.111764705882353,3.6,1176.0,6.0,16.3
2021-03-21,2021-03-21,6.0,32951.0,57787.05,90738.05,-3.917647058823529,738.7647058823529,72.20588235294117,1.1058823529411763,1.8,1212.0,6.0,17.4
2021-03-22,2021-03-22,4.0,16400.0,953.55,17353.55,-4.422857142857144,739.6571428571428,76.97142857142858,1.3828571428571428,3.1,2050.0,6.0,8.1
2021-03-23,2021-03-23,7.0,82456.8,166532.47,248989.27,-1.152941176470588,741.2647058823529,88.3529411764706,0.9264705882352942,1.8,1033.0,6.0,15.7
2021-03-24,2021-03-24,7.0,64511.0,102509.23,167020.23,-2.3028571428571425,746.2571428571429,83.54285714285714,1.6942857142857142,4.7,3748.0,6.0,0.0
2021-03-25,2021-03-25,19.0,73845.0,723144.41,796989.41,2.161764705882353,745.2941176470588,65.23529411764706,0.9411764705882352,2.2,1315.0,6.0,0.0
2021-03-26,2021-03-26,10.0,270004.0,126817.92,396821.92,3.16,743.5142857142857,66.88571428571429,0.8914285714285715,1.8,1285.0,6.0,0.0
2021-03-27,2021-03-27,4.0,22901.0,25162.72,48063.72,2.3,745.4285714285714,64.74285714285715,1.977142857142857,4.0,4035.0,6.0,1.8
2021-03-28,2021-03-28,8.0,66413.0,17430.97,83843.97,1.5147058823529411,753.6176470588235,49.73529411764706,1.35,3.1,6637.0,6.0,0.0
2021-03-29,2021-03-29,12.0,65518.0,279705.41,345223.41,2.677142857142857,757.0571428571428,46.74285714285714,1.2571428571428571,3.6,5101.0,6.0,0.0
2021-03-30,2021-03-30,13.0,332280.0,207352.41,539632.41,2.35,758.5,52.47058823529412,1.411764705882353,3.5,6757.0,6.0,0.0
2021-03-31,2021-03-31,15.0,418136.0,841121.13,1259257.13,0.48,750.0571428571428,70.31428571428572,1.7857142857142858,4.0,1367.0,6.0,4.9
2021-04-01,2021-04-01,3.0,48951.0,74861.86,123812.86,1.4085714285714286,742.4857142857143,95.14285714285714,0.9971428571428572,1.8,707.0,6.0,9.7
2021-04-02,2021-04-02,5.0,5820.0,14898.36,20718.36,2.5685714285714285,741.6857142857143,94.68571428571428,0.88,1.3,714.0,6.0,4.7
2021-04-03,2021-04-03,3.0,14501.0,13372.0,27873.0,3.6941176470588233,739.8823529411765,74.97058823529412,1.6147058823529412,3.6,1588.0,7.0,0.0
2021-04-04,2021-04-04,4.0,33481.0,18815.48,52296.48,1.526470588235294,736.8529411764706,91.38235294117646,0.8647058823529412,1.3,833.0,7.0,3.3000000000000003
2021-04-05,2021-04-05,8.0,79561.0,176337.9,255898.9,2.173529411764706,740.4117647058823,73.47058823529412,1.1764705882352942,2.2,3193.0,7.0,0.2
2021-04-06,2021-04-06,6.0,9400.0,5192.81,14592.81,3.691176470588236,745.7941176470588,68.3529411764706,1.1823529411764706,2.7,2438.0,7.0,5.1
2021-04-07,2021-04-07,2.0,32961.0,66083.69,99044.69,3.952941176470589,745.4117647058823,68.0,1.0794117647058823,2.7,2621.0,7.0,0.9
2021-04-08,2021-04-08,7.0,30600.0,30656.37,61256.37,4.123529411764705,746.7058823529412,78.97058823529412,1.597058823529412,3.1,3161.0,7.0,0.1
2021-04-09,2021-04-09,8.0,206593.0,196565.27,403158.27,4.048571428571428,751.2285714285714,80.4,0.9685714285714284,1.8,1837.0,7.0,2.8000000000000003
2021-04-10,2021-04-10,6.0,52591.0,145312.44,197903.44,3.065714285714286,756.8,91.34285714285714,1.1257142857142857,2.2,1205.0,7.0,2.2
2021-04-11,2021-04-11,2.0,4104.0,33604.52,37708.52,5.879411764705883,756.3235294117648,93.5,0.9058823529411764,1.3,1109.0,7.0,2.7
2021-04-12,2021-04-12,5.0,46002.0,10016.26,56018.26,7.303030303030303,762.9090909090909,77.06060606060606,0.9151515151515152,1.3,2278.0,7.0,0.0
2021-04-13,2021-04-13,4.0,20150.0,73595.44,93745.44,10.822857142857144,762.1428571428571,67.8,1.105714285714286,1.8,4256.0,7.0,0.0
2021-04-14,2021-04-14,12.0,55601.0,95988.14,151589.14,14.525714285714288,756.8571428571429,65.31428571428572,1.0457142857142858,2.2,7333.0,7.0,0.0
2021-04-15,2021-04-15,33.0,332142.8,861968.84,1194111.64,15.293939393939391,751.3333333333334,55.96969696969697,1.093939393939394,2.2,7626.0,7.0,0.0
2021-04-16,2021-04-16,7.0,123938.4,120520.99,244459.39,8.366666666666667,753.969696969697,49.0,2.6575757575757577,4.9,5893.0,7.0,0.0
2021-04-17,2021-04-17,7.0,27250.0,45853.61,73103.61,7.514705882352941,754.8529411764706,37.05882352941177,1.576470588235294,4.5,8617.0,7.0,0.0
2021-04-18,2021-04-18,4.0,13902.0,15555.1,29457.1,4.982352941176471,753.3235294117648,52.5,2.320588235294118,5.4,6687.0,7.0,0.0
2021-04-19,2021-04-19,7.0,92275.0,142114.91,234389.91,2.3823529411764706,759.0,39.5,1.8,4.9,8948.0,7.0,0.0
2021-04-20,2021-04-20,6.0,50362.0,114243.9,164605.9,4.605882352941176,759.9705882352941,35.544117647058826,1.0941176470588236,2.2,8861.5,7.0,0.0
2021-04-21,2021-04-21,9.0,177265.0,126733.24,303998.24,8.291176470588235,756.7058823529412,33.705882352941174,2.2823529411764705,4.5,2591.0,7.0,0.0
2021-04-22,2021-04-22,11.0,112654.0,273108.43,385762.43,5.764705882352941,754.2058823529412,81.73529411764706,1.911764705882353,4.0,1266.0,8.0,2.9000000000000004
2021-04-23,2021-04-23,5.0,151483.0,60342.56,211825.56,8.022857142857143,754.7428571428571,74.42857142857143,1.1828571428571428,2.2,6508.0,8.0,0.4
2021-04-24,2021-04-24,3.0,10400.0,700.0,11100.0,6.831428571428571,747.9714285714285,87.94285714285714,1.0771428571428572,3.1,1556.0,8.0,3.4000000000000004
2021-04-25,2021-04-25,4.0,22302.0,31280.31,22302.0,5.551428571428571,740.2285714285714,86.62857142857143,2.0085714285714285,4.9,1343.0,8.0,3.2
2021-04-26,2021-04-26,9.0,77581.0,61860.62,139441.62,5.426470588235294,742.2941176470588,64.0,1.5117647058823531,3.1,5447.0,8.0,0.5
2021-04-27,2021-04-27,9.0,400640.01,689035.86,1089675.87,7.620588235294118,743.0294117647059,50.5,0.8970588235294118,1.3,1892.0,8.0,0.0
2021-04-28,2021-04-28,6.0,63511.0,82343.36,145854.36,5.4875,740.90625,73.96875,1.35,3.6,4327.5,8.0,0.0
2021-04-29,2021-04-29,19.0,106530.0,352533.41,459063.41,6.00909090909091,745.5454545454545,77.53030303030303,1.3363636363636364,3.6,4080.0,8.0,0.4
2021-04-30,2021-04-30,38.0,663513.0,1113033.27,1776546.27,6.755882352941176,749.9411764705883,59.64705882352941,1.261764705882353,3.1,4580.0,8.0,0.3
2021-05-01,2021-05-01,3.0,7300.0,4225.2,11525.2,10.955882352941176,743.9411764705883,65.11764705882354,2.3323529411764703,4.5,2403.0,8.0,0.4
2021-05-02,2021-05-02,1.0,6200.0,23768.105000000003,6200.0,9.238235294117649,747.1176470588235,64.70588235294117,1.0558823529411765,2.2,4726.5,8.0,0.8
2021-05-03,2021-05-03,7.0,33730.0,43311.01,77041.01,9.447058823529412,749.1470588235294,57.8235294117647,1.2000000000000002,2.7,3959.0,8.0,1.2000000000000002
2021-05-04,2021-05-04,8.0,69183.0,19699.68,88882.68,19.68285714285714,738.1428571428571,49.34285714285714,2.3085714285714283,4.5,4388.0,8.0,0.2
2021-05-05,2021-05-05,8.0,88338.0,15031.62,103369.62,10.32,736.6,65.2,1.3371428571428572,2.7,2818.0,8.0,0.9
2021-05-06,2021-05-06,13.0,199512.0,338510.26,538022.26,10.202941176470588,744.5294117647059,61.23529411764706,1.5941176470588236,3.6,9664.0,8.0,0.0
2021-05-07,2021-05-07,3.0,10100.0,36343.36,46443.36,16.408823529411762,746.9411764705883,45.97058823529412,1.4529411764705884,3.6,3989.0,8.0,0.0
2021-05-08,2021-05-08,3.0,10400.0,57400.67,67800.67,14.597058823529412,747.4411764705883,58.1764705882353,0.8911764705882353,1.3,2121.5,8.0,0.8
2021-05-09,2021-05-09,1.0,17700.0,306.0,18006.0,15.8375,747.4583333333334,57.5,1.2833333333333334,3.1,7640.5,8.0,0.0
2021-05-10,2021-05-10,4.0,36601.0,12442.05,49043.05,20.93235294117647,750.2647058823529,37.10294117647059,1.0529411764705885,2.7,6201.5,8.0,0.0
2021-05-11,2021-05-11,10.0,209702.0,252865.29,462567.29,20.63823529411765,754.3529411764706,46.794117647058826,0.9823529411764704,1.8,5618.0,8.0,0.0
2021-05-12,2021-05-12,10.0,39781.0,125923.35,165704.35,21.12941176470588,756.0588235294117,53.97058823529412,0.9558823529411764,1.8,9808.0,8.0,0.0
2021-05-13,2021-05-13,19.0,337656.6,1418216.74,1755873.34,22.25151515151515,754.8787878787879,45.09090909090909,1.0727272727272728,2.2,10187.0,8.0,0.0
2021-05-14,2021-05-14,6.0,54266.0,21112.93,75378.93,23.585714285714285,752.4,40.25714285714286,1.0571428571428572,2.7,10340.0,8.0,0.0
2021-05-15,2021-05-15,3.0,24581.0,26200.0,50781.0,24.914285714285715,749.2285714285714,40.02857142857143,1.0771428571428572,2.2,3144.0,8.0,0.0
2021-05-16,2021-05-16,6.0,57111.0,45343.02,102454.02,25.442857142857143,748.0285714285715,35.25714285714286,1.1342857142857143,2.2,9526.0,8.0,0.0
2021-05-17,2021-05-17,12.0,205181.0,307483.79,512664.79,24.03636363636364,746.9090909090909,45.93939393939394,1.2696969696969695,2.7,3613.0,8.0,0.0
2021-05-18,2021-05-18,8.0,25002.0,55940.68,80942.68,21.282857142857143,748.9428571428572,55.885714285714286,1.154285714285714,2.7,5656.0,9.0,0.0
2021-05-19,2021-05-19,5.0,48961.0,50982.2,99943.2,18.71176470588236,750.9411764705883,63.97058823529412,1.2205882352941178,3.1,10117.0,9.0,0.0
2021-05-20,2021-05-20,7.0,95776.0,171333.62,267109.62,19.66,748.8571428571429,59.142857142857146,1.322857142857143,3.1,11392.0,9.0,0.1
2021-05-21,2021-05-21,10.0,142975.0,139469.72,282444.72,18.95142857142857,746.1142857142858,68.2,1.26,3.1,6830.0,9.0,1.0
2021-05-22,2021-05-22,2.0,21101.0,84229.74,105330.74,17.13823529411765,746.2647058823529,83.57352941176471,1.1382352941176472,2.7,3356.5,9.0,3.3000000000000003
2021-05-23,2021-05-23,4.0,16651.0,1354.0,18005.0,15.044117647058824,748.7352941176471,88.97058823529412,0.9,1.3,2582.5,9.0,0.8
2021-05-24,2021-05-24,13.0,107531.0,872349.07,979880.07,18.59117647058824,745.5294117647059,78.6470588235294,1.1529411764705884,3.1,3978.0,9.0,0.0
2021-05-25,2021-05-25,8.0,88073.0,25062.83,113135.83,14.944117647058825,747.9705882352941,85.63235294117646,0.9558823529411764,2.7,2066.5,9.0,3.7
2021-05-26,2021-05-26,9.0,148001.0,17703.3,165704.3,13.726470588235294,749.1764705882352,72.5,1.3558823529411763,3.6,11233.0,9.0,0.0
2021-05-27,2021-05-27,16.0,218871.6,504294.71,723166.31,12.66060606060606,752.3636363636364,69.6969696969697,0.9606060606060606,2.2,11100.0,9.0,0.0
2021-05-28,2021-05-28,20.0,253850.8,1285699.75,1539550.55,16.651515151515152,748.8181818181819,61.75757575757576,0.9424242424242424,1.8,10536.5,9.0,0.0
2021-05-29,2021-05-29,4.0,101752.0,37107.4,138859.4,18.99117647058824,742.7205882352941,67.33823529411765,0.973529411764706,1.0,2415.0,9.0,1.3
2021-05-30,2021-05-30,4.0,17751.0,176.3,17927.3,14.36875,740.96875,86.859375,1.75,4.5,4434.5,9.0,1.4
2021-05-31,2021-05-31,13.0,239858.8,219274.03,459132.83,10.919354838709678,746.483870967742,64.98387096774194,2.2290322580645165,4.5,3325.0,9.0,0.0
2021-06-01,2021-06-01,10.0,25150.0,95956.94,121106.94,13.737142857142857,747.5142857142857,58.77142857142857,1.1371428571428572,2.2,3403.0,9.0,0.0
2021-06-02,2021-06-02,13.0,29675.0,41655.84,71330.84,14.9,748.6060606060606,55.15151515151515,1.4242424242424243,4.0,3524.5,9.0,0.0
2021-06-03,2021-06-03,6.0,26611.0,42035.62,68646.62,14.195238095238096,749.7142857142857,55.345238095238095,2.1523809523809527,5.8,15366.0,9.0,0.0
2021-06-04,2021-06-04,9.0,66153.0,38281.37,104434.37,15.624444444444444,753.8888888888889,47.577777777777776,2.602222222222222,4.0,15476.5,9.0,0.0
2021-06-05,2021-06-05,7.0,38751.3,80368.77,119120.07,17.695348837209302,752.9302325581396,47.95348837209303,1.0325581395348835,2.2,14735.5,9.0,0.0
2021-06-06,2021-06-06,1.0,6.0,85104.66,85110.66,18.11951219512195,748.6829268292682,54.59756097560975,0.9658536585365854,1.8,13004.0,9.0,0.0
2021-06-07,2021-06-07,6.0,47651.0,73438.23,121089.23,20.142857142857142,745.0952380952381,57.23809523809524,1.0595238095238095,3.1,12283.5,9.0,0.0
2021-06-08,2021-06-08,8.0,70871.0,139653.78,210524.78,17.26046511627907,745.9069767441861,60.58139534883721,1.516279069767442,2.7,14474.0,9.0,0.1
2021-06-09,2021-06-09,5.0,57851.0,67212.42,125063.42,15.72,745.8125,63.8875,1.54,3.1,5898.0,9.0,0.7000000000000001
2021-06-10,2021-06-10,10.0,142013.0,283364.88,425377.88,16.38139534883721,747.6744186046511,59.08139534883721,1.858139534883721,4.0,6140.5,9.0,0.0
2021-06-11,2021-06-11,18.0,148037.0,1115516.2,1263553.2,18.05128205128205,748.974358974359,60.6025641025641,1.943589743589744,4.1,6130.5,9.0,0.0
2021-06-12,2021-06-12,1.0,6001.0,559125.565,6001.0,14.376190476190477,748.9047619047619,84.66666666666667,1.2761904761904763,4.0,2595.5,9.0,2.8
2021-06-13,2021-06-13,2.0,18751.0,2734.93,21485.93,18.673809523809524,747.4166666666666,79.46428571428571,1.1904761904761905,2.7,9124.0,9.0,1.7
2021-06-14,2021-06-14,4.0,51900.0,29866.39,81766.39,20.84390243902439,747.4878048780488,72.60975609756098,0.9780487804878047,1.8,4067.5,9.0,0.0
2021-06-15,2021-06-15,10.0,80421.0,194444.65,274865.65,22.238636363636363,746.8636363636364,74.01136363636364,1.018181818181818,2.2,6209.0,9.0,0.0
2021-06-16,2021-06-16,6.0,13951.0,134054.555,13951.0,23.616666666666667,742.8333333333334,68.54761904761905,1.2714285714285714,4.5,8193.0,9.0,0.3
2021-06-17,2021-06-17,9.0,37211.0,73664.46,110875.46,18.005128205128205,744.8717948717949,66.56410256410257,1.7230769230769232,3.1,12864.5,9.0,0.2
2021-06-18,2021-06-18,9.0,37951.0,112104.42,150055.42,14.892682926829268,752.3414634146342,65.3170731707317,1.1585365853658536,2.7,11878.0,9.0,0.0
2021-06-19,2021-06-19,9.0,125849.0,214237.6,340086.6,20.325641025641023,750.1538461538462,63.256410256410255,1.5128205128205128,4.5,6063.5,9.0,0.0
2021-06-20,2021-06-20,9.0,108555.0,21254.34,129809.34,22.236363636363635,749.7272727272727,54.57954545454545,1.2840909090909092,3.1,14279.0,9.0,0.0
2021-06-21,2021-06-21,6.0,46562.0,144692.87,191254.87,19.759090909090908,751.625,68.64772727272727,1.0204545454545455,2.2,7411.5,9.0,1.1
2021-06-22,2021-06-22,16.0,88386.0,106399.85,194785.85,25.578048780487805,749.7682926829268,66.5609756097561,1.1487804878048782,2.5,13115.0,9.0,0.0
2021-06-23,2021-06-23,10.0,56477.0,62197.57,118674.57,24.16304347826087,748.5652173913044,73.31521739130434,1.108695652173913,4.0,11975.0,9.0,0.3
2021-06-24,2021-06-24,25.0,180414.0,1087356.76,1267770.76,24.68780487804878,748.9756097560976,72.6829268292683,1.0585365853658537,2.2,11095.0,9.0,0.2
2021-06-25,2021-06-25,16.0,112449.0,243328.42,355777.42,25.85116279069768,745.1627906976744,68.0,1.0325581395348835,2.7,7609.0,9.0,0.3
2021-06-26,2021-06-26,7.0,31070.0,215213.6,246283.6,25.404545454545453,743.5681818181819,64.88636363636364,1.115909090909091,3.1,11536.5,9.0,0.0
2021-06-27,2021-06-27,4.0,12501.0,27034.01,39535.01,25.34523809523809,744.9047619047619,63.535714285714285,1.0238095238095235,2.7,14458.5,9.0,0.0
2021-06-28,2021-06-28,12.0,92291.0,161440.85,253731.85,26.28717948717949,745.6282051282051,60.37179487179487,1.051282051282051,2.7,13207.5,9.0,0.0
2021-06-29,2021-06-29,12.0,112834.0,343385.06,456219.06,28.381395348837213,743.8837209302326,57.325581395348834,0.9860465116279068,2.7,13622.0,9.0,0.1
2021-06-30,2021-06-30,14.0,249581.0,102494.27,352075.27,28.34761904761905,740.9285714285714,59.05952380952381,1.188095238095238,2.7,14916.0,9.0,0.0
2021-07-01,2021-07-01,11.0,50102.0,93267.11,143369.11,25.0175,740.6625,71.25,1.035,2.2,11882.0,9.0,0.9
2021-07-02,2021-07-02,7.0,8685.0,17374.9,26059.9,22.629268292682926,739.8170731707318,75.84146341463415,1.0829268292682928,3.8,10243.5,9.0,0.1
2021-07-03,2021-07-03,7.0,81915.0,94989.58,176904.58,20.23333333333333,739.6888888888889,83.08888888888889,1.3133333333333337,2.7,12951.5,9.0,0.7000000000000001
2021-07-04,2021-07-04,2.0,45962.0,16470.36,62432.36,16.292105263157897,740.7894736842105,91.94736842105264,1.3526315789473686,3.6,1525.0,9.0,2.3000000000000003
2021-07-05,2021-07-05,12.0,92953.0,113102.83,206055.83,17.084615384615383,746.8974358974359,65.88461538461539,1.907692307692308,4.0,13695.0,9.0,0.0
2021-07-06,2021-07-06,10.0,130803.0,114142.2,244945.2,19.10909090909091,749.25,57.96590909090909,1.2068181818181818,2.7,13492.0,9.0,0.0
2021-07-07,2021-07-07,7.0,49613.0,2518.74,52131.74,21.02380952380953,751.5357142857143,57.54761904761905,1.0761904761904764,2.7,13672.5,9.0,0.0
2021-07-08,2021-07-08,7.0,25850.0,83670.81,109520.81,24.373809523809523,750.1904761904761,55.29761904761905,1.2238095238095237,3.1,9007.0,9.0,0.0
2021-07-09,2021-07-09,7.0,55050.0,92438.36,147488.36,24.960975609756098,747.4878048780488,57.40243902439025,0.926829268292683,2.2,10442.0,9.0,0.0
2021-07-10,2021-07-10,3.0,7950.0,219423.58666666667,7950.0,22.84,743.8125,67.625,1.1725,2.2,4674.5,9.0,0.6000000000000001
2021-07-11,2021-07-11,2.0,11100.0,346408.81333333335,11100.0,17.407894736842106,745.7631578947369,69.48684210526316,1.3842105263157896,2.7,12971.5,9.0,0.0
2021-07-12,2021-07-12,8.0,145672.0,473394.04,619066.04,17.684444444444445,748.0222222222222,73.47777777777777,1.1511111111111112,2.7,11880.5,9.0,0.7000000000000001
2021-07-13,2021-07-13,4.0,10500.0,238476.185,10500.0,20.41333333333333,746.3555555555556,62.977777777777774,1.1511111111111112,2.2,12819.0,9.0,0.0
2021-07-14,2021-07-14,14.0,110162.3,3558.33,113720.63,19.493333333333336,746.9555555555555,51.333333333333336,1.048888888888889,2.2,14939.5,9.0,0.0
2021-07-15,2021-07-15,12.0,42237.0,75122.63,117359.63,21.153488372093022,743.8720930232558,57.75581395348837,0.9302325581395348,1.3,7013.5,9.0,0.0
2021-07-16,2021-07-16,9.0,21250.0,62606.84,83856.84,21.22,741.2888888888889,70.84444444444445,0.98,2.2,5856.5,9.0,0.5
2021-07-17,2021-07-17,4.0,3901.0,20278.46,24179.46,21.70434782608696,741.1521739130435,69.95652173913044,1.0630434782608695,2.7,13348.0,9.0,0.0
2021-07-18,2021-07-18,7.0,131003.0,135223.74,266226.74,21.017391304347825,741.304347826087,74.92391304347827,1.1021739130434782,3.1,11133.0,9.0,0.3
2021-07-19,2021-07-19,10.0,80987.0,91505.4,172492.4,24.04186046511628,741.5581395348837,67.02325581395348,0.8604651162790697,2.2,13974.0,9.0,0.0
2021-07-20,2021-07-20,38.0,423739.0,1295051.65,1718790.65,21.889130434782608,738.5869565217391,79.94565217391305,0.9869565217391304,2.7,8920.0,9.0,2.9
2021-07-21,2021-07-21,7.0,48425.0,48170.83,96595.83,21.60232558139535,738.0,78.11627906976744,1.009302325581395,2.7,7589.0,9.0,1.1
2021-07-22,2021-07-22,13.0,57811.0,197751.25,255562.25,15.833333333333334,736.3095238095239,90.98809523809524,1.2238095238095237,3.1,1772.0,9.0,4.6
2021-07-23,2021-07-23,4.0,113887.0,45169.51,159056.51,16.80697674418605,738.0348837209302,77.06976744186046,0.872093023255814,1.8,12954.5,9.0,0.0
2021-07-24,2021-07-24,7.0,180350.0,189212.05,369562.05,15.53191489361702,740.3404255319149,79.97872340425532,1.1106382978723406,3.1,9760.5,9.0,0.6000000000000001
2021-07-25,2021-07-25,5.0,28660.0,69793.45,98453.45,14.786956521739132,749.0869565217391,66.08695652173913,1.0304347826086957,2.7,13549.0,8.0,0.0
2021-07-26,2021-07-26,11.0,68608.0,49259.33,117867.33,15.77906976744186,750.3023255813954,70.55813953488372,1.1511627906976745,3.1,6488.5,8.0,0.4
2021-07-27,2021-07-27,6.0,40850.0,171742.37,212592.37,15.024137931034485,746.3448275862069,74.46551724137932,0.9379310344827586,1.4,1709.5,7.0,0.5
2021-07-28,2021-07-28,59.0,319046.0,1240139.06,1559185.06,14.484444444444444,746.3111111111111,69.11111111111111,1.4333333333333331,3.6,10995.0,8.0,0.0
2021-07-29,2021-07-29,52.0,264606.0,2114771.98,2379377.98,18.69782608695652,742.9347826086956,63.391304347826086,1.108695652173913,2.7,4180.5,8.0,0.0
2021-07-30,2021-07-30,16.0,193453.0,592447.15,785900.15,21.11590909090909,738.5227272727273,70.9659090909091,1.4136363636363638,6.7,8144.5,8.0,0.0
2021-07-31,2021-07-31,11.0,69612.0,127650.94,197262.94,20.685714285714283,739.3452380952381,83.39285714285714,1.0238095238095235,1.8,7958.5,8.0,0.8
2021-08-01,2021-08-01,8.0,108340.0,97490.31,205830.31,21.971739130434784,742.4130434782609,72.3695652173913,1.2869565217391306,4.5,10732.0,8.0,0.0
2021-08-02,2021-08-02,17.0,67075.0,52590.53,119665.53,22.711111111111112,745.4333333333333,66.47777777777777,0.9555555555555556,2.2,4001.0,8.0,0.0
2021-08-03,2021-08-03,5.0,42580.0,40867.65,83447.65,27.387234042553192,744.2765957446809,53.659574468085104,1.0063829787234044,2.2,13785.0,8.0,0.0
2021-08-04,2021-08-04,14.0,93950.0,41147.89,135097.89,24.858695652173918,743.3478260869565,65.96739130434783,1.0065217391304349,2.7,2933.5,8.0,0.1
2021-08-05,2021-08-05,7.0,87800.0,68385.56,156185.56,20.027272727272727,744.5454545454545,80.36363636363636,1.181818181818182,3.1,12885.5,8.0,1.1
2021-08-06,2021-08-06,9.0,108700.0,175854.89,284554.89,19.054166666666667,748.0208333333334,64.60416666666667,1.16875,2.7,13666.0,8.0,0.0
2021-08-07,2021-08-07,5.0,58900.0,2887.9,61787.9,16.94090909090909,749.7954545454545,73.3409090909091,0.9954545454545456,1.8,7214.5,8.0,0.1
2021-08-08,2021-08-08,1.0,9800.0,75369.38,85169.38,17.914634146341463,751.6341463414634,65.98780487804878,0.953658536585366,2.2,12011.5,8.0,0.0
2021-08-09,2021-08-09,11.0,73700.0,62778.5,136478.5,19.29285714285714,751.8333333333334,67.5952380952381,0.8999999999999999,1.0,5703.0,8.0,0.0
2021-08-10,2021-08-10,15.0,168700.0,86622.06,255322.06,19.46818181818182,750.0909090909091,71.42045454545455,1.518181818181818,3.1,12661.0,8.0,0.0
2021-08-11,2021-08-11,11.0,64050.01,4938.0,68988.01,16.202222222222222,753.3777777777777,74.85555555555555,2.353333333333333,4.7,11981.0,8.0,0.0
2021-08-12,2021-08-12,34.0,164552.0,789577.6,954129.6,17.76888888888889,752.6888888888889,69.24444444444444,1.2866666666666668,2.7,11296.0,8.0,0.0
2021-08-13,2021-08-13,66.0,488388.0,1890662.71,2379050.71,21.111363636363635,750.3863636363636,55.55681818181818,1.15,2.2,12099.0,8.0,0.0
2021-08-14,2021-08-14,5.0,127480.0,5856.83,133336.83,20.25333333333333,748.8111111111111,67.62222222222222,1.106666666666667,2.2,3529.0,8.0,1.3
2021-08-15,2021-08-15,5.0,80550.0,102694.23,183244.23,19.97826086956522,750.2391304347826,73.20652173913044,0.908695652173913,1.3,9896.5,8.0,0.8
2021-08-16,2021-08-16,8.0,78500.0,100211.88,178711.88,22.96444444444445,748.4666666666667,60.8,1.0266666666666668,2.2,4840.0,8.0,0.0
2021-08-17,2021-08-17,9.0,62980.0,48843.62,111823.62,25.042222222222225,749.1333333333333,56.477777777777774,0.8888888888888888,1.3,4975.5,8.0,0.1
2021-08-18,2021-08-18,5.0,18900.0,379.94,19279.94,25.686046511627907,748.3720930232558,55.01162790697674,0.8651162790697675,1.0,10514.5,8.0,0.0
2021-08-19,2021-08-19,13.0,136905.0,155800.82,292705.82,25.517777777777777,746.9111111111112,57.94444444444444,0.9155555555555556,1.3,11290.5,8.0,0.0
2021-08-20,2021-08-20,7.0,74010.0,28824.66,102834.66,28.772916666666664,747.9375,48.625,1.1645833333333333,2.7,10348.0,7.0,0.0
2021-08-21,2021-08-21,5.0,42110.0,159.56,42269.56,28.504444444444445,747.8,38.855555555555554,1.0266666666666668,2.2,4276.0,7.0,0.1
2021-08-22,2021-08-22,4.0,21580.0,15922.01,37502.01,27.64444444444445,745.8333333333334,39.63333333333333,1.1444444444444444,2.7,7335.0,7.0,0.2
2021-08-23,2021-08-23,11.0,113945.0,69634.82,183579.82,23.55333333333333,746.9333333333333,61.73333333333333,0.9222222222222224,1.8,3479.0,7.0,0.4
2021-08-24,2021-08-24,9.0,154760.0,102789.26,257549.26,20.68139534883721,748.3372093023256,71.88372093023256,1.2767441860465116,3.6,2231.0,7.0,1.2000000000000002
2021-08-25,2021-08-25,14.0,101962.0,114925.94,216887.94,18.90909090909091,744.8409090909091,78.9659090909091,1.125,3.1,5666.5,7.0,0.4
2021-08-26,2021-08-26,80.0,593394.0,2478432.57,3071826.57,15.484782608695651,749.6739130434783,67.43478260869566,1.0260869565217392,2.2,6854.0,7.0,0.0
2021-08-27,2021-08-27,13.0,103201.0,145548.12,248749.12,12.514583333333334,752.5416666666666,74.45833333333333,1.6645833333333335,4.5,10654.0,7.0,0.0
2021-08-28,2021-08-28,6.0,40050.0,32008.91,72058.91,11.353191489361702,752.6595744680851,71.34042553191489,1.4659574468085108,3.1,10468.0,7.0,0.0
2021-08-29,2021-08-29,6.5,81135.0,53467.42999999999,134602.43,11.771739130434783,750.8260869565217,64.90217391304348,1.05,2.2,10276.5,7.0,0.0
2021-08-30,2021-08-30,7.0,122220.0,74925.95,197145.95,12.923913043478262,750.4130434782609,64.97826086956522,1.0065217391304346,2.2,5365.5,7.0,0.0
2021-08-31,2021-08-31,10.0,177555.0,349116.52,526671.52,8.457446808510639,749.3085106382979,88.12765957446808,1.2404255319148938,3.1,1086.0,7.0,5.4
2021-09-01,2021-09-01,11.0,45305.0,81399.53,126704.53,10.893478260869566,744.8913043478261,90.03260869565217,1.2913043478260868,2.7,6402.5,7.0,0.2
2021-09-02,2021-09-02,13.0,66390.0,6869.67,73259.67,17.433333333333334,736.5333333333333,73.11111111111111,1.02,2.7,1820.5,7.0,1.5
2021-09-03,2021-09-03,6.0,73750.0,15473.69,89223.69,13.39782608695652,732.2173913043479,95.71739130434784,1.1608695652173913,2.7,1010.0,7.0,5.7
2021-09-04,2021-09-04,2.0,3200.0,209.02,3409.02,10.45531914893617,732.5744680851063,88.53191489361703,1.0361702127659576,2.2,3435.0,7.0,3.8
2021-09-05,2021-09-05,3.0,46500.0,178398.93,224898.93,7.172340425531916,740.6063829787234,87.44680851063829,1.221276595744681,2.7,2498.5,7.0,1.8
2021-09-06,2021-09-06,16.0,162635.0,159702.85,322337.85,7.54,748.0,84.56666666666666,1.1111111111111112,2.7,6523.0,7.0,0.2
2021-09-07,2021-09-07,7.0,49650.0,2568.65,52218.65,6.615909090909091,748.9318181818181,83.05681818181819,1.0,3.1,5126.0,7.0,0.6000000000000001
2021-09-08,2021-09-08,4.0,28550.0,59672.37,88222.37,8.785106382978723,745.936170212766,89.19148936170212,0.902127659574468,1.8,2157.0,7.0,1.0
2021-09-09,2021-09-09,4.0,129170.0,236993.02,366163.02,10.937777777777775,738.8666666666667,93.5111111111111,1.1244444444444446,2.7,990.0,6.0,2.3000000000000003
2021-09-10,2021-09-10,13.0,87145.0,85231.77,172376.77,9.139130434782608,741.1413043478261,80.41304347826087,1.4217391304347828,3.1,6112.0,6.0,0.3
2021-09-11,2021-09-11,4.0,14940.0,13929.78,28869.78,7.477777777777778,747.1111111111111,77.28888888888889,1.1711111111111112,2.7,6285.5,6.0,0.0
2021-09-12,2021-09-12,4.0,74450.0,121558.44,196008.44,9.773333333333332,746.8888888888889,75.42222222222222,0.9733333333333332,2.2,5750.5,6.0,0.0
2021-09-13,2021-09-13,15.0,62350.0,112480.43,174830.43,10.889130434782608,743.8913043478261,82.73913043478261,0.9434782608695652,1.3,2536.5,6.0,0.0
2021-09-14,2021-09-14,9.0,149260.0,48696.19,197956.19,15.372340425531917,737.8297872340426,85.86170212765957,0.925531914893617,3.1,3736.5,6.0,0.9
2021-09-15,2021-09-15,7.0,200242.0,36199.68,236441.68,9.23695652173913,736.5,80.19565217391305,1.2152173913043478,3.1,3923.5,6.0,0.0
2021-09-16,2021-09-16,44.0,194461.0,1458336.36,1652797.36,5.5088888888888885,739.3333333333334,91.55555555555556,1.586666666666667,2.7,1901.0,6.0,1.6
2021-09-17,2021-09-17,37.0,317926.0,1425398.69,1743324.69,6.195555555555556,743.0222222222222,90.64444444444445,1.348888888888889,2.7,1312.0,6.0,0.0
2021-09-18,2021-09-18,9.0,41800.0,56529.12,98329.12,4.768085106382979,746.1063829787234,88.09574468085107,1.202127659574468,2.7,2515.5,6.0,1.0
2021-09-19,2021-09-19,9.0,198150.0,295974.95,494124.95,3.2369565217391307,751.1304347826087,82.94565217391305,1.2608695652173914,3.6,3001.0,6.0,0.0
2021-09-20,2021-09-20,11.0,56580.0,2992.26,59572.26,4.171739130434783,756.1413043478261,77.56521739130434,1.0413043478260868,2.8,2475.0,6.0,0.0
2021-09-21,2021-09-21,9.0,76600.0,176636.61,253236.61,5.909090909090909,755.6136363636364,78.86363636363636,1.1181818181818182,2.7,2922.5,6.0,0.0
2021-09-22,2021-09-22,5.0,45070.0,98410.5,143480.5,5.016666666666667,753.2708333333334,82.70833333333333,1.19375,2.7,1400.0,6.0,0.0
2021-09-23,2021-09-23,21.0,258252.6,441100.24,699352.84,8.127083333333333,754.1458333333334,75.6875,0.91875,2.2,2101.0,6.0,0.0
2021-09-24,2021-09-24,28.0,199120.0,430905.29,630025.29,9.191304347826089,751.0652173913044,76.55434782608695,1.5260869565217392,3.1,1783.5,6.0,0.0
2021-09-25,2021-09-25,2.0,8700.0,3402.63,12102.63,8.467391304347826,745.4130434782609,82.95652173913044,1.223913043478261,2.2,1238.0,6.0,0.3
2021-09-26,2021-09-26,5.0,62580.0,4158.12,66738.12,9.37391304347826,742.5652173913044,84.73913043478261,1.091304347826087,2.2,1095.0,6.0,0.0
2021-09-27,2021-09-27,11.0,138020.0,101245.96,239265.96,5.9,748.1777777777778,79.27777777777777,2.671111111111111,4.9,1213.0,5.0,0.0
2021-09-28,2021-09-28,9.0,74740.0,33761.85,108501.85,4.759574468085106,755.0,70.94680851063829,2.012765957446809,3.6,2690.0,5.0,0.0
2021-09-29,2021-09-29,5.0,32490.0,137527.13,170017.13,4.731111111111111,756.4555555555555,70.34444444444445,1.346666666666667,3.5,5315.0,5.0,0.1
2021-09-30,2021-09-30,16.0,514072.4,337861.79,851934.19,5.411627906976744,755.7674418604652,83.47674418604652,1.3116279069767445,4.2,1104.0,5.0,0.1
2021-10-01,2021-10-01,4.0,34975.0,850.92,35825.92,7.548936170212766,755.7021276595744,90.95744680851064,0.8042553191489361,1.8,945.5,5.0,0.0
2021-10-02,2021-10-02,6.0,39750.0,63200.82,102950.82,7.654545454545455,756.9886363636364,90.70454545454544,0.8272727272727273,1.8,1003.0,5.0,0.0
2021-10-03,2021-10-03,2.0,35120.0,11356.14,46476.14,5.884444444444445,759.8222222222222,83.64444444444445,1.0,2.7,1951.5,5.0,0.0
2021-10-04,2021-10-04,12.0,162035.0,107877.56,269912.56,1.5066666666666666,765.2,74.14444444444445,0.948888888888889,1.8,5584.5,5.0,0.0
2021-10-05,2021-10-05,14.0,129480.0,151958.15,281438.15,1.7909090909090908,768.3409090909091,71.19318181818181,0.9340909090909092,1.3,2572.0,5.0,0.0
2021-10-06,2021-10-06,14.0,188325.0,98835.08,287160.08,2.85,767.4347826086956,77.18478260869566,0.8978260869565217,1.8,2822.0,5.0,0.0
2021-10-07,2021-10-07,13.0,129100.0,89300.39,218400.39,3.988636363636364,766.9659090909091,83.31818181818181,0.9636363636363636,1.3,5188.0,5.0,0.0
2021-10-08,2021-10-08,7.0,45770.0,8933.54,54703.54,4.751063829787234,763.063829787234,73.36170212765957,1.0468085106382978,2.2,5205.0,5.0,0.0
2021-10-09,2021-10-09,1.0,1500.0,5288.545,1500.0,5.3933333333333335,757.7555555555556,79.05555555555556,0.8622222222222221,1.3,1380.5,5.0,0.0
2021-10-10,2021-10-10,2.0,57600.0,1643.55,59243.55,7.004255319148936,755.936170212766,90.64893617021276,0.8787234042553191,1.3,720.5,5.0,0.0
2021-10-11,2021-10-11,11.0,87750.0,161226.97,248976.97,7.986363636363637,753.9318181818181,87.25,0.8704545454545454,1.0,3183.5,5.0,0.0
2021-10-12,2021-10-12,16.0,159975.0,113999.93,273974.93,8.332608695652175,754.7173913043479,84.04347826086956,0.9782608695652174,1.3,1012.0,5.0,0.0
2021-10-13,2021-10-13,9.0,45500.0,32218.45,77718.45,8.69090909090909,756.8409090909091,70.92045454545455,0.9431818181818182,1.8,852.0,5.0,0.0
2021-10-14,2021-10-14,25.0,334245.0,489601.46,823846.46,9.220454545454546,756.8181818181819,53.98863636363637,1.3454545454545457,2.7,3084.0,5.0,0.0
2021-10-15,2021-10-15,67.0,466269.0,2237136.24,2703405.24,9.39090909090909,748.9318181818181,60.28409090909091,1.7863636363636366,3.1,824.0,5.0,0.0
2021-10-16,2021-10-16,3.0,21900.0,1129354.175,21900.0,7.202222222222223,748.7666666666667,67.54444444444445,0.9866666666666666,2.7,3372.5,4.0,0.0
2021-10-17,2021-10-17,10.0,89040.0,21572.11,110612.11,7.242222222222222,746.6666666666666,69.61111111111111,0.9644444444444444,2.2,2492.0,4.0,0.0
2021-10-18,2021-10-18,12.0,349820.0,165579.73,515399.73,7.065116279069768,743.0232558139535,82.4186046511628,0.8418604651162791,1.3,683.0,4.0,0.0
2021-10-19,2021-10-19,8.0,75755.0,50859.25,126614.25,4.277777777777778,740.3111111111111,80.21111111111111,1.1955555555555557,3.1,895.5,4.0,0.0
2021-10-20,2021-10-20,9.0,40437.24,75403.51,115840.75,2.128571428571429,743.9761904761905,77.83333333333333,0.9071428571428573,1.8,1279.0,4.0,0.1
2021-10-21,2021-10-21,5.0,28675.0,32778.69,61453.69,0.4175,740.3625,87.975,1.2975,3.1,546.5,4.0,7.5
2021-10-22,2021-10-22,8.0,124642.0,47319.59,171961.59,7.380851063829787,733.4255319148937,93.9255319148936,1.0936170212765957,2.7,401.0,4.0,0.0
2021-10-23,2021-10-23,6.0,88000.0,225915.07,313915.07,7.95,738.3409090909091,75.79545454545455,1.2727272727272727,4.0,1758.0,4.0,0.0
2021-10-24,2021-10-24,5.0,65400.0,13081.65,78481.65,4.793023255813953,741.2325581395348,80.63953488372093,0.9023255813953488,1.8,1883.0,4.0,0.0
2021-10-25,2021-10-25,11.0,212990.0,182321.92,395311.92,1.051111111111111,746.3111111111111,88.83333333333333,1.1688888888888889,2.7,550.5,4.0,0.7
2021-10-26,2021-10-26,9.0,63335.0,55919.43,119254.43,-1.7311111111111113,749.6,91.02222222222224,0.84,1.3,350.5,4.0,13.0
2021-10-27,2021-10-27,10.0,150335.0,14279.8,164614.8,1.2608695652173914,746.054347826087,86.72826086956522,0.8326086956521739,1.3,564.0,4.0,0.0
2021-10-28,2021-10-28,44.0,277825.2,454995.29,732820.49,3.3190476190476192,740.5714285714286,91.76190476190476,0.9642857142857144,2.7,293.0,4.0,0.0
2021-10-29,2021-10-29,31.0,265634.0,925761.3,1191395.3,-2.35625,751.7083333333334,78.41666666666667,1.10625,3.1,2948.0,4.0,0.0
2021-10-30,2021-10-30,7.0,85085.0,97517.14,182602.14,2.6826086956521737,748.6195652173913,92.41304347826087,1.1521739130434785,2.2,307.0,4.0,13.5
2021-10-31,2021-10-31,5.0,238260.0,142330.68,238260.0,6.417948717948717,749.9230769230769,93.93589743589745,0.905128205128205,1.8,325.0,4.0,0.0
2021-11-01,2021-11-01,9.0,113630.0,187144.22,300774.22,5.532608695652174,748.5,92.3804347826087,0.8086956521739131,1.8,580.0,4.0,0.0
2021-11-02,2021-11-02,4.0,21430.0,462.61,21892.61,-0.7529411764705882,757.2941176470588,88.95588235294117,1.5176470588235291,3.1,628.0,3.0,0.0
2021-11-03,2021-11-03,12.0,145400.0,76945.21,222345.21,-2.368181818181818,763.3863636363636,76.5909090909091,1.0295454545454543,1.8,2691.0,4.0,0.0
2021-11-04,2021-11-04,5.0,32150.0,18079.2,50229.2,0.1,762.125,59.775,1.4875,2.7,1659.5,4.0,2.8000000000000003
2021-11-05,2021-11-05,6.0,110385.0,282547.47,392932.47,0.911904761904762,758.3571428571429,74.39285714285714,1.3404761904761906,2.7,1005.0,4.0,1.4
2021-11-06,2021-11-06,3.0,25400.0,163.2,25563.2,2.1911111111111112,748.9,86.83333333333333,1.9111111111111112,3.6,335.5,4.0,0.5
2021-11-07,2021-11-07,9.0,98150.0,77721.06,175871.06,2.828888888888889,740.4888888888889,95.75555555555556,1.5155555555555555,3.6,221.5,4.0,0.0
2021-11-08,2021-11-08,3.0,34650.0,57622.76,92272.76,2.1545454545454543,744.6136363636364,91.6590909090909,1.7181818181818185,3.1,326.0,4.0,0.0
2021-11-09,2021-11-09,13.0,188235.0,178068.73,366303.73,4.060869565217391,737.9130434782609,93.5108695652174,1.258695652173913,2.3,411.0,4.0,1.0
2021-11-10,2021-11-10,22.0,307000.0,286693.79,593693.79,-4.442553191489362,750.2340425531914,80.97872340425532,1.702127659574468,3.6,981.0,3.0,21.7
2021-11-11,2021-11-11,45.0,320691.0,1007922.12,1328613.12,-4.609090909090909,750.5681818181819,81.38636363636364,1.3431818181818185,2.7,546.0,3.0,12.2
2021-11-12,2021-11-12,46.0,287725.0,1313464.33,1601189.33,-0.0782608695652173,742.304347826087,92.3586956521739,0.7804347826086956,1.3,218.0,3.0,2.2
2021-11-13,2021-11-13,5.0,94350.0,8899.33,103249.33,-1.017073170731707,740.439024390244,90.46341463414636,0.8951219512195122,1.8,202.0,3.0,3.2
2021-11-14,2021-11-14,5.0,21400.0,28888.72,50288.72,-5.583720930232558,750.2790697674419,78.54651162790698,1.4348837209302323,3.1,1853.0,3.0,0.8
2021-11-15,2021-11-15,4.0,103600.0,8278.9,111878.9,-8.54888888888889,753.4666666666667,85.25555555555556,0.92,1.3,864.5,3.0,0.0
2021-11-16,2021-11-16,8.0,89680.0,57975.81,147655.81,-6.555555555555555,749.3777777777777,86.88888888888889,1.117777777777778,2.2,347.0,3.0,6.2
2021-11-17,2021-11-17,6.0,120170.0,4203.3,124373.3,-4.322727272727272,746.0795454545455,87.30681818181819,1.1318181818181818,2.7,1032.0,3.0,0.7
2021-11-18,2021-11-18,11.0,70465.0,8778.19,79243.19,-9.716666666666669,752.6666666666666,89.79761904761905,0.9071428571428573,1.3,426.0,3.0,5.2
2021-11-19,2021-11-19,14.0,166095.0,155784.66,321879.66,-2.919047619047619,744.5714285714286,87.89285714285714,1.8190476190476192,3.1,308.0,3.0,5.5
2021-11-20,2021-11-20,6.0,79300.0,56263.14,135563.14,-2.4130434782608696,733.8260869565217,92.97826086956522,1.5326086956521738,3.6,158.5,3.0,39.0
2021-11-21,2021-11-21,2.0,12975.0,12360.56,25335.56,-2.3244444444444445,721.5222222222222,94.21111111111112,1.5333333333333334,3.1,134.0,3.0,42.7
2021-11-22,2021-11-22,7.0,48620.0,37609.97,86229.97,-3.0595744680851067,728.1489361702128,91.85106382978724,0.9595744680851064,2.2,307.0,3.0,15.0
2021-11-23,2021-11-23,12.0,200181.0,118147.87,318328.87,-5.411111111111111,737.0444444444445,87.63333333333334,1.4844444444444445,3.1,259.5,3.0,26.9
2021-11-24,2021-11-24,8.0,134015.0,99344.94,233359.94,-9.511363636363637,743.3181818181819,87.01136363636364,1.175,2.2,474.0,3.0,6.9
2021-11-25,2021-11-25,48.0,245377.5,1132642.94,1378020.44,-8.406521739130435,740.8913043478261,89.33695652173913,1.1021739130434782,2.7,275.0,3.0,19.2
2021-11-26,2021-11-26,60.0,639770.0,1531539.66,2171309.66,-2.597872340425532,745.8510638297872,85.70212765957447,1.348936170212766,2.7,249.0,3.0,2.4000000000000004
2021-11-27,2021-11-27,3.0,3300.0,785212.365,3300.0,-1.2000000000000002,748.5454545454545,86.86363636363636,1.4022727272727271,2.2,234.0,3.0,0.7
2021-11-28,2021-11-28,3.0,6720.0,38885.07,45605.07,-4.027659574468085,747.9787234042553,86.84042553191489,1.548936170212766,3.1,231.5,3.0,8.8
2021-11-29,2021-11-29,26.0,89694.0,282938.35,372632.35,-0.7069767441860466,747.3953488372093,95.65116279069768,0.9,1.8,121.0,3.0,0.0
2021-11-30,2021-11-30,15.0,322010.0,238797.36,560807.36,0.6760869565217391,735.7065217391304,91.3695652173913,2.734782608695652,4.5,182.0,3.0,6.199999999999999
2021-12-01,2021-12-01,15.0,93945.0,35612.22,129557.22,1.4204545454545454,728.8409090909091,94.8068181818182,1.3250000000000002,2.9,128.0,3.0,11.0
2021-12-02,2021-12-02,6.0,12180.0,6226.06,18406.06,-2.68,732.1111111111111,91.82222222222222,0.8377777777777778,1.3,181.0,3.0,9.8
2021-12-03,2021-12-03,7.0,35130.0,6380.74,41510.74,-3.8369565217391295,739.304347826087,88.6086956521739,0.7956521739130435,1.3,280.0,3.0,10.4
2021-12-04,2021-12-04,6.0,44355.0,1917.04,46272.04,0.7022222222222223,739.8888888888889,94.18888888888888,1.5,3.1,116.0,3.0,0.0
2021-12-05,2021-12-05,6.0,61750.0,1793.78,63543.78,-3.341025641025641,743.2051282051282,83.71794871794872,0.976923076923077,1.8,138.0,3.0,23.5
2021-12-06,2021-12-06,10.0,146280.0,117924.96,264204.96,-17.15714285714286,752.3333333333334,81.8452380952381,0.8904761904761904,1.8,554.5,3.0,0.0
2021-12-07,2021-12-07,14.0,179830.0,328268.82,508098.82,-19.384444444444444,761.2222222222222,82.9888888888889,0.9333333333333332,1.8,761.0,3.0,0.0
2021-12-08,2021-12-08,6.0,40250.0,867.97,41117.97,-9.324444444444444,758.0888888888888,86.3,1.791111111111111,3.6,171.5,3.0,19.3
2021-12-09,2021-12-09,39.0,292885.4,1048742.95,1341628.35,-3.127272727272727,754.5,89.5340909090909,1.3636363636363635,2.5,153.5,3.0,0.0
2021-12-10,2021-12-10,60.0,565771.0,1898004.59,2463775.59,-6.736363636363635,755.2386363636364,90.875,0.9477272727272728,1.8,1076.0,2.0,5.5
2021-12-11,2021-12-11,9.0,84450.0,33654.44,118104.44,-14.332608695652176,763.8586956521739,87.34782608695652,0.8173913043478261,1.3,1064.0,2.0,0.0
2021-12-12,2021-12-12,5.0,47600.0,80569.66,128169.66,-16.689473684210526,767.3684210526316,86.67105263157895,1.0,1.0,383.0,2.0,0.0
2021-12-13,2021-12-13,8.0,64500.0,4063.86,68563.86,-13.156521739130437,763.3913043478261,85.57608695652173,0.8543478260869565,1.3,686.0,2.0,0.0
2021-12-14,2021-12-14,12.0,152530.0,110872.62,263402.62,-6.247727272727272,756.8409090909091,80.82954545454545,0.7704545454545454,1.8,203.0,2.0,5.3
2021-12-15,2021-12-15,9.0,50460.0,67945.52,118405.52,-5.997777777777777,753.8888888888889,90.84444444444443,0.82,1.0,802.0,2.0,6.0
2021-12-16,2021-12-16,11.0,116625.0,68157.3,184782.3,-4.31063829787234,744.7872340425532,92.8936170212766,0.8489361702127659,1.8,288.0,2.0,12.5
2021-12-17,2021-12-17,10.0,79295.0,142666.33,221961.33,-2.815555555555555,741.2888888888889,94.9,0.8733333333333333,1.0,93.0,2.0,13.7
2021-12-18,2021-12-18,4.0,36300.0,107499.86,143799.86,-3.2568181818181814,742.5795454545455,94.13636363636364,1.0,1.0,102.0,2.0,0.0
2021-12-19,2021-12-19,8.0,96150.0,14085.19,110235.19,-5.493023255813953,732.9767441860465,93.55813953488372,0.9651162790697676,1.0,265.0,2.0,13.9
2021-12-20,2021-12-20,14.0,203210.0,102882.73,306092.73,-3.911111111111111,731.4444444444445,94.0111111111111,1.3888888888888888,3.1,92.0,2.0,30.2
2021-12-21,2021-12-21,7.0,30570.0,8016.48,38586.48,-3.4695652173913043,735.0652173913044,93.18478260869566,1.0434782608695652,2.2,184.0,2.0,7.9
2021-12-22,2021-12-22,9.0,166415.0,121613.11,288028.11,-13.882608695652175,737.9782608695652,87.29347826086956,0.9108695652173912,1.8,1000.0,2.0,8.1
2021-12-23,2021-12-23,39.0,407354.0,1320295.82,1727649.82,-20.95957446808511,741.936170212766,84.18085106382979,0.8914893617021277,1.3,194.0,2.0,5.9
2021-12-24,2021-12-24,40.0,485130.12,2440153.12,2925283.24,-22.33255813953488,746.8604651162791,83.0,1.044186046511628,1.8,176.5,2.0,3.8
2021-12-25,2021-12-25,7.0,56890.0,30378.59,87268.59,-17.875,748.9545454545455,84.95454545454545,2.0090909090909093,4.9,758.5,2.0,5.9
2021-12-26,2021-12-26,7.0,109600.0,199308.53,308908.53,-9.738095238095235,740.7142857142857,90.01190476190476,2.0261904761904765,5.4,280.0,2.0,27.2
2021-12-27,2021-12-27,28.0,174027.6,1404458.36,1578485.96,-13.332608695652173,740.5652173913044,88.30434782608695,0.976086956521739,2.2,182.0,2.0,8.700000000000001
2021-12-28,2021-12-28,13.0,189315.0,180214.56,369529.56,-16.175,748.7045454545455,86.86363636363636,0.7318181818181819,1.0,872.5,2.0,0.7
2021-12-29,2021-12-29,17.0,554990.0,1651775.77,2206765.77,-16.325,756.2954545454545,87.51136363636364,0.9681818181818184,1.8,878.0,2.0,0.0
2021-12-30,2021-12-30,7.0,58920.0,132053.84,190973.84,-17.358695652173914,757.3695652173913,87.27173913043478,0.8065217391304348,1.3,208.0,2.0,8.200000000000001
2021-12-31,2021-12-31,6.0,74065.0,198343.4,272408.4,-11.208695652173914,749.9130434782609,90.0,0.8739130434782609,1.3,157.0,2.0,37.3
2022-01-01,2022-01-01,4.333333333333333,50676.66666666667,159585.04249999998,182905.60000000003,-8.093181818181819,739.8863636363636,91.5909090909091,1.175,2.2,96.5,2.0,35.1
2022-01-02,2022-01-02,2.6666666666666665,27288.333333333336,120826.685,93402.80000000002,-5.161363636363636,732.3295454545455,93.26136363636364,0.9931818181818184,2.7,106.0,2.0,42.0
2022-01-03,2022-01-03,1.0,3900.0,82068.3275,3900.0,-10.626666666666669,732.8444444444444,88.57777777777778,1.1488888888888888,3.6,399.0,2.0,7.1
2022-01-04,2022-01-04,9.0,154320.0,43309.97,197629.97,-14.702380952380953,735.7142857142857,87.46428571428571,0.9333333333333332,2.2,467.0,2.0,0.0
2022-01-05,2022-01-05,13.0,132925.0,162508.14,295433.14,-21.181578947368426,744.4868421052631,87.14473684210526,1.0078947368421052,1.6,685.0,3.0,0.0
2022-01-06,2022-01-06,11.0,127065.0,111324.55,238389.55,-18.3,741.5217391304348,86.76086956521739,1.2434782608695654,2.7,210.0,3.0,19.1
2022-01-07,2022-01-07,3.0,91500.0,91681.65,183181.65,-7.088888888888889,734.3444444444444,93.17777777777778,0.9777777777777776,1.3,98.0,3.0,16.2
2022-01-08,2022-01-08,4.0,65200.0,4189.73,69389.73,-7.927659574468084,740.2553191489362,91.04255319148936,1.5297872340425531,3.1,184.0,3.0,14.1
2022-01-09,2022-01-09,3.0,23540.0,12108.49,35648.49,-12.969767441860466,755.7558139534884,87.95348837209302,0.9534883720930232,2.0,635.0,3.0,0.0
2022-01-10,2022-01-10,10.0,59080.0,186656.54,245736.54,-11.728888888888887,754.3444444444444,84.4888888888889,1.04,2.2,187.5,3.0,0.0
2022-01-11,2022-01-11,7.0,73030.0,34062.1,107092.1,-12.62439024390244,752.109756097561,85.84146341463415,1.048780487804878,1.8,197.0,3.0,0.0
2022-01-12,2022-01-12,9.0,174260.0,212769.81,387029.81,-14.2925,756.2625,86.025,0.9575,1.8,1167.0,3.0,0.0
2022-01-13,2022-01-13,15.0,129372.5,119504.4,248876.9,-12.41904761904762,748.202380952381,88.36904761904762,1.3976190476190478,2.7,267.5,3.0,18.2
2022-01-14,2022-01-14,1.0,86918.75,143598.5,230517.25,-8.835,726.25,90.6,2.185,4.0,145.5,3.0,31.6
2022-01-15,2022-01-15,8.0,44465.0,167692.6,212157.6,-12.039583333333333,718.7916666666666,89.08333333333333,1.2479166666666666,2.2,258.0,3.0,33.0
2022-01-16,2022-01-16,3.0,24300.0,487.05,24787.05,-11.977083333333333,726.4166666666666,89.10416666666667,0.9541666666666668,1.8,296.0,3.0,12.3
2022-01-17,2022-01-17,17.0,241700.0,226259.42,467959.42,-7.868749999999999,734.0,89.85416666666667,1.45625,3.1,272.0,3.0,9.2
2022-01-18,2022-01-18,7.0,93675.0,106776.56,200451.56,-4.870833333333334,737.9375,91.0,1.5291666666666668,2.7,154.0,3.0,21.1
2022-01-19,2022-01-19,10.0,56303.0,81790.77,138093.77,-2.265217391304348,743.6086956521739,93.02173913043478,1.4630434782608694,2.2,160.0,3.0,28.8
2022-01-20,2022-01-20,3.0,9150.0,180561.77999999997,9150.0,-5.459574468085106,746.1914893617021,91.53191489361704,1.4021276595744685,2.7,162.0,3.0,21.8
2022-01-21,2022-01-21,13.0,136265.0,279332.79,415597.79,-7.826666666666666,748.7777777777778,89.84444444444445,1.3444444444444446,2.2,493.5,3.0,0.0
2022-01-22,2022-01-22,4.0,15850.0,29366.15,45216.15,-10.488636363636363,753.2613636363636,89.30681818181819,1.1886363636363635,2.7,466.0,3.0,0.0
2022-01-23,2022-01-23,7.0,137462.0,133646.63,271108.63,-8.5,758.1086956521739,86.34782608695652,0.9260869565217392,1.8,289.0,3.0,10.4
2022-01-24,2022-01-24,6.0,41245.0,42312.39,83557.39,-9.171739130434784,760.6739130434783,90.46739130434784,0.917391304347826,1.0,849.0,3.0,11.0
2022-01-25,2022-01-25,14.0,349280.0,288976.8,638256.8,-12.228888888888887,755.8666666666667,90.22222222222224,0.8733333333333333,1.0,1783.5,3.0,0.0
2022-01-26,2022-01-26,12.0,58562.18,102177.43,160739.61,-15.181818181818182,749.3636363636364,88.0,0.95,1.3,578.5,3.0,8.3
2022-01-27,2022-01-27,9.0,29660.0,15708.28,45368.28,-13.228260869565217,748.0652173913044,88.06521739130434,0.8782608695652173,1.3,411.5,3.0,17.9
2022-01-28,2022-01-28,35.0,373722.8,1289601.74,1663324.54,-12.995744680851065,750.063829787234,88.55319148936171,0.8617021276595744,1.3,387.0,3.0,8.8
2022-01-29,2022-01-29,15.0,226510.76,204016.59,430527.35,-12.988095238095235,746.6428571428571,87.36904761904762,0.980952380952381,2.2,694.5,3.0,0.0
2022-01-30,2022-01-30,7.0,57470.0,14946.24,72416.24,-13.782222222222224,742.2,88.6,0.9911111111111112,2.2,417.5,3.0,13.4
2022-01-31,2022-01-31,94.0,858989.5,3453510.0,4312499.5,-8.64468085106383,742.9148936170212,90.08510638297872,0.946808510638298,2.2,723.5,3.0,9.3
2022-02-01,2022-02-01,9.0,45140.0,33912.1,79052.1,-2.9478260869565216,741.7391304347826,93.28260869565216,2.2347826086956526,4.5,212.5,3.0,30.2
2022-02-02,2022-02-02,11.0,54980.0,35335.21,90315.21,-2.474418604651163,743.8372093023256,90.93023255813954,1.302325581395349,2.2,322.0,3.0,23.8
2022-02-03,2022-02-03,4.0,33750.0,73072.36,106822.36,-2.702439024390244,745.6585365853658,94.40243902439023,0.8951219512195122,1.0,203.0,3.0,26.3
2022-02-04,2022-02-04,9.0,52710.0,71083.35,123793.35,-4.227906976744186,744.2558139534884,92.76744186046513,1.3093023255813954,2.2,205.5,3.0,25.9
2022-02-05,2022-02-05,6.0,47820.0,64404.39,112224.39,-2.9217391304347826,741.195652173913,92.27173913043478,0.9086956521739132,2.2,352.0,3.0,0.6
2022-02-06,2022-02-06,9.0,203905.0,321344.71,525249.71,-5.793478260869565,741.0869565217391,89.84782608695652,1.0717391304347827,1.8,689.5,3.0,4.4
2022-02-07,2022-02-07,4.0,20565.0,36274.02,56839.02,-8.34,742.9333333333333,90.74444444444444,0.951111111111111,1.0,408.0,3.0,9.9
2022-02-08,2022-02-08,1.0,758400.0,5440983.01,6199383.01,-8.95111111111111,747.1777777777778,90.86666666666666,0.9755555555555556,1.0,517.0,3.0,10.6
2022-02-09,2022-02-09,8.0,81775.0,68592.57,150367.57,-7.942857142857143,747.8214285714286,91.79761904761904,1.842857142857143,3.1,376.0,3.0,30.1
2022-02-10,2022-02-10,5.0,31140.0,57371.94,88511.94,-5.261702127659574,748.1063829787234,92.19148936170212,2.706382978723404,4.0,324.0,3.0,36.8
2022-02-11,2022-02-11,21.0,170683.0,454669.96,625352.96,-6.7,741.4222222222222,91.46666666666668,1.1755555555555557,2.7,471.0,3.0,29.1
2022-02-12,2022-02-12,11.0,77935.0,116849.68,194784.68,-3.382608695652174,740.9130434782609,93.72826086956522,0.8304347826086957,1.0,496.0,3.0,7.2
2022-02-13,2022-02-13,9.0,84470.0,28474.58,112944.58,-4.579545454545454,743.2954545454545,90.88636363636364,1.0431818181818182,2.3,721.0,3.0,7.2
2022-02-14,2022-02-14,13.0,67333.0,107500.55,174833.55,-7.859999999999999,749.2444444444444,86.81111111111112,0.8866666666666666,1.8,776.0,4.0,8.8
2022-02-15,2022-02-15,16.0,137525.0,158469.79,295994.79,-5.9511627906976745,748.3604651162791,89.68604651162791,0.8697674418604651,1.8,530.5,4.0,6.800000000000001
2022-02-16,2022-02-16,43.0,269361.0,1364078.71,1633439.71,-5.45609756097561,750.0,87.7439024390244,0.9853658536585366,2.2,1366.5,4.0,0.7
2022-02-17,2022-02-17,39.0,336870.0,1179081.47,1515951.47,-7.973809523809523,748.3571428571429,83.63095238095238,1.180952380952381,2.7,945.5,4.0,2.4000000000000004
2022-02-18,2022-02-18,11.0,72064.0,127271.52,199335.52,-6.533333333333333,746.0,83.1,1.9644444444444449,3.6,3019.5,4.0,0.8
2022-02-19,2022-02-19,10.0,225080.0,355955.99,581035.99,-4.877777777777778,744.4,85.95555555555555,1.928888888888889,3.1,656.5,4.0,16.0
2022-02-20,2022-02-20,3.0,23850.0,5094.82,28944.82,-2.5904761904761906,736.8690476190476,93.52380952380952,1.7000000000000002,2.7,317.5,4.0,15.8
2022-02-21,2022-02-21,13.0,99935.0,50432.42,150367.42,-1.0847826086956522,737.0217391304348,83.8804347826087,1.115217391304348,2.7,886.0,4.0,9.7
2022-02-22,2022-02-22,7.0,20615.0,12647.6,33262.6,-2.4095238095238094,740.1428571428571,89.91666666666667,1.3571428571428572,3.1,700.0,4.0,19.7
2022-02-23,2022-02-23,8.0,64665.0,106446.29,171111.29,0.9,739.6511627906976,95.19767441860463,1.0534883720930233,2.2,376.0,4.0,0.0
2022-02-24,2022-02-24,22.0,107038.0,43154.13,150192.13,0.772093023255814,748.5116279069767,94.83720930232558,3.0093023255813955,4.9,392.0,4.0,2.7
2022-02-25,2022-02-25,61.0,308145.6,1653466.72,1961612.32,-3.044186046511628,757.4418604651163,92.81395348837208,2.944186046511628,4.9,2017.5,4.0,0.0
2022-02-26,2022-02-26,16.0,274605.0,253393.92,527998.92,-3.6869565217391305,756.7391304347826,91.6086956521739,4.404347826086957,5.8,735.0,4.0,13.3
2022-02-27,2022-02-27,11.0,182730.0,82484.11,265214.11,-1.024390243902439,756.8048780487804,98.53658536585364,1.7073170731707317,3.6,422.5,4.0,33.5
2022-02-28,2022-02-28,15.0,481306.4,4255970.37,4737276.77,-2.075,759.9545454545455,94.0568181818182,2.3659090909090907,4.4,3295.0,4.0,0.0
2022-03-01,2022-03-01,8.0,61802.0,137375.67,199177.67,-2.8545454545454545,757.75,92.52272727272728,2.3454545454545457,5.2,2802.5,5.0,0.0
2022-03-02,2022-03-02,10.0,97715.0,59676.09,157391.09,-4.611627906976745,756.1162790697674,93.02325581395348,3.225581395348837,4.9,3970.0,5.0,0.0
2022-03-03,2022-03-03,10.0,108653.32,133872.93,242526.25,-7.895652173913043,749.4130434782609,95.7391304347826,3.1282608695652177,4.6,777.0,5.0,0.0
2022-03-04,2022-03-04,9.0,159500.0,314335.08,473835.08,-8.127906976744185,745.4767441860465,94.22093023255816,1.5279069767441862,2.4,699.5,5.0,0.0
2022-03-05,2022-03-05,6.0,97250.0,255952.27,353202.27,-6.0023255813953496,737.2558139534884,90.51162790697674,6.0,9.5,829.0,5.0,0.0
2022-03-06,2022-03-06,3.0,14350.0,345.49,14695.49,-10.272093023255811,738.5116279069767,88.5813953488372,5.741860465116279,8.7,1024.0,5.0,0.0
2022-03-07,2022-03-07,10.0,113550.0,148834.33,262384.33,-13.730952380952385,744.5357142857143,91.26190476190476,1.261904761904762,2.2,1218.5,5.0,0.0
2022-03-08,2022-03-08,4.0,14650.0,6844.07,21494.07,-15.48,752.675,91.5,2.095,3.0,3785.0,5.0,0.0
2022-03-09,2022-03-09,10.0,86045.0,178756.23,264801.23,-14.571428571428571,756.2619047619048,89.14285714285714,4.140476190476191,5.7,4653.0,5.0,0.0
2022-03-10,2022-03-10,6.0,40660.0,151514.11,192174.11,-13.6,760.4418604651163,90.3953488372093,4.223255813953489,5.9,3153.5,5.0,0.0
2022-03-11,2022-03-11,5.0,45455.0,112922.29,158377.29,-12.002222222222224,759.1777777777778,92.8,3.457777777777778,5.0,2371.0,5.0,0.0
2022-03-12,2022-03-12,5.0,43100.0,195730.4,238830.4,-12.075675675675676,755.1891891891892,91.64864864864865,1.454054054054054,2.2,2599.5,5.0,0.0
2022-03-13,2022-03-13,7.0,25640.0,7298.4,32938.4,-12.52857142857143,752.0952380952381,94.1547619047619,2.880952380952381,4.7,1044.5,5.0,0.0
2022-03-14,2022-03-14,6.0,60020.0,135120.55,195140.55,-8.032608695652174,752.0652173913044,93.3913043478261,3.308695652173913,5.2,1316.0,5.0,0.0
2022-03-15,2022-03-15,9.0,62435.0,171584.41,234019.41,-9.297674418604652,760.3023255813954,89.65116279069767,4.0813953488372094,6.3,2211.0,5.0,0.0
2022-03-16,2022-03-16,11.0,138240.0,73069.16,211309.16,-8.9175,764.85,89.0375,3.64,5.1,3548.0,5.0,0.0
2022-03-17,2022-03-17,19.0,165304.0,441609.93,606913.93,-7.384090909090909,764.3409090909091,91.1818181818182,2.309090909090909,4.3,6657.0,6.0,0.0
2022-03-18,2022-03-18,15.0,150552.0,647328.48,797880.48,-2.6069767441860465,764.6279069767442,90.65116279069768,1.7069767441860466,2.6,7418.0,6.0,0.0
2022-03-19,2022-03-19,3.0,37740.0,518.4,38258.4,-0.7911111111111111,763.2444444444444,65.13333333333334,3.2333333333333334,5.0,6448.5,4.0,0.0
2022-03-20,2022-03-20,5.0,57715.0,150226.78,207941.78,0.6577777777777778,752.5111111111111,66.9888888888889,4.908888888888889,6.6,6660.0,4.0,0.0
2022-03-21,2022-03-21,9.0,189821.0,252085.3,441906.3,0.2589743589743589,748.2307692307693,63.88461538461539,7.017948717948718,8.2,7020.5,4.0,0.0
2022-03-22,2022-03-22,24.0,220813.0,1099477.28,1320290.28,0.2571428571428572,753.0119047619048,62.21428571428572,5.197619047619048,7.3,7357.5,4.0,0.0
2022-03-23,2022-03-23,11.0,62180.0,218927.01,281107.01,3.0860465116279068,750.9767441860465,59.65116279069768,5.2372093023255815,6.6,5118.5,4.0,0.0
2022-03-24,2022-03-24,11.0,61532.5,361041.86,422574.36,3.760975609756098,748.4268292682926,61.5,4.646341463414634,6.8,1519.5,1.0,0.0
2022-03-25,2022-03-25,26.0,322823.0,1107804.14,1430627.14,-0.3428571428571428,749.3809523809524,62.88095238095238,5.071428571428571,8.0,6122.5,4.0,0.0
2022-03-26,2022-03-26,5.0,89009.0,186440.71,275449.71,-3.1727272727272724,744.25,71.05681818181819,5.829545454545454,9.6,1779.0,1.0,3.0
2022-03-27,2022-03-27,4.0,44560.0,73863.2,118423.2,-0.6488372093023256,730.4186046511628,91.88372093023256,6.776744186046511,9.8,854.0,1.0,10.2
2022-03-28,2022-03-28,13.0,294930.0,1039146.95,1334076.95,-4.709090909090909,735.25,83.20454545454545,4.3954545454545455,5.5,1720.0,1.0,0.0
2022-03-29,2022-03-29,13.0,145709.0,271605.71,417314.71,-6.031818181818181,733.3863636363636,86.23863636363636,4.327272727272727,7.3,1673.0,2.0,0.2
2022-03-30,2022-03-30,13.0,109216.0,311344.11,420560.11,-4.465116279069767,739.3372093023256,85.16279069767442,3.5627906976744184,6.1,1791.5,2.0,0.1
2022-03-31,2022-03-31,21.0,337309.5,643928.24,981237.74,-3.5217391304347827,749.6304347826087,71.18478260869566,1.923913043478261,2.4,1982.0,1.0,0.3
2022-04-01,2022-04-01,7.0,104287.5,169117.04,273404.54,-1.0363636363636362,749.3636363636364,71.5340909090909,2.536363636363636,3.3,1633.0,1.0,1.7
2022-04-02,2022-04-02,9.0,100057.5,213043.02,313100.52,-0.1622222222222222,744.6444444444444,82.82222222222222,5.131111111111111,6.3,1600.5,1.0,5.9
2022-04-03,2022-04-03,9.0,94262.5,163215.71,257478.21,4.243181818181818,734.8977272727273,90.14772727272728,6.056818181818182,7.9,1252.0,1.0,12.2
2022-04-04,2022-04-04,11.0,133240.0,139772.2,273012.2,2.819565217391304,734.4565217391304,83.52173913043478,4.913043478260869,10.5,2827.5,2.0,0.8
2022-04-05,2022-04-05,4.0,43603.0,263601.75,307204.75,-0.7318181818181819,739.1136363636364,79.80681818181819,5.859090909090909,10.2,1853.0,1.0,2.0
2022-04-06,2022-04-06,13.0,234242.0,881724.69,1115966.69,0.7318181818181817,745.0,76.97727272727273,5.5613636363636365,7.8,1902.0,1.0,0.5
2022-04-07,2022-04-07,16.0,159994.0,408990.89,568984.89,1.9023255813953488,744.5697674418604,90.45348837209302,5.304651162790697,8.0,6784.5,5.0,0.0
2022-04-08,2022-04-08,27.0,324025.5,1517190.18,1841215.68,1.7813953488372092,748.3720930232558,97.97674418604652,3.395348837209302,6.5,988.0,1.0,0.8
2022-04-09,2022-04-09,3.0,24790.0,3996.95,28786.95,7.060975609756097,750.3170731707318,100.0,3.165853658536585,4.6,990.5,2.0,0.2
2022-04-10,2022-04-10,8.0,293880.0,16754.41,310634.41,6.651111111111112,750.8,99.66666666666669,3.1333333333333333,4.8,894.5,2.0,0.1
2022-04-11,2022-04-11,9.0,79477.5,122302.89,201780.39,9.073170731707316,752.0,99.65853658536584,1.5609756097560976,3.2,1794.5,2.0,0.0
2022-04-12,2022-04-12,20.0,176449.5,333574.51,510024.01,9.248936170212763,750.9638297872341,93.41489361702128,2.825531914893617,4.8,10465.5,5.0,0.0
2022-04-13,2022-04-13,12.0,212370.0,84918.45,297288.45,8.420833333333333,748.8333333333334,94.94791666666669,1.90625,3.6,4637.0,2.0,0.0
2022-04-14,2022-04-14,11.0,129773.0,375229.52,505002.52,8.306382978723404,746.3085106382979,94.72978723404256,3.097872340425532,6.9,3931.4,3.0,0.6000000000000001
2022-04-15,2022-04-15,1.0,100369.5,236597.075,336966.575,5.62127659574468,741.3297872340426,92.6063829787234,3.8659574468085114,7.4,1923.9,2.0,0.3
2022-04-16,2022-04-16,10.0,70966.0,97964.63,168930.63,0.0083333333333333,748.9166666666666,79.01041666666667,4.264583333333333,6.1,2579.0,2.0,0.0
2022-04-17,2022-04-17,1.0,43500.0,43.2,43543.2,-0.2234042553191489,753.468085106383,91.80851063829788,3.9574468085106393,5.3,1309.5,2.0,4.0
2022-04-18,2022-04-18,11.0,106870.0,99229.34,206099.34,0.9553191489361702,751.5531914893617,99.44680851063828,3.3,5.7,1165.5,2.0,0.7
2022-04-19,2022-04-19,11.0,95002.5,108291.77,203294.27,3.4000000000000004,753.936170212766,97.08510638297872,1.6361702127659576,3.2,1200.5,2.0,0.4
2022-04-20,2022-04-20,13.0,310045.0,134546.9,444591.9,6.954166666666667,751.5833333333334,82.10416666666667,3.0270833333333336,4.3,7399.5,4.0,0.0
2022-04-21,2022-04-21,6.0,31060.0,320.4,31380.4,4.736170212765957,754.5148936170212,68.98297872340426,4.731914893617021,6.5,12142.5,6.0,0.0
2022-04-22,2022-04-22,10.0,110265.0,297325.96,407590.96,3.593617021276596,755.0,63.0,3.0170212765957447,4.1,11590.5,6.0,0.0
2022-04-23,2022-04-23,2.0,12660.0,4992.4,17652.4,7.363829787234043,751.7659574468086,63.12765957446808,2.3,3.0,11467.5,6.0,0.0
2022-04-24,2022-04-24,6.0,98006.0,34158.46,132164.46,9.695833333333333,750.2916666666666,66.90208333333334,2.502083333333333,4.7,8257.3,4.0,0.0
2022-04-25,2022-04-25,15.0,232641.0,1161175.84,1393816.84,11.297826086956524,748.5108695652174,79.3695652173913,2.995652173913044,5.8,3012.3,2.0,0.4
2022-04-26,2022-04-26,5.0,30100.0,10413.85,40513.85,14.875,746.2916666666666,77.77083333333333,5.858333333333333,8.7,2576.3,2.0,0.3
2022-04-27,2022-04-27,9.0,112480.0,200286.83,312766.83,15.342553191489362,743.2659574468086,80.90425531914893,4.997872340425532,7.7,10902.0,4.0,0.3999999999999999
2022-04-28,2022-04-28,14.0,412650.0,648777.76,1061427.76,6.997916666666666,746.8333333333334,83.0,5.6625000000000005,7.9,2498.5,2.0,0.0
2022-04-29,2022-04-29,7.0,79260.0,165034.5,244294.5,2.704255319148936,755.6595744680851,53.8936170212766,2.782978723404256,3.8,6689.0,4.0,0.0
2022-04-30,2022-04-30,13.0,236897.5,170661.52,407559.02,5.439583333333334,753.03125,50.083333333333336,2.8395833333333336,4.2,8006.5,6.0,0.0
2022-05-01,2022-05-01,7.0,41170.0,284.4,41454.4,4.133333333333334,750.375,52.583333333333336,4.495833333333334,6.9,2329.6,2.0,0.0
2022-05-02,2022-05-02,5.0,82705.0,113589.92,196294.92,5.997916666666666,749.7916666666666,66.28958333333334,4.8812500000000005,8.6,4922.9,3.0,0.0
2022-05-03,2022-05-03,3.0,30490.0,53749.0,84239.0,10.466666666666669,747.7604166666666,65.42708333333333,5.252083333333333,8.0,7749.5,3.0,0.0
2022-05-04,2022-05-04,9.0,210854.0,151533.18,362387.18,10.493617021276595,742.2021276595744,72.44680851063829,5.848936170212766,9.8,3468.2,2.0,0.2
2022-05-05,2022-05-05,10.0,94827.5,109863.66,204691.16,4.634042553191489,744.8617021276596,88.38297872340425,3.987234042553192,8.6,1542.2,2.0,0.2
2022-05-06,2022-05-06,14.0,202192.5,235368.61,437561.11,4.7625,755.8291666666668,64.37083333333334,4.89375,6.7,6908.3,5.0,0.0
2022-05-07,2022-05-07,5.0,33890.0,13620.35,47510.35,10.479166666666666,759.125,67.85416666666667,3.704166666666667,5.4,10361.2,6.0,0.0
2022-05-08,2022-05-08,2.0,10350.0,2948.53,13298.53,12.940425531914894,757.3936170212766,56.5,3.4659574468085106,5.5,12820.3,6.0,0.0
2022-05-09,2022-05-09,1.0,4200.0,390.0,4590.0,15.1,750.7395833333334,50.44791666666666,3.4145833333333333,5.1,14115.3,7.0,0.0
2022-05-10,2022-05-10,6.0,207936.0,400142.8,608078.8,13.639583333333334,741.4166666666666,70.78125,5.797916666666667,9.2,2802.0,2.0,0.5
2022-05-11,2022-05-11,7.0,151857.5,53600.36,205457.86,9.935416666666669,741.5729166666666,88.70833333333333,4.5625,7.9,2674.0,2.0,0.0
2022-05-12,2022-05-12,20.0,121277.5,273375.76,394653.26,9.68125,744.49375,72.58125,4.7625,7.0,8413.6,5.0,0.0
2022-05-13,2022-05-13,10.0,62028.0,33779.18,95807.18,9.3875,737.875,74.5,3.31875,5.8,7346.2,3.0,0.1
2022-05-14,2022-05-14,4.0,13670.0,55154.06,13670.0,12.045833333333334,737.4333333333334,73.14999999999999,4.783333333333333,7.3,9646.7,4.0,0.0
2022-05-15,2022-05-15,4.0,116410.0,76528.94,192938.94,13.245833333333332,737.8333333333334,70.75,4.008333333333334,6.5,10893.5,7.0,0.0
2022-05-16,2022-05-16,18.0,151598.5,306107.49,457705.99,10.51063829787234,735.8510638297872,90.37234042553192,2.493617021276596,6.0,1601.0,2.0,1.5
2022-05-17,2022-05-17,5.0,42245.0,80718.78,122963.78,11.135416666666666,736.7083333333334,78.89999999999999,3.3208333333333333,5.9,5001.3,4.0,0.8
2022-05-18,2022-05-18,9.0,74147.5,59688.83,133836.33,9.004166666666666,737.5416666666666,85.51041666666667,4.302083333333333,5.2,5201.8,3.0,0.7000000000000001
2022-05-19,2022-05-19,9.0,134101.5,279778.8,413880.3,6.379166666666666,741.375,78.05208333333333,3.9,5.2,3839.7,3.0,0.0
2022-05-20,2022-05-20,15.0,136596.0,402344.6,538940.6,5.485416666666667,743.0833333333334,75.25,2.339583333333333,4.7,5881.5,3.5,0.0
2022-05-21,2022-05-21,12.0,150875.0,206283.37,357158.37,5.887234042553192,739.8829787234042,77.37659574468084,4.882978723404255,5.8,3548.3,2.0,0.0
2022-05-22,2022-05-22,7.0,107560.0,118523.48,226083.48,4.4625,736.7604166666666,78.54791666666667,4.2,5.3,3257.3,2.0,0.1
2022-05-23,2022-05-23,5.0,19463.0,98112.74,117575.74,5.651063829787234,736.063829787234,71.2872340425532,3.2702127659574467,4.4,5273.8,3.0,0.0
2022-05-24,2022-05-24,10.0,90289.0,160646.45,250935.45,8.660416666666666,740.9583333333334,73.63541666666667,3.685416666666667,5.7,6392.5,4.0,0.1
2022-05-25,2022-05-25,10.0,85160.0,60832.4,145992.4,10.45625,742.0833333333334,78.90625,2.864583333333333,6.1,4371.2,5.0,0.1
2022-05-26,2022-05-26,10.0,183308.0,428794.66,612102.66,9.427083333333334,745.6770833333334,75.4375,4.289583333333334,6.5,7103.7,4.0,0.1
2022-05-27,2022-05-27,9.0,83045.0,7594.8,90639.8,12.8375,741.9791666666666,80.65625,5.414583333333333,8.8,5950.0,3.0,0.3
2022-05-28,2022-05-28,6.0,103390.0,115254.03,218644.03,11.43125,739.875,92.125,4.852083333333334,6.7,2535.0,2.0,0.5
2022-05-29,2022-05-29,1.0,4740.0,425410.49,4740.0,12.979166666666666,744.6875,79.55208333333333,6.18125,8.7,9524.5,7.0,0.0
2022-05-30,2022-05-30,15.0,290759.0,735566.95,1026325.95,13.525,749.2916666666666,75.3125,5.110416666666667,7.9,12584.5,7.0,0.3
2022-05-31,2022-05-31,23.0,201390.0,153765.17,355155.17,14.47608695652174,752.2282608695652,78.82608695652173,3.715217391304348,5.4,13599.5,7.0,0.0
2022-06-01,2022-06-01,9.0,54867.0,79665.0,134532.0,18.47021276595745,755.0212765957447,61.61702127659574,2.08936170212766,3.1,16070.8,8.0,0.0
2022-06-02,2022-06-02,5.0,30409.0,163289.77,193698.77,20.5375,754.78125,67.5,3.06875,6.2,13692.5,5.5,0.0
2022-06-03,2022-06-03,13.0,98875.0,71126.81,170001.81,19.65531914893617,751.7765957446809,78.12765957446808,2.2,3.4,13027.0,8.0,0.0
2022-06-04,2022-06-04,9.0,88850.0,99533.56,188383.56,15.81875,747.9645833333334,94.57916666666668,3.38125,6.0,6950.5,3.0,1.1
2022-06-05,2022-06-05,11.0,155690.0,57571.35,213261.35,16.508333333333333,746.75,79.63541666666667,1.9416666666666669,3.8,9089.8,8.0,0.0
2022-06-06,2022-06-06,6.0,33450.0,3235.2,36685.2,15.81063829787234,744.0,74.23404255319149,1.6340425531914893,3.0,8442.7,8.0,0.9
2022-06-07,2022-06-07,17.0,112175.0,211677.67,323852.67,12.241666666666667,734.28125,94.40625,6.395833333333333,9.2,7094.2,4.0,3.0
2022-06-08,2022-06-08,8.0,57690.0,67227.89,124917.89,12.377083333333331,734.0104166666666,94.11458333333331,6.239583333333333,7.5,14545.0,8.0,1.1
2022-06-09,2022-06-09,16.0,112342.1,257272.32,369614.42,13.13125,740.5833333333334,84.05208333333333,4.704166666666667,7.3,15274.2,8.0,0.8
2022-06-10,2022-06-10,12.0,52355.0,93501.65,145856.65,17.639583333333334,741.53125,78.23958333333333,3.3979166666666667,5.3,11184.0,7.0,0.0
2022-06-11,2022-06-11,5.0,51180.0,30788.4,81968.4,14.695833333333333,742.0416666666666,81.29166666666667,6.408333333333334,8.0,10563.7,4.0,0.0
2022-06-12,2022-06-12,3.0,12690.0,9011.62,21701.62,8.485416666666667,744.7604166666666,83.6875,4.75,5.8,13065.5,7.0,0.0
2022-06-13,2022-06-13,2.0,14850.0,2459.0,17309.0,15.516666666666666,746.15625,68.32291666666667,3.3041666666666667,4.5,16504.2,8.0,0.0
2022-06-14,2022-06-14,5.0,50484.0,188365.6,238849.6,17.935416666666665,747.7395833333334,68.1875,2.40625,3.3,16402.4,8.0,0.0
2022-06-15,2022-06-15,13.0,193592.5,436977.06,630569.56,21.367391304347827,747.6630434782609,75.3913043478261,2.760869565217391,4.0,16656.5,8.0,0.0
2022-06-16,2022-06-16,12.0,99360.2,109708.99,209069.19,20.872340425531917,746.0851063829788,82.11063829787234,3.521276595744681,4.8,12769.9,6.0,0.2
2022-06-17,2022-06-17,5.0,28965.0,163884.65,192849.65,17.545833333333334,745.0833333333334,84.52083333333333,2.8875,4.9,10155.5,7.0,0.2
2022-06-18,2022-06-18,3.0,70200.0,83629.6,153829.6,18.11875,744.4583333333334,76.89583333333333,2.6354166666666665,5.1,15812.2,7.0,0.0
2022-06-19,2022-06-19,15.0,291859.0,255481.19,547340.19,16.561702127659576,743.063829787234,78.81914893617021,3.2531914893617024,5.1,15053.2,8.0,0.1
2022-06-20,2022-06-20,11.0,79707.5,210287.71,289995.21,13.827083333333334,735.1354166666666,89.0,5.316666666666666,7.8,11529.5,8.0,0.7000000000000001
2022-06-21,2022-06-21,12.0,107665.0,272632.06,380297.06,14.157446808510638,733.9042553191489,83.7872340425532,6.636170212765957,8.4,16183.0,6.0,0.1
2022-06-22,2022-06-22,14.0,207137.0,386027.15,593164.15,17.822916666666668,737.6458333333334,73.0,3.395833333333333,4.9,12792.7,8.0,0.0
2022-06-23,2022-06-23,12.0,143089.0,448697.11,591786.11,16.57916666666667,743.0375,83.22291666666666,2.733333333333333,5.0,10950.5,6.0,0.3
2022-06-24,2022-06-24,11.0,82992.0,126404.22,209396.22,17.876595744680852,745.9148936170212,71.02127659574468,1.870212765957447,2.8,14522.0,8.0,0.0
2022-06-25,2022-06-25,5.0,114310.0,267337.08,381647.08,18.06875,744.4583333333334,74.23958333333333,4.310416666666667,7.5,13596.5,6.0,0.0
2022-06-26,2022-06-26,2.0,7950.0,267107.15,7950.0,14.75,747.4375,66.90625,4.770833333333333,7.3,15268.0,7.0,0.0
2022-06-27,2022-06-27,13.0,239433.0,266877.22,506310.22,16.304166666666667,746.84375,79.05208333333333,4.83125,7.5,12464.5,8.0,0.4
2022-06-28,2022-06-28,6.0,16960.0,44946.52,61906.52,10.425,748.4166666666666,69.66666666666667,5.004166666666666,6.8,14016.0,8.0,0.0
2022-06-29,2022-06-29,10.0,37815.5,143662.72,181478.22,13.510416666666666,748.1041666666666,64.73958333333333,4.39375,5.5,16488.0,8.0,0.0
2022-06-30,2022-06-30,27.0,285372.0,664460.18,949832.18,12.736170212765956,744.1702127659574,74.37234042553192,3.693617021276596,6.7,9654.7,5.0,1.2
2022-07-01,2022-07-01,6.0,8740.0,39535.0,48275.0,14.457777777777778,747.2222222222222,81.18888888888888,4.191111111111111,5.9,12807.5,7.0,0.0
2022-07-02,2022-07-02,5.0,32972.5,28085.63,61058.13,17.591666666666665,748.1354166666666,67.5,1.93125,2.9,13225.0,8.0,0.0
2022-07-03,2022-07-03,7.0,231195.0,316374.42,547569.42,17.04375,745.375,73.58333333333333,3.639583333333333,6.1,14321.0,7.5,0.2
2022-07-04,2022-07-04,12.0,272142.0,276641.3,548783.3,14.025,746.34375,74.73333333333333,5.304166666666666,8.2,15120.5,7.0,0.0
2022-07-05,2022-07-05,6.0,97948.0,102702.19,200650.19,16.360416666666666,748.75,65.88541666666667,3.154166666666667,4.1,13064.6,7.0,0.0
2022-07-06,2022-07-06,7.0,68275.0,104054.96,172329.96,21.091666666666665,746.9791666666666,67.21249999999999,3.845833333333333,5.1,16379.0,8.0,0.0
2022-07-07,2022-07-07,9.0,65143.0,181663.36,246806.36,21.93125,749.7916666666666,77.09375,2.0375,3.2,15324.5,8.0,0.0
2022-07-08,2022-07-08,12.0,161143.0,414797.84,575940.84,23.25,750.7083333333334,75.66666666666667,2.35,3.6,16180.0,8.0,0.0
2022-07-09,2022-07-09,6.0,82215.0,41302.73,123517.73,20.88958333333333,749.4166666666666,76.09375,2.1395833333333334,3.7,12207.5,8.0,0.3
2022-07-10,2022-07-10,1.0,1800.0,131004.70499999999,1800.0,23.172916666666666,749.875,69.3125,2.0083333333333333,3.0,16335.0,7.0,0.0
2022-07-11,2022-07-11,27.0,393818.0,220706.68,614524.68,25.217021276595744,752.6489361702128,71.93191489361702,2.595744680851064,3.8,14455.5,7.0,0.1
2022-07-12,2022-07-12,8.0,91895.0,159470.68,251365.68,25.58478260869565,753.6782608695652,75.67391304347827,3.3978260869565218,5.0,15262.5,7.0,0.0
2022-07-13,2022-07-13,2.0,99248.0,78843.08,178091.08,24.95,751.71875,73.3125,2.3125,3.4,15657.5,7.0,0.0
2022-07-14,2022-07-14,12.0,162030.0,206696.67,368726.67,22.98958333333333,746.8958333333334,85.47916666666667,2.4479166666666665,4.6,7469.5,4.0,0.9
2022-07-15,2022-07-15,6.0,46482.0,84756.01,131238.01,19.360416666666666,741.0145833333332,87.54791666666667,4.025,9.0,10626.8,6.0,0.3
2022-07-16,2022-07-16,1.0,73771.0,85144.325,158915.325,20.047916666666666,745.3958333333334,78.41666666666667,2.970833333333333,4.4,15582.0,7.0,0.0
2022-07-17,2022-07-17,7.0,101060.0,85532.64,186592.64,21.597916666666663,749.2666666666668,77.79583333333333,1.6625,2.7,10517.9,5.0,0.0
2022-07-18,2022-07-18,27.0,334443.0,278462.66,612905.66,22.714893617021275,748.7872340425532,78.3936170212766,2.1531914893617023,3.9,14680.5,7.0,0.0
2022-07-19,2022-07-19,8.0,50981.6,113887.22,164868.82,19.464583333333334,742.125,84.90625,4.8875,8.2,12392.8,6.0,1.0
2022-07-20,2022-07-20,25.0,333526.0,739206.0,1072732.0,16.329166666666666,742.9166666666666,79.45833333333333,4.097916666666666,5.5,14617.0,7.0,0.0
2022-07-21,2022-07-21,18.0,218108.8,410605.82,628714.62,18.0875,743.9166666666666,71.76041666666667,1.679166666666667,2.9,13214.0,7.0,0.0
2022-07-22,2022-07-22,9.0,42851.5,155705.13,198556.63,19.28085106382979,745.4574468085107,72.09574468085107,1.7531914893617022,2.3,14972.5,7.0,0.0
2022-07-23,2022-07-23,6.0,50445.0,135158.21,185603.21,22.01875,744.8854166666666,66.29791666666667,1.8291666666666664,2.9,13482.3,7.0,0.0
2022-07-24,2022-07-24,9.0,169540.0,259325.6,428865.6,22.753191489361704,744.5744680851063,66.39787234042552,1.9404255319148935,3.1,15093.5,7.0,0.0
2022-07-25,2022-07-25,7.0,112475.0,141890.51,254365.51,24.291666666666668,742.9375,66.42708333333333,1.4333333333333331,2.6,15325.0,7.0,0.0
2022-07-26,2022-07-26,9.0,56055.0,185001.35,241056.35,21.227083333333333,742.78125,74.89166666666667,3.25,6.4,9548.0,7.0,0.4
2022-07-27,2022-07-27,9.0,91370.0,102073.49,193443.49,19.547916666666666,746.78125,65.05833333333334,4.366666666666666,5.7,14851.0,7.0,0.0
2022-07-28,2022-07-28,15.0,155275.0,464600.46,619875.46,19.874468085106383,750.0,61.797872340425535,2.7702127659574467,3.4,13628.0,7.0,0.0
2022-07-29,2022-07-29,8.0,93975.0,39590.1,133565.1,20.297916666666666,750.6666666666666,60.66666666666666,2.270833333333333,3.5,14478.5,7.0,0.0
2022-07-30,2022-07-30,25.0,471456.0,435234.68,906690.68,20.527083333333334,749.65625,61.22916666666666,1.5354166666666669,2.8,10457.5,7.0,0.0
2022-07-31,2022-07-31,16.0,389700.0,1301258.48,1690958.48,21.56382978723404,748.1170212765958,57.96808510638298,1.3170212765957447,2.5,9197.0,5.5,0.0
2022-08-01,2022-08-01,10.0,62865.0,71950.0,134815.0,18.685416666666665,747.875,70.92708333333333,2.5875,4.5,11176.0,6.0,0.4
2022-08-02,2022-08-02,15.0,108605.0,142456.68,251061.68,19.191666666666663,750.1979166666666,69.41250000000001,3.154166666666667,4.5,11618.5,7.0,0.0
2022-08-03,2022-08-03,2.0,6400.0,364861.365,6400.0,19.977083333333333,752.5208333333334,63.54166666666666,2.427083333333333,3.6,13691.5,7.0,0.0
2022-08-04,2022-08-04,18.0,143252.0,587266.05,730518.05,21.58125,753.90625,57.520833333333336,2.308333333333333,3.9,13689.0,7.0,0.0
2022-08-05,2022-08-05,13.0,215826.0,371313.24,587139.24,22.27916666666667,755.0,58.9375,1.4666666666666668,2.2,12125.5,6.0,0.0
2022-08-06,2022-08-06,4.0,46310.0,55062.99,101372.99,22.260416666666668,754.6354166666666,58.052083333333336,1.51875,2.6,12026.5,6.0,0.0
2022-08-07,2022-08-07,9.0,169865.0,722422.45,892287.45,23.02916666666667,752.6041666666666,58.82291666666666,1.4666666666666668,2.5,12027.5,6.0,0.0
2022-08-08,2022-08-08,17.0,233809.0,275484.69,509293.69,23.883333333333336,752.2916666666666,57.69791666666666,1.15,2.2,13562.5,6.0,0.0
2022-08-09,2022-08-09,8.0,46870.0,83706.81,130576.81,23.893478260869564,751.6195652173913,64.3586956521739,1.6717391304347828,5.1,9825.0,5.5,0.3
2022-08-10,2022-08-10,13.0,255425.0,402641.62,658066.62,23.022916666666664,750.3645833333334,70.64583333333333,2.314583333333333,5.0,11791.0,6.0,0.3
2022-08-11,2022-08-11,9.0,79816.0,119186.0,199002.0,18.21875,752.6666666666666,65.89583333333333,4.1937500000000005,5.8,12892.5,6.0,0.0
2022-08-12,2022-08-12,5.0,14050.0,57118.43,71168.43,18.17708333333333,752.65625,65.27083333333333,4.508333333333334,6.7,11671.0,5.5,0.0
2022-08-13,2022-08-13,9.0,265770.0,302186.7,567956.7,19.629166666666663,751.5104166666666,59.552083333333336,4.41875,6.5,12970.0,6.0,0.0
2022-08-14,2022-08-14,7.0,148960.0,246833.0,395793.0,16.966666666666665,753.9166666666666,52.395833333333336,1.45,3.0,12734.0,6.0,0.0
2022-08-15,2022-08-15,16.0,170230.0,204162.94,374392.94,17.972916666666666,754.90625,62.239583333333336,1.83125,3.3,10956.5,6.0,0.0
2022-08-16,2022-08-16,9.0,83390.0,173244.81,256634.81,19.70833333333333,756.1041666666666,54.927083333333336,1.4020833333333331,2.6,12607.0,6.0,0.0
2022-08-17,2022-08-17,4.0,24665.0,77729.91,102394.91,19.372916666666665,755.8541666666666,55.614583333333336,2.6875,3.6,12476.0,6.0,0.0
2022-08-18,2022-08-18,20.0,249291.0,604118.51,853409.51,17.529166666666665,756.4791666666666,55.020833333333336,4.1000000000000005,5.6,11735.5,6.0,0.0
2022-08-19,2022-08-19,15.0,214619.2,206247.32,420866.52,16.529166666666665,761.5416666666666,52.958333333333336,2.2916666666666665,3.0,11806.0,6.0,0.0
2022-08-20,2022-08-20,4.0,23410.0,79234.04,102644.04,18.397916666666667,761.0625,52.614583333333336,2.3875,3.2,12110.0,6.0,0.0
2022-08-21,2022-08-21,5.0,13950.0,6500.0,20450.0,20.69375,759.5104166666666,57.65625,2.3541666666666665,3.6,11986.5,6.0,0.0
2022-08-22,2022-08-22,9.0,102673.5,33335.48,136008.98,21.991666666666664,759.2291666666666,54.15625,1.9270833333333333,2.5,11858.0,5.0,0.0
2022-08-23,2022-08-23,10.0,111615.0,227758.25,339373.25,21.6625,760.28125,52.0625,1.675,2.2,11728.0,5.0,0.0
2022-08-24,2022-08-24,10.0,69684.0,188969.33,258653.33,21.98333333333333,759.6354166666666,52.4375,2.183333333333333,4.0,11598.0,5.0,0.0
2022-08-25,2022-08-25,16.0,242406.0,307612.14,550018.14,22.625,756.8958333333334,49.8125,2.16875,3.9,11464.5,5.0,0.0
2022-08-26,2022-08-26,8.0,45610.0,74681.41,120291.41,22.444680851063836,754.6276595744681,49.62765957446808,2.602127659574468,4.5,11319.5,5.0,0.0
2022-08-27,2022-08-27,4.0,83660.0,87946.82,171606.82,20.647916666666667,755.4270833333334,59.0,1.8458333333333328,2.6,11195.0,5.0,0.0
2022-08-28,2022-08-28,3.0,39800.0,43889.98,83689.98,21.222916666666663,754.8333333333334,54.16666666666666,2.1375,3.0,10818.0,5.0,0.0
2022-08-29,2022-08-29,6.0,85925.0,395771.24,481696.24,23.51458333333333,752.3020833333334,46.458333333333336,2.558333333333333,4.6,10920.0,5.0,0.0
2022-08-30,2022-08-30,14.0,248034.0,332619.52,580653.52,24.4625,747.25,39.645833333333336,4.622916666666667,7.3,7123.0,5.0,0.0
2022-08-31,2022-08-31,21.0,274745.0,221500.54,496245.54,20.88958333333333,742.3541666666666,57.19791666666666,4.404166666666667,7.4,10602.0,5.0,0.2
2022-09-01,2022-09-01,11.0,67769.0,111597.95,179366.95,19.2125,741.9375,60.6125,3.835,7.7,5966.5,5.0,0.0
2022-09-02,2022-09-02,5.0,28827.5,161503.79,190331.29,14.864583333333334,743.4375,68.55208333333333,4.05625,7.3,9027.0,5.0,1.2000000000000002
2022-09-03,2022-09-03,2.0,9380.0,1328.8,10708.8,9.26888888888889,749.4777777777778,66.25555555555556,5.355555555555555,7.2,8497.7,3.0,0.0
2022-09-04,2022-09-04,1.0,30090.0,48798.2,78888.2,9.691666666666666,750.8229166666666,61.59375,3.9,5.8,6028.0,3.0,0.0
2022-09-05,2022-09-05,12.0,115635.0,187889.39,303524.39,8.719148936170212,746.9787234042553,57.234042553191486,2.5808510638297872,4.8,8120.3,4.0,0.0
2022-09-06,2022-09-06,13.0,300345.0,331919.97,632264.97,8.164583333333333,744.1979166666666,72.44791666666667,2.283333333333333,3.1,6988.7,5.0,0.0
2022-09-07,2022-09-07,8.0,110607.0,243710.07,354317.07,8.225,744.0416666666666,74.98958333333333,3.0041666666666664,4.8,6612.5,4.0,0.0
2022-09-08,2022-09-08,14.0,144487.0,108106.42,252593.42,8.695833333333333,746.0416666666666,82.70833333333333,3.695833333333333,5.2,5874.0,2.5,0.0
2022-09-09,2022-09-09,5.0,145810.0,129497.06,275307.06,8.03125,748.7083333333334,83.86458333333333,2.7916666666666665,4.8,5570.5,2.0,0.0
2022-09-10,2022-09-10,6.0,60763.0,105702.95,166465.95,6.777083333333334,752.1458333333334,80.79166666666667,3.2541666666666664,4.5,6643.0,4.0,0.0
2022-09-11,2022-09-11,8.0,133695.0,38163.2,171858.2,9.20625,752.7395833333334,82.25,2.935416666666667,5.0,4888.0,2.0,0.0
2022-09-12,2022-09-12,10.0,80810.0,50178.88,130988.88,9.508333333333333,754.0208333333334,75.3125,1.3166666666666669,1.9,5787.0,3.0,0.2
2022-09-13,2022-09-13,10.0,95340.0,288573.51,383913.51,10.175,754.84375,61.645833333333336,1.3541666666666667,1.8,7505.0,2.5,0.0
2022-09-14,2022-09-14,11.0,146440.0,300314.45,446754.45,10.408333333333331,752.5416666666666,62.614583333333336,4.0875,6.0,4588.0,2.0,0.4
2022-09-15,2022-09-15,18.0,190272.0,398385.17,588657.17,13.608333333333334,746.03125,51.864583333333336,6.395833333333333,8.3,4092.0,2.5,0.0
2022-09-16,2022-09-16,6.0,77243.0,119259.84,196502.84,12.129166666666668,742.96875,67.52083333333333,3.31875,6.7,4737.7,3.0,0.0
2022-09-17,2022-09-17,6.0,54460.0,103947.6,158407.6,11.554166666666667,741.7708333333334,86.01041666666667,4.35625,6.4,5475.3,3.0,0.0
2022-09-18,2022-09-18,6.0,111080.0,271447.93,382527.93,12.908333333333331,745.5270833333334,89.32708333333333,1.1541666666666666,3.8,4055.0,2.0,0.2
2022-09-19,2022-09-19,12.0,152970.0,112729.37,265699.37,18.191666666666663,743.7291666666666,81.03541666666666,2.0625,6.3,4247.7,2.0,0.8
2022-09-20,2022-09-20,22.0,355400.0,264155.42,619555.42,15.91875,748.3333333333334,64.20833333333333,4.5625,7.1,4456.0,3.0,0.2
2022-09-21,2022-09-21,4.0,22020.0,151.2,22171.2,13.2,750.0,59.833333333333336,1.85625,3.1,5209.0,4.0,0.3
2022-09-22,2022-09-22,11.0,159843.0,776701.2,936544.2,15.289583333333333,749.9270833333334,66.61458333333333,4.45625,6.8,4249.0,2.0,0.0
2022-09-23,2022-09-23,12.0,139565.0,313917.11,453482.11,16.510416666666668,746.6041666666666,45.458333333333336,3.2604166666666665,5.0,4287.5,2.0,0.1
2022-09-24,2022-09-24,15.0,290371.0,420335.92,710706.92,15.9125,742.9895833333334,52.60416666666666,3.610416666666667,6.2,3896.5,2.0,0.0
2022-09-25,2022-09-25,6.0,178065.0,299267.28,477332.28,10.997916666666669,741.0520833333334,79.51041666666667,4.591666666666667,10.4,2953.5,1.5,2.9
2022-09-26,2022-09-26,8.0,50990.0,85966.67,136956.67,6.435416666666668,743.3229166666666,88.30208333333333,4.097916666666666,6.2,3563.5,1.0,0.6000000000000001
2022-09-27,2022-09-27,8.0,61905.0,20666.58,82571.58,2.725,752.1458333333334,67.95833333333333,4.291666666666667,5.5,6227.5,3.0,0.0
2022-09-28,2022-09-28,13.0,231410.0,368126.11,599536.11,0.9479166666666666,754.0729166666666,61.69791666666666,5.45625,6.9,3682.0,2.0,0.2
2022-09-29,2022-09-29,12.0,211130.0,285322.45,496452.45,1.48125,751.0416666666666,87.92708333333333,6.652083333333334,7.3,2322.0,1.0,3.8
2022-09-30,2022-09-30,28.0,614553.0,312902.42,927455.42,4.383333333333334,755.9479166666666,87.69791666666667,4.191666666666666,5.1,5462.5,2.5,0.0
2022-10-01,2022-10-01,5.0,29415.0,196990.26,29415.0,6.26875,756.7916666666666,81.0,3.6166666666666663,4.6,5073.0,3.0,0.0
2022-10-02,2022-10-02,2.0,32850.0,81078.1,113928.1,8.214583333333334,750.9270833333334,72.32291666666667,5.404166666666666,7.9,4125.5,3.0,0.4
2022-10-03,2022-10-03,9.0,46820.0,55533.76,102353.76,11.18125,751.3958333333334,64.6875,5.5875,6.6,3616.0,2.0,1.0
2022-10-04,2022-10-04,11.0,97385.0,380059.51,477444.51,10.620833333333334,757.1770833333334,46.03125,4.60625,6.4,5162.5,3.0,0.0
2022-10-05,2022-10-05,8.0,55028.0,227303.4,282331.4,8.464583333333334,755.59375,54.5,4.875,8.0,5417.0,3.0,0.2
2022-10-06,2022-10-06,17.0,321925.0,298571.61,620496.61,7.725,748.3541666666666,90.67708333333331,3.845833333333333,5.7,3649.5,2.5,0.6000000000000001
2022-10-07,2022-10-07,14.0,137580.0,170427.75,308007.75,7.614583333333333,746.375,87.42708333333333,4.602083333333334,6.4,3086.0,1.0,0.4
2022-10-08,2022-10-08,2.0,13075.0,12601.29,25676.29,7.985416666666667,750.5520833333334,84.98958333333333,4.522916666666666,6.0,4962.5,2.5,0.3
2022-10-09,2022-10-09,5.0,26810.0,42668.9,69478.9,9.477083333333333,752.8854166666666,78.23958333333333,5.4,6.9,4186.5,2.0,0.0
2022-10-10,2022-10-10,16.0,265355.0,331374.12,596729.12,9.416666666666666,753.125,79.88541666666667,4.172916666666667,6.0,3082.5,2.0,0.1
2022-10-11,2022-10-11,10.0,120745.0,125997.38,246742.38,8.422916666666667,753.6041666666666,85.20833333333333,1.66875,2.6,2442.5,1.5,0.7000000000000001
2022-10-12,2022-10-12,7.0,45380.0,245141.19,290521.19,9.0375,749.7604166666666,70.89583333333333,3.3395833333333336,4.6,2621.5,1.0,0.2
2022-10-13,2022-10-13,20.0,384711.0,504597.06,889308.06,9.335416666666667,747.2916666666666,76.79166666666667,1.5083333333333335,3.0,2404.5,1.0,0.1
2022-10-14,2022-10-14,7.0,75583.0,141943.91,217526.91,7.556249999999999,746.6875,93.15625,1.56875,2.3,2672.5,2.5,0.2
2022-10-15,2022-10-15,2.0,19050.0,6215.5,25265.5,6.770833333333333,751.21875,88.5625,2.9125,4.1,3080.0,1.5,0.0
2022-10-16,2022-10-16,5.0,142040.0,86311.6,228351.6,5.129166666666666,757.5833333333334,84.08333333333333,3.529166666666667,4.7,3392.0,2.0,0.0
2022-10-17,2022-10-17,9.0,45752.0,80392.38,126144.38,6.666666666666667,757.0833333333334,79.13541666666667,4.9875,6.6,4121.5,2.5,0.0
2022-10-18,2022-10-18,5.0,9500.0,132571.10499999998,9500.0,5.28125,746.9895833333334,87.0,5.7125,6.6,2507.0,1.5,0.4
2022-10-19,2022-10-19,10.0,126675.0,184749.83,311424.83,5.341666666666666,740.03125,83.94791666666667,2.670833333333333,4.5,3208.0,1.5,0.2
2022-10-20,2022-10-20,5.0,63938.0,34992.75,98930.75,3.045833333333333,744.0833333333334,76.97916666666667,3.0666666666666664,4.8,2931.0,2.0,0.0
2022-10-21,2022-10-21,8.0,156135.0,161375.6,317510.6,1.3958333333333333,745.25,80.42708333333333,3.983333333333333,5.6,2515.5,1.0,0.0
2022-10-22,2022-10-22,9.0,68972.0,20920.7,89892.7,-1.0166666666666666,750.53125,73.51041666666667,3.7770833333333336,5.9,2291.5,1.0,0.0
2022-10-23,2022-10-23,9.0,69761.5,78954.315,148715.815,-0.0270833333333333,752.7916666666666,76.19791666666667,5.147916666666666,7.0,2320.0,1.0,0.0
2022-10-24,2022-10-24,9.0,70551.0,136987.93,207538.93,2.68125,743.6354166666666,88.57291666666667,7.7,9.3,1200.0,1.5,0.6000000000000001
2022-10-25,2022-10-25,16.0,201920.0,78244.45,280164.45,0.2583333333333333,745.5,81.1875,3.735416666666667,5.0,2126.0,1.0,0.0
2022-10-26,2022-10-26,16.0,150405.0,320084.73,470489.73,-0.2458333333333333,755.2291666666666,73.28125,2.677083333333333,4.4,2534.0,1.5,0.0
2022-10-27,2022-10-27,11.0,40735.0,55303.11,96038.11,-0.8458333333333333,759.1770833333334,72.63541666666667,3.8083333333333336,5.5,2617.5,2.0,0.0
2022-10-28,2022-10-28,19.0,351225.0,510888.64,862113.64,0.4854166666666666,756.3645833333334,78.875,4.220833333333333,5.4,2990.0,1.0,0.0
2022-10-29,2022-10-29,7.0,54830.0,12320.28,67150.28,0.4979166666666667,751.75,93.80208333333331,3.908333333333333,5.0,1440.5,1.0,0.8
2022-10-30,2022-10-30,5.0,43825.0,20966.61,64791.61,1.24375,737.9479166666666,97.5625,6.745833333333334,8.2,1287.0,1.0,0.4
2022-10-31,2022-10-31,20.0,190304.0,133021.6,323325.6,2.8000000000000003,732.4166666666666,88.95833333333333,4.520833333333333,6.5,1276.0,1.0,1.3
2022-11-01,2022-11-01,9.0,65600.0,167423.52,233023.52,-0.3145833333333334,738.125,76.72916666666667,3.270833333333333,7.1,1968.5,1.0,0.0
2022-11-02,2022-11-02,11.0,63555.0,132406.86,195961.86,1.6458333333333333,736.15625,90.30208333333331,4.135416666666667,7.0,1854.0,1.0,0.0
2022-11-03,2022-11-03,13.0,158953.0,346751.2,505704.2,0.4041666666666666,740.7916666666666,89.53125,3.4020833333333336,4.6,1426.0,1.5,1.2
2022-11-04,2022-11-04,5.0,22235.0,63760.46,85995.46,0.0729166666666666,745.8541666666666,86.04166666666667,1.8,2.7,1584.0,1.0,0.1
2022-11-05,2022-11-05,4.0,33470.0,31648.39,65118.39,-1.90625,750.65625,84.88541666666667,1.9791666666666667,3.5,2037.0,2.0,0.0
2022-11-06,2022-11-06,12.0,186215.0,251289.76,437504.76,-1.2979166666666668,754.6875,86.70833333333333,3.3520833333333333,4.0,1452.0,1.0,0.0
2022-11-07,2022-11-07,10.0,109200.0,187648.92,296848.92,-1.46875,753.6666666666666,86.92708333333333,3.4458333333333333,4.2,1391.0,1.0,3.6
2022-11-08,2022-11-08,12.0,214980.0,200574.18,415554.18,-0.39375,751.2708333333334,93.45833333333331,3.90625,5.3,1393.0,1.0,0.2
2022-11-09,2022-11-09,6.0,42935.0,8718.52,51653.52,1.5270833333333331,749.7604166666666,97.84375,5.216666666666667,6.1,1128.5,1.0,0.2
2022-11-10,2022-11-10,3.0,16813.0,102395.33,119208.33,4.029166666666667,750.6354166666666,98.9375,3.50625,4.8,1122.5,1.5,0.5
2022-11-11,2022-11-11,15.0,182933.0,283373.34,466306.34,5.739583333333333,748.8541666666666,96.42708333333331,5.1875,5.8,824.0,1.0,1.1
2022-11-12,2022-11-12,8.0,140575.0,320419.5,460994.5,4.764583333333333,739.7604166666666,96.97916666666669,5.316666666666666,7.3,834.0,1.5,1.5
2022-11-13,2022-11-13,3.0,60890.0,92472.61,153362.61,3.252083333333333,723.8645833333334,95.66666666666669,6.1937500000000005,7.6,854.5,1.0,0.9
2022-11-14,2022-11-14,6.0,130825.0,182578.39,313403.39,-2.5916666666666663,734.875,87.70833333333333,7.2375,8.2,824.5,1.0,0.5
2022-11-15,2022-11-15,13.0,232025.0,500238.09,732263.09,-6.883333333333334,742.6770833333334,80.72916666666667,5.175,6.3,924.0,1.0,1.8
2022-11-16,2022-11-16,5.0,38580.0,151128.72,189708.72,-8.258333333333335,748.0833333333334,88.89583333333333,1.60625,3.0,962.5,1.0,0.5
2022-11-17,2022-11-17,12.0,127535.0,176347.51,303882.51,-8.754166666666666,753.84375,92.55208333333331,3.6125,4.6,961.0,1.0,0.1
2022-11-18,2022-11-18,25.0,228565.0,145163.76,373728.76,-10.4,751.9166666666666,87.55208333333333,4.65,5.0,1051.5,1.0,0.8
2022-11-19,2022-11-19,4.0,9955.0,30.7,9985.7,-10.310416666666669,754.6770833333334,83.52083333333333,5.0875,6.1,1149.0,2.0,0.0
2022-11-20,2022-11-20,5.0,55000.0,44859.18,99859.18,-12.5125,755.9583333333334,84.10416666666667,1.90625,3.1,1013.5,1.0,0.0
2022-11-21,2022-11-21,9.0,201750.0,646411.64,848161.64,-9.235416666666667,753.8541666666666,82.27083333333333,0.9125,2.1,978.5,1.0,0.0
2022-11-22,2022-11-22,12.0,153434.0,292520.88,445954.88,-7.854166666666667,754.2291666666666,86.97916666666667,0.9291666666666668,1.9,907.0,1.0,0.0
2022-11-23,2022-11-23,7.0,26645.0,63300.21,89945.21,-8.085416666666667,751.9479166666666,87.08333333333333,4.5125,6.8,613.5,1.0,11.5
2022-11-24,2022-11-24,23.0,463694.0,1698073.05,2161767.05,-7.660416666666666,747.6041666666666,95.23958333333331,4.716666666666667,6.0,700.0,1.5,9.7
2022-11-25,2022-11-25,26.0,259589.0,333486.31,593075.31,-7.766666666666667,757.3333333333334,94.625,3.63125,4.5,834.0,1.0,0.5
2022-11-26,2022-11-26,9.0,64625.0,140827.46,205452.46,-7.7,764.6979166666666,95.36458333333331,4.379166666666666,6.1,580.0,1.0,0.0
2022-11-27,2022-11-27,5.0,62930.0,42242.28,105172.28,-10.029166666666669,768.3020833333334,98.35416666666669,2.24375,2.8,738.5,1.0,0.0
2022-11-28,2022-11-28,15.0,167855.0,602679.84,770534.84,-15.497916666666669,770.15625,98.48958333333331,1.8666666666666665,2.3,682.5,1.0,0.0
2022-11-29,2022-11-29,11.0,33695.0,252788.58,286483.58,-13.397916666666667,770.3125,95.4375,1.1270833333333334,1.5,661.0,1.0,0.2
2022-11-30,2022-11-30,36.0,566809.85,705430.34,1272240.19,-11.64375,767.875,97.44791666666669,1.5333333333333332,2.0,531.5,1.0,0.9
2022-12-01,2022-12-01,16.0,44357.5,49277.61,93635.11,-11.666666666666666,767.6770833333334,97.83333333333331,1.6041666666666667,2.2,625.5,1.0,0.5
2022-12-02,2022-12-02,17.0,174545.0,228138.09,402683.09,-18.13125,772.6770833333334,96.91666666666669,1.6104166666666666,2.0,624.0,1.0,0.0
2022-12-03,2022-12-03,8.0,90890.0,99525.15,190415.15,-21.058333333333334,775.8333333333334,96.52083333333331,0.94375,1.6,603.5,1.0,0.0
2022-12-04,2022-12-04,8.0,59280.0,98699.78,157979.78,-16.7,773.1875,90.57291666666669,3.2229166666666664,4.4,537.0,1.0,0.2
2022-12-05,2022-12-05,7.0,42435.0,60962.35,103397.35,-15.50625,767.8125,98.60416666666669,1.5,3.0,649.5,1.0,0.0
2022-12-06,2022-12-06,16.0,156280.0,192847.64,349127.64,-16.560416666666665,765.59375,98.95833333333331,1.5395833333333335,2.1,522.5,1.0,0.5
2022-12-07,2022-12-07,10.0,119680.0,202776.97,322456.97,-15.977083333333333,765.8958333333334,98.76041666666669,2.670833333333333,3.5,541.0,1.0,0.0
2022-12-08,2022-12-08,16.0,69124.0,129136.88,198260.88,-16.158333333333335,765.4375,96.48958333333331,2.74375,3.9,444.5,1.0,0.0
2022-12-09,2022-12-09,23.0,338949.0,342713.42,681662.42,-13.979166666666666,762.21875,88.73958333333333,4.939583333333333,5.9,484.5,1.0,4.0
2022-12-10,2022-12-10,7.0,150960.0,95452.58,246412.58,-8.670833333333334,758.09375,86.69791666666667,6.502083333333334,7.4,402.0,1.0,14.2
2022-12-11,2022-12-11,5.0,64460.0,4400.0,68860.0,-6.516666666666667,754.6875,94.70833333333331,7.447916666666667,9.2,199.0,0.0,21.7
2022-12-12,2022-12-12,5.0,62655.0,119364.0,182019.0,-5.147916666666666,755.25,87.47916666666667,6.15,7.1,430.0,1.0,11.6
2022-12-13,2022-12-13,14.0,150230.0,437148.99,587378.99,-9.941666666666666,758.7395833333334,87.95833333333333,3.5583333333333336,5.5,585.0,1.0,0.0
2022-12-14,2022-12-14,10.0,66175.0,147550.38,213725.38,-8.547916666666667,759.25,77.59375,4.479166666666667,6.5,645.0,1.0,0.0
2022-12-15,2022-12-15,5.0,41220.0,97551.5,138771.5,-10.245833333333334,757.34375,92.91666666666669,3.360416666666667,5.4,473.0,1.0,2.5
2022-12-16,2022-12-16,12.0,194517.84,363953.04,558470.88,-12.389583333333334,758.4375,96.01041666666669,3.8791666666666655,6.5,314.5,0.0,4.2
2022-12-17,2022-12-17,3.0,35810.0,11900.74,47710.74,-7.239583333333333,760.3333333333334,93.95833333333331,2.5416666666666665,6.0,425.0,1.0,1.2
2022-12-18,2022-12-18,5.0,54025.0,30561.62,84586.62,-3.64375,750.6979166666666,97.39583333333331,5.845833333333334,7.4,196.5,0.0,15.0
2022-12-19,2022-12-19,13.0,279635.0,111945.14,391580.14,-5.185416666666667,745.2291666666666,93.97916666666669,5.854166666666667,6.8,454.0,1.0,0.2
2022-12-20,2022-12-20,9.0,65580.0,237404.67,302984.67,-18.897916666666667,752.1666666666666,98.51041666666669,2.18125,4.1,415.0,1.0,0.1
2022-12-21,2022-12-21,5.0,69540.0,37595.42,107135.42,-21.925,753.4791666666666,99.4375,1.1979166666666667,1.8,481.0,1.0,0.0
2022-12-22,2022-12-22,8.0,42005.0,69988.58,111993.58,-12.85625,750.6145833333334,94.9375,5.195833333333334,7.7,383.0,1.0,8.9
2022-12-23,2022-12-23,14.0,127628.0,517685.55,645313.55,-0.9770833333333332,746.9791666666666,96.52083333333331,4.908333333333333,6.4,547.5,1.0,2.2
2022-12-24,2022-12-24,9.0,113760.0,336238.66,449998.66,0.8791666666666668,749.4791666666666,95.63541666666669,7.40625,8.6,340.0,0.0,0.3999999999999999
2022-12-25,2022-12-25,11.0,87670.0,34636.28,122306.28,-2.79375,751.1666666666666,93.01041666666669,5.9750000000000005,7.9,328.0,0.5,2.4
2022-12-26,2022-12-26,9.0,82370.0,175201.56,257571.56,-12.9375,757.3333333333334,98.03125,1.8958333333333333,3.3,569.5,1.0,0.0
2022-12-27,2022-12-27,27.0,397369.0,308690.29,706059.29,-20.308333333333334,760.4583333333334,99.66666666666669,1.3458333333333332,1.7,531.5,1.0,0.0
2022-12-28,2022-12-28,9.0,84155.0,152568.7,236723.7,-17.7875,757.3333333333334,99.22916666666669,2.0458333333333334,2.6,452.0,1.0,0.0
2022-12-29,2022-12-29,10.0,71700.0,190520.17,262220.17,-10.75,753.90625,94.15625,4.402083333333334,5.5,446.5,1.0,0.5
2022-12-30,2022-12-30,20.0,492275.5,707976.26,1200251.76,-10.2875,754.34375,96.71875,2.527083333333333,4.0,540.5,1.0,1.6
2022-12-31,2022-12-31,11.0,125340.0,867.6,126207.6,-15.185416666666669,755.4375,98.08333333333331,3.1166666666666667,5.0,478.5,1.0,0.3
2023-01-01,2023-01-01,9.333333333333334,103580.0,67764.96666666667,171344.96666666667,-10.410416666666666,749.1354166666666,95.22916666666669,4.389583333333333,7.6,563.0,1.0,3.5
2023-01-02,2023-01-02,7.666666666666666,81820.0,134662.33333333334,216482.33333333334,-1.675,733.7395833333334,94.11458333333331,6.264583333333333,9.3,399.5,1.0,13.1
2023-01-03,2023-01-03,6.0,60060.0,201559.7,261619.7,-7.970833333333334,740.3958333333334,92.97916666666669,4.36875,6.6,571.5,1.0,0.0
2023-01-04,2023-01-04,8.0,84665.8,130147.42,214813.22,-17.039583333333333,740.5833333333334,96.76041666666669,1.3520833333333335,1.6,507.0,1.0,0.5
2023-01-05,2023-01-05,11.0,118220.0,289992.4,408212.4,-18.94375,741.3333333333334,97.33333333333331,2.739583333333333,4.0,465.5,1.0,0.4
2023-01-06,2023-01-06,5.0,24560.0,111890.62,136450.62,-19.625,738.90625,97.60416666666669,2.997916666666667,5.6,676.0,1.0,0.2
2023-01-07,2023-01-07,1.0,14400.0,43691.3,58091.3,-26.7875,745.96875,94.9375,4.360416666666667,6.0,478.0,1.0,0.0
2023-01-08,2023-01-08,8.0,67800.0,123480.35,191280.35,-30.01875,751.8541666666666,98.95833333333331,2.035416666666667,2.5,520.0,1.0,0.0
2023-01-09,2023-01-09,2.0,170170.0,42200.91,212370.91,-30.20208333333333,762.1354166666666,96.14583333333331,2.3041666666666667,3.8,458.5,0.0,0.0
2023-01-10,2023-01-10,11.0,94940.8,414588.26,509529.06,-24.39583333333333,770.6770833333334,99.26041666666669,1.8666666666666665,2.9,532.0,1.0,0.0
2023-01-11,2023-01-11,11.0,295750.0,351090.3,646840.3,-23.09583333333333,771.3958333333334,91.3125,4.375,7.1,525.0,1.0,0.0
2023-01-12,2023-01-12,23.0,217088.0,394387.8,611475.8,-15.108333333333334,765.71875,82.9375,6.945833333333333,7.5,571.0,1.0,2.0
2023-01-13,2023-01-13,15.0,129965.0,233416.91,363381.91,-12.497916666666669,763.5625,81.07291666666667,6.764583333333333,7.5,657.5,1.0,0.7
2023-01-14,2023-01-14,9.0,230755.0,279072.38,509827.38,-11.825,762.53125,84.69791666666667,6.539583333333333,7.5,553.0,1.0,0.8
2023-01-15,2023-01-15,5.0,65900.0,107330.86,173230.86,-12.53125,763.65625,79.58333333333333,6.0062500000000005,6.8,750.0,1.0,0.0
2023-01-16,2023-01-16,8.0,84300.0,203669.38,287969.38,-12.602083333333333,763.0833333333334,90.51041666666669,3.6875,4.7,804.5,1.0,0.0
2023-01-17,2023-01-17,15.0,158410.0,91419.72,249829.72,-13.35,763.0,88.29166666666667,2.752083333333333,4.1,826.5,1.0,0.0
2023-01-18,2023-01-18,12.0,65360.0,45923.99,111283.99,-10.73125,764.5625,92.44791666666669,2.4916666666666667,3.1,722.5,1.0,0.8
2023-01-19,2023-01-19,11.0,158465.0,395086.63,553551.63,-12.475,766.0625,88.75,2.375,3.1,853.0,1.0,0.0
2023-01-20,2023-01-20,15.0,126670.0,466058.79,592728.79,-10.975,767.6875,85.8125,3.10625,4.2,932.5,1.0,0.0
2023-01-21,2023-01-21,6.0,44060.0,24821.05,68881.05,-9.710416666666667,769.6458333333334,81.6875,4.1875,4.9,693.0,1.0,0.0
2023-01-22,2023-01-22,6.0,98555.0,94052.85,192607.85,-10.085416666666664,769.1041666666666,89.26041666666667,3.0375,3.9,488.0,0.0,0.0
2023-01-23,2023-01-23,8.0,98200.0,294140.06,392340.06,-13.3875,768.7083333333334,97.97916666666669,1.4958333333333331,1.9,964.5,1.0,0.0
2023-01-24,2023-01-24,8.0,58905.0,148306.3,207211.3,-14.264583333333334,764.125,97.80208333333331,2.177083333333333,3.6,919.0,1.0,0.0
2023-01-25,2023-01-25,22.0,257137.0,774817.36,1031954.36,-9.652083333333334,757.2604166666666,96.61458333333331,3.1875,3.9,934.5,1.0,0.0
2023-01-26,2023-01-26,19.0,167038.8,755662.73,922701.53,-5.425,750.375,93.73958333333331,5.99375,6.9,946.0,1.0,0.0
2023-01-27,2023-01-27,11.0,80392.0,218994.5,299386.5,-4.235416666666667,749.0520833333334,94.64583333333331,5.51875,6.0,470.0,1.0,7.3
2023-01-28,2023-01-28,10.0,220157.5,346770.63,566928.13,-8.395833333333334,752.1979166666666,96.54166666666669,2.6958333333333333,5.2,1017.0,1.0,0.1
2023-01-29,2023-01-29,3.0,43040.0,39893.8,82933.8,-12.383333333333333,751.8541666666666,97.19791666666669,2.9145833333333333,4.5,1027.5,1.0,0.0
2023-01-30,2023-01-30,14.0,95065.0,209883.68,304948.68,-9.783333333333331,746.75,95.17708333333331,4.4750000000000005,5.6,803.5,1.0,0.0
2023-01-31,2023-01-31,25.0,349600.0,98131.77,447731.77,-3.997916666666667,745.6041666666666,92.70833333333331,6.539583333333333,7.8,823.5,1.0,3.3000000000000003
2023-02-01,2023-02-01,8.0,73180.0,123349.79,196529.79,-6.135416666666667,750.5104166666666,94.72916666666669,4.416666666666667,6.2,1088.0,1.0,0.0
2023-02-02,2023-02-02,6.0,62210.0,198713.77,260923.77,-12.110416666666666,753.0,93.23958333333331,2.152083333333333,3.3,1200.5,1.0,0.2
2023-02-03,2023-02-03,13.0,141770.0,66758.26,208528.26,-7.116666666666667,753.375,93.5625,2.80625,4.2,845.0,1.0,6.5
2023-02-04,2023-02-04,12.0,160844.0,198613.75,359457.75,-7.456250000000001,754.3125,90.9375,1.8604166666666664,2.8,858.5,1.0,7.6
2023-02-05,2023-02-05,6.0,59340.0,239561.92,298901.92,-10.172916666666667,755.78125,92.60416666666669,1.0520833333333333,1.8,1040.5,1.0,1.0
2023-02-06,2023-02-06,11.0,99935.0,227068.48,327003.48,-10.320833333333333,757.4895833333334,96.04166666666669,2.089583333333333,2.9,1252.0,1.0,0.0
2023-02-07,2023-02-07,15.0,127050.0,206969.4,334019.4,-14.041666666666666,763.375,96.375,1.7708333333333333,2.3,1508.0,1.0,0.0
2023-02-08,2023-02-08,13.0,195325.0,592144.3,787469.3,-12.266666666666666,760.125,95.3125,3.76875,5.9,1240.0,1.0,5.5
2023-02-09,2023-02-09,31.0,238860.0,1566618.07,1805478.07,-7.5,757.90625,95.85416666666669,3.333333333333333,5.1,1082.0,1.0,0.2
2023-02-10,2023-02-10,16.0,155484.4,279848.69,435333.09,-4.35625,755.5729166666666,93.57291666666669,4.841666666666667,6.3,1132.0,1.0,0.0
2023-02-11,2023-02-11,1.0,18000.0,314.4,18314.4,-6.375,750.3020833333334,93.02083333333331,5.466666666666666,6.4,1252.5,1.0,1.2
2023-02-12,2023-02-12,12.0,197370.0,236254.51,433624.51,-7.15625,751.0104166666666,93.26041666666669,5.066666666666666,6.4,1054.5,1.5,0.7000000000000001
2023-02-13,2023-02-13,10.0,112940.0,194885.3,307825.3,-7.560416666666666,748.7083333333334,93.23958333333331,4.897916666666666,5.6,1508.5,1.0,1.0
2023-02-14,2023-02-14,14.0,103990.0,118694.33,222684.33,-4.341666666666667,747.4479166666666,93.48958333333331,5.0125,6.4,1699.5,1.5,0.5
2023-02-15,2023-02-15,8.0,180084.0,218579.45,398663.45,-7.791666666666667,750.7083333333334,91.89583333333331,2.4916666666666667,3.3,1644.0,1.0,0.4
2023-02-16,2023-02-16,21.0,325548.0,926659.05,1252207.05,-9.122916666666669,756.5729166666666,96.04166666666669,2.935416666666667,4.2,1873.5,1.0,0.4
2023-02-17,2023-02-17,15.0,132324.0,231697.61,364021.61,-8.320833333333333,754.9895833333334,93.25,3.8395833333333336,4.7,1708.0,1.0,1.7
2023-02-18,2023-02-18,4.0,47400.0,56067.01,103467.01,-11.58125,749.7708333333334,94.07291666666669,3.0541666666666667,4.3,2063.5,1.0,0.0
2023-02-19,2023-02-19,11.0,224870.0,355388.6,580258.6,-15.527083333333332,747.5625,96.65625,2.472916666666667,4.3,2050.0,1.0,0.0
2023-02-20,2023-02-20,7.0,86625.0,82395.94,169020.94,-15.370833333333335,742.1979166666666,95.45833333333331,3.358333333333333,4.5,2061.5,1.0,0.0
2023-02-21,2023-02-21,15.0,116652.0,326329.9,442981.9,-11.526666666666667,735.2666666666667,95.93333333333334,2.7555555555555555,4.6,1157.5,1.0,0.0
2023-02-22,2023-02-22,21.0,373176.0,582538.04,955714.04,-10.408333333333331,734.40625,94.83333333333331,3.2895833333333333,6.0,1397.0,1.0,1.0
2023-02-23,2023-02-23,10.0,77655.0,7800.0,85455.0,-10.664583333333333,734.78125,90.40625,6.047916666666667,7.0,1683.5,1.0,0.3
2023-02-24,2023-02-24,8.0,70510.0,107202.84,177712.84,-13.945833333333333,741.25,93.70833333333331,4.341666666666667,5.9,2422.0,1.0,0.3
2023-02-25,2023-02-25,8.0,58650.0,31848.46,90498.46,-9.527083333333334,744.5520833333334,93.45833333333331,4.864583333333333,5.8,1654.0,1.0,2.9
2023-02-26,2023-02-26,7.0,174900.0,307001.0,481901.0,-1.9791666666666667,747.3854166666666,95.97916666666669,6.804166666666667,9.0,1503.0,1.0,17.5
2023-02-27,2023-02-27,8.0,78170.0,103647.69,181817.69,-0.3895833333333333,743.28125,93.875,7.0062500000000005,8.6,2010.5,1.0,4.8
2023-02-28,2023-02-28,32.0,500270.0,227996.23,728266.23,-3.54375,738.90625,90.04166666666667,7.05625,9.6,1775.5,1.0,4.6
2023-03-01,2023-03-01,4.0,17790.0,4281.96,22071.96,-5.320833333333334,731.4791666666666,90.40625,4.677083333333333,6.0,2264.0,1.0,0.0
2023-03-02,2023-03-02,16.0,144654.0,624494.28,769148.28,-8.75,733.96875,90.57291666666669,4.404166666666667,6.8,2560.5,1.0,0.0
2023-03-03,2023-03-03,10.0,118940.0,179492.22,298432.22,-12.29375,738.2916666666666,95.33333333333331,3.2687500000000003,4.8,2544.0,1.0,0.0
2023-03-04,2023-03-04,1.0,5140.0,45357.9,50497.9,-3.5083333333333333,737.3541666666666,94.29166666666669,3.9916666666666663,6.1,2687.5,1.0,2.6
2023-03-05,2023-03-05,11.0,293510.0,500349.41,793859.41,-2.4,731.96875,96.53125,3.7604166666666665,5.7,1775.0,1.0,0.7
2023-03-06,2023-03-06,5.0,61620.0,65398.28,127018.28,-3.495833333333333,735.6875,91.89583333333331,4.395833333333333,6.2,3172.0,1.0,0.1
2023-03-07,2023-03-07,7.0,271817.0,343052.92,614869.92,-4.2625,740.78125,94.48958333333331,3.233333333333333,5.0,2624.5,1.0,0.8
2023-03-08,2023-03-08,7.0,64595.0,157456.0,222051.0,-6.2250000000000005,745.1979166666666,96.08333333333331,2.95,4.9,2134.0,1.0,0.4
2023-03-09,2023-03-09,19.0,206164.0,500237.43,706401.43,-0.2,741.59375,97.27083333333331,6.108333333333333,9.3,2093.5,1.5,4.5
2023-03-10,2023-03-10,8.0,198686.0,435987.15,634673.15,2.245833333333333,737.0416666666666,98.21875,8.295833333333333,10.6,2752.0,1.0,0.7000000000000001
2023-03-11,2023-03-11,5.0,38045.0,113458.82,151503.82,-2.74375,747.0416666666666,85.63541666666667,3.985416666666667,7.6,5572.0,2.0,0.0
2023-03-12,2023-03-12,13.0,168142.0,328787.8,496929.8,-3.1666666666666665,750.9895833333334,91.30208333333331,6.229166666666667,9.7,3043.5,1.0,0.6
2023-03-13,2023-03-13,7.0,92225.0,332065.46,424290.46,2.002083333333333,744.1354166666666,91.53125,7.791666666666667,11.2,2157.5,1.0,1.6
2023-03-14,2023-03-14,21.0,222983.0,492121.97,715104.97,-3.1645833333333333,752.4479166666666,80.57291666666667,4.79375,7.2,5992.5,2.0,0.7
2023-03-15,2023-03-15,13.0,222057.0,461758.85,683815.85,1.4604166666666665,754.3854166666666,86.0625,6.64375,7.9,4377.5,2.0,2.5
2023-03-16,2023-03-16,7.0,105805.0,60350.56,166155.56,1.6895833333333332,755.8958333333334,84.05208333333333,4.08125,4.7,4268.0,2.0,0.4
2023-03-17,2023-03-17,16.0,181410.0,239025.14,420435.14,4.18125,751.6145833333334,82.0625,4.027083333333334,5.0,4045.0,1.0,0.0
2023-03-18,2023-03-18,9.0,139230.0,63977.7,203207.7,-0.48125,759.125,80.75,4.8375,7.0,5258.0,2.0,0.0
2023-03-19,2023-03-19,6.0,62400.0,45817.7,108217.7,-2.3625000000000003,762.7604166666666,82.14583333333333,3.5500000000000003,4.5,6812.5,3.0,0.0
2023-03-20,2023-03-20,17.0,202405.0,372521.9,574926.9,-0.2520833333333334,754.3645833333334,97.76041666666669,3.883333333333333,5.0,3385.0,2.0,1.9
2023-03-21,2023-03-21,12.0,74325.0,81052.75,155377.75,1.2,748.2083333333334,93.92708333333331,4.691666666666666,5.6,2700.0,1.0,2.0
2023-03-22,2023-03-22,8.0,58120.0,173874.83,231994.83,2.5812500000000003,744.3020833333334,89.72916666666667,5.9375,7.3,4273.0,2.0,0.0
2023-03-23,2023-03-23,23.0,226098.36,829387.67,1055486.03,1.2976190476190477,749.0357142857143,89.61904761904762,5.076190476190476,7.4,2779.5,2.0,0.0
2023-03-24,2023-03-24,10.0,141998.0,340617.03,482615.03,5.633333333333333,743.8958333333334,86.19791666666667,7.345833333333334,8.4,4510.5,2.0,0.1
2023-03-25,2023-03-25,5.0,23595.0,3828.25,27423.25,4.808333333333334,741.1145833333334,92.03125,5.252083333333333,7.5,6035.3,2.0,0.3
2023-03-26,2023-03-26,8.0,68755.0,48008.42,116763.42,6.289583333333333,741.6979166666666,95.25,4.454166666666667,7.7,3936.7,3.0,0.9
2023-03-27,2023-03-27,14.0,501715.0,447152.34,948867.34,8.387500000000001,739.7395833333334,82.47916666666667,4.327083333333333,6.3,3809.5,2.0,0.8
2023-03-28,2023-03-28,12.0,175256.0,145329.82,320585.82,5.045833333333333,744.0520833333334,82.05208333333333,5.154166666666667,6.4,5979.5,3.0,0.9
2023-03-29,2023-03-29,9.0,119520.0,369403.43,488923.43,1.775,754.4166666666666,70.48958333333333,5.5687500000000005,7.5,6086.0,3.0,0.0
2023-03-30,2023-03-30,12.0,304275.0,493477.56,797752.56,3.5083333333333333,754.5208333333334,73.36458333333333,5.64375,7.2,7655.0,3.0,0.0
2023-03-31,2023-03-31,31.0,369732.0,2099295.5,2469027.5,5.822916666666667,750.1354166666666,69.46875,6.7562500000000005,8.2,3929.5,2.0,0.7000000000000001
2023-04-01,2023-04-01,5.0,57635.0,88886.8,146521.8,6.252083333333334,749.1666666666666,77.16666666666667,5.672916666666667,8.7,5093.0,2.5,0.2
2023-04-02,2023-04-02,5.0,27250.0,92.4,27342.4,6.43125,753.4791666666666,84.42708333333333,3.0187500000000003,4.0,5021.0,3.0,0.1
2023-04-03,2023-04-03,4.0,90580.0,62087.98,152667.98,9.233333333333333,752.6354166666666,63.739583333333336,3.2145833333333336,4.3,9094.5,4.0,0.0
2023-04-04,2023-04-04,10.0,113605.0,233753.09,347358.09,10.954166666666666,752.71875,62.364583333333336,3.125,4.2,8385.5,4.0,0.0
2023-04-05,2023-04-05,14.0,138432.0,329460.78,467892.78,10.972916666666668,749.8229166666666,64.01041666666667,1.6,3.0,4257.0,2.0,0.0
2023-04-06,2023-04-06,14.0,244459.0,529489.47,773948.47,6.527083333333334,752.6458333333334,71.29166666666667,5.835416666666667,6.7,4069.2,2.0,0.0
2023-04-07,2023-04-07,10.0,94889.0,312877.76,407766.76,1.2913043478260868,759.5108695652174,60.35869565217392,5.771739130434782,7.7,8771.0,5.0,0.0
2023-04-08,2023-04-08,7.0,69240.0,95679.64,164919.64,2.91875,761.0729166666666,46.125,1.8770833333333328,2.6,8182.7,3.0,0.0
2023-04-09,2023-04-09,12.0,315755.75,328595.2,644350.95,5.385416666666667,758.1875,51.489583333333336,1.9604166666666665,3.1,10421.5,5.0,0.0
2023-04-10,2023-04-10,15.0,110710.0,135561.13,246271.13,4.957446808510638,754.3297872340426,62.95744680851064,3.8574468085106384,5.7,4877.7,3.0,0.0
2023-04-11,2023-04-11,7.0,104428.0,214512.37,318940.37,3.7458333333333336,754.65625,57.125,2.2375000000000003,3.9,10644.5,5.0,0.0
2023-04-12,2023-04-12,7.0,75938.0,162448.89,238386.89,9.01875,750.125,53.21875,3.579166666666667,5.8,7653.5,4.5,0.0
2023-04-13,2023-04-13,9.0,183575.0,195324.86,378899.86,8.079166666666667,750.0416666666666,59.739583333333336,5.533333333333334,8.9,8327.2,5.0,0.0
2023-04-14,2023-04-14,13.0,145200.0,94811.58,240011.58,-1.6166666666666665,755.3020833333334,41.4375,9.0625,10.7,9997.3,5.0,0.0
2023-04-15,2023-04-15,4.0,21068.0,207615.37,228683.37,0.7875000000000001,757.46875,44.26041666666666,4.8812500000000005,6.4,11131.8,5.0,0.0
2023-04-16,2023-04-16,10.0,95980.0,112764.95,208744.95,1.9166666666666667,757.7604166666666,58.708333333333336,4.3625,5.9,8726.0,3.5,0.0
2023-04-17,2023-04-17,10.0,122122.0,133686.74,255808.74,6.452083333333333,758.5729166666666,58.66666666666666,2.864583333333333,4.2,10635.5,5.0,0.0
2023-04-18,2023-04-18,14.0,170025.0,137722.44,307747.44,9.166666666666666,756.8541666666666,60.57291666666666,2.5770833333333334,4.8,6038.0,3.0,0.0
2023-04-19,2023-04-19,9.0,88493.0,179831.25,268324.25,7.931249999999999,757.9270833333334,67.46875,3.0666666666666664,4.6,6038.7,2.5,0.5
2023-04-20,2023-04-20,14.0,146023.0,796708.61,942731.61,8.695833333333333,753.6875,54.395833333333336,1.875,3.1,10924.0,5.0,0.0
2023-04-21,2023-04-21,8.0,55760.0,82386.77,138146.77,9.320833333333333,748.1770833333334,49.13541666666666,1.50625,3.3,7743.5,4.0,0.0
2023-04-22,2023-04-22,9.0,227640.0,385414.69,613054.69,9.608333333333333,743.8333333333334,63.427083333333336,1.7125,2.9,6278.0,3.0,0.0
2023-04-23,2023-04-23,7.0,77970.0,73484.56,151454.56,10.960416666666667,745.84375,56.0625,3.4791666666666665,5.9,12372.0,6.0,0.0
2023-04-24,2023-04-24,5.0,28800.0,3729.65,32529.65,14.777083333333332,751.1666666666666,51.79166666666666,4.222916666666666,7.2,12154.0,6.0,0.0
2023-04-25,2023-04-25,10.0,497745.0,308713.75,806458.75,16.849999999999998,752.7604166666666,46.94791666666666,3.627083333333333,5.1,12153.0,5.5,0.1
2023-04-26,2023-04-26,10.0,148875.0,114239.31,263114.31,14.48125,746.625,56.802083333333336,5.577083333333333,8.4,5912.0,2.0,0.7000000000000001
2023-04-27,2023-04-27,8.0,80115.0,156985.96,237100.96,14.291666666666666,744.3125,74.17708333333333,5.9125000000000005,7.7,8195.0,3.0,0.0
2023-04-28,2023-04-28,14.0,835884.0,532604.08,1368488.08,9.620833333333334,749.4375,77.72916666666667,3.5812500000000003,5.5,11242.5,4.0,0.0
2023-04-29,2023-04-29,17.0,286000.0,380418.58,666418.58,12.025,751.9270833333334,57.53125,2.7625,3.6,13150.0,6.0,0.0
2023-04-30,2023-04-30,26.0,493953.0,162526.59,656479.59,14.920833333333334,750.3645833333334,67.61458333333333,4.2250000000000005,6.4,6898.2,3.5,0.1
2023-05-01,2023-05-01,10.0,113050.0,317146.98,430196.98,15.485416666666666,748.5520833333334,57.76041666666666,5.927083333333333,7.3,10669.0,5.0,0.0
2023-05-02,2023-05-02,8.0,45455.0,209777.85,255232.85,19.822916666666668,749.75,59.90625,3.6145833333333335,6.9,9025.5,3.5,0.0
2023-05-03,2023-05-03,10.0,45125.0,106606.96,151731.96,15.925,752.1875,67.13541666666667,3.408333333333333,6.0,7746.5,4.0,0.3
2023-05-04,2023-05-04,8.0,50829.0,180293.3,231122.3,14.489583333333334,753.2083333333334,62.25,3.114583333333333,5.5,9525.5,6.0,0.0
2023-05-05,2023-05-05,14.0,167225.0,102496.22,269721.22,15.341666666666669,751.09375,66.86458333333333,4.48125,8.4,8845.0,4.5,0.4
2023-05-06,2023-05-06,3.0,24125.0,27036.44,51161.44,11.851063829787234,746.8191489361702,62.56382978723404,5.455319148936169,10.2,6147.0,2.0,0.3
2023-05-07,2023-05-07,21.0,334152.0,262217.8,596369.8,4.195833333333334,751.0625,58.66666666666666,6.135416666666667,9.4,10191.5,4.5,0.0
2023-05-08,2023-05-08,3.0,71225.0,258575.4,329800.4,4.108333333333333,756.3333333333334,56.66666666666666,4.108333333333333,5.9,9216.5,3.0,0.0
2023-05-09,2023-05-09,8.0,129322.5,194720.1,324042.6,6.045833333333333,758.6770833333334,49.78125,1.9166666666666667,2.5,14196.5,6.0,0.0
2023-05-10,2023-05-10,13.0,187420.0,130864.8,318284.8,9.73125,754.375,49.489583333333336,1.7208333333333332,3.7,9470.5,7.0,0.0
2023-05-11,2023-05-11,23.0,197529.0,811099.18,1008628.18,11.83125,753.1666666666666,61.63541666666666,3.189583333333333,4.5,10442.0,5.0,0.0
2023-05-12,2023-05-12,12.0,229937.0,223249.18,453186.18,13.420833333333334,750.25,63.60416666666666,3.579166666666667,5.6,12226.3,5.0,0.0
2023-05-13,2023-05-13,2.0,11410.0,12960.0,24370.0,13.166666666666666,747.3854166666666,65.66666666666667,2.558333333333333,6.4,10785.5,7.0,0.7
2023-05-14,2023-05-14,11.0,134840.0,254447.44,389287.44,11.110416666666666,750.8958333333334,72.69791666666667,4.870833333333334,6.4,8667.5,3.5,0.8
2023-05-15,2023-05-15,6.0,55155.0,88578.37,143733.37,13.347916666666668,753.40625,66.16666666666667,3.2541666666666664,4.3,10664.0,6.5,0.0
2023-05-16,2023-05-16,9.0,341730.0,342752.22,684482.22,15.54375,755.03125,47.75,2.5104166666666665,3.2,15019.8,7.0,0.0
2023-05-17,2023-05-17,19.0,523958.0,391496.78,915454.78,17.522916666666667,755.0,51.5,3.047916666666667,4.5,11620.5,6.0,0.0
2023-05-18,2023-05-18,11.0,108655.0,162255.22,270910.22,17.114583333333332,755.0729166666666,48.79166666666666,4.204166666666667,6.0,15187.0,7.0,0.0
2023-05-19,2023-05-19,9.0,122750.0,157673.36,280423.36,14.302083333333334,754.46875,57.427083333333336,3.779166666666667,6.3,10751.0,5.5,0.0
2023-05-20,2023-05-20,7.0,71620.0,54657.66,126277.66,15.425,755.28125,65.76041666666667,2.5875,4.0,10563.5,7.0,0.0
2023-05-21,2023-05-21,11.0,193540.0,9654.92,203194.92,19.7125,757.3645833333334,50.114583333333336,1.4854166666666666,2.2,15445.2,7.0,0.0
2023-05-22,2023-05-22,3.0,41100.0,34529.24,75629.24,18.629166666666663,758.0,51.79166666666666,1.55625,4.0,14896.5,7.0,0.0
2023-05-23,2023-05-23,13.0,184888.0,182617.4,367505.4,20.847916666666663,758.40625,45.645833333333336,2.060416666666667,3.3,13433.0,7.0,0.0
2023-05-24,2023-05-24,8.0,67215.0,117634.86,184849.86,22.42083333333333,757.125,45.16666666666666,3.020833333333333,5.0,15401.5,7.0,0.0
2023-05-25,2023-05-25,16.0,256031.0,649670.26,905701.26,23.5,755.15625,43.552083333333336,3.0104166666666665,4.6,15724.5,7.0,0.0
2023-05-26,2023-05-26,7.0,31512.0,246639.05,278151.05,23.3125,752.1666666666666,47.427083333333336,3.3083333333333336,5.1,7260.5,3.0,0.0
2023-05-27,2023-05-27,9.0,201485.0,228746.04,430231.04,21.504166666666663,749.03125,54.208333333333336,5.891666666666667,10.6,7419.0,3.0,0.3
2023-05-28,2023-05-28,7.0,141500.0,91207.16,232707.16,24.20208333333333,746.6354166666666,52.16666666666666,5.185416666666667,8.1,9194.5,7.0,0.3
2023-05-29,2023-05-29,17.0,386865.0,210830.48,597695.48,19.79583333333333,748.2916666666666,63.97916666666666,5.360416666666667,8.7,14334.0,7.0,0.0
2023-05-30,2023-05-30,21.0,248460.0,108943.52,357403.52,16.883333333333333,752.1979166666666,70.45833333333333,2.8000000000000003,4.4,11023.0,6.5,0.3
2023-05-31,2023-05-31,25.0,571075.0,943160.69,1514235.69,22.914583333333336,744.09375,66.22916666666667,5.775,9.0,9291.0,5.0,0.2
2023-06-01,2023-06-01,7.0,52040.0,484215.095,52040.0,19.379166666666663,744.5,71.42708333333333,4.847916666666666,7.2,13669.5,6.0,0.0
2023-06-02,2023-06-02,8.0,55160.0,25269.5,80429.5,18.125,746.4895833333334,78.28125,3.50625,5.1,8678.5,4.0,0.6000000000000001
2023-06-03,2023-06-03,13.0,250410.0,340789.34,591199.34,18.25,743.90625,87.23958333333333,3.154166666666667,5.1,8856.0,5.0,1.2000000000000002
2023-06-04,2023-06-04,6.0,103355.0,85046.86,188401.86,18.23333333333333,747.15625,69.71875,4.6625000000000005,8.5,14804.5,8.0,0.0
2023-06-05,2023-06-05,3.0,64380.0,217917.36,282297.36,13.458333333333334,751.4583333333334,57.802083333333336,2.589583333333333,3.7,16367.3,8.0,0.0
2023-06-06,2023-06-06,7.0,142175.0,90901.3,233076.3,13.70625,748.9479166666666,63.677083333333336,1.7854166666666669,2.8,6639.5,3.0,0.0
2023-06-07,2023-06-07,13.0,234744.0,466662.55,701406.55,14.5625,747.3125,63.958333333333336,3.577083333333333,5.4,10545.0,6.0,0.0
2023-06-08,2023-06-08,10.0,95520.0,281798.17,377318.17,11.7375,748.1145833333334,74.57291666666667,4.285416666666666,7.9,13010.5,6.5,0.0
2023-06-09,2023-06-09,6.0,44422.5,56172.94,100595.44,14.08125,750.9479166666666,69.15625,2.591666666666667,4.8,11496.5,5.5,0.0
2023-06-10,2023-06-10,2.0,6200.0,11095.0,17295.0,14.285416666666668,749.3229166666666,66.25,4.670833333333333,6.9,8509.0,3.5,0.1
2023-06-11,2023-06-11,1.0,8800.0,10159.0,18959.0,10.054166666666667,754.9791666666666,56.15625,3.7916666666666665,6.5,15150.5,6.5,0.0
2023-06-12,2023-06-12,7.0,81390.0,82266.9,163656.9,11.341666666666669,756.8958333333334,54.91666666666666,2.23125,3.5,13735.0,6.0,0.0
2023-06-13,2023-06-13,12.0,160055.0,103293.92,263348.92,14.25,756.9895833333334,57.46875,2.06875,2.9,16588.0,8.0,0.0
2023-06-14,2023-06-14,5.0,18625.0,72112.88,90737.88,17.006249999999998,752.625,55.864583333333336,1.3854166666666667,2.3,12034.5,7.0,0.0
2023-06-15,2023-06-15,7.0,238320.0,237283.0,475603.0,19.2125,748.8854166666666,58.28125,1.9770833333333333,4.0,15275.8,8.0,0.0
2023-06-16,2023-06-16,6.0,56010.0,72357.1,128367.1,19.76458333333333,745.21875,56.020833333333336,2.59375,4.1,16639.0,8.0,0.0
2023-06-17,2023-06-17,4.0,24800.0,4473.28,29273.28,15.889583333333334,745.1354166666666,52.35416666666666,4.70625,6.1,16649.0,8.0,0.0
2023-06-18,2023-06-18,12.0,178963.0,316136.77,495099.77,10.958333333333334,746.0416666666666,53.895833333333336,5.2125,7.8,12086.5,4.5,0.0
2023-06-19,2023-06-19,12.0,456200.0,461681.1,917881.1,9.13125,745.03125,59.625,4.58125,7.1,9688.5,3.0,0.0
2023-06-20,2023-06-20,13.0,291138.0,278276.83,569414.83,9.2625,742.6979166666666,61.71875,3.9479166666666665,5.8,12439.5,6.5,0.0
2023-06-21,2023-06-21,3.0,36384.0,49212.32,85596.32,8.814583333333333,744.53125,62.10416666666666,4.23125,5.7,12749.5,8.0,0.0
2023-06-22,2023-06-22,8.0,79686.0,140656.22,220342.22,11.379166666666668,747.7395833333334,65.16666666666667,2.5229166666666667,3.5,10688.5,4.0,0.0
2023-06-23,2023-06-23,9.0,313400.0,302866.75,616266.75,13.8125,747.7916666666666,65.13541666666667,2.275,3.2,10421.5,4.5,0.2
2023-06-24,2023-06-24,4.0,66625.0,36199.2,102824.2,15.858333333333334,747.0,63.458333333333336,2.7416666666666667,5.0,10734.5,6.0,0.0
2023-06-25,2023-06-25,3.0,62970.0,28047.0,91017.0,15.379166666666668,744.65625,69.53125,3.48125,5.8,12508.5,6.5,0.0
2023-06-26,2023-06-26,13.0,104968.0,580664.51,685632.51,15.566666666666668,745.78125,62.0,4.183333333333334,8.3,12623.5,6.0,0.0
2023-06-27,2023-06-27,21.0,1756492.0,2482438.34,4238930.34,16.516666666666666,745.7604166666666,58.5625,1.84375,3.6,11622.5,6.5,0.0
2023-06-28,2023-06-28,7.0,32850.0,76990.3,109840.3,20.147916666666667,745.3645833333334,63.26041666666666,2.660416666666667,5.4,14326.3,6.5,0.0
2023-06-29,2023-06-29,20.0,565365.0,1025390.08,1590755.08,20.40625,745.0208333333334,70.10416666666667,2.591666666666667,4.7,9831.5,5.0,0.0
2023-06-30,2023-06-30,17.0,150710.0,663522.2949999999,150710.0,22.93541666666667,741.625,65.72916666666667,4.127083333333333,5.7,9839.7,4.0,0.3
2023-07-01,2023-07-01,13.0,215650.0,301654.51,517304.51,21.675,736.4791666666666,73.44791666666667,4.175,6.4,8314.3,3.5,1.1
2023-07-02,2023-07-02,1.0,17200.0,237562.45500000002,17200.0,17.025000000000002,735.78125,93.77083333333331,1.9,3.1,10781.8,5.0,1.0
2023-07-03,2023-07-03,11.0,144420.0,173470.4,317890.4,21.925,740.8125,71.01041666666667,2.810416666666667,5.6,16132.8,7.0,0.0
2023-07-04,2023-07-04,14.0,221670.0,820256.5,1041926.5,23.572916666666668,747.1041666666666,66.05208333333333,1.8416666666666668,3.9,12327.3,8.0,0.0
2023-07-05,2023-07-05,6.0,48645.0,20757.02,69402.02,23.31875,750.71875,56.833333333333336,2.0125,3.4,16278.8,8.0,0.0
2023-07-06,2023-07-06,19.0,275909.0,753717.1,1029626.1,22.852083333333336,750.7395833333334,62.69791666666666,2.7062500000000003,4.7,13721.2,7.0,0.0
2023-07-07,2023-07-07,8.0,97485.0,27221.14,124706.14,22.735416666666666,751.8645833333334,57.47916666666666,2.645833333333333,3.7,13713.3,7.5,0.0
2023-07-08,2023-07-08,2.0,17880.0,48.8,17928.8,24.59166666666667,748.375,56.65625,3.483333333333333,6.1,15921.3,8.0,0.0
2023-07-09,2023-07-09,5.0,50532.5,169552.4,220084.9,25.822916666666668,744.8333333333334,73.79166666666667,2.833333333333333,6.8,10478.0,5.0,0.1
2023-07-10,2023-07-10,22.0,221210.0,276123.76,497333.76,27.370833333333334,739.15625,64.82291666666667,3.9270833333333335,6.7,9082.3,5.0,0.1
2023-07-11,2023-07-11,7.0,156254.0,457525.81,613779.81,29.24375,737.0729166666666,40.9375,4.972916666666666,7.8,9833.2,4.5,0.0
2023-07-12,2023-07-12,5.0,53880.0,46703.73,100583.73,21.45208333333333,737.4895833333334,69.45833333333333,5.339583333333334,7.3,7335.8,3.5,0.5
2023-07-13,2023-07-13,17.0,148330.0,104504.74,252834.74,17.131249999999998,742.65625,57.96875,3.3125,4.9,10985.8,5.0,0.0
2023-07-14,2023-07-14,4.0,36345.0,101319.74,137664.74,18.685416666666665,741.21875,57.91666666666666,3.2458333333333336,4.9,10350.0,7.0,0.0
2023-07-15,2023-07-15,2.0,11180.0,55824.87,11180.0,15.1625,740.7083333333334,83.98958333333333,3.325,4.2,10852.5,4.5,0.0
2023-07-16,2023-07-16,4.0,88333.0,10330.0,98663.0,16.900000000000002,741.7604166666666,71.33333333333333,5.577083333333333,8.7,12438.7,5.0,0.0
2023-07-17,2023-07-17,3.0,30160.0,43507.9,73667.9,18.241666666666667,741.40625,79.71875,5.2125,6.4,8860.2,5.0,0.5
2023-07-18,2023-07-18,4.0,56338.0,56460.0,112798.0,19.285416666666663,738.6770833333334,69.75,4.502083333333333,6.1,11262.5,6.0,0.1
2023-07-19,2023-07-19,13.0,198405.0,136216.16,334621.16,19.94375,734.125,73.07291666666667,2.7270833333333333,5.0,10955.3,6.0,0.0
2023-07-20,2023-07-20,13.0,291452.5,817118.99,1108571.49,17.679166666666667,736.09375,78.71875,5.8125,9.2,14178.0,6.0,0.0
2023-07-21,2023-07-21,17.0,214815.0,211452.94,426267.94,19.04583333333333,740.4375,68.04166666666667,4.833333333333333,7.4,12225.5,7.0,0.0
2023-07-22,2023-07-22,3.0,55870.0,44139.3,100009.3,15.929166666666667,742.8125,83.78125,2.5875,4.6,8643.0,4.0,2.2
2023-07-23,2023-07-23,1.0,6630.0,6190.6,12820.6,17.3375,745.0104166666666,67.69791666666667,3.127083333333333,4.9,11824.0,6.5,0.1
2023-07-24,2023-07-24,9.0,239335.0,455168.69,694503.69,17.104166666666668,743.2708333333334,73.03125,2.997916666666667,7.1,9123.7,6.0,0.5
2023-07-25,2023-07-25,7.0,81375.0,108986.71,190361.71,17.566666666666666,743.4583333333334,71.47916666666667,2.564583333333333,3.9,11853.5,6.0,0.0
2023-07-26,2023-07-26,14.0,180105.0,215926.1,396031.1,20.785416666666663,743.65625,73.11458333333333,2.9562500000000003,4.9,10623.3,5.0,0.0
2023-07-27,2023-07-27,10.0,268938.0,227689.32,496627.32,23.0125,742.3854166666666,69.92708333333333,4.539583333333334,7.0,10974.5,6.5,0.2
2023-07-28,2023-07-28,20.0,450151.0,828910.08,1279061.08,23.2875,744.8333333333334,63.75,2.810416666666667,3.7,14755.0,7.0,0.0
2023-07-29,2023-07-29,5.0,25940.0,56116.7,82056.7,24.785416666666663,744.7083333333334,61.09375,3.185416666666667,5.0,12991.2,7.0,0.0
2023-07-30,2023-07-30,9.0,158580.0,157376.08,315956.08,26.433333333333334,741.6041666666666,59.04166666666666,4.877083333333333,7.3,14550.7,7.0,0.0
2023-07-31,2023-07-31,34.0,1083058.0,902397.08,1985455.08,22.90625,740.96875,79.3125,3.327083333333333,4.8,7451.5,5.0,0.3
2023-08-01,2023-08-01,6.0,92850.0,66109.5,158959.5,19.9125,742.7604166666666,73.98958333333333,3.0583333333333336,4.4,8961.0,5.5,0.2
2023-08-02,2023-08-02,4.0,98580.0,829903.29,928483.29,21.09583333333333,744.8125,72.5,2.247916666666667,3.7,13194.2,7.0,0.6000000000000001
2023-08-03,2023-08-03,12.0,234226.0,284776.42,519002.42,21.79583333333333,746.0,71.4375,2.270833333333333,3.7,12739.7,7.0,0.0
2023-08-04,2023-08-04,3.0,19120.0,165118.52,184238.52,21.56458333333333,746.9375,69.96875,1.9916666666666665,3.7,9867.5,6.5,0.2
2023-08-05,2023-08-05,1.0,23760.0,168.0,23928.0,22.704166666666666,748.3229166666666,66.41666666666667,2.220833333333333,5.0,10740.8,5.0,0.1
2023-08-06,2023-08-06,9.0,63550.0,8108.94,71658.94,22.441666666666663,749.4270833333334,61.8125,4.91875,6.7,13739.5,6.0,0.0
2023-08-07,2023-08-07,6.0,54010.0,48383.0,102393.0,22.18125,748.3229166666666,57.72916666666666,4.4625,6.3,13526.7,6.0,0.0
2023-08-08,2023-08-08,5.0,28940.0,58453.5,87393.5,19.9125,746.4479166666666,66.30208333333333,4.385416666666667,6.9,12488.7,6.0,0.0
2023-08-09,2023-08-09,10.0,227385.0,173715.65,401100.65,21.941666666666663,749.9583333333334,62.01041666666666,3.310416666666667,4.8,13467.2,6.0,0.0
2023-08-10,2023-08-10,7.0,97043.0,254963.14,352006.14,23.291666666666668,752.6875,54.364583333333336,3.3708333333333336,5.4,13351.2,6.0,0.0
2023-08-11,2023-08-11,10.0,321792.5,258376.54,580169.04,20.99375,755.7916666666666,58.0625,2.78125,4.2,13200.0,6.0,0.0
2023-08-12,2023-08-12,18.0,1049633.0,1029010.08,2078643.08,20.8125,756.8229166666666,50.65625,2.1041666666666665,2.9,13113.7,6.0,0.0
2023-08-13,2023-08-13,5.0,71470.0,273229.7,344699.7,22.197916666666668,755.96875,52.35416666666666,2.1375,3.3,12970.0,6.0,0.0
2023-08-14,2023-08-14,6.0,66070.0,8652.54,74722.54,22.964583333333334,752.6666666666666,43.802083333333336,2.18125,3.7,12867.0,6.0,0.0
2023-08-15,2023-08-15,19.0,648139.0,2565042.93,3213181.93,22.87291666666667,748.65625,43.72916666666666,2.4208333333333334,5.6,10128.0,6.0,0.1
2023-08-16,2023-08-16,3.0,81794.0,275590.94,357384.94,24.141666666666666,748.59375,50.34375,2.970833333333333,5.9,8211.8,4.0,0.1
2023-08-17,2023-08-17,13.0,181447.0,745131.68,926578.68,25.116666666666664,751.5208333333334,56.708333333333336,2.802083333333333,3.7,12477.0,6.0,0.0
2023-08-18,2023-08-18,14.0,197284.0,641618.19,838902.19,24.7625,751.625,47.125,2.0812500000000003,4.2,12385.5,6.0,0.0
2023-08-19,2023-08-19,4.0,39150.0,82133.55,121283.55,18.73125,752.9895833333334,65.51041666666667,4.04375,5.7,8240.3,5.5,0.0
2023-08-20,2023-08-20,1.0,8510.0,27216.0,35726.0,13.664583333333333,751.4479166666666,49.645833333333336,2.2604166666666665,3.2,6944.0,2.5,0.0
2023-08-21,2023-08-21,10.0,194668.0,536551.34,731219.34,14.58125,746.3333333333334,52.9375,2.29375,4.9,7037.2,4.0,0.0
2023-08-22,2023-08-22,8.0,84960.0,110732.98,195692.98,13.547916666666666,744.25,51.69791666666666,2.5875,4.6,9798.5,5.0,0.0
2023-08-23,2023-08-23,11.0,139261.0,977743.26,1117004.26,13.245833333333332,742.1875,53.145833333333336,3.454166666666667,5.2,11732.0,5.0,0.0
2023-08-24,2023-08-24,13.0,220201.0,356986.11,577187.11,10.779166666666669,743.59375,52.78125,3.1625,5.8,10166.5,4.0,0.0
2023-08-25,2023-08-25,10.0,92905.0,2138356.75,2231261.75,10.44375,743.7395833333334,65.3125,3.8354166666666663,5.8,7667.0,3.0,0.0
2023-08-26,2023-08-26,10.0,205095.0,207768.65,412863.65,10.610416666666667,744.4166666666666,76.625,3.3666666666666667,5.4,7689.2,4.0,0.7000000000000001
2023-08-27,2023-08-27,15.0,284260.0,275744.4,560004.4,9.904166666666669,739.5833333333334,85.76041666666667,3.489583333333333,5.4,6334.3,2.0,0.3
2023-08-28,2023-08-28,4.0,111760.0,530008.59,641768.59,8.739583333333334,736.78125,91.875,5.908333333333334,8.1,5404.0,2.0,0.2
2023-08-29,2023-08-29,8.0,124630.0,169132.2,293762.2,12.6125,742.1041666666666,68.90625,6.033333333333334,7.9,8674.8,4.5,0.0
2023-08-30,2023-08-30,26.0,554109.0,502996.16,1057105.16,13.260416666666666,743.5104166666666,52.177083333333336,6.10625,8.4,9124.5,5.0,0.0
2023-08-31,2023-08-31,26.0,289275.11,482082.28,771357.39,14.302083333333334,745.0729166666666,62.54166666666666,6.627083333333334,8.8,9612.0,4.5,0.0
2023-09-01,2023-09-01,9.0,138603.0,263926.78,402529.78,15.791666666666666,747.5520833333334,72.80208333333333,5.18125,6.8,7270.7,3.0,0.6
2023-09-02,2023-09-02,3.0,25460.0,79582.8,105042.8,15.064583333333331,751.6145833333334,67.6875,3.452083333333333,4.5,9759.7,5.0,0.0
2023-09-03,2023-09-03,3.0,18990.0,64353.6,83343.6,14.908333333333331,752.5104166666666,64.17708333333333,2.0375,3.1,10225.5,5.0,0.0
2023-09-04,2023-09-04,7.0,54874.0,367754.4,422628.4,15.760416666666666,752.2604166666666,66.89583333333333,1.4208333333333334,2.5,4698.7,2.0,0.4
2023-09-05,2023-09-05,18.0,293380.0,308181.24,601561.24,15.754166666666668,751.5104166666666,70.64583333333333,1.7520833333333332,3.0,9165.5,4.5,0.0
2023-09-06,2023-09-06,4.0,37690.0,164565.96,202255.96,15.859574468085103,747.7021276595744,69.46808510638297,2.7638297872340427,5.0,6910.0,5.0,0.0
2023-09-07,2023-09-07,6.0,136660.0,66532.62,203192.62,13.195833333333333,742.6354166666666,80.875,3.827083333333333,5.4,4056.0,2.0,0.1
2023-09-08,2023-09-08,10.0,177120.0,475507.8,652627.8,8.520833333333334,744.15625,81.88541666666667,3.275,4.3,4592.5,2.0,0.1
2023-09-09,2023-09-09,3.0,14540.0,77128.04,91668.04,14.925,746.0208333333334,68.67708333333333,6.116666666666667,8.6,7899.0,4.0,0.1
2023-09-10,2023-09-10,6.0,67265.0,186030.64,253295.64,13.76875,747.15625,60.15625,5.860416666666667,7.6,6892.0,3.0,0.0
2023-09-11,2023-09-11,13.0,205190.0,118249.7,323439.7,11.839583333333332,747.46875,68.9375,4.9375,8.1,5542.0,2.0,0.3
2023-09-12,2023-09-12,7.0,88790.0,364117.77,452907.77,14.29375,751.5625,63.10416666666666,3.914583333333333,5.5,8029.0,4.0,0.0
2023-09-13,2023-09-13,6.0,71020.0,59861.58,130881.58,14.76808510638298,754.6063829787234,63.53191489361702,2.0659574468085107,3.0,8292.0,4.0,0.0
2023-09-14,2023-09-14,14.0,262142.5,1056161.6,1318304.1,15.08125,755.1041666666666,61.583333333333336,1.2208333333333334,2.0,4060.5,2.0,0.2
2023-09-15,2023-09-15,13.0,107520.0,1505511.4,1613031.4,15.720833333333331,754.59375,62.9375,1.0270833333333331,1.9,6814.0,4.0,0.0
2023-09-16,2023-09-16,7.0,55000.0,2150.3,57150.3,14.94375,753.75,71.32291666666667,1.93125,3.1,3759.0,2.0,0.0
2023-09-17,2023-09-17,10.0,157000.0,114043.08,271043.08,14.822916666666666,754.375,64.17708333333333,2.254166666666667,3.2,8320.3,4.0,0.0
2023-09-18,2023-09-18,1.0,2250.0,9058.24,11308.24,12.252083333333331,750.9270833333334,59.625,3.314583333333333,6.1,7510.7,4.0,0.0
2023-09-19,2023-09-19,9.0,274110.0,349851.8,623961.8,10.333333333333334,751.4895833333334,60.9375,3.402083333333333,4.7,7548.5,4.0,0.0
2023-09-20,2023-09-20,15.0,198650.0,66745.58,265395.58,10.504166666666666,754.3645833333334,52.59375,3.583333333333333,5.9,7845.5,4.0,0.0
2023-09-21,2023-09-21,6.0,65155.0,58791.28,123946.28,16.658333333333335,751.84375,50.375,5.766666666666667,8.0,6218.0,4.0,0.0
2023-09-22,2023-09-22,7.0,62285.0,222559.58,284844.58,17.466666666666665,755.3541666666666,73.75,3.422916666666667,5.0,6508.5,2.0,0.0
2023-09-23,2023-09-23,7.0,241700.0,201925.6,443625.6,16.791666666666668,759.4583333333334,63.28125,1.6854166666666668,3.7,6736.5,3.5,0.0
2023-09-24,2023-09-24,2.0,21830.0,74435.94,96265.94,18.91875,758.8854166666666,56.34375,3.09375,4.5,7342.5,4.0,0.0
2023-09-25,2023-09-25,9.0,592773.0,656506.38,1249279.38,17.085416666666667,755.1979166666666,53.895833333333336,5.0125,7.9,6952.0,3.0,0.2
2023-09-26,2023-09-26,11.0,245350.0,147638.54,392988.54,14.03125,758.1770833333334,69.125,2.8833333333333333,4.8,6480.5,3.0,0.0
2023-09-27,2023-09-27,14.0,228565.0,226440.2,455005.2,11.283333333333331,756.2395833333334,67.92708333333333,3.391666666666667,5.0,4058.5,2.0,0.0
2023-09-28,2023-09-28,7.0,71579.0,270703.87,342282.87,12.691666666666668,754.71875,60.177083333333336,3.452083333333333,4.7,5869.8,2.5,0.1
2023-09-29,2023-09-29,20.0,373218.0,390224.1,763442.1,11.110416666666666,749.0104166666666,81.38541666666667,4.547916666666667,5.7,5981.8,2.0,0.0
2023-09-30,2023-09-30,28.0,1038196.68,1134630.97,2172827.65,11.51875,752.53125,73.38541666666667,2.23125,2.9,6063.2,2.0,0.0
2023-10-01,2023-10-01,2.0,24320.0,66.0,24386.0,12.022916666666667,749.7291666666666,62.25,5.045833333333333,7.1,5022.0,2.0,0.0
2023-10-02,2023-10-02,8.0,502485.0,694280.03,1196765.03,12.783333333333331,746.75,66.14583333333333,4.5125,6.2,3203.2,1.0,0.2
2023-10-03,2023-10-03,6.0,356555.0,730409.0,1086964.0,11.010416666666666,748.7916666666666,90.19791666666669,1.8645833333333333,2.8,3464.0,2.0,0.3
2023-10-04,2023-10-04,13.0,87685.0,15929.74,103614.74,9.7875,748.7083333333334,68.94791666666667,5.15,7.7,3812.0,2.0,0.0
2023-10-05,2023-10-05,12.0,57810.0,67393.56,125203.56,11.339583333333332,745.8333333333334,62.40625,5.222916666666666,7.2,3136.0,2.0,0.0
2023-10-06,2023-10-06,12.0,244193.0,301479.46,545672.46,9.858333333333333,744.4479166666666,72.85416666666667,2.5708333333333333,3.2,4468.0,2.5,0.0
2023-10-07,2023-10-07,6.0,54078.0,12174.8,66252.8,9.8625,738.3958333333334,68.875,4.335416666666666,7.3,3622.0,2.0,0.2
2023-10-08,2023-10-08,5.0,33485.0,52263.32,85748.32,5.077083333333333,727.8229166666666,81.45833333333333,6.252083333333334,8.4,2290.5,1.0,0.2
2023-10-09,2023-10-09,5.0,73475.0,288554.3,362029.3,3.114583333333333,730.5625,80.23958333333333,6.154166666666666,8.3,3696.0,2.0,0.0
2023-10-10,2023-10-10,7.0,72157.5,31607.62,103765.12,3.36875,738.5,90.0,3.85625,4.9,2527.8,1.0,0.2
2023-10-11,2023-10-11,11.0,328467.0,332392.1,660859.1,3.454166666666667,746.125,91.20833333333331,3.158333333333333,4.7,2791.5,1.0,0.2
2023-10-12,2023-10-12,10.0,282680.0,315140.97,597820.97,2.5333333333333337,745.6979166666666,76.21875,8.185416666666667,10.9,2460.0,1.0,0.8
2023-10-13,2023-10-13,12.0,102425.0,651474.21,753899.21,6.76875,739.6458333333334,83.05208333333333,8.450000000000001,10.2,3777.5,2.0,1.2
2023-10-14,2023-10-14,4.0,78460.0,4568.0,83028.0,6.095833333333334,745.40625,76.59375,5.383333333333333,6.9,4163.0,2.0,0.1
2023-10-15,2023-10-15,4.0,38250.0,13480.42,51730.42,9.3125,743.21875,77.9375,6.814583333333334,7.7,2300.2,1.0,0.4
2023-10-16,2023-10-16,17.0,279370.0,232349.24,511719.24,13.216666666666669,743.6041666666666,71.3125,7.01875,7.8,4588.5,3.0,0.0
2023-10-17,2023-10-17,12.0,365575.0,423029.32,788604.32,8.827083333333333,738.2604166666666,54.96875,9.325,12.3,2679.5,1.5,0.0
2023-10-18,2023-10-18,9.0,258640.0,146166.25,404806.25,3.7125,740.5729166666666,72.32291666666667,8.227083333333333,9.9,2401.0,1.0,0.0
2023-10-19,2023-10-19,10.0,153025.0,166472.95,319497.95,3.83125,746.4479166666666,83.8125,5.125,7.1,3293.0,2.0,0.0
2023-10-20,2023-10-20,14.0,242629.0,149434.4,392063.4,3.622916666666667,748.3229166666666,84.98958333333333,2.90625,5.0,2627.3,1.0,0.0
2023-10-21,2023-10-21,5.0,110261.0,78300.38,188561.38,1.53125,746.125,76.69791666666667,3.45,5.2,2481.0,1.0,0.0
2023-10-22,2023-10-22,7.0,128700.0,12350.1,141050.1,-1.175,747.4583333333334,71.44791666666667,5.53125,6.4,2317.8,1.0,0.0
2023-10-23,2023-10-23,10.0,76860.0,64305.8,141165.8,-0.3458333333333334,745.40625,84.19791666666667,4.185416666666667,5.5,1694.0,1.0,8.2
2023-10-24,2023-10-24,12.0,430160.0,247010.74,677170.74,-0.7083333333333334,736.96875,92.92708333333331,4.125,6.7,1550.2,1.0,8.1
2023-10-25,2023-10-25,9.0,60030.0,3135.41,63165.41,-2.45,743.8645833333334,88.25,3.5270833333333336,4.6,1989.2,1.0,0.0
2023-10-26,2023-10-26,11.0,259634.0,395987.23,655621.23,-4.045833333333333,749.7916666666666,89.39583333333333,3.0666666666666664,4.5,2239.3,1.0,0.0
2023-10-27,2023-10-27,15.0,146948.0,483330.45,630278.45,-7.416666666666667,752.9895833333334,90.41666666666669,1.95625,3.6,1699.0,1.0,0.0
2023-10-28,2023-10-28,6.0,137020.0,22761.0,159781.0,-4.714583333333333,745.15625,92.66666666666669,4.664583333333334,5.5,1293.5,1.0,4.2
2023-10-29,2023-10-29,3.0,27860.0,94150.14,122010.14,-0.5,734.40625,97.27083333333331,6.158333333333334,7.6,1475.2,1.0,3.1
2023-10-30,2023-10-30,13.0,157914.0,367980.64,525894.64,-1.4020833333333331,742.8854166666666,94.86458333333331,4.24375,5.2,928.3,2.0,2.1
2023-10-31,2023-10-31,41.0,1038697.5,511480.06,1550177.56,-1.0125,747.0520833333334,94.03125,2.6125000000000003,4.1,1428.0,1.0,3.5
2023-11-01,2023-11-01,4.0,66624.0,297690.93,364314.93,0.3958333333333332,750.1354166666666,96.77083333333331,3.2375000000000003,6.4,1271.5,1.0,1.3
2023-11-02,2023-11-02,16.0,159365.0,234857.82,394222.82,6.7125,745.5729166666666,92.3125,4.435416666666667,7.0,1146.3,1.0,0.2
2023-11-03,2023-11-03,8.0,117140.0,63340.68,180480.68,5.3812500000000005,743.4166666666666,78.92708333333333,6.479166666666667,8.0,2407.3,1.0,0.1
2023-11-04,2023-11-04,15.0,213612.5,373692.31,587304.81,-0.6062500000000001,755.4166666666666,75.39583333333333,2.1104166666666666,4.3,1600.5,1.0,0.0
2023-11-05,2023-11-05,3.0,29090.0,13186.0,42276.0,-1.775,756.8958333333334,76.8125,3.064583333333333,4.8,2107.5,1.0,0.0
2023-11-06,2023-11-06,14.0,260940.0,164145.46,425085.46,3.2770833333333336,750.6770833333334,84.04166666666667,4.872916666666667,5.8,2404.2,2.0,0.0
2023-11-07,2023-11-07,11.0,182005.0,137493.74,319498.74,4.508333333333334,743.8958333333334,81.08333333333333,4.68125,6.1,1956.0,2.0,0.0
2023-11-08,2023-11-08,4.0,20865.0,109887.6,130752.6,3.4166666666666665,740.9375,91.71875,2.4145833333333333,4.9,775.5,1.0,1.9
2023-11-09,2023-11-09,21.0,204656.0,593254.05,797910.05,4.28125,746.1770833333334,89.10416666666667,2.6354166666666665,4.4,1526.0,1.0,0.9
2023-11-10,2023-11-10,14.0,525070.0,382439.73,907509.73,5.139583333333333,741.5208333333334,91.6875,5.15625,8.1,1215.0,1.0,0.4
2023-11-11,2023-11-11,3.0,21270.0,108900.2,130170.2,1.9895833333333333,749.0416666666666,88.14583333333333,3.327083333333333,5.1,1548.5,1.0,0.0
2023-11-12,2023-11-12,10.0,137010.0,105611.31,242621.31,-1.0770833333333334,754.71875,79.89583333333333,2.8000000000000003,4.5,1186.0,1.0,1.9
2023-11-13,2023-11-13,17.0,415492.0,784783.15,1200275.15,1.8729166666666668,748.3229166666666,89.41666666666667,7.29375,8.5,434.5,1.0,9.7
2023-11-14,2023-11-14,7.0,73855.0,96283.21,170138.21,4.827083333333333,743.2395833333334,86.59375,5.985416666666667,7.8,1028.0,1.0,0.9
2023-11-15,2023-11-15,4.0,57965.0,13612.87,71577.87,2.555813953488372,739.5,88.47674418604652,3.590697674418605,5.2,1388.5,2.0,0.0
2023-11-16,2023-11-16,16.0,404039.0,343690.36,747729.36,1.2058823529411764,741.1764705882352,87.11764705882354,3.244117647058824,4.1,461.5,1.0,0.0
2023-11-17,2023-11-17,7.0,175295.0,466739.54,642034.54,-1.960416666666667,746.5104166666666,73.66666666666667,3.38125,4.0,991.0,1.0,0.0
2023-11-18,2023-11-18,10.0,307845.0,340263.28,648108.28,-6.995833333333334,751.0833333333334,58.927083333333336,4.014583333333333,4.4,1071.5,1.0,0.0
2023-11-19,2023-11-19,6.0,135828.0,118022.59,253850.59,-6.777083333333334,754.4791666666666,71.35416666666667,3.90625,5.3,947.0,1.0,0.0
2023-11-20,2023-11-20,10.0,184630.0,123630.22,308260.22,-7.524999999999999,755.3229166666666,71.55208333333333,3.110416666666667,5.2,637.0,1.0,1.6
2023-11-21,2023-11-21,6.0,50480.0,31889.36,82369.36,-5.097916666666666,743.3229166666666,94.45833333333331,4.766666666666667,6.8,452.5,1.0,26.7
2023-11-22,2023-11-22,10.0,122380.0,178956.2,301336.2,-5.604166666666667,732.7708333333334,95.52083333333331,5.314583333333333,6.7,451.0,1.0,23.1
2023-11-23,2023-11-23,5.0,200930.0,166820.74,367750.74,-10.622916666666669,732.6770833333334,89.08333333333333,5.741666666666667,6.5,720.0,1.0,1.0
2023-11-24,2023-11-24,7.0,150945.0,171855.2,322800.2,-14.6125,733.6041666666666,84.9375,4.1312500000000005,6.3,734.5,1.0,0.4
2023-11-25,2023-11-25,4.0,99420.0,12718.4,112138.4,-5.883333333333333,734.7083333333334,93.41666666666669,4.520833333333333,6.8,778.5,1.0,0.5
2023-11-26,2023-11-26,7.0,73360.0,19124.0,92484.0,-0.3979166666666666,745.53125,96.35416666666669,4.145833333333333,6.1,498.0,1.0,5.9
2023-11-27,2023-11-27,8.0,99190.0,14165.58,113355.58,1.24375,744.34375,84.09375,4.033333333333333,5.3,1322.5,1.0,0.0
2023-11-28,2023-11-28,22.0,435040.0,425994.9,861034.9,-1.6416666666666666,744.2916666666666,92.69791666666669,2.2625,3.2,539.5,1.0,4.8
2023-11-29,2023-11-29,5.0,44020.0,978.6,44998.6,-4.28125,751.96875,91.85416666666669,3.483333333333333,4.4,503.5,1.0,4.5
2023-11-30,2023-11-30,55.0,1231868.0,1157022.59,2388890.59,-14.475,754.5520833333334,86.71875,1.4375,2.2,675.5,1.0,0.0
2023-12-01,2023-12-01,14.0,141129.0,973584.81,1114713.81,-9.370833333333334,748.5729166666666,90.5,2.5,4.2,489.0,1.0,3.4
2023-12-02,2023-12-02,5.0,50890.0,46678.8,97568.8,-7.202083333333333,740.2083333333334,92.27083333333331,3.9625,6.2,370.5,0.0,2.6
2023-12-03,2023-12-03,8.0,76560.0,30664.56,107224.56,-10.453191489361702,749.3510638297872,87.40425531914893,2.780851063829787,5.5,700.0,1.0,0.2
2023-12-04,2023-12-04,9.0,140068.0,121181.14,261249.14,-7.425,741.4270833333334,91.875,5.61875,8.0,617.5,1.0,2.1
2023-12-05,2023-12-05,4.0,37300.0,25566.72,62866.72,-10.904166666666669,745.4166666666666,87.30208333333333,4.33125,7.2,533.0,1.0,0.3
2023-12-06,2023-12-06,18.0,253846.0,286914.68,540760.68,-22.172916666666666,756.4895833333334,79.22916666666667,1.825,3.2,573.0,1.0,0.0
2023-12-07,2023-12-07,10.0,175021.0,902956.99,1077977.99,-30.383333333333336,767.1875,72.23958333333333,1.4854166666666666,1.9,509.0,1.0,0.0
2023-12-08,2023-12-08,4.0,31510.0,8565.6,40075.6,-31.41875,770.6666666666666,71.8125,1.3291666666666666,1.7,469.0,1.0,0.0
2023-12-09,2023-12-09,5.0,72925.0,228810.83,301735.83,-31.7375,771.6666666666666,71.07291666666667,0.9479166666666666,1.4,486.0,1.0,0.0
2023-12-10,2023-12-10,11.0,225220.0,332779.85,557999.85,-32.47291666666667,771.0729166666666,71.89583333333333,1.6041666666666667,2.2,499.0,1.0,0.0
2023-12-11,2023-12-11,9.0,234657.5,17787.08,252444.58,-27.17708333333333,773.7395833333334,73.10416666666667,2.3541666666666665,3.4,453.5,1.0,0.0
2023-12-12,2023-12-12,5.0,87575.0,36765.38,124340.38,-24.375,773.9895833333334,66.3125,5.447916666666667,6.8,410.5,0.0,1.0
2023-12-13,2023-12-13,17.0,143640.0,231554.47,375194.47,-19.48333333333333,771.15625,68.16666666666667,5.395833333333333,6.2,442.0,1.0,0.0
2023-12-14,2023-12-14,5.0,141855.0,58323.86,200178.86,-13.814583333333331,767.75,76.79166666666667,4.595833333333333,5.0,333.5,0.0,3.5
2023-12-15,2023-12-15,9.0,232310.0,247199.3,479509.3,-11.208333333333334,762.9479166666666,72.83333333333333,3.65,4.7,1022.0,1.0,0.0
2023-12-16,2023-12-16,13.0,191595.0,258059.86,449654.86,-11.55625,754.09375,77.03125,5.022916666666666,6.0,905.5,1.0,3.3
2023-12-17,2023-12-17,3.0,38890.0,3800.58,42690.58,-11.304166666666667,747.9791666666666,86.625,4.229166666666667,6.0,971.0,1.0,0.1
2023-12-18,2023-12-18,3.0,29000.0,203570.6,232570.6,-6.237500000000001,739.40625,91.15625,5.3812500000000005,7.2,968.0,1.0,1.4
2023-12-19,2023-12-19,12.0,245435.0,381357.38,626792.38,-2.6750000000000003,741.4479166666666,93.51041666666669,3.74375,7.1,465.0,1.0,0.0
2023-12-20,2023-12-20,11.0,139925.0,381700.42,521625.42,-0.4124999999999999,736.2916666666666,96.125,7.1875,9.6,528.0,1.0,6.1
2023-12-21,2023-12-21,6.0,39370.0,104755.2,144125.2,1.3375,740.7291666666666,95.61458333333331,7.170833333333333,9.0,226.0,0.0,0.9
2023-12-22,2023-12-22,13.0,288653.0,378735.97,667388.97,0.9708333333333332,742.1354166666666,97.75,6.566666666666666,7.3,282.0,0.0,0.7000000000000001
2023-12-23,2023-12-23,1.0,6450.0,10731.6,17181.6,-1.6229166666666668,741.28125,92.52083333333331,3.439583333333333,5.0,325.0,0.5,4.9
2023-12-24,2023-12-24,3.0,45360.0,20090.84,65450.84,-3.7604166666666665,734.9479166666666,93.875,3.283333333333333,4.2,475.5,1.0,3.5
2023-12-25,2023-12-25,30.0,558505.0,792894.84,1351399.84,-3.25625,727.7291666666666,94.42708333333331,5.702083333333333,8.9,462.0,1.0,2.9
2023-12-26,2023-12-26,9.0,160725.0,142282.04,303007.04,-4.35,730.09375,92.82291666666669,4.520833333333333,6.8,508.0,1.0,0.0
2023-12-27,2023-12-27,19.0,202810.0,33303.44,236113.44,-9.095833333333331,733.9479166666666,91.35416666666669,3.0229166666666667,4.3,485.5,1.0,0.0
2023-12-28,2023-12-28,11.0,234635.0,339058.3,573693.3,-7.670833333333333,735.6458333333334,91.0,2.3270833333333334,3.5,458.0,1.0,1.0
2023-12-29,2023-12-29,7.0,85030.0,253008.2,338038.2,-10.697916666666666,735.5729166666666,87.125,4.302083333333333,5.7,555.5,1.0,1.2
2023-12-30,2023-12-30,35.0,671495.0,687728.26,1359223.26,-17.547916666666666,740.9583333333334,82.27083333333333,1.5416666666666667,2.9,524.5,1.0,0.2
2023-12-31,2023-12-31,27.0,512481.25,525724.645,1038205.895,-14.466666666666669,737.8020833333334,88.47916666666667,3.954166666666667,6.6,316.0,0.0,4.2
2024-01-01,2024-01-01,19.0,353467.5,363721.03,717188.53,-15.2625,736.1145833333334,84.88541666666667,5.245833333333333,6.2,481.5,1.0,1.0
2024-01-02,2024-01-02,11.0,194453.75,201717.41500000004,396171.16500000004,-25.06875,749.8229166666666,74.80208333333333,1.5666666666666669,2.9,478.5,1.0,0.0
2024-01-03,2024-01-03,3.0,35440.0,39713.8,75153.8,-21.822916666666668,745.71875,78.33333333333333,5.9750000000000005,7.7,407.0,0.5,6.0
2024-01-04,2024-01-04,8.0,134145.0,194536.72,328681.72,-16.079166666666666,736.0416666666666,86.58333333333333,4.816666666666666,8.0,525.5,1.0,6.6
2024-01-05,2024-01-05,12.0,275562.0,1044929.05,1320491.05,-21.86875,743.8645833333334,78.82291666666667,1.0645833333333334,1.7,578.0,1.0,0.0
2024-01-06,2024-01-06,6.0,123975.0,171101.0,295076.0,-23.1375,748.2291666666666,76.86458333333333,1.29375,1.7,561.0,1.0,0.2
2024-01-07,2024-01-07,2.0,11952.0,317882.145,11952.0,-23.34166666666667,744.875,76.78125,2.9562500000000003,4.8,532.5,1.0,0.5
2024-01-08,2024-01-08,9.0,125920.0,464663.29,590583.29,-21.61458333333333,747.8125,77.83333333333333,3.9166666666666665,4.8,574.5,1.0,0.0
2024-01-09,2024-01-09,16.0,137170.0,207236.2,344406.2,-19.31458333333333,742.4895833333334,81.65625,3.922916666666667,6.5,475.5,0.5,0.0
2024-01-10,2024-01-10,7.0,63155.0,80523.16,143678.16,-26.975,740.4895833333334,75.01041666666667,2.552083333333333,4.4,585.0,1.0,0.0
2024-01-11,2024-01-11,6.0,113622.0,254952.53,368574.53,-18.95625,736.7083333333334,80.45833333333333,5.495833333333334,8.8,452.5,0.0,0.0
2024-01-12,2024-01-12,22.0,401640.0,654975.61,1056615.61,-15.789583333333333,727.4791666666666,87.27083333333333,4.302083333333333,6.7,427.0,0.0,0.2
2024-01-13,2024-01-13,12.0,96660.0,153315.24,249975.24,-22.879166666666663,734.8541666666666,76.86458333333333,3.31875,4.1,607.5,1.0,0.0
2024-01-14,2024-01-14,2.0,19000.0,175160.4,194160.4,-16.685416666666665,741.6979166666666,77.57291666666667,6.195833333333333,7.7,633.0,1.0,0.0
2024-01-15,2024-01-15,14.0,300525.0,477795.0,778320.0,-14.791666666666666,748.40625,77.91666666666667,6.952083333333333,7.8,589.5,1.0,0.6
2024-01-16,2024-01-16,8.0,223145.0,315847.18,538992.18,-11.454166666666666,747.0208333333334,87.875,7.75,9.8,496.5,0.5,3.1
2024-01-17,2024-01-17,13.0,157536.0,292830.1,450366.1,-8.020833333333334,742.84375,88.19791666666667,9.345833333333331,10.9,462.0,1.0,3.4
2024-01-18,2024-01-18,13.0,356686.0,341463.31,698149.31,-13.929166666666667,750.9375,84.54166666666667,4.052083333333333,6.6,767.5,1.0,0.0
2024-01-19,2024-01-19,7.0,164775.0,240483.04,405258.04,-10.839583333333332,750.0,86.83333333333333,7.997916666666666,11.3,465.0,0.0,10.7
2024-01-20,2024-01-20,1.0,300.0,141246.92,300.0,-4.010416666666667,747.96875,95.1875,7.44375,9.0,441.0,1.0,12.3
2024-01-21,2024-01-21,3.0,26450.0,42010.8,68460.8,-5.160416666666666,744.9479166666666,92.27083333333331,7.8,9.7,313.0,0.0,8.4
2024-01-22,2024-01-22,1.0,23650.0,404819.72,428469.72,-15.691666666666668,758.7083333333334,80.8125,3.70625,5.8,910.0,1.0,0.0
2024-01-23,2024-01-23,9.0,222210.0,123474.38,345684.38,-14.7625,760.7083333333334,75.48958333333333,4.691666666666666,6.1,862.0,1.0,0.0
2024-01-24,2024-01-24,8.0,148920.0,149038.2,297958.2,-10.3,752.5208333333334,82.6875,5.045833333333333,6.0,839.5,1.0,0.9
2024-01-25,2024-01-25,10.0,122233.0,355738.28,477971.28,-10.175,748.2708333333334,90.95833333333331,2.2687500000000003,3.5,762.0,1.0,11.0
2024-01-26,2024-01-26,6.0,94996.0,150387.52,245383.52,-9.558333333333334,752.4166666666666,87.30208333333333,2.341666666666667,3.4,799.5,1.0,0.8
2024-01-27,2024-01-27,7.0,108710.0,71790.38,180500.38,-9.054166666666667,755.375,87.67708333333333,3.2062500000000003,4.7,807.0,1.0,0.1
2024-01-28,2024-01-28,4.0,49932.0,28273.0,78205.0,-9.920833333333333,759.0625,89.38541666666667,1.5,1.8,866.5,1.0,0.2
2024-01-29,2024-01-29,10.0,313645.0,2394763.38,2708408.38,-6.970833333333334,758.3333333333334,90.53125,2.864583333333333,4.2,991.0,1.0,0.0
2024-01-30,2024-01-30,18.0,225900.0,330041.07,555941.07,-4.0875,748.3645833333334,94.05208333333331,3.489583333333333,8.5,680.0,1.0,7.0
2024-01-31,2024-01-31,46.0,1141948.2,878354.36,2020302.56,-3.11875,749.1666666666666,90.4375,4.595833333333333,8.3,1089.0,1.0,0.0
2024-02-01,2024-02-01,5.0,38700.0,129870.08,168570.08,-5.160416666666666,747.15625,92.21875,2.8166666666666664,4.7,1252.5,1.0,0.0
2024-02-02,2024-02-02,17.0,227560.0,514364.38,741924.38,-7.802083333333333,738.5729166666666,91.30208333333331,4.658333333333333,5.8,1136.0,1.0,3.0
2024-02-03,2024-02-03,2.0,28110.0,144522.4,172632.4,-4.18125,732.6666666666666,94.51041666666669,3.575,5.3,1005.5,1.0,1.2000000000000002
2024-02-04,2024-02-04,3.0,53200.0,6266.4,59466.4,-6.714583333333334,733.1458333333334,90.9375,4.2,6.7,1363.5,1.0,0.7999999999999999
2024-02-05,2024-02-05,8.0,177073.0,122820.21,299893.21,-6.20625,726.7291666666666,90.02083333333333,5.827083333333333,8.1,952.5,1.0,0.2
2024-02-06,2024-02-06,11.0,244921.0,356980.74,601901.74,-3.145833333333333,728.1458333333334,94.98958333333331,4.647916666666666,6.5,679.0,1.0,3.3
2024-02-07,2024-02-07,8.0,68118.0,369784.0,437902.0,-4.25,724.875,95.53125,4.522916666666666,6.0,488.0,1.0,2.9
2024-02-08,2024-02-08,18.0,353113.0,538302.19,891415.19,-9.8625,724.8125,89.73958333333333,3.7229166666666655,7.6,1383.0,1.0,0.7000000000000001
2024-02-09,2024-02-09,15.0,338997.0,839097.68,1178094.68,-16.431250000000002,732.8125,80.70833333333333,3.695833333333333,6.4,1366.0,1.5,0.0
2024-02-10,2024-02-10,10.0,118370.0,14660.02,133030.02,-22.370833333333334,745.0729166666666,79.15625,2.60625,3.9,1640.0,1.5,0.0
2024-02-11,2024-02-11,8.0,66880.0,31899.14,98779.14,-15.36875,755.8333333333334,82.98958333333333,2.829166666666667,4.0,1753.5,1.5,0.0
2024-02-12,2024-02-12,5.0,170645.0,56764.14,227409.14,-16.295833333333334,755.8125,80.25,3.029166666666667,4.6,1628.0,1.5,0.4
2024-02-13,2024-02-13,7.0,197080.0,333039.92,530119.92,-11.88125,747.9895833333334,85.96875,3.2916666666666665,5.1,1852.5,1.0,2.1
2024-02-14,2024-02-14,24.0,207413.0,287457.02,494870.02,-23.92083333333333,760.4583333333334,75.47916666666667,2.5187500000000003,3.9,1801.0,1.0,0.0
2024-02-15,2024-02-15,15.0,160455.0,329568.92,490023.92,-27.079166666666666,770.34375,72.92708333333333,2.0541666666666667,2.8,1726.5,1.0,0.0
2024-02-16,2024-02-16,7.0,100555.0,212445.32,313000.32,-24.27083333333333,772.7916666666666,73.52083333333333,2.066666666666667,3.5,1092.0,1.0,0.2
2024-02-17,2024-02-17,13.0,257420.0,314963.62,572383.62,-15.614583333333334,767.375,80.5625,2.98125,4.4,1634.5,1.0,0.2
2024-02-18,2024-02-18,6.0,92670.0,489594.08,582264.08,-11.360416666666666,758.0520833333334,79.375,6.441666666666666,8.5,1751.5,1.0,0.0
2024-02-19,2024-02-19,13.0,304275.0,248184.9,552459.9,-8.797916666666667,754.625,90.34375,6.577083333333333,8.5,1382.5,1.0,1.5
2024-02-20,2024-02-20,26.0,612490.0,1091632.51,1704122.51,-13.075,760.2604166666666,86.34375,2.7104166666666667,3.6,2185.0,1.0,0.0
2024-02-21,2024-02-21,11.0,332572.0,555882.11,888454.11,-15.508333333333333,761.0,83.625,2.6958333333333333,4.0,1852.0,1.0,0.0
2024-02-22,2024-02-22,16.0,270068.0,436565.35,706633.35,-16.404166666666665,761.59375,82.89583333333333,2.3520833333333333,3.5,2145.0,1.0,0.0
2024-02-23,2024-02-23,5.0,73470.0,57577.65,131047.65,-17.222916666666666,764.2083333333334,80.65625,2.747916666666667,4.2,2306.5,1.0,0.0
2024-02-24,2024-02-24,3.0,28990.0,25664.8,54654.8,-12.73125,767.2708333333334,80.10416666666667,3.454166666666667,5.0,2623.5,1.0,0.1
2024-02-25,2024-02-25,11.0,125060.0,224722.24,349782.24,-8.558333333333334,767.8020833333334,81.42708333333333,4.091666666666667,5.5,3033.5,1.0,0.0
2024-02-26,2024-02-26,25.0,755377.6,1155652.95,1911030.55,-8.549999999999999,766.4375,79.14583333333333,4.05625,5.1,2279.5,1.0,0.0
2024-02-27,2024-02-27,6.0,110272.0,41612.16,151884.16,-7.710416666666667,764.59375,77.48958333333333,4.722916666666666,6.0,1829.0,1.0,0.0
2024-02-28,2024-02-28,25.0,609716.5,413002.74,1022719.24,-5.429166666666667,762.25,81.0625,4.677083333333333,5.7,2613.0,1.0,0.0
2024-02-29,2024-02-29,45.0,953190.5,801854.5,1755045.0,-3.883333333333333,758.5520833333334,86.41666666666667,4.639583333333333,5.8,1961.7,1.0,0.2
2024-03-01,2024-03-01,10.0,288855.0,525858.28,814713.28,-3.0708333333333333,759.8854166666666,93.25,1.9395833333333328,2.7,2565.0,1.0,2.4
2024-03-02,2024-03-02,2.0,44765.0,359334.16,404099.16,-3.5875,761.8645833333334,92.64583333333331,1.7875,3.0,4219.8,2.0,0.0
2024-03-03,2024-03-03,4.0,118500.0,146888.22,265388.22,-0.7062499999999999,759.8333333333334,94.07291666666669,3.46875,4.8,2791.0,1.0,0.0
2024-03-04,2024-03-04,19.0,300375.0,675513.56,975888.56,0.425,753.3333333333334,91.80208333333331,5.4125000000000005,6.9,3881.5,2.0,0.2
2024-03-05,2024-03-05,8.0,266970.0,255278.37,522248.37,-2.2333333333333334,751.0520833333334,90.10416666666669,3.514583333333333,4.8,3440.8,2.0,0.0
2024-03-06,2024-03-06,19.0,492085.0,677295.3,1169380.3,-10.058333333333334,753.3333333333334,86.8125,2.2062500000000003,3.4,3256.5,1.0,0.0
2024-03-07,2024-03-07,6.0,110526.0,606195.63,716721.63,-9.141666666666667,750.7604166666666,87.85416666666667,3.0229166666666667,5.4,2731.7,1.0,0.5
2024-03-08,2024-03-08,4.0,185180.0,228319.52,413499.52,-4.797916666666667,742.2916666666666,93.48958333333331,4.2562500000000005,5.4,2155.8,1.0,0.8
2024-03-09,2024-03-09,13.0,164565.0,253901.4,418466.4,-5.8375,741.6458333333334,90.26041666666669,1.2145833333333331,1.9,3163.5,1.0,0.8
2024-03-10,2024-03-10,2.0,13015.0,501517.92499999993,13015.0,-9.210416666666667,746.5729166666666,88.01041666666667,2.0729166666666665,2.9,3339.7,1.0,0.0
2024-03-11,2024-03-11,11.0,513523.0,749134.45,1262657.45,-11.73125,750.0,83.21875,2.458333333333333,4.1,3570.8,1.0,0.1
2024-03-12,2024-03-12,15.0,394935.0,620692.19,1015627.19,-8.660416666666666,748.65625,89.60416666666667,2.1625,2.9,3234.0,1.0,1.9
2024-03-13,2024-03-13,16.0,296601.0,346016.03,642617.03,-6.9750000000000005,753.96875,89.32291666666667,3.377083333333333,5.4,3310.0,1.0,0.0
2024-03-14,2024-03-14,9.0,149620.0,476370.04,625990.04,-1.451063829787234,753.4787234042553,91.26595744680851,5.876595744680851,6.5,2394.5,1.0,2.0
2024-03-15,2024-03-15,11.0,563442.0,501598.6,1065040.6,0.84375,754.1354166666666,86.85416666666667,6.920833333333333,8.2,5287.5,2.0,1.9
2024-03-16,2024-03-16,5.0,154880.0,325895.4,480775.4,0.8250000000000001,756.4479166666666,87.78125,5.685416666666666,7.1,6395.2,2.0,0.0
2024-03-17,2024-03-17,2.0,28170.0,3288.04,31458.04,-1.4479166666666667,756.1145833333334,87.96875,3.327083333333333,4.6,6075.5,2.0,0.0
2024-03-18,2024-03-18,22.0,596672.5,1482016.58,2078689.08,-0.7854166666666668,751.8125,90.0625,2.685416666666667,6.7,4571.0,3.0,0.0
2024-03-19,2024-03-19,9.0,140020.0,220472.61,360492.61,-2.175,755.7083333333334,85.39583333333333,3.939583333333333,6.3,6965.5,3.0,0.0
2024-03-20,2024-03-20,19.0,464556.0,608360.89,1072916.89,-2.083333333333333,757.8645833333334,91.35416666666669,1.11875,1.6,6780.0,2.5,0.0
2024-03-21,2024-03-21,21.0,352616.0,973108.62,1325724.62,1.3395833333333331,755.90625,92.4375,2.5875,3.3,6449.0,3.0,0.0
2024-03-22,2024-03-22,13.0,343000.0,513751.77,856751.77,1.0854166666666667,751.1875,94.14583333333331,3.8166666666666655,4.5,4849.0,2.0,0.0
2024-03-23,2024-03-23,10.0,77583.0,117798.9,195381.9,0.5833333333333334,744.3958333333334,86.85416666666667,6.158333333333334,7.7,3711.7,2.0,0.0
2024-03-24,2024-03-24,7.0,93675.0,70511.57,164186.57,1.1604166666666669,740.625,96.27083333333331,5.83125,8.4,3753.8,2.0,2.9
2024-03-25,2024-03-25,10.0,161436.0,204686.79,366122.79,2.0625,745.5416666666666,97.47916666666669,4.91875,6.3,3585.7,2.0,0.4
2024-03-26,2024-03-26,8.0,157720.0,551011.34,708731.34,2.784090909090909,745.3977272727273,98.13636363636364,3.829545454545455,9.6,3681.7,3.0,0.6000000000000001
2024-03-27,2024-03-27,21.0,581315.0,674646.05,1255961.05,1.7020833333333334,735.1666666666666,97.23958333333331,8.627083333333333,10.9,2779.5,1.0,0.5
2024-03-28,2024-03-28,3.0,44756.0,1352289.2,1397045.2,-1.5041666666666669,740.8958333333334,90.28125,6.716666666666666,7.6,3561.2,2.0,2.4
2024-03-29,2024-03-29,21.0,558676.0,637237.71,1195913.71,-1.7791666666666668,748.59375,90.33333333333331,2.841666666666667,4.4,7450.2,4.0,0.0
2024-03-30,2024-03-30,14.0,132540.0,98392.48,230932.48,1.1229166666666666,747.5729166666666,97.61458333333331,5.325,6.3,4899.2,2.0,0.0
2024-03-31,2024-03-31,37.0,888930.0,369113.93,1258043.93,2.2893617021276595,749.1914893617021,99.59574468085108,4.272340425531915,4.9,4636.7,2.0,0.4
2024-04-01,2024-04-01,7.0,56305.0,25115.12,81420.12,2.96875,753.0104166666666,96.42708333333331,3.2270833333333333,5.4,1534.2,1.0,2.3000000000000003
2024-04-02,2024-04-02,11.5,254245.0,383682.9,637927.9,4.91875,748.4479166666666,97.10416666666669,5.320833333333334,6.1,7568.0,3.0,0.0
2024-04-03,2024-04-03,16.0,452185.0,742250.68,1194435.68,7.970833333333334,746.09375,81.97916666666667,6.18125,8.3,5702.0,3.0,0.3
2024-04-04,2024-04-04,10.0,173845.0,259922.44,433767.44,9.339583333333334,746.28125,72.45833333333333,7.072916666666667,8.7,8030.0,4.5,0.0
2024-04-05,2024-04-05,11.0,182970.0,128706.18,311676.18,4.625,748.3229166666666,90.48958333333331,4.110416666666667,6.5,3391.3,2.0,0.3
2024-04-06,2024-04-06,9.0,207055.0,309197.08,516252.08,-0.2833333333333334,754.59375,69.46875,6.33125,7.6,9069.5,4.0,0.0
2024-04-07,2024-04-07,6.0,129640.0,352605.07,482245.07,1.7458333333333331,748.96875,97.70833333333331,2.458333333333333,4.4,3900.0,2.0,0.0
2024-04-08,2024-04-08,12.0,333180.5,278477.74,611658.24,1.5875,747.9270833333334,91.92708333333331,4.135416666666667,6.1,3497.0,2.0,0.6000000000000001
2024-04-09,2024-04-09,19.0,433990.0,1253256.75,1687246.75,6.30625,746.9479166666666,89.41666666666667,3.9479166666666665,5.9,8447.2,3.0,0.0
2024-04-10,2024-04-10,15.0,355255.0,415040.03,770295.03,7.583333333333333,752.25,85.76041666666667,2.083333333333333,3.4,4195.0,4.0,0.0
2024-04-11,2024-04-11,11.0,262023.0,96541.42,358564.42,8.65625,751.8020833333334,80.01041666666667,4.8187500000000005,8.8,8823.3,3.0,0.2
2024-04-12,2024-04-12,16.0,410270.0,970798.51,1381068.51,9.791666666666666,742.6354166666666,74.73958333333333,5.55,7.9,5150.5,2.0,0.0
2024-04-13,2024-04-13,4.0,62675.0,114351.83,177026.83,5.9875,739.5625,86.22916666666667,4.5875,6.1,5152.5,2.0,0.0
2024-04-14,2024-04-14,4.0,93370.0,155521.22,248891.22,3.4145833333333333,746.4895833333334,62.3125,2.78125,4.8,11163.7,5.0,0.0
2024-04-15,2024-04-15,17.0,368215.0,516666.96,884881.96,5.28125,742.28125,73.01041666666667,7.0,10.7,6319.2,2.5,0.6000000000000001
2024-04-16,2024-04-16,15.0,390132.0,746763.76,1136895.76,7.179166666666667,736.1875,75.83333333333333,5.760416666666667,8.6,6602.5,2.5,0.1
2024-04-17,2024-04-17,5.0,49600.0,108035.2,157635.2,10.272916666666667,740.9791666666666,74.09375,5.2125,8.5,5218.8,2.0,0.4
2024-04-18,2024-04-18,20.0,474595.5,1885397.85,2359993.35,11.891666666666666,742.5625,79.28125,3.76875,11.4,3956.0,2.0,1.9
2024-04-19,2024-04-19,16.0,565474.0,1162009.52,1727483.52,16.743750000000002,745.5625,65.72916666666667,4.98125,8.0,5455.7,2.0,0.0
2024-04-20,2024-04-20,3.0,60690.0,33897.48,94587.48,18.227083333333333,750.78125,60.645833333333336,3.75,5.5,7699.7,3.5,0.2
2024-04-21,2024-04-21,3.0,35695.0,92650.57,128345.57,14.3,758.2604166666666,53.114583333333336,4.541666666666667,5.8,10877.8,4.5,0.0
2024-04-22,2024-04-22,19.0,194320.0,190259.22,384579.22,16.429166666666667,755.1458333333334,64.82291666666667,5.40625,6.5,10227.7,5.0,0.1
2024-04-23,2024-04-23,11.0,484605.0,1171126.31,1655731.31,17.704166666666666,749.34375,68.53125,3.997916666666667,6.9,12417.3,6.0,0.0
2024-04-24,2024-04-24,18.0,468800.0,817544.53,1286344.53,7.245833333333334,748.2291666666666,88.75,4.73125,7.5,4795.2,2.0,0.7
2024-04-25,2024-04-25,9.0,129519.0,519756.68,649275.68,8.81875,754.53125,69.59375,2.23125,3.3,9292.7,5.0,0.0
2024-04-26,2024-04-26,9.0,418312.0,741285.37,1159597.37,10.19375,756.1354166666666,68.94791666666667,4.18125,6.5,5826.0,2.0,0.6000000000000001
2024-04-27,2024-04-27,15.0,460499.0,765931.72,1226430.72,17.98333333333333,751.6458333333334,66.9375,5.645833333333333,8.2,7046.8,4.0,0.2
2024-04-28,2024-04-28,13.0,365607.0,315930.52,681537.52,15.460416666666667,751.3645833333334,75.97916666666667,6.127083333333334,8.2,7495.8,4.0,0.0
2024-04-29,2024-04-29,7.0,110454.0,123400.35,233854.35,8.137500000000001,757.0729166666666,60.0625,3.6666666666666665,5.4,5573.3,2.5,0.2
2024-04-30,2024-04-30,49.0,1227735.0,1052522.89,2280257.89,9.529166666666669,753.1979166666666,69.0,3.85625,6.5,7633.3,4.0,0.6
2024-05-01,2024-05-01,6.0,69040.0,74605.83,143645.83,9.24375,744.5104166666666,82.13541666666667,5.685416666666666,9.1,7810.0,3.0,0.2
2024-05-02,2024-05-02,8.0,130440.0,352450.38,482890.38,4.55,744.8541666666666,72.88541666666667,3.625,4.9,7683.0,3.0,0.0
2024-05-03,2024-05-03,15.0,258600.0,300040.6,558640.6,1.9083333333333328,740.0833333333334,70.47916666666667,4.74375,8.6,6420.5,3.0,0.0
2024-05-04,2024-05-04,10.0,263140.0,402101.05,665241.05,0.1791666666666666,742.5520833333334,54.16666666666666,5.204166666666667,6.6,8389.3,3.0,0.0
2024-05-05,2024-05-05,3.0,16500.0,3656.0,20156.0,3.3229166666666665,742.3541666666666,54.26041666666666,3.610416666666667,6.7,6077.0,3.0,0.1
2024-05-06,2024-05-06,12.0,340263.0,296041.5,636304.5,4.402083333333334,737.5208333333334,91.875,7.272916666666667,10.9,7299.3,3.0,0.8
2024-05-07,2024-05-07,13.0,179669.0,434942.84,614611.84,3.695833333333333,745.53125,84.47916666666667,4.083333333333333,8.4,6498.2,3.0,0.9
2024-05-08,2024-05-08,22.0,327305.0,903345.15,1230650.15,7.929166666666667,737.4583333333334,80.26041666666667,7.50625,9.9,7665.2,3.0,0.2
2024-05-09,2024-05-09,6.0,125385.0,305533.4,430918.4,1.4020833333333331,741.8645833333334,60.395833333333336,6.077083333333333,8.4,9157.5,4.0,0.0
2024-05-10,2024-05-10,2.0,30050.0,14052.0,44102.0,1.6521739130434785,742.3913043478261,67.1195652173913,8.445652173913043,10.6,6253.5,3.0,0.3
2024-05-11,2024-05-11,7.0,381320.0,492150.45,873470.45,4.972916666666666,739.78125,90.47916666666669,6.597916666666666,10.9,6537.7,3.0,0.4
2024-05-12,2024-05-12,5.0,48115.0,103713.5,151828.5,3.475,742.4270833333334,72.15625,5.147916666666666,6.9,9293.5,4.0,0.2
2024-05-13,2024-05-13,8.0,112800.0,208421.4,321221.4,3.758333333333333,747.4479166666666,67.05208333333333,4.216666666666667,5.8,10843.0,4.5,0.0
2024-05-14,2024-05-14,11.0,114483.0,144134.0,258617.0,3.1479166666666667,752.1979166666666,59.13541666666666,2.7916666666666665,3.8,9499.5,4.5,0.0
2024-05-15,2024-05-15,4.0,43000.0,20604.88,63604.88,6.133333333333333,756.1145833333334,56.0625,1.58125,2.0,14821.2,7.0,0.0
2024-05-16,2024-05-16,6.0,217685.0,108096.0,325781.0,10.752083333333331,753.6041666666666,57.38541666666666,3.810416666666667,5.6,14956.0,7.0,0.0
2024-05-17,2024-05-17,19.0,721944.0,1462315.89,2184259.89,9.329166666666667,746.5625,79.84375,4.220833333333333,5.0,7278.0,3.0,0.0
2024-05-18,2024-05-18,7.0,38340.0,86084.94,124424.94,8.860416666666667,750.1145833333334,69.51041666666667,4.370833333333334,6.0,12938.0,6.5,0.0
2024-05-19,2024-05-19,7.0,256220.0,395196.07,651416.07,10.96875,752.6354166666666,61.5,2.9291666666666667,4.2,14517.3,5.0,0.0
2024-05-20,2024-05-20,14.0,291332.5,523343.7,814676.2,14.147916666666667,750.3333333333334,59.489583333333336,2.28125,3.9,15336.0,7.0,0.0
2024-05-21,2024-05-21,13.0,97585.0,143665.7,241250.7,16.716666666666665,747.6979166666666,66.67708333333333,4.758333333333334,6.6,11641.5,6.5,0.2
2024-05-22,2024-05-22,3.0,11640.0,208520.95500000002,11640.0,9.964583333333334,752.1666666666666,55.958333333333336,3.53125,5.4,11233.5,4.5,0.0
2024-05-23,2024-05-23,8.0,128460.0,273376.21,401836.21,6.770833333333333,756.7708333333334,49.79166666666666,3.93125,5.7,9327.0,4.0,0.0
2024-05-24,2024-05-24,5.0,218315.0,198565.7,416880.7,10.266666666666667,757.8229166666666,53.020833333333336,4.058333333333334,5.9,7898.7,3.5,0.0
2024-05-25,2024-05-25,5.0,53335.0,20208.88,73543.88,19.475,751.2916666666666,70.22916666666667,6.391666666666667,8.5,15572.5,7.0,0.0
2024-05-26,2024-05-26,3.0,91008.0,46458.53,137466.53,10.870833333333332,751.7708333333334,61.69791666666666,5.4625,8.6,8956.3,5.0,0.3
2024-05-27,2024-05-27,13.0,408240.0,465350.24,873590.24,8.829166666666667,757.6875,55.833333333333336,3.858333333333333,4.9,15787.5,7.0,0.0
2024-05-28,2024-05-28,12.0,257875.0,385934.58,643809.58,17.118750000000002,752.8854166666666,63.38541666666666,6.433333333333334,8.1,15651.3,7.0,0.0
2024-05-29,2024-05-29,15.0,1009793.0,1472933.82,2482726.82,14.214583333333332,748.28125,78.35416666666667,3.3625000000000003,8.9,11347.5,7.0,0.4
2024-05-30,2024-05-30,23.0,449012.0,1159238.92,1608250.92,11.508333333333333,752.3958333333334,63.0625,3.4291666666666667,4.2,15763.5,7.0,0.1
2024-05-31,2024-05-31,46.0,1146798.0,904387.07,2051185.07,15.985416666666666,752.2708333333334,63.375,1.7958333333333334,2.6,9742.8,5.0,0.0
2024-06-01,2024-06-01,3.0,51870.0,35836.98,87706.98,19.716666666666665,752.3333333333334,70.79166666666667,2.6333333333333333,3.6,16177.5,8.0,0.0
2024-06-02,2024-06-02,4.0,76085.0,64320.2,140405.2,21.058333333333334,751.7291666666666,57.03125,1.9791666666666667,3.0,16231.3,8.0,0.0
2024-06-03,2024-06-03,18.0,407345.0,1009009.52,1416354.52,23.01458333333333,747.4479166666666,72.70833333333333,2.404166666666667,4.2,16275.3,7.5,0.0
2024-06-04,2024-06-04,20.0,554865.0,1120995.79,1675860.79,22.09375,743.96875,77.90625,2.4291666666666667,4.5,10401.2,5.0,0.2
2024-06-05,2024-06-05,11.0,266315.0,564516.89,830831.89,19.075,741.4375,80.42708333333333,3.9604166666666663,6.6,12265.7,8.0,0.3
2024-06-06,2024-06-06,18.0,250700.0,456233.56,706933.56,19.70833333333333,740.1666666666666,83.09375,3.689583333333333,5.3,15570.5,7.5,0.2
2024-06-07,2024-06-07,13.0,316028.0,550597.21,866625.21,18.672916666666666,739.46875,83.46875,3.38125,4.8,12112.3,7.0,0.2
2024-06-08,2024-06-08,4.0,264745.0,332649.3,597394.3,17.104166666666668,740.8229166666666,83.22916666666667,3.35,5.0,10659.2,8.0,0.0
2024-06-09,2024-06-09,16.0,414666.0,403258.015,817924.015,18.308333333333334,742.34375,76.0625,2.34375,3.5,12300.3,7.0,0.1
2024-06-10,2024-06-10,28.0,564587.0,473866.73,1038453.73,19.777083333333334,747.7395833333334,70.875,3.327083333333333,6.2,14791.3,8.0,0.0
2024-06-11,2024-06-11,6.0,127133.0,137964.0,265097.0,23.14583333333333,750.25,73.5,3.4416666666666664,5.3,16426.8,8.0,0.0
2024-06-12,2024-06-12,12.0,198945.0,292965.25,491910.25,26.64375,750.4270833333334,72.125,5.26875,6.7,16566.0,7.5,0.0
2024-06-13,2024-06-13,13.0,377040.5,560260.58,937301.08,27.066666666666663,750.1354166666666,72.26041666666667,3.1750000000000003,4.7,15657.5,8.0,0.1
2024-06-14,2024-06-14,12.0,159912.0,515132.4,675044.4,27.522916666666664,747.125,70.82291666666667,4.454166666666667,6.1,16346.0,8.0,0.0
2024-06-15,2024-06-15,6.0,110550.0,72700.0,183250.0,25.775,745.8020833333334,73.42708333333333,3.6625,5.4,15600.5,8.0,0.0
2024-06-16,2024-06-16,5.0,179720.0,226098.44,405818.44,23.016666666666666,748.8020833333334,83.08333333333333,1.8208333333333333,3.1,12719.8,5.5,0.4
2024-06-17,2024-06-17,7.0,100090.0,107314.0,207404.0,20.26458333333333,751.8958333333334,72.73958333333333,3.664583333333333,4.6,14691.0,7.5,0.0
2024-06-18,2024-06-18,13.0,274415.0,797842.2,1072257.2,21.91276595744681,749.6808510638298,71.91489361702128,4.125531914893617,6.2,15897.0,8.0,0.0
2024-06-19,2024-06-19,9.0,195155.0,574115.91,769270.91,23.072916666666668,741.7083333333334,84.63541666666667,4.766666666666667,6.7,13491.8,7.0,0.4
2024-06-20,2024-06-20,8.0,360195.0,359514.0,719709.0,20.904166666666665,738.9895833333334,75.73958333333333,5.885416666666667,7.7,15836.3,8.0,0.5
2024-06-21,2024-06-21,6.0,115640.0,310455.5,426095.5,22.95833333333333,737.15625,79.85416666666667,3.6458333333333335,4.9,15629.0,7.0,0.3
2024-06-22,2024-06-22,12.0,448115.0,661539.4,1109654.4,18.89375,738.4166666666666,75.5625,2.0125,4.8,10004.0,3.5,0.8
2024-06-23,2024-06-23,1.0,18000.0,595547.8500000001,18000.0,16.372916666666665,736.0,92.11458333333331,4.8625,6.8,8127.2,5.5,0.9
2024-06-24,2024-06-24,8.0,294483.0,529556.3,824039.3,11.55625,734.7708333333334,92.25,6.779166666666666,7.9,6388.5,3.0,1.4
2024-06-25,2024-06-25,4.0,111830.0,164886.6,276716.6,9.702083333333333,736.9583333333334,85.57291666666667,5.4750000000000005,7.0,9252.5,5.0,0.0
2024-06-26,2024-06-26,16.0,385256.0,453785.5,839041.5,12.995833333333332,739.1875,83.05208333333333,2.6416666666666666,4.7,9480.5,7.5,0.0
2024-06-27,2024-06-27,13.0,428865.0,870730.28,1299595.28,13.066666666666668,742.53125,81.09375,3.1875,5.0,11710.0,6.5,0.0
2024-06-28,2024-06-28,16.0,384352.0,904230.85,1288582.85,15.533333333333331,744.7604166666666,70.63541666666667,5.991666666666667,7.1,16399.5,7.0,0.0
2024-06-29,2024-06-29,12.0,406208.0,374285.6,780493.6,14.95625,745.34375,62.21875,6.0375000000000005,7.9,16536.0,8.0,0.0
2024-06-30,2024-06-30,33.0,744016.6,654454.13,1398470.73,18.56875,745.6458333333334,63.01041666666666,3.75,5.1,15013.0,8.0,0.1
2024-07-01,2024-07-01,9.0,341448.0,251167.2,592615.2,21.727083333333336,742.5625,69.86458333333333,4.027083333333334,5.9,12680.0,7.5,0.0
2024-07-02,2024-07-02,6.0,76580.0,32190.86,108770.86,22.941666666666663,742.9166666666666,58.28125,1.85,2.7,16404.7,6.0,0.0
2024-07-03,2024-07-03,17.0,419260.0,493874.79,913134.79,24.479166666666668,744.9583333333334,68.48958333333333,3.020833333333333,4.2,16408.7,7.5,0.0
2024-07-04,2024-07-04,12.0,346602.0,296838.4,643440.4,27.472916666666663,747.75,72.46875,2.8520833333333333,4.8,16357.0,8.0,0.0
2024-07-05,2024-07-05,4.0,63944.0,12268.0,76212.0,28.14583333333333,748.5104166666666,67.4375,1.9,3.6,16305.0,8.0,0.0
2024-07-06,2024-07-06,2.0,760.0,523.0,1283.0,26.38125,747.28125,73.72916666666667,2.86875,8.2,15428.5,7.0,0.0
2024-07-07,2024-07-07,2.0,47020.0,45045.0,92065.0,22.05208333333333,749.28125,75.5,4.720833333333333,8.1,9718.0,5.5,0.8
2024-07-08,2024-07-08,16.0,300790.0,585156.9,885946.9,18.13125,751.3125,67.11458333333333,3.4791666666666665,5.2,11595.5,8.0,0.0
2024-07-09,2024-07-09,13.0,333029.5,1414445.49,1747474.99,22.73333333333333,750.3645833333334,70.625,3.266666666666667,4.9,16155.8,7.5,0.0
2024-07-10,2024-07-10,9.0,208355.0,108787.6,317142.6,23.89375,750.15625,63.40625,1.9625,3.5,14191.5,7.0,0.0
2024-07-11,2024-07-11,10.0,394520.0,718520.4,1113040.4,19.6625,748.1770833333334,66.92708333333333,4.679166666666666,5.9,11317.5,7.0,0.3
2024-07-12,2024-07-12,6.0,381063.0,1330863.5,1711926.5,13.9375,747.6041666666666,62.427083333333336,6.389583333333333,8.6,14714.3,7.0,0.5
2024-07-13,2024-07-13,3.0,64810.0,83569.6,148379.6,15.860416666666666,747.2916666666666,64.01041666666667,5.58125,7.2,15496.5,6.5,0.1
2024-07-14,2024-07-14,4.0,81660.0,69123.0,150783.0,19.64375,747.4375,63.91666666666666,3.24375,4.0,15415.5,7.0,0.0
2024-07-15,2024-07-15,19.0,364289.0,1027143.64,1391432.64,20.179166666666667,748.6875,63.125,3.86875,5.3,15779.0,7.0,0.0
2024-07-16,2024-07-16,13.0,349038.0,905697.71,1254735.71,18.98958333333333,750.8645833333334,67.0625,3.6458333333333335,5.2,14665.5,7.0,0.3
2024-07-17,2024-07-17,9.0,275775.0,391920.4,667695.4,21.616666666666664,750.1458333333334,62.895833333333336,1.875,2.8,8955.8,5.5,0.3
2024-07-18,2024-07-18,13.0,168755.0,310847.0,479602.0,19.072916666666668,745.8229166666666,78.40625,2.895833333333333,4.0,12548.5,7.0,0.0
2024-07-19,2024-07-19,9.0,163813.0,470287.6,634100.6,21.93958333333333,743.5208333333334,69.14583333333333,1.9958333333333331,2.6,9260.0,5.5,0.0
2024-07-20,2024-07-20,2.0,25775.0,12128.6,37903.6,21.672916666666666,741.6145833333334,65.52083333333333,1.9,4.0,10956.7,7.0,0.1
2024-07-21,2024-07-21,2.0,12470.0,3416.0,15886.0,18.6875,742.46875,82.34375,3.2229166666666664,6.4,9338.3,7.0,0.3
2024-07-22,2024-07-22,24.0,577400.0,973110.7,1550510.7,14.06875,743.84375,75.78125,5.40625,7.1,8772.0,7.0,0.0
2024-07-23,2024-07-23,11.0,530975.0,206043.0,737018.0,16.474999999999998,745.65625,56.708333333333336,3.845833333333333,5.6,14461.7,7.0,0.0
2024-07-24,2024-07-24,9.0,109800.0,539074.1,648874.1,16.197916666666668,743.40625,67.98958333333333,3.5125,5.6,12926.7,6.5,0.0
2024-07-25,2024-07-25,12.0,653502.0,1040707.78,1694209.78,14.902083333333332,741.8125,79.25,5.90625,8.9,13466.5,7.0,0.0
2024-07-26,2024-07-26,9.0,70834.0,533615.59,604449.59,13.85625,740.8541666666666,75.75,4.079166666666667,6.5,5688.5,3.0,1.4
2024-07-27,2024-07-27,4.0,153120.4,266959.795,153120.4,16.220833333333335,741.0,59.40625,5.016666666666667,7.4,12563.8,6.0,0.0
2024-07-28,2024-07-28,5.0,24790.0,304.0,25094.0,13.510416666666666,740.7604166666666,70.9375,3.1437500000000003,5.1,7988.7,3.5,0.7000000000000001
2024-07-29,2024-07-29,19.0,318935.0,524013.75,842948.75,15.025,738.8541666666666,71.29166666666667,2.9375,4.3,7880.0,3.5,0.7000000000000001
2024-07-30,2024-07-30,8.0,212590.0,160737.62,373327.62,16.697916666666668,737.40625,78.32291666666667,1.5145833333333334,3.9,8868.7,4.0,0.2
2024-07-31,2024-07-31,49.0,1485077.0,3232801.6,4717878.6,15.825,735.6041666666666,88.11458333333333,3.35625,6.7,6614.5,3.0,1.1
2024-08-01,2024-08-01,2.0,10810.0,84.0,10894.0,17.868750000000002,735.2395833333334,78.53125,2.7270833333333333,3.9,12843.0,6.5,0.1
2024-08-02,2024-08-02,10.0,220070.0,123242.0,343312.0,16.366666666666667,734.5208333333334,86.57291666666667,2.6125000000000003,3.7,9101.7,5.5,0.5
2024-08-03,2024-08-03,1.0,7955.0,28857.64,36812.64,16.177083333333332,734.9895833333334,80.4375,2.53125,4.1,10222.2,7.0,0.5
2024-08-04,2024-08-04,2.0,12330.0,185614.41999999998,12330.0,17.5,737.4479166666666,79.39583333333333,3.4875000000000003,4.7,11848.2,7.0,0.7000000000000001
2024-08-05,2024-08-05,8.0,187149.0,342371.2,529520.2,18.28125,739.90625,79.04166666666667,2.985416666666667,4.4,7717.0,4.0,0.3
2024-08-06,2024-08-06,1.0,10640.0,2400.0,13040.0,19.25208333333333,741.0,80.98958333333333,2.00625,3.9,13122.3,6.0,0.0
2024-08-07,2024-08-07,20.0,708173.0,1486860.51,2195033.51,19.204166666666666,742.7708333333334,77.3125,1.3166666666666669,3.1,6384.2,6.0,0.0
2024-08-08,2024-08-08,11.0,492307.0,784750.73,1277057.73,16.925,744.1770833333334,88.71875,4.141666666666667,5.1,8494.0,6.0,0.2
2024-08-09,2024-08-09,18.0,211795.0,276043.11,487838.11,15.78125,746.0,71.91666666666667,4.3500000000000005,5.8,10868.2,6.0,0.0
2024-08-10,2024-08-10,3.0,25965.0,215333.0,241298.0,15.316666666666668,745.8854166666666,69.88541666666667,4.341666666666667,5.8,10384.2,6.0,0.0
2024-08-11,2024-08-11,10.0,131610.0,319413.6,451023.6,15.391666666666666,741.84375,72.53125,2.958333333333333,4.2,8121.3,5.0,0.0
2024-08-12,2024-08-12,7.0,174580.0,9197.0,183777.0,13.489583333333334,734.15625,92.80208333333331,3.810416666666667,5.6,4541.2,3.0,1.2
2024-08-13,2024-08-13,8.0,243945.0,166749.0,410694.0,14.397916666666667,731.7604166666666,90.54166666666669,2.8208333333333333,4.4,10799.7,6.0,0.5
2024-08-14,2024-08-14,10.0,342015.0,228049.0,570064.0,13.116666666666667,735.9583333333334,81.52083333333333,3.6625,6.3,10017.5,4.0,0.0
2024-08-15,2024-08-15,8.0,235939.0,234357.6,470296.6,13.260416666666666,738.375,82.45833333333333,4.295833333333333,6.4,12571.5,6.0,0.1
2024-08-16,2024-08-16,5.0,136750.0,215011.4,351761.4,12.579166666666666,737.1458333333334,95.11458333333331,4.825,6.2,9457.7,3.0,0.5
2024-08-17,2024-08-17,9.0,152730.0,652986.25,805716.25,14.658333333333331,739.84375,86.63541666666667,4.05625,5.2,12278.5,6.0,0.0
2024-08-18,2024-08-18,4.0,143815.0,134997.0,278812.0,13.839583333333332,741.125,88.8125,2.69375,4.3,8459.2,3.0,0.0
2024-08-19,2024-08-19,19.0,673492.0,1208514.1,1882006.1,15.53125,744.4166666666666,86.28125,3.05625,5.4,11404.5,6.0,0.1
2024-08-20,2024-08-20,6.0,93870.0,41261.0,135131.0,17.016666666666666,746.1666666666666,77.77083333333333,3.1333333333333333,5.0,9438.0,6.0,0.2
2024-08-21,2024-08-21,9.0,248655.0,249271.2,497926.2,14.872916666666669,744.3541666666666,78.82291666666667,5.152083333333334,7.7,11656.5,6.0,0.0
2024-08-22,2024-08-22,13.0,276975.0,306893.5,583868.5,14.625,747.2604166666666,75.80208333333333,4.370833333333334,5.8,11878.0,5.0,0.0
2024-08-23,2024-08-23,7.0,365800.0,816395.23,1182195.23,13.85,750.3020833333334,70.375,2.8875,3.5,11385.0,5.0,0.0
2024-08-24,2024-08-24,11.0,397740.0,1095633.78,1493373.78,14.485416666666666,750.5729166666666,66.52083333333333,1.8125,2.3,11476.5,5.0,0.0
2024-08-25,2024-08-25,7.0,123885.0,406179.0,530064.0,17.120833333333334,749.8645833333334,69.38541666666667,2.0500000000000003,2.6,11241.3,5.0,0.0
2024-08-26,2024-08-26,5.0,103485.0,156823.0,260308.0,18.102083333333333,751.75,63.177083333333336,2.704166666666667,4.2,11333.0,5.0,0.0
2024-08-27,2024-08-27,12.0,361905.5,748436.79,1110342.29,18.34375,755.28125,62.125,1.5541666666666665,2.9,11218.3,5.0,0.0
2024-08-28,2024-08-28,12.0,205690.0,132825.7,338515.7,20.35,753.8333333333334,68.61458333333333,4.445833333333334,6.7,10967.8,5.0,0.0
2024-08-29,2024-08-29,15.0,171955.0,667366.03,839321.03,16.10625,755.0,72.0,3.141666666666667,4.9,7933.3,4.5,0.1
2024-08-30,2024-08-30,10.0,527895.0,987186.7,1515081.7,15.591666666666669,755.8229166666666,74.44791666666667,2.9770833333333333,4.6,10765.5,5.0,0.0
2024-08-31,2024-08-31,43.0,1694065.0,1497036.6,3191101.6,11.989583333333334,758.8541666666666,64.48958333333333,2.458333333333333,3.5,10674.7,5.0,0.0
2024-09-01,2024-09-01,2.0,53570.0,150071.0,203641.0,10.602083333333333,760.90625,51.770833333333336,1.3208333333333333,2.2,10535.2,5.0,0.0
2024-09-02,2024-09-02,8.0,282328.0,339058.0,621386.0,14.947916666666666,758.96875,57.958333333333336,3.060416666666667,4.4,10371.5,5.0,0.0
2024-09-03,2024-09-03,8.0,93315.0,145121.0,238436.0,14.683333333333332,755.3541666666666,71.05208333333333,3.9645833333333336,6.4,10202.3,5.0,0.0
2024-09-04,2024-09-04,8.0,193467.0,215091.0,408558.0,11.95,758.6354166666666,61.13541666666666,3.4291666666666667,4.5,10112.8,5.0,0.0
2024-09-05,2024-09-05,7.0,102035.0,265661.0,367696.0,12.627083333333331,760.0,61.958333333333336,2.0875,2.6,9954.0,5.0,0.0
2024-09-06,2024-09-06,14.0,318725.0,521204.7,839929.7,14.525,757.4791666666666,70.21875,2.9791666666666665,4.1,9833.3,5.0,0.0
2024-09-07,2024-09-07,6.0,180070.0,17189.0,197259.0,16.564583333333335,756.0729166666666,77.21875,2.7604166666666665,4.1,8380.7,5.0,0.0
2024-09-08,2024-09-08,8.0,89530.0,119919.49,209449.49,18.258333333333333,756.40625,69.5625,2.4166666666666665,3.8,9559.2,4.0,0.0
2024-09-09,2024-09-09,11.0,237358.0,461772.6,699130.6,17.462500000000002,757.6979166666666,60.10416666666666,1.0375,2.0,9077.5,4.0,0.0
2024-09-10,2024-09-10,14.0,213423.0,314934.0,528357.0,17.939583333333335,757.0208333333334,61.29166666666666,1.975,3.0,9281.0,4.0,0.0
2024-09-11,2024-09-11,4.0,143760.0,29653.0,173413.0,17.791666666666668,758.1458333333334,69.10416666666667,3.158333333333333,4.0,9149.5,4.0,0.0
2024-09-12,2024-09-12,17.0,591962.0,1442991.15,2034953.15,18.02083333333333,760.6770833333334,76.10416666666667,3.485416666666667,4.3,9005.3,4.0,0.0
2024-09-13,2024-09-13,13.0,130535.0,165718.0,296253.0,17.410416666666666,761.5520833333334,64.02083333333333,1.6,2.3,8871.2,4.0,0.0
2024-09-14,2024-09-14,3.0,164630.0,311512.9,476142.9,16.568749999999998,759.78125,64.86458333333333,1.6083333333333334,2.6,8689.0,4.0,0.0
2024-09-15,2024-09-15,16.0,245400.0,317458.0,562858.0,17.375,759.4375,73.63541666666667,2.3666666666666667,3.4,8599.0,4.0,0.0
2024-09-16,2024-09-16,4.0,119370.0,505417.25,119370.0,17.19787234042553,761.5531914893617,68.68085106382979,1.895744680851064,2.8,8242.5,4.0,0.0
2024-09-17,2024-09-17,14.0,380950.0,693376.5,1074326.5,16.854166666666668,763.1354166666666,69.48958333333333,1.6041666666666667,2.3,8321.3,4.0,0.0
2024-09-18,2024-09-18,3.0,7980.0,32638.0,40618.0,17.229166666666668,760.5,63.1875,2.214583333333333,2.9,8163.5,4.0,0.0
2024-09-19,2024-09-19,14.0,473353.0,975688.64,1449041.64,14.8625,753.34375,71.0,3.420833333333333,6.0,7281.5,4.0,0.5
2024-09-20,2024-09-20,8.0,107819.0,189568.4,297387.4,11.604166666666666,749.3854166666666,85.70833333333333,3.364583333333333,5.2,7684.0,4.0,0.0
2024-09-21,2024-09-21,12.0,367174.0,905888.2,1273062.2,12.170833333333334,744.5,78.89583333333333,3.6916666666666655,4.2,7053.7,4.0,0.4
2024-09-22,2024-09-22,6.0,147150.0,342752.0,489902.0,8.333333333333334,743.8645833333334,57.0,5.927083333333333,8.3,6956.7,4.0,0.0
2024-09-23,2024-09-23,20.0,482418.5,898747.15,1381165.65,5.11875,750.7291666666666,60.75,4.704166666666667,7.0,7283.5,4.0,0.0
2024-09-24,2024-09-24,7.0,158054.0,300418.3,458472.3,5.46875,757.1354166666666,53.114583333333336,3.06875,4.5,7361.3,4.0,0.0
2024-09-25,2024-09-25,11.0,181410.0,450881.7,632291.7,7.835416666666667,758.0,53.427083333333336,2.11875,3.2,7229.0,3.0,0.0
2024-09-26,2024-09-26,18.0,529784.5,654495.3,1184279.8,11.631914893617022,757.9574468085107,49.8936170212766,3.276595744680851,4.6,7069.0,3.0,0.0
2024-09-27,2024-09-27,14.0,266570.0,623760.1,890330.1,13.225,758.0,41.333333333333336,4.18125,6.0,6935.0,3.0,0.0
2024-09-28,2024-09-28,5.0,71160.0,145815.0,216975.0,13.63125,757.4375,33.989583333333336,6.702083333333333,8.2,6805.0,3.0,0.0
2024-09-29,2024-09-29,7.0,185370.0,46563.2,231933.2,16.520833333333332,756.4895833333334,26.604166666666668,6.95,8.4,6688.8,3.0,0.0
2024-09-30,2024-09-30,48.0,1164305.5,1327580.13,2491885.63,14.858333333333334,756.9166666666666,37.6875,4.797916666666667,6.6,6543.0,3.0,0.0
2024-10-01,2024-10-01,11.0,179662.5,388891.23,568553.73,10.552083333333334,759.625,53.5625,3.6166666666666663,4.5,6432.3,3.0,0.0
2024-10-02,2024-10-02,8.0,114480.0,487945.0,602425.0,6.6000000000000005,759.9375,44.19791666666666,2.8937500000000003,3.9,6300.3,3.0,0.0
2024-10-03,2024-10-03,6.0,201399.0,255141.33,456540.33,8.09375,757.25,47.302083333333336,2.9791666666666665,4.7,4449.5,2.0,0.0
2024-10-04,2024-10-04,11.0,158193.0,327178.88,485371.88,9.31875,753.6354166666666,40.958333333333336,2.9729166666666664,4.1,6037.8,3.0,0.0
2024-10-05,2024-10-05,6.0,43445.0,37871.0,81316.0,9.022916666666667,747.8125,49.03125,3.64375,4.8,4316.5,2.0,0.0
2024-10-06,2024-10-06,14.0,262992.5,322905.0,585897.5,8.11875,750.4166666666666,64.51041666666667,3.28125,4.9,5698.8,3.0,0.0
2024-10-07,2024-10-07,22.0,482540.0,607939.0,1090479.0,5.4,752.2083333333334,69.6875,3.3625000000000003,5.1,2870.0,1.0,0.4
2024-10-08,2024-10-08,22.0,486837.5,480865.9,967703.4,12.6625,746.0520833333334,63.3125,3.904166666666667,7.1,5403.5,3.0,0.0
2024-10-09,2024-10-09,6.0,140985.0,183677.0,324662.0,3.5666666666666664,746.0729166666666,71.04166666666667,6.795833333333333,7.6,2666.3,1.0,3.4000000000000004
2024-10-10,2024-10-10,11.0,296941.0,368736.0,665677.0,1.1791666666666667,750.0104166666666,72.30208333333333,7.0062500000000005,7.6,4633.8,3.0,0.5
2024-10-11,2024-10-11,16.0,524888.0,1383000.0,1907888.0,-1.0791666666666666,757.75,54.97916666666666,5.60625,6.9,4903.3,3.0,0.0
2024-10-12,2024-10-12,4.0,63430.0,215382.0,278812.0,-1.475,763.7916666666666,59.09375,3.3625000000000003,4.5,5005.8,3.0,0.0
2024-10-13,2024-10-13,11.0,195077.5,282014.5,477092.0,-0.2291666666666666,765.40625,50.125,1.2791666666666666,1.7,4886.5,3.0,0.0
2024-10-14,2024-10-14,18.0,326725.0,348647.0,675372.0,1.3708333333333331,762.0416666666666,47.833333333333336,1.2541666666666669,1.9,4771.5,3.0,0.0
2024-10-15,2024-10-15,10.0,163705.0,281558.6,445263.6,3.333333333333333,757.625,47.020833333333336,2.6041666666666665,3.8,4664.5,3.0,0.0
2024-10-16,2024-10-16,6.0,103350.0,43009.0,146359.0,3.6479166666666663,756.0625,40.927083333333336,2.9625,4.3,2535.5,1.0,0.0
2024-10-17,2024-10-17,17.0,355183.0,875559.48,1230742.48,3.6041666666666665,758.8645833333334,85.08333333333333,1.6041666666666667,2.5,2268.3,1.0,0.3
2024-10-18,2024-10-18,4.0,95949.0,396995.83,492944.83,0.4937499999999999,761.625,76.45833333333333,2.3312500000000003,3.5,4296.5,3.0,0.0
2024-10-19,2024-10-19,3.0,375055.0,1335627.3,1710682.3,-0.1270833333333333,759.0520833333334,73.0,1.4104166666666669,2.2,4185.8,2.0,0.0
2024-10-20,2024-10-20,10.0,142160.0,166601.0,308761.0,0.8395833333333335,755.21875,80.79166666666667,2.0458333333333334,2.8,4009.5,2.0,0.0
2024-10-21,2024-10-21,10.0,561370.0,516410.0,1077780.0,4.389583333333333,754.1145833333334,82.91666666666667,2.61875,3.6,3918.3,2.0,0.0
2024-10-22,2024-10-22,13.0,636700.0,1034435.4,1671135.4,5.189583333333333,747.8229166666666,79.61458333333333,4.5062500000000005,6.8,1920.7,1.0,0.3
2024-10-23,2024-10-23,14.0,293415.0,1259693.4,1553108.4,7.587499999999999,742.4791666666666,83.90625,4.039583333333334,4.7,2947.8,2.0,0.0
2024-10-24,2024-10-24,7.0,193265.0,566233.5,759498.5,6.570833333333333,738.5729166666666,84.1875,3.633333333333333,5.6,2649.7,1.0,0.0
2024-10-25,2024-10-25,10.0,254777.5,177604.34,432381.84,4.183333333333334,744.6041666666666,81.41666666666667,3.1166666666666667,4.0,2823.0,1.0,0.0
2024-10-26,2024-10-26,13.0,229150.0,432409.12,661559.12,2.222916666666667,750.2916666666666,76.88541666666667,2.8979166666666667,3.8,3085.3,1.0,0.3
2024-10-27,2024-10-27,3.0,18860.0,29980.0,48840.0,1.225,751.5104166666666,71.97916666666667,1.2479166666666666,1.8,2867.0,1.0,0.7000000000000001
2024-10-28,2024-10-28,13.0,208838.0,294011.9,502849.9,1.5270833333333331,753.1458333333334,68.9375,1.4333333333333331,2.0,2996.5,1.0,0.0
2024-10-29,2024-10-29,5.0,48220.0,5528.0,53748.0,1.7583333333333335,751.09375,74.125,3.0500000000000003,4.5,2910.5,1.0,0.0
2024-10-30,2024-10-30,8.0,444334.4,778173.5,1222507.9,2.6083333333333334,747.8958333333334,89.84375,4.122916666666667,5.2,2880.0,1.0,0.0
2024-10-31,2024-10-31,51.0,1915610.8,3580955.84,5496566.64,2.3270833333333334,739.5,88.78125,6.5062500000000005,9.6,1404.2,1.0,1.0
2024-11-01,2024-11-01,10.0,135984.0,320017.33,456001.33,0.0062499999999999,735.9583333333334,87.35416666666667,5.189583333333333,7.0,1926.2,1.0,2.6
2024-11-02,2024-11-02,6.0,96455.0,54984.0,151439.0,0.5625,722.1458333333334,92.90625,7.399999999999999,9.5,1455.5,1.0,12.0
2024-11-03,2024-11-03,14.0,399572.0,474838.7,874410.7,-3.48125,733.8229166666666,78.65625,8.191666666666666,9.5,1543.5,1.0,3.0
2024-11-04,2024-11-04,6.0,108575.0,25464.0,134039.0,-1.8708333333333331,741.375,78.80208333333333,4.302083333333333,6.5,2389.5,1.0,0.1
2024-11-05,2024-11-05,9.0,120975.0,375301.1,496276.1,-3.19375,743.96875,82.05208333333333,1.78125,3.4,1496.0,1.0,0.7
2024-11-06,2024-11-06,5.0,47150.0,46830.0,93980.0,-6.727083333333333,743.90625,82.46875,4.302083333333333,5.7,1980.0,1.0,0.0
2024-11-07,2024-11-07,21.0,437260.0,2441272.33,2878532.33,-4.252083333333333,747.0104166666666,89.51041666666667,3.0041666666666664,4.0,1752.7,1.0,0.0
2024-11-08,2024-11-08,12.0,187660.0,566679.0,754339.0,-1.525,750.9479166666666,88.23958333333333,3.327083333333333,5.2,2148.5,1.0,2.4
2024-11-09,2024-11-09,5.0,73754.0,78844.89,152598.89,1.1666666666666667,743.1979166666666,95.45833333333331,7.3625,8.5,2112.5,1.0,2.7
2024-11-10,2024-11-10,5.0,64780.0,57848.3,122628.3,0.24375,746.875,81.91666666666667,5.7125,7.8,1770.5,2.0,0.0
2024-11-11,2024-11-11,6.0,133040.0,116827.3,249867.3,-3.975,755.7291666666666,84.65625,2.9729166666666664,4.5,1768.5,1.0,0.0
2024-11-12,2024-11-12,10.0,136006.0,103284.8,239290.8,-3.595833333333333,755.0520833333334,89.76041666666667,4.872916666666667,6.3,1277.0,1.0,2.8
2024-11-13,2024-11-13,13.0,628786.2,1292418.22,1921204.42,-2.075,752.03125,90.51041666666669,3.825,4.7,1189.0,1.0,1.8
2024-11-14,2024-11-14,13.0,400975.0,351285.35,752260.35,-1.3166666666666669,749.1354166666666,89.51041666666667,4.572916666666667,5.5,1656.5,1.0,0.2
2024-11-15,2024-11-15,13.0,412083.0,507214.68,919297.68,-1.086666666666667,745.8666666666667,89.96666666666667,5.384444444444445,6.1,1176.5,1.0,0.5
2024-11-16,2024-11-16,11.0,253462.5,732145.7,985608.2,-0.3354166666666667,741.5416666666666,88.72916666666667,6.24375,7.5,1315.0,1.0,5.8
2024-11-17,2024-11-17,2.0,15860.0,25665.0,41525.0,0.0875,740.4375,94.57291666666669,6.6937500000000005,7.6,1074.5,1.0,4.6
2024-11-18,2024-11-18,12.0,241730.0,244452.08,486182.08,0.6208333333333333,742.9479166666666,93.70833333333331,6.289583333333333,6.6,916.0,1.0,0.6000000000000001
2024-11-19,2024-11-19,11.0,183076.8,432807.03,615883.83,1.3666666666666665,745.46875,94.90625,5.3,6.3,1548.0,1.0,2.4
2024-11-20,2024-11-20,8.0,217425.0,474863.2,692288.2,0.3999999999999999,747.0416666666666,93.60416666666669,3.758333333333333,4.8,1468.5,1.0,0.2
2024-11-21,2024-11-21,11.0,310688.0,387864.0,698552.0,0.6174999999999999,752.6375,84.7375,5.515,6.6,1049.5,1.0,0.3
2024-11-22,2024-11-22,14.0,250570.0,1116938.1,1367508.1,1.1090909090909091,752.5227272727273,84.92045454545455,7.552272727272728,9.7,1196.5,2.0,0.1
2024-11-23,2024-11-23,9.0,312930.0,179053.6,491983.6,1.4854166666666666,757.5104166666666,88.29166666666667,5.016666666666667,8.3,706.5,1.0,0.4
2024-11-24,2024-11-24,3.0,28810.0,33040.0,61850.0,1.80625,755.59375,63.40625,6.685416666666666,8.2,891.0,1.0,0.0
2024-11-25,2024-11-25,19.0,450650.0,488657.35,939307.35,-1.70625,759.46875,85.67708333333333,1.6729166666666666,3.5,1268.5,2.0,0.0
2024-11-26,2024-11-26,7.0,170482.0,87678.4,258160.4,-4.925,760.9270833333334,75.98958333333333,1.4041666666666668,1.8,1388.0,2.0,0.0
2024-11-27,2024-11-27,18.0,613060.0,1216621.67,1829681.67,-4.922916666666667,758.1979166666666,63.395833333333336,0.86875,1.4,1317.5,1.0,0.0
2024-11-28,2024-11-28,17.0,438257.0,765543.1,1203800.1,-5.775,755.5729166666666,65.10416666666667,1.6375,2.2,800.5,1.0,0.6
2024-11-29,2024-11-29,7.0,380475.0,871402.27,1251877.27,-4.24375,751.6458333333334,70.20833333333333,3.158333333333333,6.3,1202.0,1.0,0.6
2024-11-30,2024-11-30,54.0,1711221.0,1965167.54,3676388.54,-1.1854166666666666,752.71875,85.8125,5.4375,6.6,1079.0,1.0,0.0
2024-12-01,2024-12-01,4.0,131815.0,214014.85,345829.85,-0.7166666666666667,754.6145833333334,88.78125,4.15625,5.0,717.0,1.0,2.3
2024-12-02,2024-12-02,6.0,82780.0,118989.0,201769.0,-0.1791666666666667,753.4791666666666,96.51041666666669,3.5395833333333333,4.6,1121.5,1.0,0.0
2024-12-03,2024-12-03,6.0,125220.0,347144.47,472364.47,-0.6604166666666668,755.2083333333334,87.78125,4.3,5.3,1144.5,1.0,0.0
2024-12-04,2024-12-04,14.0,212277.5,382109.0,594386.5,-1.773913043478261,754.5,82.71739130434783,5.232608695652174,6.9,1095.5,1.0,0.0
2024-12-05,2024-12-05,13.0,101387.0,245081.92,346468.92,-3.7458333333333336,759.6666666666666,78.69791666666667,5.114583333333333,5.6,1145.0,1.0,0.5
2024-12-06,2024-12-06,19.0,683380.0,1257977.05,1941357.05,-6.7875000000000005,768.0833333333334,85.98958333333333,2.2666666666666666,3.5,1121.5,1.0,0.0
2024-12-07,2024-12-07,7.0,119775.0,198560.0,318335.0,-10.433333333333334,769.9166666666666,79.05208333333333,2.0708333333333333,2.4,1075.0,1.0,0.0
2024-12-08,2024-12-08,4.0,49700.0,61174.2,110874.2,-8.447916666666666,767.5520833333334,65.91666666666667,3.758333333333333,5.4,847.5,1.0,0.1
2024-12-09,2024-12-09,14.0,310240.0,587826.1,898066.1,-7.158333333333334,762.2395833333334,74.47916666666667,4.947916666666667,5.5,1005.5,1.0,2.5
2024-12-10,2024-12-10,7.0,332390.0,596272.5,928662.5,-4.891489361702128,754.9787234042553,91.84042553191487,4.170212765957447,5.6,992.0,1.0,3.9
2024-12-11,2024-12-11,9.0,156640.0,55901.0,212541.0,-3.9958333333333336,744.0625,90.40625,6.6875,7.8,807.0,1.0,12.8
2024-12-12,2024-12-12,11.0,151688.0,464234.61,615922.61,-3.1791666666666667,735.7395833333334,91.61458333333331,3.55625,6.2,970.5,1.0,3.1
2024-12-13,2024-12-13,16.0,413761.5,684126.84,1097888.34,-5.597872340425533,727.2340425531914,93.20212765957449,3.8638297872340415,5.8,844.0,1.0,2.6
2024-12-14,2024-12-14,6.0,150065.0,149552.0,299617.0,-10.879166666666665,734.90625,84.41666666666667,6.0,6.4,747.5,1.0,0.8
2024-12-15,2024-12-15,10.0,144243.0,316662.9,460905.9,-13.391666666666666,743.7708333333334,83.42708333333333,4.304166666666666,5.9,926.0,1.0,0.0
2024-12-16,2024-12-16,7.0,92669.0,95449.4,188118.4,-6.55625,736.1354166666666,93.91666666666669,5.566666666666666,7.9,742.5,1.0,5.7
2024-12-17,2024-12-17,12.0,260355.0,299862.4,560217.4,-3.158333333333333,731.0,92.51041666666669,5.966666666666666,6.9,779.0,1.0,2.0
2024-12-18,2024-12-18,4.0,62140.0,116768.41,178908.41,-4.377083333333333,730.0729166666666,93.91666666666669,3.1750000000000003,6.4,825.0,1.0,1.7
2024-12-19,2024-12-19,18.0,402759.0,346508.2,749267.2,-10.960416666666667,739.6145833333334,89.97916666666667,1.8395833333333331,2.6,976.0,1.0,0.0
2024-12-20,2024-12-20,8.0,98805.0,147578.1,246383.1,-15.570833333333333,748.3020833333334,83.9375,2.7541666666666664,5.4,891.5,1.0,1.0
2024-12-21,2024-12-21,17.0,279270.0,611954.0,891224.0,-4.341666666666667,745.875,94.94791666666669,6.29375,7.4,903.0,1.0,10.7
2024-12-22,2024-12-22,4.0,130990.0,122807.0,253797.0,-0.5808510638297872,750.0106382978723,95.04255319148936,3.436170212765957,6.0,886.5,1.0,0.4
2024-12-23,2024-12-23,16.0,440334.0,632319.8,1072653.8,-3.61875,755.1458333333334,93.84375,3.3312500000000003,4.2,910.0,1.0,0.0
2024-12-24,2024-12-24,13.0,341435.0,572545.58,913980.58,-12.020833333333334,758.0,85.0,1.6020833333333335,2.0,833.5,1.0,0.1
2024-12-25,2024-12-25,13.0,496739.0,1166606.33,1663345.33,-13.010416666666666,758.0,85.625,0.9395833333333332,1.4,930.5,1.0,0.1
2024-12-26,2024-12-26,13.0,210560.0,537458.0,748018.0,-12.691666666666668,757.4895833333334,86.375,2.629166666666667,4.9,944.5,1.0,0.0
2024-12-27,2024-12-27,11.0,152890.0,271404.2,424294.2,-2.4166666666666665,751.5,92.80208333333331,5.266666666666667,7.4,953.0,1.0,0.0
2024-12-28,2024-12-28,20.0,610752.0,794474.62,1405226.62,-5.154166666666667,753.9375,92.52083333333331,3.360416666666667,4.3,928.5,1.0,0.0
2024-12-29,2024-12-29,9.0,187745.0,331591.2,519336.2,-5.104166666666667,754.125,93.84375,2.589583333333333,3.2,856.0,1.0,0.0
2024-12-30,2024-12-30,28.0,1143740.0,1040714.34,2184454.34,-8.233333333333333,749.9270833333334,91.02083333333331,5.05625,7.3,968.5,1.0,0.0
2024-12-31,2024-12-31,14.0,164040.0,782769.005,164040.0,-4.879166666666666,739.5208333333334,90.85416666666669,6.222916666666666,8.3,883.0,1.0,2.8
2025-01-01,2025-01-01,11.0,112981.66666666666,524823.6699999999,115959.33333333334,-5.170833333333333,738.4166666666666,90.61458333333331,4.395833333333333,6.6,984.5,1.0,0.2
2025-01-02,2025-01-02,8.0,61923.33333333333,266878.33499999996,67878.66666666667,-4.570833333333334,734.1041666666666,93.10416666666669,6.216666666666666,8.6,829.5,1.0,7.4
2025-01-03,2025-01-03,5.0,10865.0,8933.0,19798.0,1.0291666666666666,735.7083333333334,94.65625,5.947916666666667,8.3,795.0,1.0,0.1
2025-01-04,2025-01-04,11.0,100535.0,67909.45,168444.45,-3.310416666666667,741.5833333333334,94.4375,2.8937500000000003,6.5,821.0,1.0,2.9
2025-01-05,2025-01-05,9.0,285990.0,457202.13,743192.13,-3.685416666666667,739.1979166666666,90.875,4.404166666666667,6.3,969.5,1.0,0.1
2025-01-06,2025-01-06,9.0,138595.0,161553.05,300148.05,-7.217021276595744,748.8085106382979,89.53191489361703,4.042553191489362,4.8,933.5,1.0,0.1
2025-01-07,2025-01-07,7.0,95600.0,89662.0,185262.0,-11.9125,756.1979166666666,86.17708333333333,3.30625,5.2,986.5,1.0,1.9
2025-01-08,2025-01-08,11.0,131650.0,239582.0,371232.0,-4.6312500000000005,750.5625,94.05208333333331,5.366666666666667,7.4,901.5,1.0,7.2
2025-01-09,2025-01-09,8.0,33940.0,111115.8,145055.8,0.15625,745.1458333333334,96.72916666666669,6.41875,7.8,737.0,1.0,1.7000000000000002
2025-01-10,2025-01-10,10.0,208957.5,213877.0,422834.5,-1.5166666666666666,755.5520833333334,90.79166666666669,3.6625,5.4,1001.5,1.0,0.1
2025-01-11,2025-01-11,12.0,184005.0,303031.62,487036.62,-0.5833333333333334,755.78125,96.23958333333331,3.6791666666666663,4.6,927.5,1.0,0.8
2025-01-12,2025-01-12,8.0,139805.0,624784.0,764589.0,-8.177083333333334,755.5,86.82291666666667,2.8000000000000003,4.3,1221.0,1.0,0.0
2025-01-13,2025-01-13,13.0,264259.0,209163.1,473422.1,-7.229166666666667,751.5104166666666,90.5,2.7875,3.6,786.0,1.0,11.9
2025-01-14,2025-01-14,16.0,570171.0,740607.0,1310778.0,-3.823404255319149,746.8085106382979,91.7127659574468,4.857446808510638,6.4,843.5,1.0,1.6
2025-01-15,2025-01-15,4.0,32765.0,9652.0,42417.0,-3.71875,741.2083333333334,92.83333333333331,4.739583333333333,5.9,913.5,1.0,1.9
2025-01-16,2025-01-16,12.0,325090.0,752799.82,1077889.82,-12.127083333333331,744.625,85.22916666666667,3.61875,5.9,1035.5,1.0,0.0
2025-01-17,2025-01-17,9.0,107305.0,310225.6,417530.6,-15.48125,743.9166666666666,84.40625,2.4250000000000003,3.8,997.5,1.0,0.8
2025-01-18,2025-01-18,20.0,542079.0,1066129.7,1608208.7,-10.98723404255319,742.2659574468086,89.52127659574468,2.6510638297872338,4.3,875.5,1.0,0.2
2025-01-19,2025-01-19,2.0,57110.0,108040.0,165150.0,-3.0125,737.375,95.3125,4.48125,4.8,691.5,1.0,0.2
2025-01-20,2025-01-20,13.0,270405.0,540113.35,810518.35,-2.752083333333333,733.3958333333334,91.27083333333331,5.235416666666667,7.7,981.5,1.0,0.6000000000000001
2025-01-21,2025-01-21,12.0,190435.0,495607.5,686042.5,-10.297916666666667,741.1041666666666,79.83333333333333,7.60625,8.3,1180.0,1.0,0.0
2025-01-22,2025-01-22,8.0,128805.0,5884953.0,6013758.0,-19.866666666666667,760.2083333333334,72.80208333333333,4.554166666666666,7.7,1404.5,1.0,0.0
2025-01-23,2025-01-23,10.0,185342.0,354685.0,540027.0,-15.683333333333332,764.0833333333334,73.39583333333333,5.904166666666666,8.0,1083.5,1.0,2.1
2025-01-24,2025-01-24,15.0,621559.0,714590.95,1336149.95,-11.3375,759.3125,86.51041666666667,5.633333333333333,7.4,1120.0,1.0,6.9
2025-01-25,2025-01-25,5.0,97540.0,126231.0,223771.0,-17.681250000000002,758.5520833333334,82.60416666666667,1.7125,3.1,1657.5,1.0,0.0
2025-01-26,2025-01-26,3.0,14355.0,49398.21,63753.21,-18.17083333333333,755.9583333333334,82.70833333333333,2.797916666666667,4.6,1442.5,1.0,0.0
2025-01-27,2025-01-27,13.0,140580.0,223249.9,363829.9,-5.666666666666667,750.8854166666666,96.57291666666669,3.472916666666667,4.4,829.0,1.0,5.7
2025-01-28,2025-01-28,8.0,351855.0,266447.5,618302.5,0.50625,746.4479166666666,98.86458333333331,5.26875,7.1,957.5,1.0,3.6
2025-01-29,2025-01-29,18.0,458831.0,746646.99,1205477.99,-0.4520833333333333,753.15625,91.94791666666669,2.620833333333333,5.6,838.0,1.0,0.2
2025-01-30,2025-01-30,15.0,335289.4,290456.16,625745.56,-0.3375000000000001,755.3229166666666,98.86458333333331,2.4541666666666666,3.4,840.0,1.0,0.6000000000000001
2025-01-31,2025-01-31,57.0,1530989.2,1466938.41,2997927.61,0.3895833333333334,754.2083333333334,98.40625,3.408333333333333,4.4,1074.0,1.0,3.5
2025-02-01,2025-02-01,1.0,7310.0,48851.0,56161.0,1.127659574468085,757.1276595744681,96.44680851063828,3.665957446808511,4.3,754.5,1.0,0.0
2025-02-02,2025-02-02,1.0,300.0,322785.15,300.0,0.1958333333333333,755.0,95.39583333333331,4.264583333333333,5.2,661.5,1.0,4.7
2025-02-03,2025-02-03,16.0,219595.0,596719.3,816314.3,-2.097916666666667,753.9583333333334,95.01041666666669,4.7,5.1,854.0,1.0,2.9
2025-02-04,2025-02-04,12.0,199315.0,298338.0,497653.0,-4.268085106382979,760.4468085106383,94.12765957446808,3.6510638297872338,4.6,785.5,1.0,3.6
2025-02-05,2025-02-05,18.0,449724.0,443182.3,892906.3,-5.883333333333333,766.8333333333334,90.28125,2.3854166666666665,2.9,1422.0,1.0,0.8
2025-02-06,2025-02-06,1.0,14720.0,24664.0,39384.0,-11.235416666666666,770.8645833333334,85.85416666666667,1.5104166666666667,2.1,2270.5,1.0,0.0
2025-02-07,2025-02-07,10.0,92815.0,207119.0,299934.0,-11.195833333333333,773.0520833333334,87.01041666666667,1.8229166666666667,2.5,2417.0,1.0,0.0
2025-02-08,2025-02-08,14.0,163620.0,300031.0,463651.0,-12.36875,772.21875,88.22916666666667,2.1375,2.9,1073.5,1.0,0.0
2025-02-09,2025-02-09,1.0,5200.0,780906.5,5200.0,-9.704166666666667,769.9895833333334,91.42708333333331,1.4208333333333334,2.2,1084.0,1.0,0.0
2025-02-10,2025-02-10,14.0,200704.5,1261782.0,1462486.5,-9.789583333333336,765.0416666666666,88.64583333333333,1.8229166666666667,3.3,1233.0,1.0,0.0
2025-02-11,2025-02-11,22.0,317532.0,612037.85,929569.85,-11.825,762.8020833333334,87.9375,2.214583333333333,3.1,1170.5,1.0,0.0
2025-02-12,2025-02-12,6.0,88730.0,133260.0,221990.0,-9.904166666666669,754.6458333333334,87.97916666666667,5.027083333333334,6.6,1167.0,1.0,0.0
2025-02-13,2025-02-13,15.0,265615.0,766209.0,1031824.0,-6.1312500000000005,751.3541666666666,91.46875,2.889583333333333,4.8,1182.0,1.0,0.0
2025-02-14,2025-02-14,14.0,420530.0,984251.6,1404781.6,-7.993749999999999,748.8020833333334,90.03125,3.145833333333333,4.0,1110.0,1.0,0.5
2025-02-15,2025-02-15,1.0,22500.0,2754.9,25254.9,-11.039583333333333,744.125,90.73958333333331,3.345833333333333,4.1,1225.5,1.0,2.1
2025-02-16,2025-02-16,3.0,123115.0,215117.0,338232.0,-9.310416666666669,737.6458333333334,89.92708333333333,3.4791666666666665,4.7,1325.0,1.0,0.2
2025-02-17,2025-02-17,12.0,342370.0,501218.01,843588.01,-14.2875,745.375,81.28125,3.8958333333333335,5.6,2010.5,1.0,0.0
2025-02-18,2025-02-18,16.0,312765.0,656456.0,969221.0,-15.447916666666666,753.8854166666666,83.0,3.8791666666666655,5.0,2287.0,1.0,0.0
2025-02-19,2025-02-19,9.0,286905.0,170666.7,457571.7,-16.51875,757.9895833333334,83.23958333333333,3.2062500000000003,4.5,1900.0,1.0,0.0
2025-02-20,2025-02-20,14.0,625500.0,1442135.5,2067635.5,-15.5625,760.4479166666666,85.58333333333333,2.3354166666666667,2.9,1359.0,1.0,0.0
2025-02-21,2025-02-21,11.0,374797.0,696269.8,1071066.8,-17.064583333333335,764.6041666666666,82.60416666666667,1.26875,1.7,2166.5,1.0,0.0
2025-02-22,2025-02-22,5.0,215925.0,1727203.0,1943128.0,-14.920833333333334,764.5104166666666,83.51041666666667,2.5145833333333334,4.4,3080.0,1.0,0.0
2025-02-23,2025-02-23,9.0,432152.0,536492.94,968644.94,-8.283333333333333,761.2604166666666,80.60416666666667,5.7250000000000005,6.6,3186.0,1.0,0.0
2025-02-24,2025-02-24,10.0,294575.0,318795.0,613370.0,-8.685416666666667,757.125,86.60416666666667,2.8479166666666664,5.0,1857.0,2.0,0.1
2025-02-25,2025-02-25,11.0,429957.0,2119210.0,2549167.0,-7.666666666666667,752.375,88.91666666666667,1.8291666666666664,2.8,1358.0,1.0,2.9
2025-02-26,2025-02-26,17.0,310614.0,112605.94,423219.94,-7.191666666666666,750.5833333333334,91.5,2.56875,4.3,1932.5,1.0,0.0
2025-02-27,2025-02-27,6.0,145464.0,353037.19,498501.19,-5.004166666666666,752.96875,92.14583333333331,2.377083333333333,3.4,1281.5,1.0,7.0
2025-02-28,2025-02-28,59.0,2114153.0,3546107.62,5660260.62,-8.387500000000001,757.8958333333334,85.66666666666667,2.670833333333333,3.9,2096.5,1.0,0.1
2025-03-01,2025-03-01,3.0,19090.0,38568.0,57658.0,-4.470833333333333,756.90625,93.05208333333331,2.970833333333333,3.5,1759.5,3.0,0.0
2025-03-02,2025-03-02,12.0,243560.0,219562.0,463122.0,-4.652083333333334,752.65625,92.65625,3.6125,4.9,1767.0,1.0,2.1
2025-03-03,2025-03-03,13.0,158525.0,160653.0,319178.0,-4.439583333333333,747.53125,93.04166666666669,3.4916666666666667,4.3,1829.5,2.0,0.1
2025-03-04,2025-03-04,15.0,315090.0,517296.0,832386.0,-5.979166666666667,744.6041666666666,92.5625,4.541666666666667,5.2,1301.5,1.0,4.1
2025-03-05,2025-03-05,9.0,103300.0,68180.0,171480.0,-6.377083333333334,739.5833333333334,92.16666666666669,4.066666666666666,5.8,1472.5,1.0,0.6000000000000001
2025-03-06,2025-03-06,4.0,34970.0,6770.0,41740.0,-7.0062500000000005,736.3541666666666,90.21875,1.2895833333333333,2.0,5807.0,3.0,0.5
2025-03-07,2025-03-07,16.0,297330.0,473756.69,771086.69,-5.258333333333334,737.0,92.05208333333331,2.3229166666666665,4.7,5935.5,3.0,1.1
2025-03-08,2025-03-08,6.0,89135.0,72032.5,161167.5,-2.7854166666666664,744.4375,92.64583333333331,3.189583333333333,4.8,6065.5,3.0,0.3
2025-03-09,2025-03-09,10.0,330381.0,511990.0,842371.0,-2.9562500000000003,742.9166666666666,95.15625,5.210416666666666,7.5,6181.5,3.0,1.5
2025-03-10,2025-03-10,12.0,137960.0,114976.36,252936.36,-1.56875,746.9479166666666,91.83333333333331,4.454166666666667,5.8,6328.0,3.0,0.2
2025-03-11,2025-03-11,8.0,158090.0,473530.0,631620.0,-5.7125,753.0833333333334,90.96875,3.84375,6.7,6461.5,3.0,0.0
2025-03-12,2025-03-12,33.0,1107682.8,1487786.04,2595468.84,0.7937500000000001,744.8125,95.38541666666669,5.783333333333334,6.8,4276.5,3.0,0.0
2025-03-13,2025-03-13,15.0,183480.0,321649.75,505129.75,1.2104166666666667,742.0,99.83333333333331,3.1291666666666664,3.9,4741.0,3.0,0.1
2025-03-14,2025-03-14,8.0,261120.0,197119.0,458239.0,2.672916666666667,746.34375,99.75,4.835416666666666,8.0,6820.0,3.0,0.3
2025-03-15,2025-03-15,7.0,148270.0,92350.0,240620.0,5.077083333333333,744.7083333333334,98.46875,4.164583333333334,7.8,2163.0,3.0,0.0
2025-03-16,2025-03-16,6.0,108745.0,80383.0,189128.0,0.7374999999999999,744.84375,92.71875,3.270833333333333,5.6,3638.0,3.0,0.0
2025-03-17,2025-03-17,24.0,508710.0,930677.6,1439387.6,0.9020833333333332,740.1145833333334,88.85416666666667,2.25625,3.7,4488.5,3.0,0.0
2025-03-18,2025-03-18,15.0,240115.0,614384.0,854499.0,-1.3104166666666666,745.6666666666666,89.17708333333333,2.4854166666666666,3.1,2952.5,2.0,0.0
2025-03-19,2025-03-19,17.0,331350.0,886155.5,1217505.5,-1.59375,747.8645833333334,84.38541666666667,2.2645833333333334,3.6,5381.0,3.0,0.2
2025-03-20,2025-03-20,3.0,48080.0,30547.0,78627.0,-2.6916666666666664,745.875,86.91666666666667,4.9875,6.9,3338.0,3.0,0.0
2025-03-21,2025-03-21,6.0,69645.0,94965.0,164610.0,-1.0208333333333333,751.9583333333334,89.6875,4.408333333333333,7.1,3675.5,3.0,0.0
2025-03-22,2025-03-22,2.0,36765.0,43326.0,80091.0,-0.6208333333333332,757.7083333333334,82.45833333333333,3.8166666666666655,5.2,5328.0,3.0,0.2
2025-03-23,2025-03-23,9.0,193975.0,118521.0,312496.0,-0.6333333333333333,760.15625,83.26041666666667,4.979166666666667,7.1,5385.0,3.0,0.0
2025-03-24,2025-03-24,29.0,781456.8,1275286.68,2056743.48,2.7,761.75,95.13541666666669,1.6729166666666666,3.2,2820.0,2.0,0.0
2025-03-25,2025-03-25,16.0,343965.0,880379.11,1224344.11,3.0625,761.2083333333334,95.09375,3.308333333333333,4.1,4608.0,3.0,0.0
2025-03-26,2025-03-26,5.0,155570.0,54218.0,209788.0,3.79375,757.1354166666666,89.39583333333333,4.679166666666666,6.0,1911.0,2.0,0.0
2025-03-27,2025-03-27,12.0,162330.0,232676.8,395006.8,4.177083333333333,755.9583333333334,85.23958333333333,3.8791666666666655,4.9,6047.5,3.0,0.0
2025-03-28,2025-03-28,11.0,341670.0,504383.5,846053.5,4.195833333333334,755.875,90.98958333333331,2.183333333333333,2.8,7316.5,3.0,0.0
2025-03-29,2025-03-29,13.0,228340.0,568169.99,796509.99,0.9416666666666668,755.59375,94.94791666666669,1.075,1.7,6516.5,3.0,0.0
2025-03-30,2025-03-30,3.0,24220.0,4744.0,28964.0,2.920833333333333,754.3125,96.08333333333331,1.30625,2.3,7620.0,3.0,0.0
2025-03-31,2025-03-31,57.0,1838648.0,2678737.92,4517385.92,4.497916666666667,755.0416666666666,93.91666666666669,1.4020833333333331,1.9,7825.0,3.0,0.0
2025-04-01,2025-04-01,8.0,127135.0,210887.0,338022.0,3.391666666666667,756.8333333333334,97.0,1.5645833333333332,3.0,8183.5,3.0,0.0
2025-04-02,2025-04-02,12.0,102210.0,36938.1,139148.1,5.216666666666667,746.8229166666666,98.83333333333331,1.775,2.8,3633.5,4.0,0.0
2025-04-03,2025-04-03,10.0,114373.0,103328.0,217701.0,3.514583333333333,740.7604166666666,88.13541666666667,3.8395833333333336,5.6,6447.0,4.0,0.0
2025-04-04,2025-04-04,13.0,219550.0,436767.0,656317.0,3.820833333333333,739.1666666666666,82.5625,5.158333333333333,8.4,5001.5,3.0,0.0
2025-04-05,2025-04-05,9.0,261685.0,503233.0,764918.0,5.41875,737.3125,73.625,4.102083333333334,5.5,9970.5,5.0,0.0
2025-04-06,2025-04-06,8.0,120620.0,99560.03,220180.03,2.7291666666666665,743.6458333333334,84.84375,3.4645833333333336,5.3,6130.5,3.0,0.0
2025-04-07,2025-04-07,10.0,303337.0,218817.0,522154.0,1.65,743.9583333333334,97.03125,3.2062500000000003,5.2,3804.5,4.0,0.3
2025-04-08,2025-04-08,8.0,92020.0,34764.0,126784.0,5.141666666666667,745.6666666666666,90.09375,3.11875,4.6,3165.0,4.0,0.1
2025-04-09,2025-04-09,23.0,530905.0,661613.93,1192518.93,5.4625,743.375,64.67708333333333,6.277083333333334,8.2,6848.0,4.0,0.3
2025-04-10,2025-04-10,10.0,231860.0,584144.98,816004.98,1.7770833333333331,743.8854166666666,56.083333333333336,3.2145833333333336,4.9,6065.0,4.0,0.0
2025-04-11,2025-04-11,16.0,383837.0,1072225.94,1456062.94,2.589583333333333,743.3854166666666,59.520833333333336,3.43125,5.0,5305.0,4.0,0.0
2025-04-12,2025-04-12,16.0,295020.0,563935.63,858955.63,4.49375,743.4166666666666,66.02083333333333,5.616666666666667,8.3,6175.0,3.0,0.0
2025-04-13,2025-04-13,3.0,85310.0,7035.0,92345.0,1.4979166666666668,746.8020833333334,71.35416666666667,4.233333333333333,6.0,3774.0,4.0,0.0
2025-04-14,2025-04-14,13.0,243820.0,443351.12,687171.12,3.2458333333333336,753.9895833333334,65.98958333333333,2.79375,4.9,7297.5,4.0,0.0
2025-04-15,2025-04-15,8.0,154659.0,229878.0,384537.0,9.466666666666669,756.2291666666666,63.958333333333336,5.3500000000000005,7.4,11210.5,5.0,0.0
2025-04-16,2025-04-16,7.0,116165.0,310543.97,426708.97,10.21875,753.7291666666666,64.3125,6.4750000000000005,8.8,11037.0,5.0,0.0
2025-04-17,2025-04-17,7.0,105444.0,456950.0,562394.0,7.170833333333333,755.71875,68.05208333333333,3.0104166666666665,5.3,8335.0,5.0,0.0
2025-04-18,2025-04-18,26.0,849895.0,1907721.49,2757616.49,11.75,751.0833333333334,75.98958333333333,2.86875,4.2,8779.0,4.0,0.0
2025-04-19,2025-04-19,8.0,96650.0,125602.0,222252.0,16.522916666666667,747.9479166666666,77.10416666666667,4.435416666666667,6.0,9328.5,5.0,0.0
2025-04-20,2025-04-20,8.0,196480.0,117181.0,313661.0,15.354166666666666,744.9166666666666,82.55208333333333,4.766666666666667,6.1,6011.5,3.0,0.2
2025-04-21,2025-04-21,7.0,178675.0,413906.0,592581.0,11.65,748.9166666666666,82.63541666666667,3.5583333333333336,5.0,3006.5,2.0,0.1
2025-04-22,2025-04-22,7.0,163680.0,133277.2,296957.2,16.704166666666666,748.8645833333334,63.614583333333336,5.95,8.4,11043.0,6.0,0.0
2025-04-23,2025-04-23,9.0,207230.0,427043.5,634273.5,7.175,753.6041666666666,65.52083333333333,4.741666666666666,5.9,11932.5,6.0,0.0
2025-04-24,2025-04-24,16.0,358045.0,558724.24,916769.24,13.677083333333334,745.9583333333334,73.52083333333333,3.13125,6.8,10680.0,6.0,0.1
2025-04-25,2025-04-25,7.0,186110.0,1260957.11,1447067.11,11.56875,742.40625,85.91666666666667,3.985416666666667,5.6,3593.5,2.0,0.0
2025-04-26,2025-04-26,6.0,158640.0,106538.0,265178.0,10.508333333333333,738.9375,75.63541666666667,3.7375,5.7,3702.5,2.0,0.2
2025-04-27,2025-04-27,6.0,164460.0,329350.6,493810.6,3.6020833333333333,740.875,82.26041666666667,4.03125,5.5,3337.5,3.0,0.0
2025-04-28,2025-04-28,15.0,179029.0,612496.84,791525.84,-1.1791666666666667,741.1145833333334,78.69791666666667,6.972916666666666,8.9,3224.0,2.0,15.6
2025-04-29,2025-04-29,14.0,327105.0,1141044.31,1468149.31,5.558333333333334,747.0416666666666,62.03125,6.997916666666666,8.9,12783.5,6.0,0.0
2025-04-30,2025-04-30,57.0,2541928.0,8741067.79,11282995.79,7.40625,744.6145833333334,85.5,7.810416666666666,8.8,3891.5,4.0,0.6000000000000001
2025-05-01,2025-05-01,2.0,32855.0,7086.0,39941.0,5.2,748.6458333333334,74.5625,3.5708333333333333,5.3,7575.0,3.0,0.0
2025-05-02,2025-05-02,7.0,130240.0,269651.0,399891.0,2.770833333333333,749.875,85.02083333333333,4.6125,7.7,2661.0,2.0,0.0
2025-05-03,2025-05-03,5.0,82255.0,211105.61,293360.61,7.047916666666667,740.34375,86.05208333333333,5.660416666666666,10.1,4960.0,4.0,0.0
2025-05-04,2025-05-04,2.0,19280.0,348662.055,19280.0,9.227083333333333,742.0520833333334,81.5625,4.760416666666667,7.0,8312.5,5.0,0.0
2025-05-05,2025-05-05,5.0,160370.0,486218.5,646588.5,15.88125,741.6666666666666,77.61458333333333,5.616666666666667,8.3,7295.5,4.0,0.0
2025-05-06,2025-05-06,34.0,561148.0,1584580.28,2145728.28,11.772916666666667,741.78125,82.17708333333333,4.716666666666667,8.6,6449.0,4.0,0.0
2025-05-07,2025-05-07,6.0,114020.0,255905.0,369925.0,9.09375,747.8333333333334,62.69791666666666,2.0500000000000003,2.7,13787.5,5.0,0.0
2025-05-08,2025-05-08,13.0,443165.0,1243930.0,1687095.0,11.304166666666667,743.1354166666666,72.375,2.922916666666667,5.1,8480.0,4.5,0.0
2025-05-09,2025-05-09,8.0,252105.0,396832.0,648937.0,9.329166666666667,744.1041666666666,83.77083333333333,3.4104166666666664,4.9,3731.0,2.5,0.4
2025-05-10,2025-05-10,6.0,214185.0,247079.0,461264.0,10.370833333333334,747.8854166666666,68.58333333333333,3.4645833333333336,5.9,13830.0,7.0,0.0
2025-05-11,2025-05-11,1.0,22350.0,82169.0,104519.0,9.979166666666666,745.1770833333334,73.51041666666667,5.172916666666667,7.7,5572.5,3.5,0.0
2025-05-12,2025-05-12,19.0,547797.5,1113419.0,1661216.5,12.314583333333331,749.0,63.020833333333336,2.379166666666667,3.9,13866.5,7.0,0.0
2025-05-13,2025-05-13,11.0,177662.5,131486.5,309149.0,14.177083333333334,747.28125,62.28125,3.452083333333333,5.1,14650.0,7.0,0.0
2025-05-14,2025-05-14,14.0,420045.0,441857.0,861902.0,14.229166666666666,742.1875,84.17708333333333,4.385416666666667,6.5,10969.0,7.0,0.1
2025-05-15,2025-05-15,14.0,318082.0,576810.6,894892.6,13.160416666666668,743.34375,72.04166666666667,6.379166666666666,8.1,10692.5,5.0,0.1
2025-05-16,2025-05-16,14.0,282399.0,369816.67,652215.67,14.583333333333334,749.8229166666666,71.14583333333333,5.21875,7.8,11573.5,7.0,0.0
2025-05-17,2025-05-17,8.0,126040.0,83823.21,209863.21,15.579166666666666,750.40625,66.13541666666667,3.045833333333333,4.4,15098.5,7.0,0.0
2025-05-18,2025-05-18,6.0,58430.0,18896.48,77326.48,15.954166666666666,749.7916666666666,65.29166666666667,2.575,4.6,11539.5,7.0,0.0
2025-05-19,2025-05-19,8.0,126478.0,213517.0,339995.0,14.808333333333332,743.65625,85.47916666666667,3.95,5.7,6297.5,3.5,0.0
2025-05-20,2025-05-20,16.0,247404.0,667232.9,914636.9,14.454166666666667,734.46875,86.91666666666667,3.7916666666666665,6.2,5647.0,3.5,0.0
2025-05-21,2025-05-21,13.0,200830.0,644903.0,845733.0,13.06875,738.8645833333334,82.32291666666667,4.945833333333334,6.9,9170.5,7.0,0.0
2025-05-22,2025-05-22,11.0,162710.0,319318.5,482028.5,13.783333333333331,743.6666666666666,70.8125,3.83125,6.4,11816.5,7.0,0.0
2025-05-23,2025-05-23,12.0,177080.0,206148.86,383228.86,12.283333333333331,751.5729166666666,67.03125,3.48125,4.4,12537.5,7.0,0.0
2025-05-24,2025-05-24,15.0,552029.0,1785886.14,2337915.14,13.155319148936169,753.7978723404256,57.27659574468085,3.668085106382979,5.9,15656.5,7.0,0.0
2025-05-25,2025-05-25,16.5,445904.5,1352945.9849999999,1798850.485,13.116666666666667,756.6041666666666,53.01041666666666,2.16875,3.4,15728.5,7.0,0.0
2025-05-26,2025-05-26,18.0,339780.0,920005.83,1259785.83,16.239583333333332,759.1354166666666,57.520833333333336,2.5770833333333334,3.7,15800.5,7.0,0.0
2025-05-27,2025-05-27,15.0,276368.0,647348.0,923716.0,19.35625,758.4270833333334,63.770833333333336,3.641666666666667,5.2,15862.0,7.0,0.0
2025-05-28,2025-05-28,12.0,166130.0,258805.4,424935.4,20.697916666666668,757.7708333333334,62.875,2.9604166666666667,3.9,15926.0,7.0,0.0
2025-05-29,2025-05-29,6.0,231161.0,444880.0,676041.0,21.98125,756.3645833333334,59.09375,1.9041666666666668,3.0,15988.5,7.0,0.0
2025-05-30,2025-05-30,27.0,872286.0,1783907.13,2656193.13,23.035416666666663,753.3333333333334,57.46875,1.7875,2.8,15995.0,7.0,0.0
2025-05-31,2025-05-31,54.0,1324819.0,1567935.4,2892754.4,24.604166666666668,750.09375,59.28125,3.65625,5.5,16075.0,8.0,0.0
2025-06-01,2025-06-01,5.0,127730.0,683273.78,811003.78,25.022916666666664,744.53125,63.34375,4.089583333333334,7.1,15446.0,8.0,0.1
2025-06-02,2025-06-02,4.0,24145.0,30901.0,55046.0,18.60833333333333,737.8020833333334,81.79166666666667,4.7375,7.1,8833.5,5.5,0.9
2025-06-03,2025-06-03,8.0,179800.0,262831.5,442631.5,13.835416666666667,741.0625,82.05208333333333,2.7270833333333333,4.7,8428.0,5.0,0.0
2025-06-04,2025-06-04,6.0,146145.0,409424.0,555569.0,16.650000000000002,741.5729166666666,78.07291666666667,3.391666666666667,6.2,12740.0,8.0,0.0
2025-06-05,2025-06-05,6.0,70015.0,86635.0,156650.0,16.008333333333333,744.3541666666666,67.51041666666667,4.322916666666667,6.8,16307.5,8.0,0.0
2025-06-06,2025-06-06,15.0,232185.0,671417.61,903602.61,16.693749999999998,750.1041666666666,62.3125,2.4229166666666666,2.9,16193.5,8.0,0.0
2025-06-07,2025-06-07,13.0,233310.0,597457.6,830767.6,18.339583333333334,750.8125,63.614583333333336,2.5729166666666665,3.7,16421.5,8.0,0.0
2025-06-08,2025-06-08,14.0,316850.0,666437.11,983287.11,20.125,749.3020833333334,76.29166666666667,2.989583333333333,4.6,11742.5,8.0,0.0
2025-06-09,2025-06-09,2.0,231595.0,510450.0,742045.0,24.08125,749.4166666666666,76.10416666666667,3.625,5.1,16313.0,8.0,0.0
2025-06-10,2025-06-10,5.0,69000.0,95911.0,164911.0,25.86458333333333,748.0625,73.20833333333333,3.7875,4.7,16519.5,8.0,0.0
2025-06-11,2025-06-11,37.0,1180957.5,3038963.93,4219921.43,22.63125,745.8020833333334,81.80208333333333,2.645833333333333,6.8,14776.5,8.0,0.0
2025-06-12,2025-06-12,12.0,161520.0,476165.86,637685.86,20.90625,746.1145833333334,83.1875,2.3312500000000003,3.0,15766.0,8.0,0.9
2025-06-13,2025-06-13,7.0,231425.0,530602.81,762027.81,20.385416666666668,744.9479166666666,82.23958333333333,4.022916666666666,6.9,13880.5,7.0,0.3
2025-06-14,2025-06-14,3.0,76570.0,132195.0,208765.0,19.74375,744.1354166666666,81.54166666666667,2.716666666666667,5.0,14202.0,8.0,0.4
2025-06-15,2025-06-15,3.0,50210.0,16537.0,66747.0,18.92708333333333,743.8958333333334,81.75,2.5541666666666667,3.5,12782.0,7.0,0.4
2025-06-16,2025-06-16,18.0,258105.0,551587.39,809692.39,16.25,739.5416666666666,91.33333333333331,3.1375,5.6,4730.5,3.0,0.3
2025-06-17,2025-06-17,28.0,695864.0,1205981.86,1901845.86,15.060416666666669,740.28125,85.375,2.4604166666666667,4.5,9765.5,8.0,0.0
2025-06-18,2025-06-18,7.0,79495.0,262146.5,341641.5,15.425,740.5625,73.16666666666667,3.764583333333333,5.2,15873.0,8.0,0.0
2025-06-19,2025-06-19,10.0,172855.0,75517.8,248372.8,13.71875,735.9375,89.42708333333333,3.24375,4.0,4458.5,3.0,0.3
2025-06-20,2025-06-20,21.0,488702.5,810667.69,1299370.19,16.295833333333334,732.1875,88.51041666666667,1.45,2.4,7327.5,4.5,0.3
2025-06-21,2025-06-21,9.0,235160.0,323644.0,558804.0,15.704166666666666,733.6354166666666,86.625,2.004166666666667,4.7,6147.0,3.5,1.1
2025-06-22,2025-06-22,3.0,26790.0,50093.0,76883.0,13.520833333333334,738.9791666666666,78.75,3.98125,5.8,6899.5,5.0,0.0
2025-06-23,2025-06-23,17.0,321815.0,897478.83,1219293.83,13.277083333333332,744.65625,58.76041666666666,2.583333333333333,3.1,14437.0,8.0,0.0
2025-06-24,2025-06-24,7.0,126975.0,136427.0,263402.0,13.797916666666667,746.4583333333334,62.40625,2.020833333333333,3.3,12511.0,6.0,0.0
2025-06-25,2025-06-25,15.0,352436.0,773032.6,1125468.6,17.879166666666666,742.5208333333334,76.5625,3.966666666666667,5.8,16594.5,8.0,0.0
2025-06-26,2025-06-26,15.0,307068.0,663405.4,970473.4,16.879166666666666,737.625,89.3125,3.395833333333333,5.5,7160.5,5.0,0.0
2025-06-27,2025-06-27,20.0,589145.0,1425771.5,2014916.5,16.483333333333334,734.46875,88.9375,2.3583333333333334,4.0,9371.5,7.0,0.2
2025-06-28,2025-06-28,11.0,178255.0,181642.0,359897.0,16.849999999999998,734.3645833333334,89.19791666666667,3.560416666666667,5.3,9526.0,8.0,1.1
2025-06-29,2025-06-29,11.0,150495.0,356292.74,506787.74,15.03125,737.28125,83.21875,3.6666666666666665,4.9,7964.5,7.0,0.2
2025-06-30,2025-06-30,45.0,1433975.0,4307426.5,5741401.5,16.935416666666665,735.5625,80.03125,4.283333333333333,6.8,12353.0,8.0,0.1
2025-07-01,2025-07-01,4.0,77265.0,53725.7,130990.7,16.54375,736.4270833333334,82.625,2.802083333333333,4.0,9710.0,4.5,0.7000000000000001
2025-07-02,2025-07-02,13.0,331998.0,520398.7,852396.7,15.704166666666666,738.0520833333334,85.96875,3.233333333333333,5.3,11462.5,6.0,0.1
2025-07-03,2025-07-03,15.0,425165.0,900660.95,1325825.95,15.933333333333332,739.5208333333334,87.65625,2.7854166666666664,4.0,11000.5,5.5,0.9
2025-07-04,2025-07-04,10.0,216277.5,626219.28,842496.78,18.110416666666666,740.8125,80.83333333333333,2.7770833333333336,4.8,15123.0,8.0,1.2
2025-07-05,2025-07-05,8.0,296390.0,275387.75,571777.75,19.00625,741.96875,77.46875,3.408333333333333,5.0,12176.0,7.0,0.0
2025-07-06,2025-07-06,3.0,20220.0,223.0,20443.0,15.566666666666668,745.1041666666666,68.59375,4.6312500000000005,6.5,15815.5,8.0,0.0
2025-07-07,2025-07-07,6.0,164237.5,153011.0,317248.5,16.677083333333332,746.03125,85.125,3.889583333333333,5.1,11168.0,7.0,0.5
2025-07-08,2025-07-08,16.0,411960.0,1080552.1,1492512.1,20.416666666666668,747.09375,79.78125,2.891666666666667,4.6,16011.0,8.0,0.4
2025-07-09,2025-07-09,12.0,261268.0,292086.2,553354.2,23.335416666666664,747.9479166666666,81.32291666666667,4.404166666666667,6.0,13497.5,7.0,0.8
2025-07-10,2025-07-10,8.0,155840.0,127339.5,283179.5,23.68125,749.1041666666666,78.14583333333333,2.739583333333333,4.0,14941.5,7.0,0.0
2025-07-11,2025-07-11,15.0,435369.0,1123717.89,1559086.89,21.995833333333334,751.9375,72.91666666666667,2.1437500000000003,4.8,15590.5,7.0,0.2
2025-07-12,2025-07-12,5.0,63380.0,12848.0,76228.0,18.5875,752.9375,66.9375,2.779166666666667,4.1,15973.0,7.0,0.0
2025-07-13,2025-07-13,15.0,257645.0,332384.5,590029.5,18.33125,751.78125,61.54166666666666,2.533333333333333,3.5,15909.5,7.0,0.0
2025-07-14,2025-07-14,9.0,284025.0,345150.5,629175.5,18.57708333333333,747.6875,64.19791666666667,2.033333333333333,3.5,15845.5,7.0,0.0
2025-07-15,2025-07-15,7.0,146305.0,135531.6,281836.6,18.1,742.5104166666666,70.32291666666667,3.516666666666667,5.7,14035.5,7.0,0.0
2025-07-16,2025-07-16,19.0,565435.0,1297547.97,1862982.97,15.85,743.0416666666666,64.73958333333333,1.8520833333333333,2.6,14709.0,7.0,0.0
2025-07-17,2025-07-17,15.0,229820.0,123865.5,353685.5,18.3875,743.34375,66.78125,3.077083333333333,5.5,15643.0,7.0,0.0
2025-07-18,2025-07-18,3.0,38775.0,21990.0,60765.0,14.7625,746.5,67.85416666666667,3.88125,6.1,14891.0,7.0,0.0
2025-07-19,2025-07-19,5.0,106375.0,45180.0,151555.0,15.3625,752.28125,62.60416666666666,2.502083333333333,3.7,15493.0,7.0,0.0
2025-07-20,2025-07-20,5.0,118780.0,325721.8,444501.8,18.897916666666667,750.5416666666666,69.47916666666667,2.3000000000000003,3.2,15421.0,7.0,0.0
2025-07-21,2025-07-21,27.0,608104.0,1255201.31,1863305.31,20.56458333333333,748.84375,71.3125,1.6291666666666669,3.5,13406.0,7.0,0.0
2025-07-22,2025-07-22,4.0,38130.0,67791.64,105921.64,21.210416666666667,744.1458333333334,80.70833333333333,4.545833333333333,5.5,12024.0,5.0,0.7
2025-07-23,2025-07-23,14.0,278385.0,341016.81,619401.81,18.90625,739.53125,79.52083333333333,2.65,3.4,4830.5,2.5,2.3
2025-07-24,2025-07-24,4.0,60070.0,243362.0,303432.0,20.9,737.6041666666666,85.11458333333333,3.125,4.4,12988.5,7.0,0.1
2025-07-25,2025-07-25,4.0,58390.0,157381.0,215771.0,17.947916666666668,740.2395833333334,67.72916666666667,4.789583333333334,6.2,13433.0,7.0,0.0
2025-07-26,2025-07-26,13.0,212430.0,403715.4,616145.4,13.985416666666666,743.9479166666666,65.42708333333333,4.61875,7.1,7935.0,4.0,0.0
2025-07-27,2025-07-27,6.0,56340.0,148625.0,204965.0,16.670833333333334,744.5104166666666,62.19791666666666,4.354166666666667,6.0,11780.0,7.0,0.0
2025-07-28,2025-07-28,21.0,399660.0,796977.15,1196637.15,19.4625,743.625,60.364583333333336,4.658333333333333,6.2,13718.0,7.0,0.0
2025-07-29,2025-07-29,16.0,442570.0,915335.41,1357905.41,21.48723404255319,745.1170212765958,59.0531914893617,4.453191489361703,6.3,12496.0,7.0,0.0
2025-07-30,2025-07-30,5.0,31440.0,34711.0,66151.0,21.13125,746.3645833333334,57.8125,3.60625,5.8,13337.5,6.0,0.0
2025-07-31,2025-07-31,52.0,1305935.0,1639812.26,2945747.26,18.37708333333333,748.6041666666666,71.09375,2.670833333333333,3.8,9529.0,5.0,0.0
2025-08-01,2025-08-01,10.0,92660.0,398686.1,491346.1,21.56041666666667,749.2395833333334,70.90625,2.375,3.9,14321.5,7.0,0.0
2025-08-02,2025-08-02,6.0,62390.0,55908.0,118298.0,23.31041666666667,750.5,57.15625,1.8854166666666667,3.3,14221.5,7.0,0.0
2025-08-03,2025-08-03,1.0,8510.0,15014.0,23524.0,22.70208333333333,752.2708333333334,76.58333333333333,2.720833333333333,3.8,13516.5,7.0,0.0
2025-08-04,2025-08-04,24.0,283395.0,541751.85,825146.85,23.129166666666663,752.0729166666666,68.42708333333333,2.73125,3.9,13750.5,7.0,0.0
2025-08-05,2025-08-05,5.0,37860.0,36542.8,74402.8,23.87708333333333,746.75,65.625,2.75625,4.5,12069.5,6.0,0.0
2025-08-06,2025-08-06,14.0,269980.0,524528.13,794508.13,22.308333333333334,741.5833333333334,72.69791666666667,3.00625,4.6,11482.5,4.0,0.0
2025-08-07,2025-08-07,13.0,230435.0,603336.3,833771.3,23.21875,743.1041666666666,73.03125,2.952083333333333,6.1,12027.0,6.0,0.0
2025-08-08,2025-08-08,19.0,463722.0,684034.85,1147756.85,19.2875,744.0,95.35416666666669,4.041666666666667,5.2,2748.0,3.5,2.9000000000000004
2025-08-09,2025-08-09,11.0,156650.0,277911.49,434561.49,18.341666666666665,747.78125,77.0,2.8125,4.6,11204.5,6.0,0.3
2025-08-10,2025-08-10,2.0,90000.0,84612.94,174612.94,17.708333333333332,747.8645833333334,70.625,1.56875,2.7,12013.0,6.0,0.0
2025-08-11,2025-08-11,5.0,184120.0,388100.5,572220.5,16.627083333333335,743.4895833333334,90.20833333333331,2.93125,5.4,5286.5,4.0,0.3
2025-08-12,2025-08-12,20.0,313737.5,616871.5,930609.0,17.460416666666667,743.0833333333334,83.55208333333333,2.7916666666666665,3.8,9449.0,5.5,0.0
2025-08-13,2025-08-13,14.0,204220.0,410183.0,614403.0,17.974999999999998,741.0520833333334,76.3125,2.7458333333333336,4.1,12445.5,6.0,0.0
2025-08-14,2025-08-14,1.0,109480.0,200350.5,309830.5,16.977083333333333,740.5833333333334,78.03125,2.9,4.2,8550.0,6.0,0.0
2025-08-15,2025-08-15,14.0,299220.0,312470.16,611690.16,16.9375,741.1145833333334,71.76041666666667,3.4729166666666664,5.7,11023.0,6.0,0.0
2025-08-16,2025-08-16,23.0,808185.0,1638271.38,2446456.38,15.304166666666667,741.2916666666666,74.89583333333333,3.125,4.3,10317.5,6.0,0.0
2025-08-17,2025-08-17,4.0,82390.0,200927.0,283317.0,15.635416666666666,741.0,77.47916666666667,2.8125,4.0,9401.0,4.0,0.0
2025-08-18,2025-08-18,13.0,252645.0,217440.0,470085.0,18.235416666666666,740.2708333333334,84.58333333333333,3.66875,5.9,10627.0,5.0,0.7000000000000001
2025-08-19,2025-08-19,10.0,458500.0,811842.94,1270342.94,15.435416666666669,735.9791666666666,89.35416666666667,3.2854166666666664,9.3,3408.0,2.0,0.8
2025-08-20,2025-08-20,20.0,379634.8,728464.98,1108099.78,13.764583333333334,737.5104166666666,83.54166666666667,3.1375,5.3,5060.5,3.0,0.0
2025-08-21,2025-08-21,13.0,328795.0,365938.3,694733.3,16.3625,742.6458333333334,76.0625,2.9104166666666664,4.1,10645.5,6.0,0.0
2025-08-22,2025-08-22,22.0,820854.0,1576998.84,2397852.84,16.058333333333334,744.625,76.02083333333333,3.6375,5.6,6751.5,4.0,0.0
2025-08-23,2025-08-23,9.0,115915.0,152839.0,268754.0,13.8375,746.34375,77.16666666666667,3.675,6.6,3321.0,2.0,0.0
2025-08-24,2025-08-24,10.0,269880.0,214701.55,484581.55,21.433333333333334,742.3229166666666,63.489583333333336,5.0125,7.2,11475.0,5.0,0.4
2025-08-25,2025-08-25,7.0,54410.0,124202.0,178612.0,16.547916666666666,742.5208333333334,83.90625,2.7687500000000003,5.5,4620.0,3.0,0.3
2025-08-26,2025-08-26,4.0,196240.0,347274.8,543514.8,14.55625,747.4270833333334,75.4375,3.225,5.2,6507.5,3.0,0.0
2025-08-27,2025-08-27,30.0,647160.0,981336.08,1628496.08,14.477083333333333,746.6875,72.45833333333333,3.225,4.7,4092.0,3.0,1.7
2025-08-28,2025-08-28,11.0,249090.0,178403.0,427493.0,12.458333333333334,747.0104166666666,79.65625,5.260416666666667,7.2,5736.0,5.0,0.0
2025-08-29,2025-08-29,20.0,524080.0,974727.0,1498807.0,11.5375,747.8229166666666,77.5,5.15,7.4,6003.5,3.0,0.3
2025-08-30,2025-08-30,11.0,193310.0,394774.5,588084.5,11.71875,750.1354166666666,81.98958333333333,2.9250000000000003,4.4,8801.5,5.0,0.4
2025-08-31,2025-08-31,34.0,795795.0,188540.0,984335.0,15.535416666666668,746.8125,93.84375,2.9416666666666664,4.7,3334.0,3.0,0.9
2025-09-01,2025-09-01,4.0,13880.0,87550.0,101430.0,15.620833333333332,748.0729166666666,84.11458333333333,3.2625,4.1,3890.0,3.0,0.0
2025-09-02,2025-09-02,14.0,223835.0,229869.39,453704.39,16.90625,742.6875,81.90625,6.041666666666667,8.6,5798.5,3.0,1.1
2025-09-03,2025-09-03,16.0,260740.0,644742.9,905482.9,15.94375,740.5,85.96875,2.622916666666667,4.2,3685.0,3.0,0.0
2025-09-04,2025-09-04,6.0,56280.0,150949.0,207229.0,13.747916666666669,743.78125,93.65625,3.733333333333333,5.6,4129.0,4.0,0.0
2025-09-05,2025-09-05,9.0,369780.0,545518.2,915298.2,15.59375,747.0520833333334,86.14583333333333,5.395833333333333,6.4,3444.5,2.5,0.0
2025-09-06,2025-09-06,17.0,208793.8,555803.4,764597.2,16.904166666666665,751.5833333333334,80.58333333333333,5.970833333333334,6.9,8471.5,5.0,0.0
2025-09-07,2025-09-07,5.0,98890.0,72958.0,171848.0,16.506249999999998,754.7708333333334,75.75,3.845833333333333,5.1,4489.5,2.5,0.0
2025-09-08,2025-09-08,12.0,296980.0,535911.37,832891.37,14.51875,753.1875,79.32291666666667,4.058333333333334,6.0,8056.5,4.0,0.0
2025-09-09,2025-09-09,19.0,420613.0,419282.61,839895.61,11.2625,755.7395833333334,72.76041666666667,4.608333333333333,5.2,3140.5,2.0,0.0
2025-09-10,2025-09-10,4.0,151691.0,128244.0,279935.0,11.864583333333334,757.1354166666666,75.04166666666667,3.8666666666666663,5.6,9244.0,4.0,0.0
2025-09-11,2025-09-11,8.0,100280.04,298233.0,398513.04,10.4375,757.5729166666666,77.03125,4.760416666666667,7.5,3035.5,2.0,0.0
2025-09-12,2025-09-12,21.0,459870.0,948469.5,1408339.5,8.697916666666666,761.8229166666666,66.60416666666667,3.0229166666666667,4.3,8983.0,4.0,0.0
2025-09-13,2025-09-13,8.0,221930.0,108821.95,330751.95,10.997916666666669,763.2395833333334,69.30208333333333,1.9458333333333333,2.6,7679.0,4.0,0.0
2025-09-14,2025-09-14,10.0,154345.0,231306.42,385651.42,12.733333333333334,762.3854166666666,73.77083333333333,1.7458333333333331,2.5,7946.5,4.0,0.0
2025-09-15,2025-09-15,18.0,836990.0,891938.42,1728928.42,13.608333333333334,759.28125,66.58333333333333,1.3229166666666667,1.8,8201.5,4.0,0.0
2025-09-16,2025-09-16,4.0,52565.0,381025.0,433590.0,14.54375,756.8229166666666,54.583333333333336,1.2104166666666667,1.9,6512.0,4.0,0.0
2025-09-17,2025-09-17,18.0,616570.0,1583375.55,2199945.55,13.560416666666669,755.3333333333334,60.427083333333336,1.3854166666666667,2.4,8299.5,4.0,0.0
2025-09-18,2025-09-18,11.0,224122.4,521418.0,745540.4,13.502083333333331,754.3854166666666,65.5,1.5708333333333335,2.4,8163.5,4.0,0.0
2025-09-19,2025-09-19,10.0,120800.0,165370.05,286170.05,14.285416666666668,752.5833333333334,58.63541666666666,2.3937500000000003,4.1,3592.0,4.0,0.0
2025-09-20,2025-09-20,20.0,436340.0,1210577.65,1646917.65,14.9625,749.1875,58.57291666666666,3.4458333333333333,5.0,4111.5,2.0,0.0
2025-09-21,2025-09-21,14.0,234935.0,733795.45,968730.45,13.402083333333332,746.2083333333334,74.26041666666667,4.98125,6.6,2912.5,2.5,0.0
2025-09-22,2025-09-22,8.0,198940.0,560719.7,759659.7,14.55625,745.8333333333334,80.14583333333333,3.5125,4.8,7000.5,3.0,0.0
2025-09-23,2025-09-23,18.0,144635.0,363768.0,508403.0,18.370833333333334,743.8958333333334,73.98958333333333,5.49375,7.0,7416.0,4.0,0.0
2025-09-24,2025-09-24,11.0,53250.0,279819.0,333069.0,11.0125,745.4375,83.91666666666667,3.233333333333333,4.2,4552.0,4.0,0.0
