date,По дням,Количество заказ-нарядов,Работ,Запчастей,Всего по заказ-наряду,dow,dow_sin,dow_cos,month,month_sin,month_cos,is_weekend,is_friday,is_monday,is_peak_month,lag_1,lag_1_orders,lag_7,lag_7_orders,lag_14,lag_14_orders,lag_28,lag_28_orders,ma7,std7,growth_wow_7,ma14,std14,growth_wow_14,ma28,std28,growth_wow_28,stl_trend,stl_seasonal,stl_resid,is_anomaly,dow_x_month,is_friday_dec,is_friday_mar,avg_check,work_share
2019-05-27,2019-05-27,1.0,48350.0,0.0,48350.0,0,0.0,1.0,5,0.49999999999999994,-0.8660254037844387,0,0,1,0,,,,,,,,,48350.0,0.0,,48350.0,0.0,,48350.0,0.0,,48349.99999999995,2.0458262608419314e-11,2.9103830456733704e-11,0,0,0,0,48349.95165004835,0.9999999999793174
2019-05-28,2019-05-28,1.0272727272727271,48147.5,0.0,48147.5,1,0.7818314824680298,0.6234898018587336,5,0.49999999999999994,-0.8660254037844387,0,0,0,0,48350.0,1.0,,,,,,,48248.75,143.18912319027586,,48248.75,143.18912319027586,,48248.75,143.18912319027586,,48147.49999999996,1.1600443295158518e-11,2.1827872842550278e-11,0,5,0,0,46869.202162723566,0.9999999999792305
2019-05-29,2019-05-29,1.0545454545454545,47945.0,0.0,47945.0,2,0.9749279121818236,-0.22252093395631434,5,0.49999999999999994,-0.8660254037844387,0,0,0,0,48147.5,1.0272727272727271,,,,,,,48147.5,202.5,,48147.5,202.5,,48147.5,202.5,,47945.00000000001,-1.1329859983855801e-11,7.275957614183426e-12,0,10,0,0,45465.04309349362,0.9999999999791428
2019-05-30,2019-05-30,1.0818181818181818,47742.5,0.0,47742.5,3,0.43388373911755823,-0.900968867902419,5,0.49999999999999994,-0.8660254037844387,0,0,0,0,47945.0,1.0545454545454545,,,,,,,48046.25,261.42637586900065,,48046.25,261.42637586900065,,48046.25,261.42637586900065,,47742.49999999998,2.3411555631543947e-12,2.1827872842550278e-11,0,15,0,0,44131.681895083966,0.9999999999790543
2019-05-31,2019-05-31,1.1090909090909091,47540.0,0.0,47540.0,4,-0.433883739117558,-0.9009688679024191,5,0.49999999999999994,-0.8660254037844387,0,1,0,0,47742.5,1.0818181818181818,,,,,,,47945.0,320.1806130920484,,47945.0,320.1806130920484,,47945.0,320.1806130920484,,47540.00000000001,-1.3580818220904053e-11,7.275957614183426e-12,0,20,0,0,42863.89577845463,0.999999999978965
2019-06-01,2019-06-01,1.1363636363636362,47337.5,0.0,47337.5,5,-0.9749279121818236,-0.2225209339563146,6,1.2246467991473532e-16,-1.0,1,0,0,0,47540.0,1.1090909090909091,,,,,,,47843.75,378.84281041086155,,47843.75,378.84281041086155,,47843.75,378.84281041086155,,47337.49999999997,1.097198042109803e-11,1.4551915228366852e-11,0,30,0,0,41656.963341872266,0.9999999999788751
2019-06-02,2019-06-02,1.1636363636363636,47135.0,0.0,47135.0,6,-0.7818314824680299,0.6234898018587334,6,1.2246467991473532e-16,-1.0,1,0,0,0,47337.5,1.1363636363636362,,,,,,,47742.5,437.44999714253055,,47742.5,437.44999714253055,,47742.5,437.44999714253055,,47135.0,-1.394643596197266e-11,1.4551915228366852e-11,0,36,0,0,40506.60581463563,0.9999999999787843
2019-06-03,2019-06-03,1.190909090909091,46932.5,0.0,46932.5,0,0.0,1.0,6,1.2246467991473532e-16,-1.0,0,0,1,0,47135.0,1.1636363636363636,48350.0,1.0,,,,,47540.0,437.44999714253055,-1417.5,47641.25,496.0216729135936,-1417.5,47641.25,496.0216729135936,-1417.5,46932.499999999985,1.1106348972985265e-11,0.0,0,0,0,0,39408.936374175566,0.9999999999786928
2019-06-04,2019-06-04,1.2181818181818185,46730.0,0.0,46730.0,1,0.7818314824680298,0.6234898018587336,6,1.2246467991473532e-16,-1.0,0,0,0,0,46932.5,1.190909090909091,48147.5,1.0272727272727271,,,,,47337.5,437.44999714253055,-1417.5,47540.0,554.5690894739807,-1417.5,47540.0,554.5690894739807,-1417.5,46729.99999999999,9.417831838118976e-12,0.0,0,6,0,0,38360.41627130007,0.9999999999786005
2019-06-05,2019-06-05,1.2454545454545454,46527.5,0.0,46527.5,2,0.9749279121818236,-0.22252093395631434,6,1.2246467991473532e-16,-1.0,0,0,0,0,46730.0,1.2181818181818185,47945.0,1.0545454545454545,,,,,47135.0,437.44999714253055,-1417.5,47438.75,613.0991967047421,-1417.5,47438.75,613.0991967047421,-1417.5,46527.499999999985,-6.607311112585331e-12,2.1827872842550278e-11,0,12,0,0,37357.81672000118,0.9999999999785073
2019-06-06,2019-06-06,1.2727272727272727,46325.0,0.0,46325.0,3,0.43388373911755823,-0.900968867902419,6,1.2246467991473532e-16,-1.0,0,0,0,0,46527.5,1.2454545454545454,47742.5,1.0818181818181818,,,,,46932.5,437.44999714253055,-1417.5,47337.5,671.6165200469685,-1417.5,47337.5,671.6165200469685,-1417.5,46324.99999999999,1.3714306505844995e-12,7.275957614183426e-12,0,18,0,0,36398.18568713982,0.9999999999784134
2019-06-07,2019-06-07,1.3,46122.5,0.0,46122.5,4,-0.433883739117558,-0.9009688679024191,6,1.2246467991473532e-16,-1.0,0,1,0,0,46325.0,1.2727272727272727,47540.0,1.1090909090909091,,,,,46730.0,437.44999714253055,-1417.5,47236.25,730.1241332814578,-1417.5,47236.25,730.1241332814578,-1417.5,46122.49999999999,-8.302390743929356e-12,1.4551915228366852e-11,0,24,0,0,35478.81886244703,0.9999999999783186
2019-06-08,2019-06-08,1.3272727272727272,45920.0,0.0,45920.0,5,-0.9749279121818236,-0.2225209339563146,6,1.2246467991473532e-16,-1.0,1,0,0,0,46122.5,1.3,47337.5,1.1363636363636362,,,,,46527.5,437.44999714253055,-1417.5,47135.0,788.6241975744848,-1417.5,47135.0,788.6241975744848,-1417.5,45919.999999999985,6.840560272972165e-12,7.275957614183426e-12,0,30,0,0,34597.23420756328,0.999999999978223
2019-06-09,2019-06-09,1.3545454545454545,45717.5,0.0,45717.5,6,-0.7818314824680299,0.6234898018587334,6,1.2246467991473532e-16,-1.0,1,0,0,0,45920.0,1.3272727272727272,47135.0,1.1636363636363636,,,,,46325.0,437.44999714253055,-1417.5,47033.75,847.1182768657515,-1417.5,47033.75,847.1182768657515,-1417.5,45717.5,-8.574637038580322e-12,7.275957614183426e-12,0,36,0,0,33751.14957968823,0.9999999999781265
2019-06-10,2019-06-10,1.3818181818181818,45515.0,0.0,45515.0,0,0.0,1.0,6,1.2246467991473532e-16,-1.0,0,0,1,0,45717.5,1.3545454545454545,46932.5,1.190909090909091,48350.0,1.0,,,46122.5,437.44999714253055,-1417.5,46831.25,847.1182768657515,-1417.5,46932.5,905.6075308874148,-1417.5,45515.0,2.8634120234960077e-12,0.0,0,0,0,0,32938.46300505967,0.9999999999780292
2019-06-11,2019-06-11,1.4090909090909092,45312.5,0.0,45312.5,1,0.7818314824680298,0.6234898018587336,6,1.2246467991473532e-16,-1.0,0,0,0,0,45515.0,1.3818181818181818,46730.0,1.2181818181818185,48147.5,1.0272727272727271,,,45920.0,437.44999714253055,-1417.5,46628.75,847.1182768657515,-1417.5,46831.25,964.0928378532848,-1417.5,45312.49999999999,7.535940854847078e-12,0.0,0,6,0,0,32157.23524325241,0.999999999977931
2019-06-12,2019-06-12,1.4363636363636365,45110.0,0.0,45110.0,2,0.9749279121818236,-0.22252093395631434,6,1.2246467991473532e-16,-1.0,0,0,0,0,45312.5,1.4090909090909092,46527.5,1.2454545454545454,47945.0,1.0545454545454545,,,45717.5,437.44999714253055,-1417.5,46426.25,847.1182768657515,-1417.5,46730.0,1022.5748750091603,-1417.5,45109.999999999985,-2.258601949070903e-12,1.4551915228366852e-11,0,12,0,0,31405.674337821663,0.999999999977832
2019-06-13,2019-06-13,1.4636363636363636,44907.5,0.0,44907.5,3,0.43388373911755823,-0.900968867902419,6,1.2246467991473532e-16,-1.0,0,0,0,0,45110.0,1.4363636363636365,46325.0,1.2727272727272727,47742.5,1.0818181818181818,,,45515.0,437.44999714253055,-1417.5,46223.75,847.1182768657515,-1417.5,46628.75,1081.0541730181703,-1417.5,44907.49999999999,5.626120415344088e-13,7.275957614183426e-12,0,18,0,0,30682.121894202435,0.999999999977732
2019-06-14,2019-06-14,1.490909090909091,44705.0,0.0,44705.0,4,-0.433883739117558,-0.9009688679024191,6,1.2246467991473532e-16,-1.0,0,1,0,0,44907.5,1.4636363636363636,46122.5,1.3,47540.0,1.1090909090909091,,,45312.5,437.44999714253055,-1417.5,46021.25,847.1182768657515,-1417.5,46527.5,1139.531153589054,-1417.5,44704.999999999985,-3.821698476390761e-12,2.1827872842550278e-11,0,24,0,0,29985.040863692106,0.9999999999776311
2019-06-15,2019-06-15,1.518181818181818,44502.5,0.0,44502.5,5,-0.9749279121818236,-0.2225209339563146,6,1.2246467991473532e-16,-1.0,1,0,0,0,44705.0,1.490909090909091,45920.0,1.3272727272727272,47337.5,1.1363636363636362,,,45110.0,437.44999714253055,-1417.5,45818.75,847.1182768657515,-1417.5,46426.25,1198.0061560776724,-1417.5,44502.49999999999,2.8789715732280296e-12,7.275957614183426e-12,0,30,0,0,29313.00464412868,0.9999999999775293
2019-06-16,2019-06-16,1.5454545454545454,44300.0,0.0,44300.0,6,-0.7818314824680299,0.6234898018587334,6,1.2246467991473532e-16,-1.0,1,0,0,0,44502.5,1.518181818181818,45717.5,1.3545454545454545,47135.0,1.1636363636363636,,,44907.5,437.44999714253055,-1417.5,45616.25,847.1182768657515,-1417.5,46325.0,1256.4794566565743,-1417.5,44299.99999999999,-3.655633671464152e-12,1.4551915228366852e-11,0,36,0,0,28664.68733461408,0.9999999999774266
2019-06-17,2019-06-17,1.5727272727272728,44097.5,0.0,44097.5,0,0.0,1.0,6,1.2246467991473532e-16,-1.0,0,0,1,0,44300.0,1.5454545454545454,45515.0,1.3818181818181818,46932.5,1.190909090909091,,,44705.0,437.44999714253055,-1417.5,45413.75,847.1182768657515,-1417.5,46223.75,1314.9512823675257,-1417.5,44097.5,-3.927477727582189e-12,7.275957614183426e-12,0,0,0,0,28038.85500419624,0.9999999999773229
2019-06-18,2019-06-18,1.6,43895.0,0.0,43895.0,1,0.7818314824680298,0.6234898018587336,6,1.2246467991473532e-16,-1.0,0,0,0,0,44097.5,1.5727272727272728,45312.5,1.4090909090909092,46730.0,1.2181818181818185,,,44502.5,437.44999714253055,-1417.5,45211.25,847.1182768657515,-1417.5,46122.5,1373.4218215828669,-1417.5,43894.999999999985,6.43289277150853e-12,7.275957614183426e-12,0,6,0,0,27434.35785352634,0.9999999999772183
2019-06-19,2019-06-19,1.6272727272727272,43692.5,0.0,43692.5,2,0.9749279121818236,-0.22252093395631434,6,1.2246467991473532e-16,-1.0,0,0,0,0,43895.0,1.6,45110.0,1.4363636363636365,46527.5,1.2454545454545454,,,44300.0,437.44999714253055,-1417.5,45008.75,847.1182768657515,-1417.5,46021.25,1431.8912319027588,-1417.5,43692.5,4.4625390658486e-13,0.0,0,12,0,0,26850.123164728782,0.9999999999771128
2019-06-20,2019-06-20,1.6545454545454543,43490.0,0.0,43490.0,3,0.43388373911755823,-0.900968867902419,6,1.2246467991473532e-16,-1.0,0,0,0,0,43692.5,1.6272727272727272,44907.5,1.4636363636363636,46325.0,1.2727272727272727,,,44097.5,437.44999714253055,-1417.5,44806.25,847.1182768657515,-1417.5,45920.0,1490.3596461928241,-1417.5,43489.99999999999,-2.359823029861314e-13,7.275957614183426e-12,0,18,0,0,26285.148948536356,0.9999999999770062
2019-06-21,2019-06-21,1.6818181818181817,43287.5,0.0,43287.5,4,-0.433883739117558,-0.9009688679024191,6,1.2246467991473532e-16,-1.0,0,1,0,0,43490.0,1.6545454545454543,44705.0,1.490909090909091,46122.5,1.3,,,43895.0,437.44999714253055,-1417.5,44603.75,847.1182768657515,-1417.5,45818.75,1548.8271772538085,-1417.5,43287.49999999999,-9.151132775733387e-13,7.275957614183426e-12,0,24,0,0,25738.49820954161,0.9999999999768986
2019-06-22,2019-06-22,1.709090909090909,43085.0,0.0,43085.0,5,-0.9749279121818236,-0.2225209339563146,6,1.2246467991473532e-16,-1.0,1,0,0,0,43287.5,1.6818181818181817,44502.5,1.518181818181818,45920.0,1.3272727272727272,,,43692.5,437.44999714253055,-1417.5,44401.25,847.1182768657515,-1417.5,45717.5,1607.2939214717387,-1417.5,43084.99999999999,-1.262636761459404e-12,7.275957614183426e-12,0,30,0,0,25209.29376051961,0.99999999997679
2019-06-23,2019-06-23,1.7363636363636363,42882.5,0.0,42882.5,6,-0.7818314824680299,0.6234898018587334,6,1.2246467991473532e-16,-1.0,1,0,0,0,43085.0,1.709090909090909,44300.0,1.5454545454545454,45717.5,1.3545454545454545,,,43490.0,437.44999714253055,-1417.5,44198.75,847.1182768657515,-1417.5,45616.25,1665.7599616991638,-1417.5,42882.49999999999,3.6448717195413093e-13,7.275957614183426e-12,0,36,0,0,24696.713525452946,0.9999999999766804
2019-06-24,2019-06-24,1.7636363636363637,42680.0,0.0,42680.0,0,0.0,1.0,6,1.2246467991473532e-16,-1.0,0,0,1,0,42882.5,1.7363636363636363,44097.5,1.5727272727272728,45515.0,1.3818181818181818,48350.0,1.0,43287.5,437.44999714253055,-1417.5,43996.25,847.1182768657515,-1417.5,45413.75,1665.7599616991638,-1417.5,42680.0,-2.7623560083858053e-12,0.0,0,0,0,0,24199.986278358298,0.9999999999765699
2019-06-25,2019-06-25,1.790909090909091,42477.5,0.0,42477.5,1,0.7818314824680298,0.6234898018587336,6,1.2246467991473532e-16,-1.0,0,0,0,0,42680.0,1.7636363636363637,43895.0,1.6,45312.5,1.4090909090909092,48147.5,1.0272727272727271,43085.0,437.44999714253055,-1417.5,43793.75,847.1182768657515,-1417.5,45211.25,1665.7599616991638,-1417.5,42477.499999999985,5.9929369766364896e-12,7.275957614183426e-12,0,6,0,0,23718.387771458605,0.9999999999764582
2019-06-26,2019-06-26,1.818181818181818,42275.0,0.0,42275.0,2,0.9749279121818236,-0.22252093395631434,6,1.2246467991473532e-16,-1.0,0,0,0,0,42477.5,1.790909090909091,43692.5,1.6272727272727272,45110.0,1.4363636363636365,47945.0,1.0545454545454545,42882.5,437.44999714253055,-1417.5,43591.25,847.1182768657515,-1417.5,45008.75,1665.7599616991638,-1417.5,42274.99999999999,-1.5619515426490619e-12,7.275957614183426e-12,0,12,0,0,23251.237211819538,0.9999999999763454
2019-06-27,2019-06-27,1.8454545454545452,42072.5,0.0,42072.5,3,0.43388373911755823,-0.900968867902419,6,1.2246467991473532e-16,-1.0,0,0,0,0,42275.0,1.818181818181818,43490.0,1.6545454545454543,44907.5,1.4636363636363636,47742.5,1.0818181818181818,42680.0,437.44999714253055,-1417.5,43388.75,847.1182768657515,-1417.5,44806.25,1665.7599616991638,-1417.5,42072.499999999985,1.3885115531959656e-12,1.4551915228366852e-11,0,18,0,0,22797.894050402243,0.9999999999762315
2019-06-28,2019-06-28,1.8727272727272728,41870.0,0.0,41870.0,4,-0.433883739117558,-0.9009688679024191,6,1.2246467991473532e-16,-1.0,0,1,0,0,42072.5,1.8454545454545452,43287.5,1.6818181818181817,44705.0,1.490909090909091,47540.0,1.1090909090909091,42477.5,437.44999714253055,-1417.5,43186.25,847.1182768657515,-1417.5,44603.75,1665.7599616991638,-1417.5,41869.99999999999,-2.4396850259136865e-12,7.275957614183426e-12,0,24,0,0,22357.755051684195,0.9999999999761165
2019-06-29,2019-06-29,1.9,41667.5,0.0,41667.5,5,-0.9749279121818236,-0.2225209339563146,6,1.2246467991473532e-16,-1.0,1,0,0,0,41870.0,1.8727272727272728,43085.0,1.709090909090909,44502.5,1.518181818181818,47337.5,1.1363636363636362,42275.0,437.44999714253055,-1417.5,42983.75,847.1182768657515,-1417.5,44401.25,1665.7599616991638,-1417.5,41667.49999999999,-1.188878450038913e-12,7.275957614183426e-12,0,30,0,0,21930.251615657045,0.9999999999760004
2019-06-30,2019-06-30,1.9272727272727272,41465.0,0.0,41465.0,6,-0.7818314824680299,0.6234898018587334,6,1.2246467991473532e-16,-1.0,1,0,0,0,41667.5,1.9,42882.5,1.7363636363636363,44300.0,1.5454545454545454,47135.0,1.1636363636363636,42072.5,437.44999714253055,-1417.5,42781.25,847.1182768657515,-1417.5,44198.75,1665.7599616991638,-1417.5,41464.99999999998,1.222551305473187e-12,2.1827872842550278e-11,0,36,0,0,21514.84732720186,0.9999999999758833
2019-07-01,2019-07-01,1.9545454545454544,41262.5,0.0,41262.5,0,0.0,1.0,7,-0.4999999999999997,-0.8660254037844388,0,0,1,0,41465.0,1.9272727272727272,42680.0,1.7636363636363637,44097.5,1.5727272727272728,46932.5,1.190909090909091,41870.0,437.44999714253055,-1417.5,42578.75,847.1182768657515,-1417.5,43996.25,1665.7599616991638,-1417.5,41262.49999999999,-2.1428595899798998e-12,7.275957614183426e-12,0,0,0,0,21111.035710632896,0.9999999999757649
2019-07-02,2019-07-02,1.981818181818182,41060.0,0.0,41060.0,1,0.7818314824680298,0.6234898018587336,7,-0.4999999999999997,-0.8660254037844388,0,0,0,0,41262.5,1.9545454545454544,42477.5,1.790909090909091,43895.0,1.6,46730.0,1.2181818181818185,41667.5,437.44999714253055,-1417.5,42376.25,847.1182768657515,-1417.5,43793.75,1665.7599616991638,-1417.5,41059.999999999985,2.6110978400854003e-12,1.4551915228366852e-11,0,7,0,0,20718.33816964588,0.9999999999756454
2019-07-03,2019-07-03,2.009090909090909,40857.5,0.0,40857.5,2,0.9749279121818236,-0.22252093395631434,7,-0.4999999999999997,-0.8660254037844388,0,0,0,0,41060.0,1.981818181818182,42275.0,1.818181818181818,43692.5,1.6272727272727272,46527.5,1.2454545454545454,41465.0,437.44999714253055,-1417.5,42173.75,847.1182768657515,-1417.5,43591.25,1665.7599616991638,-1417.5,40857.49999999999,-2.01455396779442e-12,7.275957614183426e-12,0,14,0,0,20336.302095053255,0.9999999999755247
2019-07-04,2019-07-04,2.036363636363636,40655.0,0.0,40655.0,3,0.43388373911755823,-0.900968867902419,7,-0.4999999999999997,-0.8660254037844388,0,0,0,0,40857.5,2.009090909090909,42072.5,1.8454545454545452,43490.0,1.6545454545454543,46325.0,1.2727272727272727,41262.5,437.44999714253055,-1417.5,41971.25,847.1182768657515,-1417.5,43388.75,1665.7599616991638,-1417.5,40654.99999999999,3.6223132560195553e-12,7.275957614183426e-12,0,21,0,0,19964.499124576323,0.9999999999754028
2019-07-05,2019-07-05,2.0636363636363635,40452.5,0.0,40452.5,4,-0.433883739117558,-0.9009688679024191,7,-0.4999999999999997,-0.8660254037844388,0,1,0,0,40655.0,2.036363636363636,41870.0,1.8727272727272728,43287.5,1.6818181818181817,46122.5,1.3,41060.0,437.44999714253055,-1417.5,41768.75,847.1182768657515,-1417.5,43186.25,1665.7599616991638,-1417.5,40452.5,-2.1736678154067405e-12,0.0,0,28,0,0,19602.52354062736,0.9999999999752797
2019-07-06,2019-07-06,2.090909090909091,40250.0,0.0,40250.0,5,-0.9749279121818236,-0.2225209339563146,7,-0.4999999999999997,-0.8660254037844388,1,0,0,0,40452.5,2.0636363636363635,41667.5,1.9,43085.0,1.709090909090909,45920.0,1.3272727272727272,40857.5,437.44999714253055,-1417.5,41566.25,847.1182768657515,-1417.5,42983.75,1665.7599616991638,-1417.5,40249.99999999999,-8.035232754084645e-13,7.275957614183426e-12,0,35,0,0,19249.990793482662,0.9999999999751553
2019-07-07,2019-07-07,2.118181818181818,40047.5,0.0,40047.5,6,-0.7818314824680299,0.6234898018587334,7,-0.4999999999999997,-0.8660254037844388,1,0,0,0,40250.0,2.090909090909091,41465.0,1.9272727272727272,42882.5,1.7363636363636363,45717.5,1.3545454545454545,40655.0,437.44999714253055,-1417.5,41363.75,847.1182768657515,-1417.5,42781.25,1665.7599616991638,-1417.5,40047.5,8.325414344261201e-13,0.0,0,42,0,0,18906.53613854517,0.9999999999750296
2019-07-08,2019-07-08,2.145454545454545,39845.0,0.0,39845.0,0,0.0,1.0,7,-0.4999999999999997,-0.8660254037844388,0,0,1,0,40047.5,2.118181818181818,41262.5,1.9545454545454544,42680.0,1.7636363636363637,45515.0,1.3818181818181818,40452.5,437.44999714253055,-1417.5,41161.25,847.1182768657515,-1417.5,42578.75,1665.7599616991638,-1417.5,39844.99999999999,-1.5590494766692832e-12,7.275957614183426e-12,0,0,0,0,18571.813377544615,0.9999999999749027
2019-07-09,2019-07-09,2.172727272727273,39642.5,0.0,39642.5,1,0.7818314824680298,0.6234898018587336,7,-0.4999999999999997,-0.8660254037844388,0,0,0,0,39845.0,2.145454545454545,41060.0,1.981818181818182,42477.5,1.790909090909091,45312.5,1.4090909090909092,40250.0,437.44999714253055,-1417.5,40958.75,847.1182768657515,-1417.5,42376.25,1665.7599616991638,-1417.5,39642.5,-3.6594251547251654e-13,0.0,0,7,0,0,18245.49369454265,0.9999999999747745
2019-07-10,2019-07-10,2.2,39440.0,0.0,39440.0,2,0.9749279121818236,-0.22252093395631434,7,-0.4999999999999997,-0.8660254037844388,0,0,0,0,39642.5,2.172727272727273,40857.5,2.009090909090909,42275.0,1.818181818181818,45110.0,1.4363636363636365,40047.5,437.44999714253055,-1417.5,40756.25,847.1182768657515,-1417.5,42173.75,1665.7599616991638,-1417.5,39440.0,-1.1522169242141638e-12,0.0,0,14,0,0,17927.264578516097,0.9999999999746451
2019-07-11,2019-07-11,2.2272727272727275,39237.5,0.0,39237.5,3,0.43388373911755823,-0.900968867902419,7,-0.4999999999999997,-0.8660254037844388,0,0,0,0,39440.0,2.2,40655.0,2.036363636363636,42072.5,1.8454545454545452,44907.5,1.4636363636363636,39845.0,437.44999714253055,-1417.5,40553.75,847.1182768657515,-1417.5,41971.25,1665.7599616991638,-1417.5,39237.499999999985,3.673495958410267e-12,7.275957614183426e-12,0,21,0,0,17616.82882509726,0.9999999999745142
2019-07-12,2019-07-12,2.2545454545454544,39035.0,0.0,39035.0,4,-0.433883739117558,-0.9009688679024191,7,-0.4999999999999997,-0.8660254037844388,0,1,0,0,39237.5,2.2272727272727275,40452.5,2.0636363636363635,41870.0,1.8727272727272728,44705.0,1.490909090909091,39642.5,437.44999714253055,-1417.5,40351.25,847.1182768657515,-1417.5,41768.75,1665.7599616991638,-1417.5,39034.99999999999,3.3997687361723285e-13,7.275957614183426e-12,0,28,0,0,17313.90361076856,0.9999999999743819
2019-07-13,2019-07-13,2.2818181818181817,38832.5,0.0,38832.5,5,-0.9749279121818236,-0.2225209339563146,7,-0.4999999999999997,-0.8660254037844388,1,0,0,0,39035.0,2.2545454545454544,40250.0,2.090909090909091,41667.5,1.9,44502.5,1.518181818181818,39440.0,437.44999714253055,-1417.5,40148.75,847.1182768657515,-1417.5,41566.25,1665.7599616991638,-1417.5,38832.49999999999,-1.255441328618807e-12,7.275957614183426e-12,0,35,0,0,17018.219633449564,0.9999999999742484
2019-07-14,2019-07-14,2.309090909090909,38630.0,0.0,38630.0,6,-0.7818314824680299,0.6234898018587334,7,-0.4999999999999997,-0.8660254037844388,1,0,0,0,38832.5,2.2818181818181817,40047.5,2.118181818181818,41465.0,1.9272727272727272,44300.0,1.5454545454545454,39237.5,437.44999714253055,-1417.5,39946.25,847.1182768657515,-1417.5,41363.75,1665.7599616991638,-1417.5,38629.99999999999,-1.1179968191311403e-12,7.275957614183426e-12,0,42,0,0,16729.520313987265,0.9999999999741134
2019-07-15,2019-07-15,2.336363636363636,38427.5,0.0,38427.5,0,0.0,1.0,7,-0.4999999999999997,-0.8660254037844388,0,0,1,0,38630.0,2.309090909090909,39845.0,2.145454545454545,41262.5,1.9545454545454544,44097.5,1.5727272727272728,39035.0,437.44999714253055,-1417.5,39743.75,847.1182768657515,-1417.5,41161.25,1665.7599616991638,-1417.5,38427.49999999999,-9.415194569654524e-13,7.275957614183426e-12,0,0,0,0,16447.561053573092,0.9999999999739769
2019-07-16,2019-07-16,2.3636363636363638,38225.0,0.0,38225.0,1,0.7818314824680298,0.6234898018587336,7,-0.4999999999999997,-0.8660254037844388,0,0,0,0,38427.5,2.336363636363636,39642.5,2.172727272727273,41060.0,1.981818181818182,43895.0,1.6,38832.5,437.44999714253055,-1417.5,39541.25,847.1182768657515,-1417.5,40958.75,1665.7599616991638,-1417.5,38224.99999999999,-1.642717863500593e-12,7.275957614183426e-12,0,7,0,0,16172.108542569462,0.9999999999738391
2019-07-17,2019-07-17,2.3909090909090907,38022.5,0.0,38022.5,2,0.9749279121818236,-0.22252093395631434,7,-0.4999999999999997,-0.8660254037844388,0,0,0,0,38225.0,2.3636363636363638,39440.0,2.2,40857.5,2.009090909090909,43692.5,1.6272727272727272,38630.0,437.44999714253055,-1417.5,39338.75,847.1182768657515,-1417.5,40756.25,1665.7599616991638,-1417.5,38022.499999999985,-1.3602511546333684e-12,1.4551915228366852e-11,0,14,0,0,15902.940116641017,0.9999999999736998
2019-07-18,2019-07-18,2.418181818181818,37820.0,0.0,37820.0,3,0.43388373911755823,-0.900968867902419,7,-0.4999999999999997,-0.8660254037844388,0,0,0,0,38022.5,2.3909090909090907,39237.5,2.2272727272727275,40655.0,2.036363636363636,43490.0,1.6545454545454543,38427.5,437.44999714253055,-1417.5,39136.25,847.1182768657515,-1417.5,40553.75,1665.7599616991638,-1417.5,37819.999999999985,1.965777558399928e-12,1.4551915228366852e-11,0,21,0,0,15639.843156455838,0.9999999999735589
2019-07-19,2019-07-19,2.4454545454545453,37617.5,0.0,37617.5,4,-0.433883739117558,-0.9009688679024191,7,-0.4999999999999997,-0.8660254037844388,0,1,0,0,37820.0,2.418181818181818,39035.0,2.2545454545454544,40452.5,2.0636363636363635,43287.5,1.6818181818181817,38225.0,437.44999714253055,-1417.5,38933.75,847.1182768657515,-1417.5,40351.25,1665.7599616991638,-1417.5,37617.499999999985,3.379410631456767e-12,1.4551915228366852e-11,0,28,0,0,15382.614527555397,0.9999999999734166
2019-07-20,2019-07-20,2.4727272727272727,37415.0,0.0,37415.0,5,-0.9749279121818236,-0.2225209339563146,7,-0.4999999999999997,-0.8660254037844388,1,0,0,0,37617.5,2.4454545454545453,38832.5,2.2818181818181817,40250.0,2.090909090909091,43085.0,1.709090909090909,38022.5,437.44999714253055,-1417.5,38731.25,847.1182768657515,-1417.5,40148.75,1665.7599616991638,-1417.5,37414.99999999999,-2.20370783722065e-12,7.275957614183426e-12,0,35,0,0,15131.060057291888,0.9999999999732727
2019-07-21,2019-07-21,2.5,37212.5,0.0,37212.5,6,-0.7818314824680299,0.6234898018587334,7,-0.4999999999999997,-0.8660254037844388,1,0,0,0,37415.0,2.4727272727272727,38630.0,2.309090909090909,40047.5,2.118181818181818,42882.5,1.7363636363636363,37820.0,437.44999714253055,-1417.5,38528.75,847.1182768657515,-1417.5,39946.25,1665.7599616991638,-1417.5,37212.49999999999,-1.5883188431911064e-12,7.275957614183426e-12,0,42,0,0,14884.99404600238,0.9999999999731273
2019-07-22,2019-07-22,2.527272727272728,37010.0,0.0,37010.0,0,0.0,1.0,7,-0.4999999999999997,-0.8660254037844388,0,0,1,0,37212.5,2.5,38427.5,2.336363636363636,39845.0,2.145454545454545,42680.0,1.7636363636363637,37617.5,437.44999714253055,-1417.5,38326.25,847.1182768657515,-1417.5,39743.75,1665.7599616991638,-1417.5,37009.99999999999,-6.741034983279931e-13,7.275957614183426e-12,0,0,0,0,14644.238809833561,0.9999999999729803
2019-07-23,2019-07-23,2.5545454545454547,36807.5,0.0,36807.5,1,0.7818314824680298,0.6234898018587336,7,-0.4999999999999997,-0.8660254037844388,0,0,0,0,37010.0,2.527272727272728,38225.0,2.3636363636363638,39642.5,2.172727272727273,42477.5,1.790909090909091,37415.0,437.44999714253055,-1417.5,38123.75,847.1182768657515,-1417.5,39541.25,1665.7599616991638,-1417.5,36807.49999999999,-7.818699680314563e-14,7.275957614183426e-12,0,7,0,0,14408.624252851714,0.9999999999728316
2019-07-24,2019-07-24,2.581818181818182,36605.0,0.0,36605.0,2,0.9749279121818236,-0.22252093395631434,7,-0.4999999999999997,-0.8660254037844388,0,0,0,0,36807.5,2.5545454545454547,38022.5,2.3909090909090907,39440.0,2.2,42275.0,1.818181818181818,37212.5,437.44999714253055,-1417.5,37921.25,847.1182768657515,-1417.5,39338.75,1665.7599616991638,-1417.5,36604.99999999999,-5.84373046173513e-13,7.275957614183426e-12,0,14,0,0,14177.987466272458,0.9999999999726813
2019-07-25,2019-07-25,2.609090909090909,36402.5,0.0,36402.5,3,0.43388373911755823,-0.900968867902419,7,-0.4999999999999997,-0.8660254037844388,0,0,0,0,36605.0,2.581818181818182,37820.0,2.418181818181818,39237.5,2.2272727272727275,42072.5,1.8454545454545452,37010.0,437.44999714253055,-1417.5,37718.75,847.1182768657515,-1417.5,39136.25,1665.7599616991638,-1417.5,36402.49999999999,4.550144555369146e-13,7.275957614183426e-12,0,21,0,0,13952.172352825928,0.9999999999725293
2019-07-26,2019-07-26,2.636363636363636,36200.0,0.0,36200.0,4,-0.433883739117558,-0.9009688679024191,7,-0.4999999999999997,-0.8660254037844388,0,1,0,0,36402.5,2.609090909090909,37617.5,2.4454545454545453,39035.0,2.2545454545454544,41870.0,1.8727272727272728,36807.5,437.44999714253055,-1417.5,37516.25,847.1182768657515,-1417.5,38933.75,1665.7599616991638,-1417.5,36199.99999999998,5.518569041174439e-12,1.4551915228366852e-11,0,28,0,0,13731.029274437175,0.9999999999723757
2019-07-27,2019-07-27,2.663636363636364,35997.5,0.0,35997.5,5,-0.9749279121818236,-0.2225209339563146,7,-0.4999999999999997,-0.8660254037844388,1,0,0,0,36200.0,2.636363636363636,37415.0,2.4727272727272727,38832.5,2.2818181818181817,41667.5,1.9,36605.0,437.44999714253055,-1417.5,37313.75,847.1182768657515,-1417.5,38731.25,1665.7599616991638,-1417.5,35997.49999999999,-1.2431843675263723e-12,7.275957614183426e-12,0,35,0,0,13514.414721550784,0.9999999999722203
2019-07-28,2019-07-28,2.690909090909091,35795.0,0.0,35795.0,6,-0.7818314824680299,0.6234898018587334,7,-0.4999999999999997,-0.8660254037844388,1,0,0,0,35997.5,2.663636363636364,37212.5,2.5,38630.0,2.309090909090909,41465.0,1.9272727272727272,36402.5,437.44999714253055,-1417.5,37111.25,847.1182768657515,-1417.5,38528.75,1665.7599616991638,-1417.5,35794.999999999985,5.139443948983077e-13,1.4551915228366852e-11,0,42,0,0,13302.191002564154,0.9999999999720631
2019-07-29,2019-07-29,2.718181818181818,35592.5,0.0,35592.5,0,0.0,1.0,7,-0.4999999999999997,-0.8660254037844388,0,0,1,0,35795.0,2.690909090909091,37010.0,2.527272727272728,38427.5,2.336363636363636,41262.5,1.9545454545454544,36200.0,437.44999714253055,-1417.5,36908.75,847.1182768657515,-1417.5,38326.25,1665.7599616991638,-1417.5,35592.499999999985,4.046220958169681e-12,7.275957614183426e-12,0,0,0,0,13094.225951957009,0.9999999999719041
2019-07-30,2019-07-30,2.745454545454545,35390.0,0.0,35390.0,1,0.7818314824680298,0.6234898018587336,7,-0.4999999999999997,-0.8660254037844388,0,0,0,0,35592.5,2.718181818181818,36807.5,2.5545454545454547,38225.0,2.3636363636363638,41060.0,1.981818181818182,35997.5,437.44999714253055,-1417.5,36706.25,847.1182768657515,-1417.5,38123.75,1665.7599616991638,-1417.5,35389.99999999998,5.9931439363370514e-12,1.4551915228366852e-11,0,7,0,0,12890.392655817246,0.9999999999717434
2019-07-31,2019-07-31,2.7727272727272725,35187.5,0.0,35187.5,2,0.9749279121818236,-0.22252093395631434,7,-0.4999999999999997,-0.8660254037844388,0,0,0,0,35390.0,2.745454545454545,36605.0,2.581818181818182,38022.5,2.3909090909090907,40857.5,2.009090909090909,35795.0,437.44999714253055,-1417.5,36503.75,847.1182768657515,-1417.5,37921.25,1665.7599616991638,-1417.5,35187.499999999985,5.472453368686937e-12,7.275957614183426e-12,0,14,0,0,12690.569193565208,0.9999999999715808
2019-08-01,2019-08-01,2.8,34985.0,0.0,34985.0,3,0.43388373911755823,-0.900968867902419,8,-0.8660254037844384,-0.5000000000000004,0,0,0,0,35187.5,2.7727272727272725,36402.5,2.609090909090909,37820.0,2.418181818181818,40655.0,2.036363636363636,35592.5,437.44999714253055,-1417.5,36301.25,847.1182768657515,-1417.5,37718.75,1665.7599616991638,-1417.5,34984.999999999985,6.499842724660008e-12,7.275957614183426e-12,0,24,0,0,12494.638394772002,0.9999999999714163
2019-08-02,2019-08-02,2.827272727272727,34782.5,0.0,34782.5,4,-0.433883739117558,-0.9009688679024191,8,-0.8660254037844384,-0.5000000000000004,0,1,0,0,34985.0,2.8,36200.0,2.636363636363636,37617.5,2.4454545454545453,40452.5,2.0636363636363635,35390.0,437.44999714253055,-1417.5,36098.75,847.1182768657515,-1417.5,37516.25,1665.7599616991638,-1417.5,34782.49999999998,1.3519336385026454e-11,7.275957614183426e-12,0,32,0,0,12302.487610052614,0.9999999999712499
2019-08-03,2019-08-03,2.8545454545454545,34580.0,0.0,34580.0,5,-0.9749279121818236,-0.2225209339563146,8,-0.8660254037844384,-0.5000000000000004,1,0,0,0,34782.5,2.827272727272727,35997.5,2.663636363636364,37415.0,2.4727272727272727,40250.0,2.090909090909091,35187.5,437.44999714253055,-1417.5,35896.25,847.1182768657515,-1417.5,37313.75,1665.7599616991638,-1417.5,34579.99999999998,9.32583150034866e-12,1.4551915228366852e-11,0,40,0,0,12114.008495092565,0.9999999999710816
2019-08-04,2019-08-04,2.881818181818182,34377.5,0.0,34377.5,6,-0.7818314824680299,0.6234898018587334,8,-0.8660254037844384,-0.5000000000000004,1,0,0,0,34580.0,2.8545454545454545,35795.0,2.690909090909091,37212.5,2.5,40047.5,2.118181818181818,34985.0,437.44999714253055,-1417.5,35693.75,847.1182768657515,-1417.5,37111.25,1665.7599616991638,-1417.5,34377.49999999998,1.2815000987471151e-11,7.275957614183426e-12,0,48,0,0,11929.096806938016,0.9999999999709112
2019-08-05,2019-08-05,2.909090909090909,34175.0,0.0,34175.0,0,0.0,1.0,8,-0.8660254037844384,-0.5000000000000004,0,0,1,0,34377.5,2.881818181818182,35592.5,2.718181818181818,37010.0,2.527272727272728,39845.0,2.145454545454545,34782.5,437.44999714253055,-1417.5,35491.25,847.1182768657515,-1417.5,36908.75,1665.7599616991638,-1417.5,34174.99999999997,2.1325490008233245e-11,7.275957614183426e-12,0,0,0,0,11747.652211744551,0.9999999999707389
2019-08-06,2019-08-06,2.9363636363636365,33972.5,0.0,33972.5,1,0.7818314824680298,0.6234898018587336,8,-0.8660254037844384,-0.5000000000000004,0,0,0,0,34175.0,2.909090909090909,35390.0,2.745454545454545,36807.5,2.5545454545454547,39642.5,2.172727272727273,34580.0,437.44999714253055,-1417.5,35288.75,847.1182768657515,-1417.5,36706.25,1665.7599616991638,-1417.5,33972.49999999997,2.4933060025479302e-11,7.275957614183426e-12,0,8,0,0,11569.578103239654,0.9999999999705644
2019-08-07,2019-08-07,2.963636363636364,33770.0,0.0,33770.0,2,0.9749279121818236,-0.22252093395631434,8,-0.8660254037844384,-0.5000000000000004,0,0,0,0,33972.5,2.9363636363636365,35187.5,2.7727272727272725,36605.0,2.581818181818182,39440.0,2.2,34377.5,437.44999714253055,-1417.5,35086.25,847.1182768657515,-1417.5,36503.75,1665.7599616991638,-1417.5,33769.99999999997,2.412006327134347e-11,7.275957614183426e-12,0,16,0,0,11394.781431208718,0.9999999999703879
2019-08-08,2019-08-08,2.9909090909090907,33567.5,0.0,33567.5,3,0.43388373911755823,-0.900968867902419,8,-0.8660254037844384,-0.5000000000000004,0,0,0,0,33770.0,2.963636363636364,34985.0,2.8,36402.5,2.609090909090909,39237.5,2.2272727272727275,34175.0,437.44999714253055,-1417.5,34883.75,847.1182768657515,-1417.5,36301.25,1665.7599616991638,-1417.5,33567.49999999997,2.488941990664895e-11,7.275957614183426e-12,0,24,0,0,11223.172539364805,0.9999999999702093
2019-08-09,2019-08-09,3.018181818181818,33365.0,0.0,33365.0,4,-0.433883739117558,-0.9009688679024191,8,-0.8660254037844384,-0.5000000000000004,0,1,0,0,33567.5,2.9909090909090907,34782.5,2.827272727272727,36200.0,2.636363636363636,39035.0,2.2545454545454544,33972.5,437.44999714253055,-1417.5,34681.25,847.1182768657515,-1417.5,36098.75,1665.7599616991638,-1417.5,33364.99999999997,2.7204417308335015e-11,0.0,0,32,0,0,11054.66501200858,0.9999999999700284
2019-08-10,2019-08-10,3.0454545454545454,33162.5,0.0,33162.5,5,-0.9749279121818236,-0.2225209339563146,8,-0.8660254037844384,-0.5000000000000004,1,0,0,0,33365.0,3.018181818181818,34580.0,2.8545454545454545,35997.5,2.663636363636364,38832.5,2.2818181818181817,33770.0,437.44999714253055,-1417.5,34478.75,847.1182768657515,-1417.5,35896.25,1665.7599616991638,-1417.5,33162.49999999998,2.21498361693885e-11,0.0,0,40,0,0,10889.175528927439,0.9999999999698455
2019-08-11,2019-08-11,3.0727272727272728,32960.0,0.0,32960.0,6,-0.7818314824680299,0.6234898018587334,8,-0.8660254037844384,-0.5000000000000004,1,0,0,0,33162.5,3.0454545454545454,34377.5,2.881818181818182,35795.0,2.690909090909091,38630.0,2.309090909090909,33567.5,437.44999714253055,-1417.5,34276.25,847.1182768657515,-1417.5,35693.75,1665.7599616991638,-1417.5,32959.999999999985,1.9547728478013672e-11,-7.275957614183426e-12,0,48,0,0,10726.623728021863,0.9999999999696602
2019-08-12,2019-08-12,3.1,32757.5,0.0,32757.5,0,0.0,1.0,8,-0.8660254037844384,-0.5000000000000004,0,0,1,0,32960.0,3.0727272727272728,34175.0,2.909090909090909,35592.5,2.718181818181818,38427.5,2.336363636363636,33365.0,437.44999714253055,-1417.5,34073.75,847.1182768657515,-1417.5,35491.25,1665.7599616991638,-1417.5,32757.499999999978,2.2805711982757578e-11,0.0,0,0,0,0,10566.9320751832,0.9999999999694726
2019-08-13,2019-08-13,3.127272727272727,32555.0,0.0,32555.0,1,0.7818314824680298,0.6234898018587336,8,-0.8660254037844384,-0.5000000000000004,0,0,0,0,32757.5,3.1,33972.5,2.9363636363636365,35390.0,2.745454545454545,38225.0,2.3636363636363638,33162.5,437.44999714253055,-1417.5,33871.25,847.1182768657515,-1417.5,35288.75,1665.7599616991638,-1417.5,32554.999999999996,1.8756726339648404e-11,-1.4551915228366852e-11,0,8,0,0,10410.025740980142,0.9999999999692828
2019-08-14,2019-08-14,3.1545454545454543,32352.5,0.0,32352.5,2,0.9749279121818236,-0.22252093395631434,8,-0.8660254037844384,-0.5000000000000004,0,0,0,0,32555.0,3.127272727272727,33770.0,2.963636363636364,35187.5,2.7727272727272725,38022.5,2.3909090909090907,32960.0,437.44999714253055,-1417.5,33668.75,847.1182768657515,-1417.5,35086.25,1665.7599616991638,-1417.5,32352.500000000015,3.5043102037276645e-12,-1.8189894035458565e-11,0,16,0,0,10255.832483741864,0.9999999999690905
2019-08-15,2019-08-15,3.1818181818181817,32150.0,0.0,32150.0,3,0.43388373911755823,-0.900968867902419,8,-0.8660254037844384,-0.5000000000000004,0,0,0,0,32352.5,3.1545454545454543,33567.5,2.9909090909090907,34985.0,2.8,37820.0,2.418181818181818,32757.5,437.44999714253055,-1417.5,33466.25,847.1182768657515,-1417.5,34883.75,1665.7599616991638,-1417.5,32150.000000000044,-1.5606731045917692e-11,-2.9103830456733704e-11,0,24,0,0,10104.282538654059,0.9999999999688958
2019-08-16,2019-08-16,3.209090909090909,31947.5,0.0,31947.5,4,-0.433883739117558,-0.9009688679024191,8,-0.8660254037844384,-0.5000000000000004,0,1,0,0,32150.0,3.1818181818181817,33365.0,3.018181818181818,34782.5,2.827272727272727,37617.5,2.4454545454545453,32555.0,437.44999714253055,-1417.5,33263.75,847.1182768657515,-1417.5,34681.25,1665.7599616991638,-1417.5,31947.50000000009,-4.800062440784196e-11,-4.3655745685100555e-11,0,32,0,0,9955.308512510095,0.9999999999686986
2019-08-17,2019-08-17,3.2363636363636363,31745.0,0.0,31745.0,5,-0.9749279121818236,-0.2225209339563146,8,-0.8660254037844384,-0.5000000000000004,1,0,0,0,31947.5,3.209090909090909,33162.5,3.0454545454545454,34580.0,2.8545454545454545,37415.0,2.4727272727272727,32352.5,437.44999714253055,-1417.5,33061.25,847.1182768657515,-1417.5,34478.75,1665.7599616991638,-1417.5,31745.000000000142,-9.614538880037792e-11,-4.729372449219227e-11,0,40,0,0,9808.84528378376,0.999999999968499
2019-08-18,2019-08-18,3.263636363636364,31542.5,0.0,31542.5,6,-0.7818314824680299,0.6234898018587334,8,-0.8660254037844384,-0.5000000000000004,1,0,0,0,31745.0,3.2363636363636363,32960.0,3.0727272727272728,34377.5,2.881818181818182,37212.5,2.5,32150.0,437.44999714253055,-1417.5,32858.75,847.1182768657515,-1417.5,34276.25,1665.7599616991638,-1417.5,31542.500000000207,-1.5882788068076347e-10,-4.729372449219227e-11,0,48,0,0,9664.829907712283,0.9999999999682967
2019-08-19,2019-08-19,3.290909090909091,31340.0,0.0,31340.0,0,0.0,1.0,8,-0.8660254037844384,-0.5000000000000004,0,0,1,0,31542.5,3.263636363636364,32757.5,3.1,34175.0,2.909090909090909,37010.0,2.527272727272728,31947.5,437.44999714253055,-1417.5,32656.25,847.1182768657515,-1417.5,34073.75,1665.7599616991638,-1417.5,31340.00000000029,-2.303457509184516e-10,-6.184563972055912e-11,0,0,0,0,9523.201526098983,0.9999999999680919
2019-08-20,2019-08-20,3.318181818181818,31137.5,0.0,31137.5,1,0.7818314824680298,0.6234898018587336,8,-0.8660254037844384,-0.5000000000000004,0,0,0,0,31340.0,3.290909090909091,32555.0,3.127272727272727,33972.5,2.9363636363636365,36807.5,2.5545454545454547,31745.0,437.44999714253055,-1417.5,32453.75,847.1182768657515,-1417.5,33871.25,1665.7599616991638,-1417.5,31137.500000000393,-3.210993913567711e-10,-7.275957614183426e-11,0,8,0,0,9383.901281563998,0.9999999999678844
2019-08-21,2019-08-21,3.345454545454545,30935.0,0.0,30935.0,2,0.9749279121818236,-0.22252093395631434,8,-0.8660254037844384,-0.5000000000000004,0,0,0,0,31137.5,3.318181818181818,32352.5,3.1545454545454543,33770.0,2.963636363636364,36605.0,2.581818181818182,31542.5,437.44999714253055,-1417.5,32251.25,847.1182768657515,-1417.5,33668.75,1665.7599616991638,-1417.5,30935.000000000535,-4.40563022245228e-10,-9.458744898438454e-11,0,16,0,0,9246.872235989278,0.9999999999676742
2019-08-22,2019-08-22,3.372727272727273,30732.5,0.0,30732.5,3,0.43388373911755823,-0.900968867902419,8,-0.8660254037844384,-0.5000000000000004,0,0,0,0,30935.0,3.345454545454545,32150.0,3.1818181818181817,33567.5,2.9909090909090907,36402.5,2.609090909090909,31340.0,437.44999714253055,-1417.5,32048.75,847.1182768657515,-1417.5,33466.25,1665.7599616991638,-1417.5,30732.500000000695,-5.811009924386065e-10,-1.127773430198431e-10,0,24,0,0,9112.059292920425,0.9999999999674611
2019-08-23,2019-08-23,3.4,30530.0,0.0,30530.0,4,-0.433883739117558,-0.9009688679024191,8,-0.8660254037844384,-0.5000000000000004,0,1,0,0,30732.5,3.372727272727273,31947.5,3.209090909090909,33365.0,3.018181818181818,36200.0,2.636363636363636,31137.5,437.44999714253055,-1417.5,31846.25,847.1182768657515,-1417.5,33263.75,1665.7599616991638,-1417.5,30530.00000000087,-7.629230944920537e-10,-1.0550138540565968e-10,0,32,0,0,8979.409123703199,0.9999999999672453
2019-08-24,2019-08-24,3.4272727272727272,30327.5,0.0,30327.5,5,-0.9749279121818236,-0.2225209339563146,8,-0.8660254037844384,-0.5000000000000004,1,0,0,0,30530.0,3.4,31745.0,3.2363636363636363,33162.5,3.0454545454545454,35997.5,2.663636363636364,30935.0,437.44999714253055,-1417.5,31643.75,847.1182768657515,-1417.5,33061.25,1665.7599616991638,-1417.5,30327.50000000107,-9.881583761590586e-10,-8.003553375601768e-11,0,40,0,0,8848.870097146655,0.9999999999670266
2019-08-25,2019-08-25,3.4545454545454546,30125.0,0.0,30125.0,6,-0.7818314824680299,0.6234898018587334,8,-0.8660254037844384,-0.5000000000000004,1,0,0,0,30327.5,3.4272727272727272,31542.5,3.263636363636364,32960.0,3.0727272727272728,35795.0,2.690909090909091,30732.5,437.44999714253055,-1417.5,31441.25,847.1182768657515,-1417.5,32858.75,1665.7599616991638,-1417.5,30125.000000001273,-1.2551005535196784e-09,-1.8189894035458565e-11,0,48,0,0,8720.392212518043,0.999999999966805
2019-08-26,2019-08-26,3.481818181818181,29922.5,0.0,29922.5,0,0.0,1.0,8,-0.8660254037844384,-0.5000000000000004,0,0,1,0,30125.0,3.4545454545454546,31340.0,3.290909090909091,32757.5,3.1,35592.5,2.718181818181818,30530.0,437.44999714253055,-1417.5,31238.75,847.1182768657515,-1417.5,32656.25,1665.7599616991638,-1417.5,29922.500000001462,-1.5431547259244315e-09,8.003553375601768e-11,0,0,0,0,8593.927035686755,0.9999999999665803
2019-08-27,2019-08-27,3.509090909090909,29720.0,0.0,29720.0,1,0.7818314824680298,0.6234898018587336,8,-0.8660254037844384,-0.5000000000000004,0,0,0,0,29922.5,3.481818181818181,31137.5,3.318181818181818,32555.0,3.127272727272727,35390.0,2.745454545454545,30327.5,437.44999714253055,-1417.5,31036.25,847.1182768657515,-1417.5,32453.75,1665.7599616991638,-1417.5,29720.00000000161,-1.8149832848272027e-09,2.0372681319713593e-10,0,8,0,0,8469.42763824601,0.9999999999663526
2019-08-28,2019-08-28,3.536363636363636,29517.5,0.0,29517.5,2,0.9749279121818236,-0.22252093395631434,8,-0.8660254037844384,-0.5000000000000004,0,0,0,0,29720.0,3.509090909090909,30935.0,3.345454545454545,32352.5,3.1545454545454543,35187.5,2.7727272727272725,30125.0,437.44999714253055,-1417.5,30833.75,847.1182768657515,-1417.5,32251.25,1665.7599616991638,-1417.5,29517.50000000174,-2.033064050992115e-09,2.9467628337442875e-10,0,16,0,0,8346.84853945157,0.9999999999661218
2019-08-29,2019-08-29,3.5636363636363635,29315.0,0.0,29315.0,3,0.43388373911755823,-0.900968867902419,8,-0.8660254037844384,-0.5000000000000004,0,0,0,0,29517.5,3.536363636363636,30732.5,3.372727272727273,32150.0,3.1818181818181817,34985.0,2.8,29922.5,437.44999714253055,-1417.5,30631.25,847.1182768657515,-1417.5,32048.75,1665.7599616991638,-1417.5,29315.00000000181,-2.1375899155457915e-09,3.2741809263825417e-10,0,24,0,0,8226.145650826476,0.9999999999658877
2019-08-30,2019-08-30,3.590909090909091,29112.5,0.0,29112.5,4,-0.433883739117558,-0.9009688679024191,8,-0.8660254037844384,-0.5000000000000004,0,1,0,0,29315.0,3.5636363636363635,30530.0,3.4,31947.5,3.209090909090909,34782.5,2.827272727272727,29720.0,437.44999714253055,-1417.5,30428.75,847.1182768657515,-1417.5,31846.25,1665.7599616991638,-1417.5,29112.50000000183,-2.122638902616006e-09,2.9103830456733704e-10,0,32,0,0,8107.276223290166,0.9999999999656505
2019-08-31,2019-08-31,3.618181818181818,28910.0,0.0,28910.0,5,-0.9749279121818236,-0.2225209339563146,8,-0.8660254037844384,-0.5000000000000004,1,0,0,0,29112.5,3.590909090909091,30327.5,3.4272727272727272,31745.0,3.2363636363636363,34580.0,2.8545454545454545,29517.5,437.44999714253055,-1417.5,30226.25,847.1182768657515,-1417.5,31643.75,1665.7599616991638,-1417.5,28910.000000001743,-2.009391863688428e-09,2.6557245291769505e-10,0,40,0,0,7990.198796678725,0.9999999999654099
2019-09-01,2019-09-01,3.6454545454545455,28707.5,0.0,28707.5,6,-0.7818314824680299,0.6234898018587334,9,-1.0,-1.8369701987210297e-16,1,0,0,0,28910.0,3.618181818181818,30125.0,3.4545454545454546,31542.5,3.263636363636364,34377.5,2.881818181818182,29315.0,437.44999714253055,-1417.5,30023.75,847.1182768657515,-1417.5,31441.25,1665.7599616991638,-1417.5,28707.500000001506,-1.8541099689558602e-09,3.4924596548080444e-10,0,54,0,0,7874.873151531056,0.9999999999651659
2019-09-02,2019-09-02,3.672727272727272,28505.0,0.0,28505.0,0,0.0,1.0,9,-1.0,-1.8369701987210297e-16,0,0,1,0,28707.5,3.6454545454545455,29922.5,3.481818181818181,31340.0,3.290909090909091,34175.0,2.909090909090909,29112.5,437.44999714253055,-1417.5,29821.25,847.1182768657515,-1417.5,31238.75,1665.7599616991638,-1417.5,28505.000000001022,-1.6956530180094947e-09,6.730260793119669e-10,0,0,0,0,7761.260263023197,0.9999999999649184
2019-09-03,2019-09-03,3.7,28302.5,0.0,28302.5,1,0.7818314824680298,0.6234898018587336,9,-1.0,-1.8369701987210297e-16,0,0,0,0,28505.0,3.672727272727272,29720.0,3.509090909090909,31137.5,3.318181818181818,33972.5,2.9363636363636365,28910.0,437.44999714253055,-1417.5,29618.75,847.1182768657515,-1417.5,31036.25,1665.7599616991638,-1417.5,28302.50000000017,-1.486687632101753e-09,1.3169483281672e-09,0,9,0,0,7649.3222569399295,0.9999999999646674
2019-09-04,2019-09-04,3.727272727272727,28100.0,0.0,28100.0,2,0.9749279121818236,-0.22252093395631434,9,-1.0,-1.8369701987210297e-16,0,0,0,0,28302.5,3.7,29517.5,3.536363636363636,30935.0,3.345454545454545,33770.0,2.963636363636364,28707.5,437.44999714253055,-1417.5,29416.25,847.1182768657515,-1417.5,30833.75,1665.7599616991638,-1417.5,28099.9999999988,-1.0536052644586983e-09,2.255546860396862e-09,0,18,0,0,7539.022367579365,0.9999999999644128
2019-09-05,2019-09-05,3.7545454545454544,27897.5,0.0,27897.5,3,0.43388373911755823,-0.900968867902419,9,-1.0,-1.8369701987210297e-16,0,0,0,0,28100.0,3.727272727272727,29315.0,3.5636363636363635,30732.5,3.372727272727273,33567.5,2.9909090909090907,28505.0,437.44999714253055,-1417.5,29213.75,847.1182768657515,-1417.5,30631.25,1665.7599616991638,-1417.5,27897.499999996777,-4.169640361693042e-11,3.2632669899612665e-09,0,27,0,0,7430.324897492158,0.9999999999641545
2019-09-06,2019-09-06,3.7818181818181817,27695.0,0.0,27695.0,4,-0.433883739117558,-0.9009688679024191,9,-1.0,-1.8369701987210297e-16,0,1,0,0,27897.5,3.7545454545454544,29112.5,3.590909090909091,30530.0,3.4,33365.0,3.018181818181818,28302.5,437.44999714253055,-1417.5,29011.25,847.1182768657515,-1417.5,30428.75,1665.7599616991638,-1417.5,27694.999999993925,1.968902383937044e-09,4.107278073206544e-09,0,36,0,0,7323.195178962813,0.9999999999638924
2019-09-07,2019-09-07,3.809090909090909,27492.5,0.0,27492.5,5,-0.9749279121818236,-0.2225209339563146,9,-1.0,-1.8369701987210297e-16,1,0,0,0,27695.0,3.7818181818181817,28910.0,3.618181818181818,30327.5,3.4272727272727272,33162.5,3.0454545454545454,28100.0,437.44999714253055,-1417.5,28808.75,847.1182768657515,-1417.5,30226.25,1665.7599616991638,-1417.5,27492.4999999901,5.34083408551304e-09,4.558387445285916e-09,0,45,0,0,7217.599537145706,0.9999999999636264
2019-09-08,2019-09-08,3.836363636363637,27290.0,0.0,27290.0,6,-0.7818314824680299,0.6234898018587334,9,-1.0,-1.8369701987210297e-16,1,0,0,0,27492.5,3.809090909090909,28707.5,3.6454545454545455,30125.0,3.4545454545454546,32960.0,3.0727272727272728,27897.5,437.44999714253055,-1417.5,28606.25,847.1182768657515,-1417.5,30023.75,1665.7599616991638,-1417.5,27289.999999985102,1.0206474815288248e-08,4.689354682341218e-09,0,54,0,0,7113.50525477351,0.9999999999633565
2019-09-09,2019-09-09,3.8636363636363633,27087.5,0.0,27087.5,0,0.0,1.0,9,-1.0,-1.8369701987210297e-16,0,0,1,0,27290.0,3.836363636363637,28505.0,3.672727272727272,29922.5,3.481818181818181,32757.5,3.1,27695.0,437.44999714253055,-1417.5,28403.75,847.1182768657515,-1417.5,29821.25,1665.7599616991638,-1417.5,27087.49999997863,1.6428894156277275e-08,4.940375220030546e-09,0,0,0,0,7010.880538360331,0.9999999999630826
2019-09-10,2019-09-10,3.89090909090909,26885.0,0.0,26885.0,1,0.7818314824680298,0.6234898018587336,9,-1.0,-1.8369701987210297e-16,0,0,0,0,27087.5,3.8636363636363633,28302.5,3.7,29720.0,3.509090909090909,32555.0,3.127272727272727,27492.5,437.44999714253055,-1417.5,28201.25,847.1182768657515,-1417.5,29618.75,1665.7599616991638,-1417.5,26884.9999999703,2.375949707911038e-08,5.940819391980767e-09,0,9,0,0,6909.694485826185,0.9999999999628045
2019-09-11,2019-09-11,3.918181818181818,26682.5,0.0,26682.5,2,0.9749279121818236,-0.22252093395631434,9,-1.0,-1.8369701987210297e-16,0,0,0,0,26885.0,3.89090909090909,28100.0,3.727272727272727,29517.5,3.536363636363636,32352.5,3.1545454545454543,27290.0,437.44999714253055,-1417.5,27998.75,847.1182768657515,-1417.5,29416.25,1665.7599616991638,-1417.5,26682.499999959724,3.218030675902915e-08,8.094502845779061e-09,0,18,0,0,6809.917055473606,0.9999999999625222
2019-09-12,2019-09-12,3.945454545454545,26480.0,0.0,26480.0,3,0.43388373911755823,-0.900968867902419,9,-1.0,-1.8369701987210297e-16,0,0,0,0,26682.5,3.918181818181818,27897.5,3.7545454545454544,29315.0,3.5636363636363635,32150.0,3.1818181818181817,27087.5,437.44999714253055,-1417.5,27796.25,847.1182768657515,-1417.5,29213.75,1665.7599616991638,-1417.5,26479.999999946616,4.232325402223724e-08,1.1059455573558807e-08,0,27,0,0,6711.519036250937,0.9999999999622357
2019-09-13,2019-09-13,3.9727272727272727,26277.5,0.0,26277.5,4,-0.433883739117558,-0.9009688679024191,9,-1.0,-1.8369701987210297e-16,0,1,0,0,26480.0,3.945454545454545,27695.0,3.7818181818181817,29112.5,3.590909090909091,31947.5,3.209090909090909,26885.0,437.44999714253055,-1417.5,27593.75,847.1182768657515,-1417.5,29011.25,1665.7599616991638,-1417.5,26277.499999931126,5.556667747558444e-08,1.3307726476341486e-08,0,36,0,0,6614.472019240453,0.9999999999619447
2019-09-14,2019-09-14,4.0,26075.0,0.0,26075.0,5,-0.9749279121818236,-0.2225209339563146,9,-1.0,-1.8369701987210297e-16,1,0,0,0,26277.5,3.9727272727272727,27492.5,3.809090909090909,28910.0,3.618181818181818,31745.0,3.2363636363636363,26682.5,437.44999714253055,-1417.5,27391.25,847.1182768657515,-1417.5,28808.75,1665.7599616991638,-1417.5,26074.999999913958,7.360437797441825e-08,1.2438249541446567e-08,0,45,0,0,6518.748370312907,0.9999999999616491
2019-09-15,2019-09-15,4.027272727272727,25872.5,0.0,25872.5,6,-0.7818314824680299,0.6234898018587334,9,-1.0,-1.8369701987210297e-16,1,0,0,0,26075.0,4.0,27290.0,3.836363636363637,28707.5,3.6454545454545455,31542.5,3.263636363636364,26480.0,437.44999714253055,-1417.5,27188.75,847.1182768657515,-1417.5,28606.25,1665.7599616991638,-1417.5,25872.499999896518,9.73880707422031e-08,6.093614501878619e-09,0,54,0,0,6424.321203893154,0.9999999999613489
2019-09-16,2019-09-16,4.054545454545455,25670.0,0.0,25670.0,0,0.0,1.0,9,-1.0,-1.8369701987210297e-16,0,0,1,0,25872.5,4.027272727272727,27087.5,3.8636363636363633,28505.0,3.672727272727272,31340.0,3.290909090909091,26277.5,437.44999714253055,-1417.5,26986.25,847.1182768657515,-1417.5,28403.75,1665.7599616991638,-1417.5,25669.99999988064,1.2578621975955566e-07,-6.428308552131057e-09,0,0,0,0,6331.164357784575,0.999999999961044
2019-09-17,2019-09-17,4.081818181818182,25467.5,0.0,25467.5,1,0.7818314824680298,0.6234898018587336,9,-1.0,-1.8369701987210297e-16,0,0,0,0,25670.0,4.054545454545455,26885.0,3.89090909090909,28302.5,3.7,31137.5,3.318181818181818,26075.0,437.44999714253055,-1417.5,26783.75,847.1182768657515,-1417.5,28201.25,1665.7599616991638,-1417.5,25467.499999868138,1.5460517865007302e-07,-2.274464350193739e-08,0,9,0,0,6239.25236900276,0.9999999999607343
2019-09-18,2019-09-18,4.109090909090909,25265.0,0.0,25265.0,2,0.9749279121818236,-0.22252093395631434,9,-1.0,-1.8369701987210297e-16,0,0,0,0,25467.5,4.081818181818182,26682.5,3.918181818181818,28100.0,3.727272727272727,30935.0,3.345454545454545,25872.5,437.44999714253055,-1417.5,26581.25,847.1182768657515,-1417.5,27998.75,1665.7599616991638,-1417.5,25264.99999986013,1.76853249235978e-07,-3.6983692552894354e-08,0,18,0,0,6148.560450571571,0.9999999999604195
2019-09-19,2019-09-19,4.136363636363637,25062.5,0.0,25062.5,3,0.43388373911755823,-0.900968867902419,9,-1.0,-1.8369701987210297e-16,0,0,0,0,25265.0,4.109090909090909,26480.0,3.945454545454545,27897.5,3.7545454545454544,30732.5,3.372727272727273,25670.0,437.44999714253055,-1417.5,26378.75,847.1182768657515,-1417.5,27796.25,1665.7599616991638,-1417.5,25062.49999985676,1.849065443860353e-07,-4.166577127762139e-08,0,27,0,0,6059.064469237161,0.9999999999600997
2019-09-20,2019-09-20,4.163636363636364,24860.0,0.0,24860.0,4,-0.433883739117558,-0.9009688679024191,9,-1.0,-1.8369701987210297e-16,0,1,0,0,25062.5,4.136363636363637,26277.5,3.9727272727272727,27695.0,3.7818181818181817,30530.0,3.4,25467.5,437.44999714253055,-1417.5,26176.25,847.1182768657515,-1417.5,27593.75,1665.7599616991638,-1417.5,24859.999999857435,1.7429636187159034e-07,-3.173045115545392e-08,0,36,0,0,5970.740924057856,0.9999999999597747
2019-09-21,2019-09-21,4.190909090909091,24657.5,0.0,24657.5,5,-0.9749279121818236,-0.2225209339563146,9,-1.0,-1.8369701987210297e-16,1,0,0,0,24860.0,4.163636363636364,26075.0,4.0,27492.5,3.809090909090909,30327.5,3.4272727272727272,25265.0,437.44999714253055,-1417.5,25973.75,847.1182768657515,-1417.5,27391.25,1665.7599616991638,-1417.5,24657.499999862244,1.477138040292676e-07,-9.957147995010018e-09,0,45,0,0,5883.566925830017,0.9999999999594443
2019-09-22,2019-09-22,4.218181818181818,24455.0,0.0,24455.0,6,-0.7818314824680299,0.6234898018587334,9,-1.0,-1.8369701987210297e-16,1,0,0,0,24657.5,4.190909090909091,25872.5,4.027272727272727,27290.0,3.836363636363637,30125.0,3.4545454545454546,25062.5,437.44999714253055,-1417.5,25771.25,847.1182768657515,-1417.5,27188.75,1665.7599616991638,-1417.5,24454.999999873766,1.164219439432859e-07,9.81162884272635e-09,0,54,0,0,5797.520177312027,0.9999999999591086
2019-09-23,2019-09-23,4.245454545454545,24252.5,0.0,24252.5,0,0.0,1.0,9,-1.0,-1.8369701987210297e-16,0,0,1,0,24455.0,4.218181818181818,25670.0,4.054545454545455,27087.5,3.8636363636363633,29922.5,3.481818181818181,24860.0,437.44999714253055,-1417.5,25568.75,847.1182768657515,-1417.5,26986.25,1665.7599616991638,-1417.5,24252.499999898686,9.619666853809505e-08,5.11863618157804e-09,0,0,0,0,5712.578954210525,0.9999999999587671
2019-09-24,2019-09-24,4.2727272727272725,24050.0,0.0,24050.0,1,0.7818314824680298,0.6234898018587336,9,-1.0,-1.8369701987210297e-16,0,0,0,0,24252.5,4.245454545454545,25467.5,4.081818181818182,26885.0,3.89090909090909,29720.0,3.509090909090909,24657.5,437.44999714253055,-1417.5,25366.25,847.1182768657515,-1417.5,26783.75,1665.7599616991638,-1417.5,24049.999999948213,9.687572921912088e-08,-4.508910933509469e-08,0,9,0,0,5628.722086894831,0.9999999999584199
2019-09-25,2019-09-25,4.3,23847.5,0.0,23847.5,2,0.9749279121818236,-0.22252093395631434,9,-1.0,-1.8369701987210297e-16,0,0,0,0,24050.0,4.2727272727272725,25265.0,4.109090909090909,26682.5,3.918181818181818,29517.5,3.536363636363636,24455.0,437.44999714253055,-1417.5,25163.75,847.1182768657515,-1417.5,26581.25,1665.7599616991638,-1417.5,23847.50000003643,1.0914186695391493e-07,-1.455737219657749e-07,0,18,0,0,5545.9289428072225,0.9999999999580669
2019-09-26,2019-09-26,4.327272727272727,23645.0,0.0,23645.0,3,0.43388373911755823,-0.900968867902419,9,-1.0,-1.8369701987210297e-16,0,0,0,0,23847.5,4.3,25062.5,4.136363636363637,26480.0,3.945454545454545,29315.0,3.5636363636363635,24252.5,437.44999714253055,-1417.5,24961.25,847.1182768657515,-1417.5,26378.75,1665.7599616991638,-1417.5,23645.000000177497,9.657154507623854e-08,-2.740671334322542e-07,0,27,0,0,5464.179409538372,0.9999999999577077
2019-09-27,2019-09-27,4.354545454545455,23442.5,0.0,23442.5,4,-0.433883739117558,-0.9009688679024191,9,-1.0,-1.8369701987210297e-16,0,1,0,0,23645.0,4.327272727272727,24860.0,4.163636363636364,26277.5,3.9727272727272727,29112.5,3.590909090909091,24050.0,437.44999714253055,-1417.5,24758.75,847.1182768657515,-1417.5,26176.25,1665.7599616991638,-1417.5,23442.500000383203,1.5292885622289705e-09,-3.84730810765177e-07,0,36,0,0,5383.453878538774,0.9999999999573425
2019-09-28,2019-09-28,4.381818181818182,23240.0,0.0,23240.0,5,-0.9749279121818236,-0.2225209339563146,9,-1.0,-1.8369701987210297e-16,1,0,0,0,23442.5,4.354545454545455,24657.5,4.190909090909091,26075.0,4.0,28910.0,3.618181818181818,23847.5,437.44999714253055,-1417.5,24556.25,847.1182768657515,-1417.5,25973.75,1665.7599616991638,-1417.5,23240.000000663094,-2.324329810082342e-07,-4.306602932047099e-07,0,45,0,0,5303.733229438474,0.9999999999569708
2019-09-29,2019-09-29,4.409090909090908,23037.5,0.0,23037.5,6,-0.7818314824680299,0.6234898018587334,9,-1.0,-1.8369701987210297e-16,1,0,0,0,23240.0,4.381818181818182,24455.0,4.218181818181818,25872.5,4.027272727272727,28707.5,3.6454545454545455,23645.0,437.44999714253055,-1417.5,24353.75,847.1182768657515,-1417.5,25771.25,1665.7599616991638,-1417.5,23037.500001028813,-6.307047932205857e-07,-3.9810765883885324e-07,0,54,0,0,5224.9988149487235,0.9999999999565925
2019-09-30,2019-09-30,4.436363636363636,22835.0,0.0,22835.0,0,0.0,1.0,9,-1.0,-1.8369701987210297e-16,0,0,1,0,23037.5,4.409090909090908,24252.5,4.245454545454545,25670.0,4.054545454545455,28505.0,3.672727272727272,23442.5,437.44999714253055,-1417.5,24151.25,847.1182768657515,-1417.5,25568.75,1665.7599616991638,-1417.5,22835.000001501805,-1.168796966919106e-06,-3.3300966606475413e-07,0,0,0,0,5147.232446320556,0.9999999999562076
2019-10-01,2019-10-01,4.463636363636363,22632.5,0.0,22632.5,1,0.7818314824680298,0.6234898018587336,10,-0.8660254037844386,0.5000000000000001,0,0,0,0,22835.0,4.436363636363636,24050.0,4.2727272727272725,25467.5,4.081818181818182,28302.5,3.7,23240.0,437.44999714253055,-1417.5,23948.75,847.1182768657515,-1417.5,25366.25,1665.7599616991638,-1417.5,22632.500002120603,-1.7830369896914524e-06,-3.3756805351004004e-07,0,10,0,0,5070.416379336453,0.9999999999558158
2019-10-02,2019-10-02,4.49090909090909,22430.0,0.0,22430.0,2,0.9749279121818236,-0.22252093395631434,10,-0.8660254037844386,0.5000000000000001,0,0,0,0,22632.5,4.463636363636363,23847.5,4.3,25265.0,4.109090909090909,28100.0,3.727272727272727,23037.5,437.44999714253055,-1417.5,23746.25,847.1182768657515,-1417.5,25163.75,1665.7599616991638,-1417.5,22430.000002940727,-2.415960007278933e-06,-5.247675289865583e-07,0,20,0,0,4994.5333008124235,0.9999999999554169
2019-10-03,2019-10-03,4.518181818181818,22227.5,0.0,22227.5,3,0.43388373911755823,-0.900968867902419,10,-0.8660254037844386,0.5000000000000001,0,0,0,0,22430.0,4.49090909090909,23645.0,4.327272727272727,25062.5,4.136363636363637,27897.5,3.7545454545454544,22835.0,437.44999714253055,-1417.5,23543.75,847.1182768657515,-1417.5,24961.25,1665.7599616991638,-1417.5,22227.500004019254,-3.082192015711018e-06,-9.370633051730692e-07,0,30,0,0,4919.566315588944,0.9999999999550107
2019-10-04,2019-10-04,4.545454545454545,22025.0,0.0,22025.0,4,-0.433883739117558,-0.9009688679024191,10,-0.8660254037844386,0.5000000000000001,0,1,0,0,22227.5,4.518181818181818,23442.5,4.354545454545455,24860.0,4.163636363636364,27695.0,3.7818181818181817,22632.5,437.44999714253055,-1417.5,23341.25,847.1182768657515,-1417.5,24758.75,1665.7599616991638,-1417.5,22025.00000538116,-3.922631150000203e-06,-1.4585275494027883e-06,0,40,0,0,4845.498933990235,0.999999999954597
2019-10-05,2019-10-05,4.572727272727272,21822.5,0.0,21822.5,5,-0.9749279121818236,-0.2225209339563146,10,-0.8660254037844386,0.5000000000000001,1,0,0,0,22025.0,4.545454545454545,23240.0,4.381818181818182,24657.5,4.190909090909091,27492.5,3.809090909090909,22430.0,437.44999714253055,-1417.5,23138.75,847.1182768657515,-1417.5,24556.25,1665.7599616991638,-1417.5,21822.500006975366,-5.2034748429761185e-06,-1.7718921299092472e-06,0,50,0,0,4772.315059732294,0.9999999999541758
2019-10-06,2019-10-06,4.6,21620.0,0.0,21620.0,6,-0.7818314824680299,0.6234898018587334,10,-0.8660254037844386,0.5000000000000001,1,0,0,0,21822.5,4.572727272727272,23037.5,4.409090909090908,24455.0,4.218181818181818,27290.0,3.836363636363637,22227.5,437.44999714253055,-1417.5,22936.25,847.1182768657515,-1417.5,24353.75,1665.7599616991638,-1417.5,21620.00000864373,-7.219053230209297e-06,-1.4246761566027999e-06,0,60,0,0,4699.998978261092,0.9999999999537466
2019-10-07,2019-10-07,4.627272727272727,21417.5,0.0,21417.5,0,0.0,1.0,10,-0.8660254037844386,0.5000000000000001,0,0,1,0,21620.0,4.6,22835.0,4.436363636363636,24252.5,4.245454545454545,27087.5,3.8636363636363633,22025.0,437.44999714253055,-1417.5,22733.75,847.1182768657515,-1417.5,24151.25,1665.7599616991638,-1417.5,21417.500010133404,-1.0086149928531253e-05,-4.725370672531426e-08,0,0,0,0,4628.535345503167,0.9999999999533092
2019-10-08,2019-10-08,4.654545454545454,21215.0,0.0,21215.0,1,0.7818314824680298,0.6234898018587336,10,-0.8660254037844386,0.5000000000000001,0,0,0,0,21417.5,4.627272727272727,22632.5,4.463636363636363,24050.0,4.2727272727272725,26885.0,3.89090909090909,21822.5,437.44999714253055,-1417.5,22531.25,847.1182768657515,-1417.5,23948.75,1665.7599616991638,-1417.5,21215.000011171287,-1.3485549285900461e-05,2.3142638383433223e-06,0,10,0,0,4557.9091770117,0.9999999999528635
2019-10-09,2019-10-09,4.681818181818182,21012.5,0.0,21012.5,2,0.9749279121818236,-0.22252093395631434,10,-0.8660254037844386,0.5000000000000001,0,0,0,0,21215.0,4.654545454545454,22430.0,4.49090909090909,23847.5,4.3,26682.5,3.918181818181818,21620.0,437.44999714253055,-1417.5,22328.75,847.1182768657515,-1417.5,23746.25,1665.7599616991638,-1417.5,21012.50001158295,-1.65023070540284e-05,4.919358616461977e-06,0,20,0,0,4488.105837491957,0.9999999999524093
2019-10-10,2019-10-10,4.709090909090909,20810.0,0.0,20810.0,3,0.43388373911755823,-0.900968867902419,10,-0.8660254037844386,0.5000000000000001,0,0,0,0,21012.5,4.681818181818182,22227.5,4.518181818181818,23645.0,4.327272727272727,26480.0,3.945454545454545,21417.5,437.44999714253055,-1417.5,22126.25,847.1182768657515,-1417.5,23543.75,1665.7599616991638,-1417.5,20810.000011396285,-1.7782441042489852e-05,6.386155291693285e-06,0,30,0,0,4419.111030690708,0.9999999999519462
2019-10-11,2019-10-11,4.736363636363636,20607.5,0.0,20607.5,4,-0.433883739117558,-0.9009688679024191,10,-0.8660254037844386,0.5000000000000001,0,1,0,0,20810.0,4.709090909090909,22025.0,4.545454545454545,23442.5,4.354545454545455,26277.5,3.9727272727272727,21215.0,437.44999714253055,-1417.5,21923.75,847.1182768657515,-1417.5,23341.25,1665.7599616991638,-1417.5,20607.500010850104,-1.6145721710105925e-05,5.295616574585438e-06,0,40,0,0,4350.910789634958,0.9999999999514739
2019-10-12,2019-10-12,4.763636363636364,20405.0,0.0,20405.0,5,-0.9749279121818236,-0.2225209339563146,10,-0.8660254037844386,0.5000000000000001,1,0,0,0,20607.5,4.736363636363636,21822.5,4.572727272727272,23240.0,4.381818181818182,26075.0,4.0,21012.5,437.44999714253055,-1417.5,21721.25,847.1182768657515,-1417.5,23138.75,1665.7599616991638,-1417.5,20405.000010259264,-1.1494551707791846e-05,1.2352866178844124e-06,0,50,0,0,4283.4914672059895,0.9999999999509924
2019-10-13,2019-10-13,4.790909090909091,20202.5,0.0,20202.5,6,-0.7818314824680299,0.6234898018587334,10,-0.8660254037844386,0.5000000000000001,1,0,0,0,20405.0,4.763636363636364,21620.0,4.6,23037.5,4.409090909090908,25872.5,4.027272727272727,20810.0,437.44999714253055,-1417.5,21518.75,847.1182768657515,-1417.5,22936.25,1665.7599616991638,-1417.5,20202.500009761097,-5.464569381003108e-06,-4.296529368730262e-06,0,60,0,0,4216.839727035351,0.9999999999505012
2019-10-14,2019-10-14,4.818181818181818,20000.0,0.0,20000.0,0,0.0,1.0,10,-0.8660254037844386,0.5000000000000001,0,0,1,0,20202.5,4.790909090909091,21417.5,4.627272727272727,22835.0,4.436363636363636,25670.0,4.054545454545455,20607.5,437.44999714253055,-1417.5,21316.25,847.1182768657515,-1417.5,22733.75,1665.7599616991638,-1417.5,20000.000009044084,-1.1224113339124137e-06,-7.921673386590555e-06,0,0,0,0,4150.94253471004,0.99999999995
2019-10-15,2019-10-15,4.845454545454546,19797.5,0.0,19797.5,1,0.7818314824680298,0.6234898018587336,10,-0.8660254037844386,0.5000000000000001,0,0,0,0,20000.0,4.818181818181818,21215.0,4.654545454545454,22632.5,4.463636363636363,25467.5,4.081818181818182,20405.0,437.44999714253055,-1417.5,21113.75,847.1182768657515,-1417.5,22531.25,1665.7599616991638,-1417.5,19797.500007191356,-1.4231379674832934e-06,-5.768219125457108e-06,0,10,0,0,4085.7871492746967,0.9999999999494885
2019-10-16,2019-10-16,4.872727272727273,19595.0,0.0,19595.0,2,0.9749279121818236,-0.22252093395631434,10,-0.8660254037844386,0.5000000000000001,0,0,0,0,19797.5,4.845454545454546,21012.5,4.681818181818182,22430.0,4.49090909090909,25265.0,4.109090909090909,20202.5,437.44999714253055,-1417.5,20911.25,847.1182768657515,-1417.5,22328.75,1665.7599616991638,-1417.5,19595.00000274639,-6.988722026079585e-06,4.24233076046221e-06,0,20,0,0,4021.3611150191737,0.9999999999489666
2019-10-17,2019-10-17,4.9,19392.5,0.0,19392.5,3,0.43388373911755823,-0.900968867902419,10,-0.8660254037844386,0.5000000000000001,0,0,0,0,19595.0,4.872727272727273,20810.0,4.709090909090909,22227.5,4.518181818181818,25062.5,4.136363636363637,20000.0,437.44999714253055,-1417.5,20708.75,847.1182768657515,-1417.5,22126.25,1665.7599616991638,-1417.5,19392.49999404505,-1.4511660963364292e-05,2.0466610294533893e-05,0,30,0,0,3957.652253540356,0.9999999999484337
2019-10-18,2019-10-18,4.927272727272728,19190.0,0.0,19190.0,4,-0.433883739117558,-0.9009688679024191,10,-0.8660254037844386,0.5000000000000001,0,1,0,0,19392.5,4.9,20607.5,4.736363636363636,22025.0,4.545454545454545,24860.0,4.163636363636364,19797.5,437.44999714253055,-1417.5,20506.25,847.1182768657515,-1417.5,21923.75,1665.7599616991638,-1417.5,19189.999979743978,-1.7044546724900942e-05,3.7300567782949656e-05,0,40,0,0,3894.6486560676153,0.9999999999478895
2019-10-19,2019-10-19,4.954545454545454,18987.5,0.0,18987.5,5,-0.9749279121818236,-0.2225209339563146,10,-0.8660254037844386,0.5000000000000001,1,0,0,0,19190.0,4.927272727272728,20405.0,4.763636363636364,21822.5,4.572727272727272,24657.5,4.190909090909091,19595.0,437.44999714253055,-1417.5,20303.75,847.1182768657515,-1417.5,21721.25,1665.7599616991638,-1417.5,18987.499959275898,-6.40486836421631e-06,4.7128971345955506e-05,0,50,0,0,3832.338676041735,0.9999999999473338
2019-10-20,2019-10-20,4.9818181818181815,18785.0,0.0,18785.0,6,-0.7818314824680299,0.6234898018587334,10,-0.8660254037844386,0.5000000000000001,1,0,0,0,18987.5,4.954545454545454,20202.5,4.790909090909091,21620.0,4.6,24455.0,4.218181818181818,19392.5,437.44999714253055,-1417.5,20101.25,847.1182768657515,-1417.5,21518.75,1665.7599616991638,-1417.5,18784.999932748007,2.3329654442774163e-05,4.3922336772084236e-05,0,60,0,0,3770.710921937589,0.999999999946766
2019-10-21,2019-10-21,5.009090909090909,18582.5,0.0,18582.5,0,0.0,1.0,10,-0.8660254037844386,0.5000000000000001,0,0,1,0,18785.0,4.9818181818181815,20000.0,4.818181818181818,21417.5,4.627272727272727,24252.5,4.245454545454545,19190.0,437.44999714253055,-1417.5,19898.75,847.1182768657515,-1417.5,21316.25,1665.7599616991638,-1417.5,18582.499899830138,7.254224009689393e-05,2.762762233032845e-05,0,0,0,0,3709.754250321293,0.9999999999461859
2019-10-22,2019-10-22,5.036363636363636,18380.0,0.0,18380.0,1,0.7818314824680298,0.6234898018587336,10,-0.8660254037844386,0.5000000000000001,0,0,0,0,18582.5,5.009090909090909,19797.5,4.845454545454546,21215.0,4.654545454545454,24050.0,4.2727272727272725,18987.5,437.44999714253055,-1417.5,19696.25,847.1182768657515,-1417.5,21113.75,1665.7599616991638,-1417.5,18379.99985774471,0.00013388983713409503,8.365452231373638e-06,0,10,0,0,3649.457759132936,0.999999999945593
2019-10-23,2019-10-23,5.063636363636364,18177.5,0.0,18177.5,2,0.9749279121818236,-0.22252093395631434,10,-0.8660254037844386,0.5000000000000001,0,0,0,0,18380.0,5.036363636363636,19595.0,4.872727272727273,21012.5,4.681818181818182,23847.5,4.3,18785.0,437.44999714253055,-1417.5,19493.75,847.1182768657515,-1417.5,20911.25,1665.7599616991638,-1417.5,18177.49979954088,0.0001930851320444244,7.373986591119319e-06,0,20,0,0,3589.81078118638,0.9999999999449869
2019-10-24,2019-10-24,5.090909090909091,17975.0,0.0,17975.0,3,0.43388373911755823,-0.900968867902419,10,-0.8660254037844386,0.5000000000000001,0,0,0,0,18177.5,5.063636363636364,19392.5,4.9,20810.0,4.709090909090909,23645.0,4.327272727272727,18582.5,437.44999714253055,-1417.5,19291.25,847.1182768657515,-1417.5,20708.75,1665.7599616991638,-1417.5,17974.99971476901,0.000236416067868502,4.8814923502504826e-05,0,30,0,0,3530.8028778780063,0.9999999999443672
2019-10-25,2019-10-25,5.118181818181818,17772.5,0.0,17772.5,4,-0.433883739117558,-0.9009688679024191,10,-0.8660254037844386,0.5000000000000001,0,1,0,0,17975.0,5.090909090909091,19190.0,4.927272727272728,20607.5,4.736363636363636,23442.5,4.354545454545455,18380.0,437.44999714253055,-1417.5,19088.75,847.1182768657515,-1417.5,20506.25,1665.7599616991638,-1417.5,17772.499594280463,0.00026615873060410305,0.00013956080510979518,0,40,0,0,3472.423833096587,0.9999999999437332
2019-10-26,2019-10-26,5.1454545454545455,17570.0,0.0,17570.0,5,-0.9749279121818236,-0.2225209339563146,10,-0.8660254037844386,0.5000000000000001,1,0,0,0,17772.5,5.118181818181818,18987.5,4.954545454545454,20405.0,4.763636363636364,23240.0,4.381818181818182,18177.5,437.44999714253055,-1417.5,18886.25,847.1182768657515,-1417.5,20303.75,1665.7599616991638,-1417.5,17569.999438384828,0.00031613827879380097,0.00024547689463361166,0,50,0,0,3414.6636473268527,0.9999999999430847
2019-10-27,2019-10-27,5.172727272727273,17367.5,0.0,17367.5,6,-0.7818314824680299,0.6234898018587334,10,-0.8660254037844386,0.5000000000000001,1,0,0,0,17570.0,5.1454545454545455,18785.0,4.9818181818181815,20202.5,4.790909090909091,23037.5,4.409090909090908,17975.0,437.44999714253055,-1417.5,18683.75,847.1182768657515,-1417.5,20101.25,1665.7599616991638,-1417.5,17367.499264092414,0.0004513151395192337,0.00028459244640544057,0,60,0,0,3357.5125319395806,0.9999999999424212
2019-10-28,2019-10-28,5.2,17165.0,0.0,17165.0,0,0.0,1.0,10,-0.8660254037844386,0.5000000000000001,0,0,1,0,17367.5,5.172727272727273,18582.5,5.009090909090909,20000.0,4.818181818181818,22835.0,4.436363636363636,17772.5,437.44999714253055,-1417.5,18481.25,847.1182768657515,-1417.5,19898.75,1665.7599616991638,-1417.5,17164.999105589166,0.0007360752937304411,0.0001583355406182818,0,0,0,0,3300.9609036613647,0.9999999999417419
2019-10-29,2019-10-29,5.227272727272727,16962.5,0.0,16962.5,1,0.7818314824680298,0.6234898018587336,10,-0.8660254037844386,0.5000000000000001,0,0,0,0,17165.0,5.2,18380.0,5.036363636363636,19797.5,4.845454545454546,22632.5,4.463636363636363,17570.0,437.44999714253055,-1417.5,18278.75,847.1182768657515,-1417.5,19696.25,1665.7599616991638,-1417.5,16962.499004715894,0.001171685501870356,-0.00017640139412833378,0,10,0,0,3244.9993792175105,0.9999999999410464
2019-10-30,2019-10-30,5.254545454545454,16760.0,0.0,16760.0,2,0.9749279121818236,-0.22252093395631434,10,-0.8660254037844386,0.5000000000000001,0,0,0,0,16962.5,5.227272727272727,18177.5,5.063636363636364,19595.0,4.872727272727273,22430.0,4.49090909090909,17367.5,437.44999714253055,-1417.5,18076.25,847.1182768657515,-1417.5,19493.75,1665.7599616991638,-1417.5,16759.99899403523,0.001637726746294615,-0.0006317619772744365,0,20,0,0,3189.6187701417566,0.9999999999403341
2019-10-31,2019-10-31,5.281818181818181,16557.5,0.0,16557.5,3,0.43388373911755823,-0.900968867902419,10,-0.8660254037844386,0.5000000000000001,0,0,0,0,16760.0,5.254545454545454,17975.0,5.090909090909091,19392.5,4.9,22227.5,4.518181818181818,17165.0,437.44999714253055,-1417.5,17873.75,847.1182768657515,-1417.5,19291.25,1665.7599616991638,-1417.5,16557.499080083882,0.0019013096174667202,-0.0009813934993871953,0,30,0,0,3134.810077746801,0.9999999999396044
2019-11-01,2019-11-01,5.309090909090909,16355.0,0.0,16355.0,4,-0.433883739117558,-0.9009688679024191,11,-0.5000000000000004,0.8660254037844384,0,1,0,1,16557.5,5.281818181818181,17772.5,5.118181818181818,19190.0,4.927272727272728,22025.0,4.545454545454545,16962.5,437.44999714253055,-1417.5,17671.25,847.1182768657515,-1417.5,19088.75,1665.7599616991638,-1417.5,16354.999234918436,0.0017287728397267083,-0.0009636912764108274,0,44,0,0,3080.5644882498395,0.9999999999388566
2019-11-02,2019-11-02,5.336363636363636,16152.5,0.0,16152.5,5,-0.9749279121818236,-0.2225209339563146,11,-0.5000000000000004,0.8660254037844384,1,0,0,1,16355.0,5.309090909090909,17570.0,5.1454545454545455,18987.5,4.954545454545454,21822.5,4.572727272727272,16760.0,437.44999714253055,-1417.5,17468.75,847.1182768657515,-1417.5,18886.25,1665.7599616991638,-1417.5,16152.499400350676,0.001048155070142197,-0.0004485057470446918,0,55,0,0,3026.8733680475802,0.9999999999380901
2019-11-03,2019-11-03,5.363636363636363,15950.0,0.0,15950.0,6,-0.7818314824680299,0.6234898018587334,11,-0.5000000000000004,0.8660254037844384,1,0,0,1,16152.5,5.336363636363636,17367.5,5.172727272727273,18785.0,4.9818181818181815,21620.0,4.6,16557.5,437.44999714253055,-1417.5,17266.25,847.1182768657515,-1417.5,18683.75,1665.7599616991638,-1417.5,15949.999506434708,4.998112335293566e-05,0.0004435841692611575,0,66,0,0,2973.728259135409,0.999999999937304
2019-11-04,2019-11-04,5.390909090909091,15747.5,0.0,15747.5,0,0.0,1.0,11,-0.5000000000000004,0.8660254037844384,0,0,1,1,15950.0,5.363636363636363,17165.0,5.2,18582.5,5.009090909090909,21417.5,4.627272727272727,16355.0,437.44999714253055,-1417.5,17063.75,847.1182768657515,-1417.5,18481.25,1665.7599616991638,-1417.5,15747.499507804403,-0.0008546555487618946,0.0013468511460814625,0,0,0,0,2921.1208746656052,0.9999999999364978
2019-11-05,2019-11-05,5.418181818181818,15545.0,0.0,15545.0,1,0.7818314824680298,0.6234898018587336,11,-0.5000000000000004,0.8660254037844384,0,0,0,1,15747.5,5.390909090909091,16962.5,5.227272727272727,18380.0,5.036363636363636,21215.0,4.654545454545454,16152.5,437.44999714253055,-1417.5,16861.25,847.1182768657515,-1417.5,18278.75,1665.7599616991638,-1417.5,15544.999438779103,-0.0012080154041001247,0.0017692363016976742,0,11,0,0,2869.0430946396973,0.9999999999356706
2019-11-06,2019-11-06,5.445454545454545,15342.5,0.0,15342.5,2,0.9749279121818236,-0.22252093395631434,11,-0.5000000000000004,0.8660254037844384,0,0,0,1,15545.0,5.418181818181818,16760.0,5.254545454545454,18177.5,5.063636363636364,21012.5,4.681818181818182,15950.0,437.44999714253055,-1417.5,16658.75,847.1182768657515,-1417.5,18076.25,1665.7599616991638,-1417.5,15342.49946085857,-0.0007157797888643763,0.0012549212187877856,0,22,0,0,2817.4869617302743,0.9999999999348216
2019-11-07,2019-11-07,5.472727272727273,15140.0,0.0,15140.0,3,0.43388373911755823,-0.900968867902419,11,-0.5000000000000004,0.8660254037844384,0,0,0,1,15342.5,5.445454545454545,16557.5,5.281818181818181,17975.0,5.090909090909091,20810.0,4.709090909090909,15747.5,437.44999714253055,-1417.5,16456.25,847.1182768657515,-1417.5,17873.75,1665.7599616991638,-1417.5,15139.999840612094,0.0006124234365530289,-0.000453035530881607,0,33,0,0,2766.444677227717,0.9999999999339498
2019-11-08,2019-11-08,5.5,14937.5,0.0,14937.5,4,-0.433883739117558,-0.9009688679024191,11,-0.5000000000000004,0.8660254037844384,0,1,0,1,15140.0,5.472727272727273,16355.0,5.309090909090909,17772.5,5.118181818181818,20607.5,4.736363636363636,15545.0,437.44999714253055,-1417.5,16253.75,847.1182768657515,-1417.5,17671.25,1665.7599616991638,-1417.5,14937.500818515977,0.0023803171549944095,-0.003198833132046275,0,44,0,0,2715.908597107528,0.9999999999330543
2019-11-09,2019-11-09,5.527272727272727,14735.0,0.0,14735.0,5,-0.9749279121818236,-0.2225209339563146,11,-0.5000000000000004,0.8660254037844384,1,0,0,1,14937.5,5.5,16152.5,5.336363636363636,17570.0,5.1454545454545455,20405.0,4.763636363636364,15342.5,437.44999714253055,-1417.5,16051.25,847.1182768657515,-1417.5,17468.75,1665.7599616991638,-1417.5,14735.002430461025,0.0036280657179881617,-0.00605852674380003,0,55,0,0,2665.871228214087,0.9999999999321344
2019-11-10,2019-11-10,5.554545454545455,14532.5,0.0,14532.5,6,-0.7818314824680299,0.6234898018587334,11,-0.5000000000000004,0.8660254037844384,1,0,0,1,14735.0,5.527272727272727,15950.0,5.363636363636363,17367.5,5.172727272727273,20202.5,4.790909090909091,15140.0,437.44999714253055,-1417.5,15848.75,847.1182768657515,-1417.5,17266.25,1665.7599616991638,-1417.5,14532.504441402534,0.0026373409930358117,-0.00707874352701765,0,66,0,0,2616.3252245568333,0.9999999999311887
2019-11-11,2019-11-11,5.581818181818182,14330.0,0.0,14330.0,0,0.0,1.0,11,-0.5000000000000004,0.8660254037844384,0,0,1,1,14532.5,5.554545454545455,15747.5,5.390909090909091,17165.0,5.2,20000.0,4.818181818181818,14937.5,437.44999714253055,-1417.5,15646.25,847.1182768657515,-1417.5,17063.75,1665.7599616991638,-1417.5,14330.00654230581,-0.0023262144212738943,-0.004216091389025678,0,0,0,0,2567.263383715029,0.9999999999302163
2019-11-12,2019-11-12,5.6090909090909085,14127.5,0.0,14127.5,1,0.7818314824680298,0.6234898018587336,11,-0.5000000000000004,0.8660254037844384,0,0,0,1,14330.0,5.581818181818182,15545.0,5.418181818181818,16962.5,5.227272727272727,19797.5,4.845454545454546,14735.0,437.44999714253055,-1417.5,15443.75,847.1182768657515,-1417.5,16861.25,1665.7599616991638,-1417.5,14127.508808832185,-0.010839134074691996,0.0020303018900449388,0,11,0,0,2518.678643347406,0.9999999999292161
2019-11-13,2019-11-13,5.636363636363636,13925.0,0.0,13925.0,2,0.9749279121818236,-0.22252093395631434,11,-0.5000000000000004,0.8660254037844384,0,0,0,1,14127.5,5.6090909090909085,15342.5,5.445454545454545,16760.0,5.254545454545454,19595.0,4.872727272727273,14532.5,437.44999714253055,-1417.5,15241.25,847.1182768657515,-1417.5,16658.75,1665.7599616991638,-1417.5,13925.012141495852,-0.01908667770490737,0.006945181852643145,0,22,0,0,2470.5640778031475,0.9999999999281867
2019-11-14,2019-11-14,5.663636363636363,13722.5,0.0,13722.5,3,0.43388373911755823,-0.900968867902419,11,-0.5000000000000004,0.8660254037844384,0,0,0,1,13925.0,5.636363636363636,15140.0,5.472727272727273,16557.5,5.281818181818181,19392.5,4.9,14330.0,437.44999714253055,-1417.5,15038.75,847.1182768657515,-1417.5,16456.25,1665.7599616991638,-1417.5,13722.518210125741,-0.021940937460219506,0.0037308117189240875,0,33,0,0,2422.9128948307894,0.999999999927127
2019-11-15,2019-11-15,5.6909090909090905,13520.0,0.0,13520.0,4,-0.433883739117558,-0.9009688679024191,11,-0.5000000000000004,0.8660254037844384,0,1,0,1,13722.5,5.663636363636363,14937.5,5.5,16355.0,5.309090909090909,19190.0,4.927272727272728,14127.5,437.44999714253055,-1417.5,14836.25,847.1182768657515,-1417.5,16253.75,1665.7599616991638,-1417.5,13520.02867166833,-0.01747833169335545,-0.011193336637006723,0,44,0,0,2375.718432381745,0.9999999999260355
2019-11-16,2019-11-16,5.718181818181818,13317.5,0.0,13317.5,5,-0.9749279121818236,-0.2225209339563146,11,-0.5000000000000004,0.8660254037844384,1,0,0,1,13520.0,5.6909090909090905,14735.0,5.527272727272727,16152.5,5.336363636363636,18987.5,4.954545454545454,13925.0,437.44999714253055,-1417.5,14633.75,847.1182768657515,-1417.5,16051.25,1665.7599616991638,-1417.5,13317.544042297803,-0.010781106207037604,-0.03326119159646623,0,55,0,0,2328.9741555053147,0.9999999999249108
2019-11-17,2019-11-17,5.745454545454545,13115.0,0.0,13115.0,6,-0.7818314824680299,0.6234898018587334,11,-0.5000000000000004,0.8660254037844384,1,0,0,1,13317.5,5.718181818181818,14532.5,5.554545454545455,15950.0,5.363636363636363,18785.0,4.9818181818181815,13722.5,437.44999714253055,-1417.5,14431.25,847.1182768657515,-1417.5,15848.75,1665.7599616991638,-1417.5,13115.062931864804,-0.014896162679726866,-0.048035702124252566,0,66,0,0,2282.6736533321173,0.9999999999237514
2019-11-18,2019-11-18,5.7727272727272725,12912.5,0.0,12912.5,0,0.0,1.0,11,-0.5000000000000004,0.8660254037844384,0,0,1,1,13115.0,5.745454545454545,14330.0,5.581818181818182,15747.5,5.390909090909091,18582.5,5.009090909090909,13520.0,437.44999714253055,-1417.5,14228.75,847.1182768657515,-1417.5,15646.25,1665.7599616991638,-1417.5,12912.581987538988,-0.044464404794656395,-0.03752313419317943,0,0,0,0,2236.8106361430396,0.9999999999225556
2019-11-19,2019-11-19,5.8,12710.0,0.0,12710.0,1,0.7818314824680298,0.6234898018587336,11,-0.5000000000000004,0.8660254037844384,0,0,0,1,12912.5,5.7727272727272725,14127.5,5.6090909090909085,15545.0,5.418181818181818,18380.0,5.036363636363636,13317.5,437.44999714253055,-1417.5,14026.25,847.1182768657515,-1417.5,15443.75,1665.7599616991638,-1417.5,12710.096334846208,-0.10090787411228541,0.00457302790346148,0,11,0,0,2191.3789325208736,0.9999999999213217
2019-11-20,2019-11-20,5.827272727272727,12507.5,0.0,12507.5,2,0.9749279121818236,-0.22252093395631434,11,-0.5000000000000004,0.8660254037844384,0,0,0,1,12710.0,5.8,13925.0,5.636363636363636,15342.5,5.445454545454545,18177.5,5.063636363636364,13115.0,437.44999714253055,-1417.5,13823.75,847.1182768657515,-1417.5,15241.25,1665.7599616991638,-1417.5,12507.600274886161,-0.1647079905815041,0.06443310442045913,0,22,0,0,2146.3724865819445,0.999999999920048
2019-11-21,2019-11-21,5.854545454545455,12305.0,0.0,12305.0,3,0.43388373911755823,-0.900968867902419,11,-0.5000000000000004,0.8660254037844384,0,0,0,1,12507.5,5.827272727272727,13722.5,5.663636363636363,15140.0,5.472727272727273,17975.0,5.090909090909091,12912.5,437.44999714253055,-1417.5,13621.25,847.1182768657515,-1417.5,15038.75,1665.7599616991638,-1417.5,12305.088609530649,-0.20623630654626046,0.11762677589831583,0,33,0,0,2101.7853552851097,0.9999999999187322
2019-11-22,2019-11-22,5.881818181818182,12102.5,0.0,12102.5,4,-0.433883739117558,-0.9009688679024191,11,-0.5000000000000004,0.8660254037844384,0,1,0,1,12305.0,5.854545454545455,13520.0,5.6909090909090905,14937.5,5.5,17772.5,5.118181818181818,12710.0,437.44999714253055,-1417.5,13418.75,847.1182768657515,-1417.5,14836.25,1665.7599616991638,-1417.5,12102.559564689771,-0.20358429156269137,0.14401960179202433,0,44,0,0,2057.6117058156296,0.9999999999173724
2019-11-23,2019-11-23,5.909090909090909,11900.0,0.0,11900.0,5,-0.9749279121818236,-0.2225209339563146,11,-0.5000000000000004,0.8660254037844384,1,0,0,1,12102.5,5.881818181818182,13317.5,5.718181818181818,14735.0,5.527272727272727,17570.0,5.1454545454545455,12507.5,437.44999714253055,-1417.5,13216.25,847.1182768657515,-1417.5,14633.75,1665.7599616991638,-1417.5,11900.019856627834,-0.14736929987537067,0.12751267204112082,0,55,0,0,2013.8458130414776,0.9999999999159663
2019-11-24,2019-11-24,5.9363636363636365,11697.5,0.0,11697.5,6,-0.7818314824680299,0.6234898018587334,11,-0.5000000000000004,0.8660254037844384,1,0,0,1,11900.0,5.909090909090909,13115.0,5.745454545454545,14532.5,5.554545454545455,17367.5,5.172727272727273,12305.0,437.44999714253055,-1417.5,13013.75,847.1182768657515,-1417.5,14431.25,1665.7599616991638,-1417.5,11697.48890351383,-0.03634360002961312,0.04744008620036766,0,66,0,0,1970.482057039776,0.9999999999145116
2019-11-25,2019-11-25,5.963636363636363,11495.0,0.0,11495.0,0,0.0,1.0,11,-0.5000000000000004,0.8660254037844384,0,0,1,1,11697.5,5.9363636363636365,12912.5,5.7727272727272725,14330.0,5.581818181818182,17165.0,5.2,12102.5,437.44999714253055,-1417.5,12811.25,847.1182768657515,-1417.5,14228.75,1665.7599616991638,-1417.5,11494.991068628273,0.12072186009442964,-0.11179048836675065,0,0,0,0,1927.5149206910958,0.9999999999130056
2019-11-26,2019-11-26,5.99090909090909,11292.5,0.0,11292.5,1,0.7818314824680298,0.6234898018587336,11,-0.5000000000000004,0.8660254037844384,0,0,0,1,11495.0,5.963636363636363,12710.0,5.8,14127.5,5.6090909090909085,16962.5,5.227272727272727,11900.0,437.44999714253055,-1417.5,12608.75,847.1182768657515,-1417.5,14026.25,1665.7599616991638,-1417.5,11292.531144376906,0.2912070748643065,-0.3223514517703734,0,11,0,0,1884.9389873394712,0.9999999999114456
2019-11-27,2019-11-27,6.018181818181818,11090.0,0.0,11090.0,2,0.9749279121818236,-0.22252093395631434,11,-0.5000000000000004,0.8660254037844384,0,0,0,1,11292.5,5.99090909090909,12507.5,5.827272727272727,13925.0,5.636363636363636,16760.0,5.254545454545454,11697.5,437.44999714253055,-1417.5,12406.25,847.1182768657515,-1417.5,13823.75,1665.7599616991638,-1417.5,11090.077995422442,0.39230328545978,-0.47029870790174755,0,22,0,0,1842.7489385160375,0.9999999999098287
2019-11-28,2019-11-28,6.045454545454545,10887.5,0.0,10887.5,3,0.43388373911755823,-0.900968867902419,11,-0.5000000000000004,0.8660254037844384,0,0,0,1,11090.0,6.018181818181818,12305.0,5.854545454545455,13722.5,5.663636363636363,16557.5,5.281818181818181,11495.0,437.44999714253055,-1417.5,12203.75,847.1182768657515,-1417.5,13621.25,1665.7599616991638,-1417.5,10887.580598315779,0.28056981574235906,-0.361168131521481,0,33,0,0,1800.9395517242847,0.9999999999081515
2019-11-29,2019-11-29,6.072727272727272,10685.0,0.0,10685.0,4,-0.433883739117558,-0.9009688679024191,11,-0.5000000000000004,0.8660254037844384,0,1,0,1,10887.5,6.045454545454545,12102.5,5.881818181818182,13520.0,5.6909090909090905,16355.0,5.309090909090909,11292.5,437.44999714253055,-1417.5,12001.25,847.1182768657515,-1417.5,13418.75,1665.7599616991638,-1417.5,10685.006236940337,-0.22827411224704486,0.22203717191041505,0,44,0,0,1759.5056982849899,0.9999999999064109
2019-11-30,2019-11-30,6.1,10482.5,0.0,10482.5,5,-0.9749279121818236,-0.2225209339563146,11,-0.5000000000000004,0.8660254037844384,1,0,0,1,10685.0,6.072727272727272,11900.0,5.909090909090909,13317.5,5.718181818181818,16152.5,5.336363636363636,11090.0,437.44999714253055,-1417.5,11798.75,847.1182768657515,-1417.5,13216.25,1665.7599616991638,-1417.5,10482.367323798127,-0.986213440958378,1.1188896428302542,0,55,0,0,1718.4423412389606,0.9999999999046029
2019-12-01,2019-12-01,6.127272727272727,10280.0,0.0,10280.0,6,-0.7818314824680299,0.6234898018587334,12,-2.4492935982947064e-16,1.0,1,0,0,1,10482.5,6.1,11697.5,5.9363636363636365,13115.0,5.745454545454545,15950.0,5.363636363636363,10887.5,437.44999714253055,-1417.5,11596.25,847.1182768657515,-1417.5,13013.75,1665.7599616991638,-1417.5,10279.72188065176,-1.0824913311685893,1.3606106794086372,0,72,0,0,1677.7445333057883,0.9999999999027237
2019-12-02,2019-12-02,6.154545454545454,10077.5,0.0,10077.5,0,0.0,1.0,12,-2.4492935982947064e-16,1.0,0,0,1,1,10280.0,6.127272727272727,11495.0,5.963636363636363,12912.5,5.7727272727272725,15747.5,5.390909090909091,10685.0,437.44999714253055,-1417.5,11393.75,847.1182768657515,-1417.5,12811.25,1665.7599616991638,-1417.5,10077.13063458935,-0.12426858475365643,0.4936339954037976,0,0,0,0,1637.407414896875,0.999999999900769
2019-12-03,2019-12-03,6.181818181818182,9875.0,0.0,9875.0,1,0.7818314824680298,0.6234898018587336,12,-2.4492935982947064e-16,1.0,0,0,0,1,10077.5,6.154545454545454,11292.5,5.99090909090909,12710.0,5.8,15545.0,5.418181818181818,10482.5,437.44999714253055,-1417.5,11191.25,847.1182768657515,-1417.5,12608.75,1665.7599616991638,-1417.5,9874.573898153545,1.2879301384604998,-0.861828292005157,0,12,0,0,1597.4262121810539,0.9999999998987341
2019-12-04,2019-12-04,6.209090909090909,9672.5,0.0,9672.5,2,0.9749279121818236,-0.22252093395631434,12,-2.4492935982947064e-16,1.0,0,0,0,1,9875.0,6.181818181818182,11090.0,6.018181818181818,12507.5,5.827272727272727,15342.5,5.445454545454545,10280.0,437.44999714253055,-1417.5,10988.75,847.1182768657515,-1417.5,12406.25,1665.7599616991638,-1417.5,9671.923607379367,2.115842376074635,-1.539449755442547,0,24,0,0,1557.796235201192,0.999999999896614
2019-12-05,2019-12-05,6.236363636363636,9470.0,0.0,9470.0,3,0.43388373911755823,-0.900968867902419,12,-2.4492935982947064e-16,1.0,0,0,0,1,9672.5,6.209090909090909,10887.5,6.045454545454545,12305.0,5.854545454545455,15140.0,5.472727272727273,10077.5,437.44999714253055,-1417.5,10786.25,847.1182768657515,-1417.5,12203.75,1665.7599616991638,-1417.5,9469.020847733484,2.0724193017292203,-1.0932670352121932,0,36,0,0,1518.5128760402094,0.9999999998944034
2019-12-06,2019-12-06,6.263636363636364,9267.5,0.0,9267.5,4,-0.433883739117558,-0.9009688679024191,12,-2.4492935982947064e-16,1.0,0,1,0,1,9470.0,6.236363636363636,10685.0,6.072727272727272,12102.5,5.881818181818182,14937.5,5.5,9875.0,437.44999714253055,-1417.5,10583.75,847.1182768657515,-1417.5,12001.25,1665.7599616991638,-1417.5,9265.757359348476,0.8717199875156136,0.8709206640087359,0,48,1,0,1479.571607035012,0.999999999892096
2019-12-07,2019-12-07,6.290909090909091,9065.0,0.0,9065.0,5,-0.9749279121818236,-0.2225209339563146,12,-2.4492935982947064e-16,1.0,1,0,0,1,9267.5,6.263636363636364,10482.5,6.1,11900.0,5.909090909090909,14735.0,5.527272727272727,9672.5,437.44999714253055,-1417.5,10381.25,847.1182768657515,-1417.5,11798.75,1665.7599616991638,-1417.5,9062.03620767073,-1.101264099012218,4.0650564282823325,0,60,0,0,1440.9679790368818,0.9999999998896856
2019-12-08,2019-12-08,6.318181818181818,8862.5,0.0,8862.5,6,-0.7818314824680299,0.6234898018587334,12,-2.4492935982947064e-16,1.0,1,0,0,1,9065.0,6.290909090909091,10280.0,6.127272727272727,11697.5,5.9363636363636365,14532.5,5.554545454545455,9470.0,437.44999714253055,-1417.5,10178.75,847.1182768657515,-1417.5,11596.25,1665.7599616991638,-1417.5,8857.698259883455,-0.6789086170212654,5.4806487335663405,0,72,0,0,1402.6976197169233,0.999999999887165
2019-12-09,2019-12-09,6.345454545454545,8660.0,0.0,8660.0,0,0.0,1.0,12,-2.4492935982947064e-16,1.0,0,0,1,1,8862.5,6.318181818181818,10077.5,6.154545454545454,11495.0,5.963636363636363,14330.0,5.581818181818182,9267.5,437.44999714253055,-1417.5,9976.25,847.1182768657515,-1417.5,11393.75,1665.7599616991638,-1417.5,8652.651727853083,3.051911476558512,4.296360670357899,0,0,0,0,1364.756231915207,0.9999999998845265
2019-12-10,2019-12-10,6.372727272727272,8457.5,0.0,8457.5,1,0.7818314824680298,0.6234898018587336,12,-2.4492935982947064e-16,1.0,0,0,0,1,8660.0,6.345454545454545,9875.0,6.181818181818182,11292.5,5.99090909090909,14127.5,5.6090909090909085,9065.0,437.44999714253055,-1417.5,9773.75,847.1182768657515,-1417.5,11191.25,1665.7599616991638,-1417.5,8447.27574037761,7.69748687183794,2.5267727505524817,0,12,0,0,1327.1395920323039,0.9999999998817617
2019-12-11,2019-12-11,6.4,8255.0,0.0,8255.0,2,0.9749279121818236,-0.22252093395631434,12,-2.4492935982947064e-16,1.0,0,0,0,1,8457.5,6.372727272727272,9672.5,6.209090909090909,11090.0,6.018181818181818,13925.0,5.636363636363636,8862.5,437.44999714253055,-1417.5,9571.25,847.1182768657515,-1417.5,10988.75,1665.7599616991638,-1417.5,8242.80308941871,11.447538955019006,0.7493716262706585,0,24,0,0,1289.8435484619454,0.9999999998788612
2019-12-12,2019-12-12,6.427272727272727,8052.5,0.0,8052.5,3,0.43388373911755823,-0.900968867902419,12,-2.4492935982947064e-16,1.0,0,0,0,1,8255.0,6.4,9470.0,6.236363636363636,10887.5,6.045454545454545,13722.5,5.663636363636363,8660.0,437.44999714253055,-1417.5,9368.75,847.1182768657515,-1417.5,10786.25,1665.7599616991638,-1417.5,8041.204102336062,17.018434108185815,-5.722536444247453,0,36,0,0,1252.8640200635896,0.9999999998758149
2019-12-13,2019-12-13,6.454545454545454,7850.0,0.0,7850.0,4,-0.433883739117558,-0.9009688679024191,12,-2.4492935982947064e-16,1.0,0,1,0,1,8052.5,6.427272727272727,9267.5,6.263636363636364,10685.0,6.072727272727272,13520.0,5.6909090909090905,8457.5,437.44999714253055,-1417.5,9166.25,847.1182768657515,-1417.5,10583.75,1665.7599616991638,-1417.5,7844.698153796149,26.322375539345163,-21.020529335494757,0,48,1,0,1216.1969946737051,0.9999999998726115
2019-12-14,2019-12-14,6.4818181818181815,7647.5,0.0,7647.5,5,-0.9749279121818236,-0.2225209339563146,12,-2.4492935982947064e-16,1.0,1,0,0,1,7850.0,6.454545454545454,9065.0,6.290909090909091,10482.5,6.1,13317.5,5.718181818181818,8255.0,437.44999714253055,-1417.5,8963.75,847.1182768657515,-1417.5,10381.25,1665.7599616991638,-1417.5,7652.0610279317725,33.67452442839283,-38.23555236016546,0,60,0,0,1179.838527654645,0.9999999998692383
2019-12-15,2019-12-15,6.509090909090909,7445.0,0.0,7445.0,6,-0.7818314824680299,0.6234898018587334,12,-2.4492935982947064e-16,1.0,1,0,0,1,7647.5,6.4818181818181815,8862.5,6.318181818181818,10280.0,6.127272727272727,13115.0,5.745454545454545,8052.5,437.44999714253055,-1417.5,8761.25,847.1182768657515,-1417.5,10178.75,1665.7599616991638,-1417.5,7454.518581454228,26.71491389984123,-36.23349535406942,0,72,0,0,1143.784740479998,0.9999999998656817
2019-12-16,2019-12-16,6.536363636363636,7242.5,0.0,7242.5,0,0.0,1.0,12,-2.4492935982947064e-16,1.0,0,0,1,1,7445.0,6.509090909090909,8660.0,6.345454545454545,10077.5,6.154545454545454,12912.5,5.7727272727272725,7850.0,437.44999714253055,-1417.5,8558.75,847.1182768657515,-1417.5,9976.25,1665.7599616991638,-1417.5,7248.3620999422565,-5.459534885123226,-0.40256505713296065,0,0,0,0,1108.0318193553544,0.9999999998619261
2019-12-17,2019-12-17,6.563636363636364,7040.0,0.0,7040.0,1,0.7818314824680298,0.6234898018587336,12,-2.4492935982947064e-16,1.0,0,0,0,1,7242.5,6.536363636363636,8457.5,6.372727272727272,9875.0,6.181818181818182,12710.0,5.8,7647.5,437.44999714253055,-1417.5,8356.25,847.1182768657515,-1417.5,9773.75,1665.7599616991638,-1417.5,7038.9200124181125,-59.47244867563671,60.55243625752428,0,12,0,0,1072.5760138734604,0.9999999998579545
2019-12-18,2019-12-18,6.590909090909091,6837.5,0.0,6837.5,2,0.9749279121818236,-0.22252093395631434,12,-2.4492935982947064e-16,1.0,0,0,0,1,7040.0,6.563636363636364,8255.0,6.4,9672.5,6.209090909090909,12507.5,5.827272727272727,7445.0,437.44999714253055,-1417.5,8153.75,847.1182768657515,-1417.5,9571.25,1665.7599616991638,-1417.5,6834.061580283187,-117.43391597796834,120.87233569478121,0,24,0,0,1037.4136357027587,0.9999999998537477
2019-12-19,2019-12-19,6.618181818181818,6635.0,0.0,6635.0,3,0.43388373911755823,-0.900968867902419,12,-2.4492935982947064e-16,1.0,0,0,0,1,6837.5,6.590909090909091,8052.5,6.427272727272727,9470.0,6.236363636363636,12305.0,5.854545454545455,7242.5,437.44999714253055,-1417.5,7951.25,847.1182768657515,-1417.5,9368.75,1665.7599616991638,-1417.5,6632.36010197769,-200.8342436368177,203.47414165912778,0,36,0,0,1002.5410573083567,0.999999999849284
2019-12-20,2019-12-20,6.6454545454545455,6432.5,0.0,6432.5,4,-0.433883739117558,-0.9009688679024191,12,-2.4492935982947064e-16,1.0,0,1,0,1,6635.0,6.618181818181818,7850.0,6.454545454545454,9267.5,6.263636363636364,12102.5,5.881818181818182,7040.0,437.44999714253055,-1417.5,7748.75,847.1182768657515,-1417.5,9166.25,1665.7599616991638,-1417.5,6431.763157320522,264.8296572401322,-264.092814560654,0,48,1,0,967.9547107044895,0.9999999998445394
2019-12-21,2019-12-21,6.672727272727273,6230.0,0.0,6230.0,5,-0.9749279121818236,-0.2225209339563146,12,-2.4492935982947064e-16,1.0,1,0,0,1,6432.5,6.6454545454545455,7647.5,6.4818181818181815,9065.0,6.290909090909091,11900.0,5.909090909090909,6837.5,437.44999714253055,-1417.5,7546.25,847.1182768657515,-1417.5,8963.75,1665.7599616991638,-1417.5,6232.946401777272,186.1491684581778,-189.0955702354495,0,60,0,0,933.6510862375756,0.9999999998394863
2019-12-22,2019-12-22,6.699999999999999,6027.5,0.0,6027.5,6,-0.7818314824680299,0.6234898018587334,12,-2.4492935982947064e-16,1.0,1,0,0,1,6230.0,6.672727272727273,7445.0,6.509090909090909,8862.5,6.318181818181818,11697.5,5.9363636363636365,6635.0,437.44999714253055,-1417.5,7343.75,847.1182768657515,-1417.5,8761.25,1665.7599616991638,-1417.5,6029.699980555974,43.639130344658355,-45.83911090063248,0,72,0,0,899.6267313989954,0.9999999998340937
2019-12-23,2019-12-23,6.727272727272727,5825.0,0.0,5825.0,0,0.0,1.0,12,-2.4492935982947064e-16,1.0,0,0,1,1,6027.5,6.699999999999999,7242.5,6.536363636363636,8660.0,6.345454545454545,11495.0,5.963636363636363,6432.5,437.44999714253055,-1417.5,7141.25,847.1182768657515,-1417.5,8558.75,1665.7599616991638,-1417.5,5827.439057423161,-227.55334280138587,225.11428537822485,0,0,0,0,865.8782496667467,0.9999999998283261
2019-12-24,2019-12-24,6.754545454545454,5622.5,0.0,5622.5,1,0.7818314824680298,0.6234898018587336,12,-2.4492935982947064e-16,1.0,0,0,0,1,5825.0,6.727272727272727,7040.0,6.563636363636364,8457.5,6.372727272727272,11292.5,5.99090909090909,6230.0,437.44999714253055,-1417.5,6938.75,847.1182768657515,-1417.5,8356.25,1665.7599616991638,-1417.5,5641.562592728415,89.38712700455861,-108.44971973297379,0,12,0,0,832.4022993751644,0.9999999998221432
2019-12-25,2019-12-25,6.781818181818181,5420.0,0.0,5420.0,2,0.9749279121818236,-0.22252093395631434,12,-2.4492935982947064e-16,1.0,0,0,0,1,5622.5,6.754545454545454,6837.5,6.590909090909091,8255.0,6.4,11090.0,6.018181818181818,6027.5,437.44999714253055,-1417.5,6736.25,847.1182768657515,-1417.5,8153.75,1665.7599616991638,-1417.5,5470.4709737022185,68.87105239052588,-119.34202609274416,0,24,0,0,799.19559261191,0.9999999998154981
2019-12-26,2019-12-26,6.809090909090909,5217.5,0.0,5217.5,3,0.43388373911755823,-0.900968867902419,12,-2.4492935982947064e-16,1.0,0,0,0,1,5420.0,6.781818181818181,6635.0,6.618181818181818,8052.5,6.427272727272727,10887.5,6.045454545454545,5825.0,437.44999714253055,-1417.5,6533.75,847.1182768657515,-1417.5,7951.25,1665.7599616991638,-1417.5,5284.324800693545,-443.02676868004414,376.20196798649977,0,36,0,0,766.2548941414708,0.9999999998083373
2019-12-27,2019-12-27,6.836363636363636,5015.0,0.0,5015.0,4,-0.433883739117558,-0.9009688679024191,12,-2.4492935982947064e-16,1.0,0,1,0,1,5217.5,6.809090909090909,6432.5,6.6454545454545455,7850.0,6.454545454545454,10685.0,6.072727272727272,5622.5,437.44999714253055,-1417.5,6331.25,847.1182768657515,-1417.5,7748.75,1665.7599616991638,-1417.5,5058.161777905335,272.952846553125,-316.11462445845973,0,48,1,0,733.5770203544253,0.9999999998005982
2019-12-28,2019-12-28,6.863636363636363,4812.5,0.0,4812.5,5,-0.9749279121818236,-0.2225209339563146,12,-2.4492935982947064e-16,1.0,1,0,0,1,5015.0,6.836363636363636,6230.0,6.672727272727273,7647.5,6.4818181818181815,10482.5,6.1,5420.0,437.44999714253055,-1417.5,6128.75,847.1182768657515,-1417.5,7546.25,1665.7599616991638,-1417.5,4845.233189353633,-8.02918816593909,-24.704001187694303,0,60,0,0,701.1588382417586,0.9999999997922078
2019-12-29,2019-12-29,6.890909090909091,4610.0,0.0,4610.0,6,-0.7818314824680299,0.6234898018587334,12,-2.4492935982947064e-16,1.0,1,0,0,1,4812.5,6.863636363636363,6027.5,6.699999999999999,7445.0,6.509090909090909,10280.0,6.127272727272727,5217.5,437.44999714253055,-1417.5,5926.25,847.1182768657515,-1417.5,7343.75,1665.7599616991638,-1417.5,4804.05222817402,-518.3009472572783,324.24871908325895,0,72,0,0,668.9972643935369,0.9999999997830802
2019-12-30,2019-12-30,6.918181818181818,4407.5,0.0,4407.5,0,0.0,1.0,12,-2.4492935982947064e-16,1.0,0,0,1,1,4610.0,6.890909090909091,5825.0,6.727272727272727,7242.5,6.536363636363636,10077.5,6.154545454545454,5015.0,437.44999714253055,-1417.5,5723.75,847.1182768657515,-1417.5,7141.25,1665.7599616991638,-1417.5,5032.55466311672,-424.87175468898664,-200.1829084277333,0,0,0,0,637.0892640212628,0.9999999997731139
2019-12-31,2019-12-31,6.945454545454545,4205.0,0.0,4205.0,1,0.7818314824680298,0.6234898018587336,12,-2.4492935982947064e-16,1.0,0,0,0,1,4407.5,6.918181818181818,5622.5,6.754545454545454,7040.0,6.563636363636364,9875.0,6.181818181818182,4812.5,437.44999714253055,-1417.5,5521.25,847.1182768657515,-1417.5,6938.75,1665.7599616991638,-1417.5,5490.252869190099,696.4952299137582,-1981.748099103857,0,12,0,0,605.4318500032676,0.9999999997621878
2020-01-01,2020-01-01,6.972727272727273,4002.5,0.0,4002.5,2,0.9749279121818236,-0.22252093395631434,1,0.49999999999999994,0.8660254037844387,0,0,0,0,4205.0,6.945454545454545,5420.0,6.781818181818181,6837.5,6.590909090909091,9672.5,6.209090909090909,4610.0,437.44999714253055,-1417.5,5318.75,847.1182768657515,-1417.5,6736.25,1665.7599616991638,-1417.5,6057.801411677781,1233.016076924953,-3288.3174886027346,0,2,0,0,574.0220819525045,0.9999999997501562
2020-01-02,2020-01-02,7.0,3800.0,0.0,3800.0,3,0.43388373911755823,-0.900968867902419,1,0.49999999999999994,0.8660254037844387,0,0,0,0,4002.5,6.972727272727273,5217.5,6.809090909090909,6635.0,6.618181818181818,9470.0,6.236363636363636,4407.5,437.44999714253055,-1417.5,5116.25,847.1182768657515,-1417.5,6533.75,1665.7599616991638,-1417.5,6712.292404312505,-109.72622702565111,-2802.566177286854,0,3,0,0,542.8570653061336,0.9999999997368422
2020-01-03,2020-01-03,13.0,9500.0,0.0,9500.0,4,-0.433883739117558,-0.9009688679024191,1,0.49999999999999994,0.8660254037844387,0,1,0,0,3800.0,7.0,5015.0,6.836363636363636,6432.5,6.6454545454545455,9267.5,6.263636363636364,5048.214285714285,1993.2833645592318,4485.0,5335.357142857143,1418.0582800838215,4485.0,6542.053571428572,1680.4071174442051,4485.0,7518.805677113849,-127.21478455622162,2108.4091074423723,0,4,0,0,730.7691745562174,0.9999999998947368
2020-01-04,2020-01-04,10.0,9550.0,0.0,9550.0,5,-0.9749279121818236,-0.2225209339563146,1,0.49999999999999994,0.8660254037844387,1,0,0,0,9500.0,13.0,4812.5,6.863636363636363,6230.0,6.672727272727273,9065.0,6.290909090909091,5725.0,2609.0647270621707,4737.5,5572.5,1804.206090053078,4737.5,6559.375,1709.622227195886,4737.5,8500.247454194816,-469.53011339515564,1519.2826592003403,0,5,0,0,954.9999045000096,0.9999999998952879
2020-01-05,2020-01-05,10.0,9300.0,0.0,9300.0,6,-0.7818314824680299,0.6234898018587334,1,0.49999999999999994,0.8660254037844387,1,0,0,0,9550.0,10.0,4610.0,6.890909090909091,6027.5,6.699999999999999,8862.5,6.318181818181818,6395.0,2864.681846790902,4690.0,5806.25,2061.3542855085866,4690.0,6575.0,1733.2865912501045,4690.0,9378.492847043775,-1740.5543951904597,1662.0615481466848,0,6,0,0,929.9999070000093,0.9999999998924731
2020-01-06,2020-01-06,13.0,8000.0,0.0,8000.0,0,0.0,1.0,1,0.49999999999999994,0.8660254037844387,0,0,1,0,9300.0,10.0,4407.5,6.918181818181818,5825.0,6.727272727272727,8660.0,6.345454545454545,6908.214285714285,2769.493302891687,3592.5,5961.607142857143,2143.2119154578345,3592.5,6551.428571428572,1708.1879922687715,3592.5,9827.236119367044,-327.9520878558952,-1499.284031511148,0,0,0,0,615.384568047341,0.999999999875
2020-01-07,2020-01-07,15.5,12750.0,0.0,12750.0,1,0.7818314824680298,0.6234898018587336,1,0.49999999999999994,0.8660254037844387,0,0,0,0,8000.0,13.0,4205.0,6.945454545454545,5622.5,6.754545454545454,8457.5,6.372727272727272,8128.928571428572,3225.1265663610193,8545.0,6470.714285714285,2801.8162770869635,8545.0,6704.732142857143,2044.9992460477777,8545.0,9879.734154343852,1345.9859125451678,1524.27993311098,0,1,0,0,822.5805920915748,0.9999999999215686
2020-01-08,2020-01-08,18.0,17500.0,0.0,17500.0,2,0.9749279121818236,-0.22252093395631434,1,0.49999999999999994,0.8660254037844387,0,0,0,0,12750.0,15.5,4002.5,6.972727272727273,5420.0,6.781818181818181,8255.0,6.4,10057.142857142857,4226.348756258031,13497.5,7333.571428571428,4039.8980987583896,13497.5,7034.910714285715,2880.3071372157115,13497.5,9832.989291462818,1656.091258578798,6010.919449958385,0,2,0,0,972.2221682098794,0.9999999999428572
2020-01-09,2020-01-09,18.0,16950.0,0.0,16950.0,3,0.43388373911755823,-0.900968867902419,1,0.49999999999999994,0.8660254037844387,0,0,0,0,17500.0,18.0,3800.0,7.0,5217.5,6.809090909090909,8052.5,6.427272727272727,11935.714285714286,3890.7705198450394,13150.0,8171.607142857143,4725.835559733047,13150.0,7352.678571428572,3434.2649038614045,13150.0,9823.869634665023,11.99549967678914,7114.134865658189,0,3,0,0,941.6666143518547,0.999999999941003
2020-01-10,2020-01-10,8.0,6450.0,0.0,6450.0,4,-0.433883739117558,-0.9009688679024191,1,0.49999999999999994,0.8660254037844387,0,1,0,0,16950.0,18.0,9500.0,13.0,5015.0,6.836363636363636,7850.0,6.454545454545454,11500.0,4352.393977265079,-3050.0,8274.107142857143,4667.3040941070185,-3050.0,7302.678571428572,3436.946516287402,-3050.0,9863.643369550839,-276.148311429387,-3137.4950581214516,0,4,0,0,806.2498992187627,0.9999999998449612
2020-01-11,2020-01-11,6.0,5650.0,0.0,5650.0,5,-0.9749279121818236,-0.2225209339563146,1,0.49999999999999994,0.8660254037844387,1,0,0,0,6450.0,8.0,9550.0,10.0,4812.5,6.863636363636363,7647.5,6.4818181818181815,10942.857142857143,4863.248963007187,-3900.0,8333.92857142857,4624.696010205773,-3900.0,7231.339285714285,3450.22909076627,-3900.0,9858.239613205895,-327.4875931365544,-3880.7520200693407,0,5,0,0,941.6665097222484,0.9999999998230088
2020-01-12,2020-01-12,8.0,4550.0,0.0,4550.0,6,-0.7818314824680299,0.6234898018587334,1,0.49999999999999994,0.8660254037844387,1,0,0,0,5650.0,6.0,9300.0,10.0,4610.0,6.890909090909091,7445.0,6.509090909090909,10264.285714285714,5429.143140321062,-4750.0,8329.642857142857,4628.43872757813,-4750.0,7127.946428571428,3486.7728269882755,-4750.0,9768.125366644543,-2750.5306494891083,-2467.5947171554344,0,6,0,0,568.7499289062589,0.9999999997802197
2020-01-13,2020-01-13,13.0,11400.0,0.0,11400.0,0,0.0,1.0,1,0.49999999999999994,0.8660254037844387,0,0,1,0,4550.0,8.0,8000.0,13.0,4407.5,6.918181818181818,7242.5,6.536363636363636,10750.0,5344.233652576703,3400.0,8829.107142857143,4549.244823968765,3400.0,7276.428571428572,3579.130832091433,3400.0,9668.912217719748,-47.14729290061201,1778.2350751808644,0,0,0,0,876.9230094674608,0.9999999999122807
2020-01-14,2020-01-14,17.0,12400.0,0.0,12400.0,1,0.7818314824680298,0.6234898018587336,1,0.49999999999999994,0.8660254037844387,0,0,0,0,11400.0,13.0,12750.0,15.5,4205.0,6.945454545454545,7040.0,6.563636363636364,10700.0,5324.002253943926,-350.0,9414.464285714286,4434.264115794906,-350.0,7467.857142857143,3707.0694296996594,-350.0,9750.594158717524,1736.9036712429092,912.5021700395664,0,1,0,0,729.4117217993104,0.9999999999193548
2020-01-15,2020-01-15,22.0,13300.0,0.0,13300.0,2,0.9749279121818236,-0.22252093395631434,1,0.49999999999999994,0.8660254037844387,0,0,0,0,12400.0,17.0,17500.0,18.0,4002.5,6.972727272727273,6837.5,6.590909090909091,10100.0,4620.064934608604,-4200.0,10078.57142857143,4253.944517273817,-4200.0,7698.660714285715,3864.217584198527,-4200.0,9946.332695847372,1670.8266315940584,1682.84067255857,0,2,0,0,604.5454270661169,0.999999999924812
2020-01-16,2020-01-16,15.0,9900.0,0.0,9900.0,3,0.43388373911755823,-0.900968867902419,1,0.49999999999999994,0.8660254037844387,0,0,0,0,13300.0,22.0,16950.0,18.0,3800.0,7.0,6635.0,6.618181818181818,9092.857142857143,3513.95178436716,-7050.0,10514.285714285714,3855.0879752222654,-7050.0,7815.267857142857,3880.1612783447044,-7050.0,10101.450328106228,613.3551141833619,-814.8054422895893,0,3,0,0,659.999956000003,0.9999999998989899
2020-01-17,2020-01-17,12.0,10900.0,0.0,10900.0,4,-0.433883739117558,-0.9009688679024191,1,0.49999999999999994,0.8660254037844387,0,1,0,0,9900.0,15.0,6450.0,8.0,9500.0,13.0,6432.5,6.6454545454545455,9728.57142857143,3355.07788569023,4450.0,10614.285714285714,3844.898146666797,4450.0,7974.821428571428,3912.9098370467404,4450.0,10096.354440818563,-690.2692434027236,1493.9148025841605,0,4,0,0,908.3332576388952,0.9999999999082568
2020-01-18,2020-01-18,12.0,10850.0,0.0,10850.0,5,-0.9749279121818236,-0.2225209339563146,1,0.49999999999999994,0.8660254037844387,1,0,0,0,10900.0,12.0,5650.0,6.0,9550.0,10.0,6230.0,6.672727272727273,10471.42857142857,2837.2312123584416,5200.0,10707.142857142857,3832.896933273697,5200.0,8139.821428571428,3933.960691998648,5200.0,9953.275941695947,-226.7775020944709,1123.501560398523,0,5,0,0,904.1665913194507,0.9999999999078341
2020-01-19,2020-01-19,8.0,5800.0,0.0,5800.0,6,-0.7818314824680299,0.6234898018587334,1,0.49999999999999994,0.8660254037844387,1,0,0,0,10850.0,12.0,4550.0,8.0,9300.0,10.0,6027.5,6.699999999999999,10650.0,2409.52969131599,1250.0,10457.142857142857,4040.271180105516,1250.0,8131.696428571428,3938.7170108384607,1250.0,9753.96573280813,-3048.159690329138,-905.8060424789928,0,6,0,0,724.9999093750114,0.9999999998275861
2020-01-20,2020-01-20,13.0,8500.0,0.0,8500.0,0,0.0,1.0,1,0.49999999999999994,0.8660254037844387,0,0,1,0,5800.0,8.0,11400.0,13.0,8000.0,13.0,5825.0,6.727272727272727,10235.714285714286,2506.444075729978,-2900.0,10492.857142857143,4019.0343818680344,-2900.0,8227.232142857143,3913.052785424849,-2900.0,9639.98590642217,429.4063912578858,-1569.392297680055,0,0,0,0,653.8461035502997,0.9999999998823529
2020-01-21,2020-01-21,13.0,11100.0,0.0,11100.0,1,0.7818314824680298,0.6234898018587336,1,0.49999999999999994,0.8660254037844387,0,0,0,0,8500.0,13.0,12400.0,17.0,12750.0,15.5,5622.5,6.754545454545454,10050.0,2363.436763134003,-1300.0,10375.0,3971.6664783670626,-1300.0,8422.857142857143,3914.9293850524423,-1300.0,9663.008438579796,1241.1697688196437,195.82179260056,0,1,0,0,853.8460881656856,0.9999999999099098
2020-01-22,2020-01-22,10.0,8700.0,0.0,8700.0,2,0.9749279121818236,-0.22252093395631434,1,0.49999999999999994,0.8660254037844387,0,0,0,0,11100.0,13.0,13300.0,22.0,17500.0,18.0,5420.0,6.781818181818181,9392.857142857143,1904.0370644651716,-4600.0,9746.42857142857,3414.587726308895,-4600.0,8540.0,3870.5707063161362,-4600.0,9798.860817515995,853.6910744951094,-1952.5518920111044,0,2,0,0,869.9999130000087,0.9999999998850574
2020-01-23,2020-01-23,15.0,11000.0,0.0,11000.0,3,0.43388373911755823,-0.900968867902419,1,0.49999999999999994,0.8660254037844387,0,0,0,0,8700.0,10.0,9900.0,15.0,16950.0,18.0,5217.5,6.809090909090909,9550.0,1996.0377417941452,1100.0,9321.42857142857,2755.7432534836926,1100.0,8746.517857142857,3840.881357386761,1100.0,9924.65591177049,862.7991956865221,212.54489254298824,0,3,0,0,733.3332844444477,0.9999999999090908
2020-01-24,2020-01-24,26.0,20750.0,0.0,20750.0,4,-0.433883739117558,-0.9009688679024191,1,0.49999999999999994,0.8660254037844387,0,1,0,0,11000.0,15.0,10900.0,12.0,6450.0,8.0,5015.0,6.836363636363636,10957.142857142857,4719.854214859162,9850.0,10342.857142857143,3985.3991761687566,9850.0,9308.482142857143,4386.979173439035,9850.0,9988.009570719483,-85.35994366110394,10847.35037294162,0,4,0,0,798.0768923816579,0.9999999999518072
2020-01-25,2020-01-25,17.0,11450.0,0.0,11450.0,5,-0.9749279121818236,-0.2225209339563146,1,0.49999999999999994,0.8660254037844387,1,0,0,0,20750.0,26.0,10850.0,12.0,5650.0,6.0,4812.5,6.863636363636363,11042.857142857143,4723.031209882463,600.0,10757.142857142857,3754.8357099600535,600.0,9545.535714285714,4313.757618941236,600.0,10000.87030466005,258.8352159158807,1190.2944794240702,0,5,0,0,673.529372145331,0.9999999999126638
2020-01-26,2020-01-26,11.0,7750.0,0.0,7750.0,6,-0.7818314824680299,0.6234898018587334,1,0.49999999999999994,0.8660254037844387,1,0,0,0,11450.0,17.0,5800.0,8.0,4550.0,8.0,4610.0,6.890909090909091,11321.42857142857,4409.3515342259725,1950.0,10985.714285714286,3431.383919702897,1950.0,9657.67857142857,4220.505220797989,1950.0,9955.835367939262,-2935.457546283787,729.6221783445253,0,6,0,0,704.5453904958737,0.9999999998709677
2020-01-27,2020-01-27,12.0,13500.0,0.0,13500.0,0,0.0,1.0,1,0.49999999999999994,0.8660254037844387,0,0,1,0,7750.0,11.0,8500.0,13.0,11400.0,13.0,4407.5,6.918181818181818,12035.714285714286,4279.1855032737885,5000.0,11135.714285714286,3496.1753042777723,5000.0,9982.410714285714,4150.80701000726,5000.0,9877.540800423647,228.79138306902635,3393.6678165073263,0,0,0,0,1124.9999062500078,0.9999999999259259
2020-01-28,2020-01-28,12.0,10200.0,0.0,10200.0,1,0.7818314824680298,0.6234898018587336,1,0.49999999999999994,0.8660254037844387,0,0,0,0,13500.0,12.0,11100.0,13.0,12400.0,17.0,4205.0,6.945454545454545,11907.142857142857,4325.2580434995,-900.0,10978.57142857143,3484.4000855303584,-900.0,10196.517857142857,3993.3911456632845,-900.0,9770.317645691008,491.3425181255814,-61.660163816588465,0,1,0,0,849.9999291666726,0.9999999999019608
2020-01-29,2020-01-29,9.0,7100.0,0.0,7100.0,2,0.9749279121818236,-0.22252093395631434,1,0.49999999999999994,0.8660254037844387,0,0,0,0,10200.0,12.0,8700.0,10.0,13300.0,22.0,4002.5,6.972727272727273,11678.57142857143,4558.952469487656,-1600.0,10535.714285714286,3559.841643594914,-1600.0,10307.142857142857,3855.988951443042,-1600.0,9556.77636577326,489.7236283492874,-2946.499994122547,0,2,0,0,788.8888012345777,0.9999999998591549
2020-01-30,2020-01-30,9.0,9650.0,0.0,9650.0,3,0.43388373911755823,-0.900968867902419,1,0.49999999999999994,0.8660254037844387,0,0,0,0,7100.0,9.0,11000.0,15.0,9900.0,15.0,3800.0,7.0,11485.714285714286,4620.580256284041,-1350.0,10517.857142857143,3563.9005825973,-1350.0,10516.07142857143,3642.9549862365925,-1350.0,9333.883333731197,798.485200993465,-482.3685347246628,0,3,0,0,1072.222103086433,0.999999999896373
2020-01-31,2020-01-31,8.0,8150.0,0.0,8150.0,4,-0.433883739117558,-0.9009688679024191,1,0.49999999999999994,0.8660254037844387,0,1,0,0,9650.0,9.0,20750.0,26.0,10900.0,12.0,9500.0,13.0,9685.714285714286,2262.6890870735883,-12600.0,10321.42857142857,3616.6130716307102,-12600.0,10467.857142857143,3665.762875625956,-12600.0,9421.285627975307,769.4817665822404,-2040.767394557547,0,4,0,0,1018.749872656266,0.9999999998773006
2020-02-01,2020-02-01,17.0,9400.0,0.0,9400.0,5,-0.9749279121818236,-0.2225209339563146,2,0.8660254037844386,0.5000000000000001,1,0,0,0,8150.0,8.0,11450.0,17.0,10850.0,12.0,9550.0,10.0,9392.857142857143,2124.7408805602195,-2050.0,10217.857142857143,3621.071194191935,-2050.0,10462.5,3667.263209049013,-2050.0,9931.745276446398,660.0463317175085,-1191.7916081639069,0,10,0,0,552.9411439446386,0.999999999893617
2020-02-02,2020-02-02,13.0,13050.0,0.0,13050.0,6,-0.7818314824680299,0.6234898018587334,2,0.8660254037844386,0.5000000000000001,1,0,0,0,9400.0,17.0,7750.0,11.0,5800.0,8.0,9300.0,10.0,10150.0,2371.7082451262845,5300.0,10735.714285714286,3455.2873960078923,5300.0,10596.42857142857,3691.63038786861,5300.0,10713.022133769999,-3796.274813264438,6133.252679494439,0,12,0,0,1003.846076627225,0.9999999999233716
2020-02-03,2020-02-03,10.0,7050.0,0.0,7050.0,0,0.0,1.0,2,0.8660254037844386,0.5000000000000001,0,0,1,0,13050.0,13.0,13500.0,12.0,8500.0,13.0,8000.0,13.0,9228.57142857143,2089.429177003685,-6450.0,10632.142857142857,3547.946705374228,-6450.0,10562.5,3720.6288048801275,-6450.0,11552.768508674464,180.76909278071918,-4683.537601455183,0,0,0,0,704.999929500007,0.999999999858156
2020-02-04,2020-02-04,5.0,5350.0,0.0,5350.0,1,0.7818314824680298,0.6234898018587336,2,0.8660254037844386,0.5000000000000001,0,0,0,0,7050.0,10.0,10200.0,12.0,11100.0,13.0,12750.0,15.5,8535.714285714286,2481.0472059385033,-4850.0,10221.42857142857,3812.565978531959,-4850.0,10298.214285714286,3820.9578531232105,-4850.0,12328.326489107738,955.4121863030723,-7933.73867541081,0,2,0,0,1069.9997860000428,0.9999999998130841
2020-02-05,2020-02-05,26.0,16600.0,0.0,16600.0,2,0.9749279121818236,-0.22252093395631434,2,0.8660254037844386,0.5000000000000001,0,0,0,0,5350.0,5.0,7100.0,9.0,8700.0,10.0,17500.0,18.0,9892.857142857143,3808.152282869451,9500.0,10785.714285714286,4140.57913876738,9500.0,10266.07142857143,3761.4529691534703,9500.0,13053.345060341442,922.3213526748523,2624.3335869837065,0,4,0,0,638.4615139053263,0.999999999939759
2020-02-06,2020-02-06,28.0,16500.0,0.0,16500.0,3,0.43388373911755823,-0.900968867902419,2,0.8660254037844386,0.5000000000000001,0,0,0,0,16600.0,26.0,9650.0,9.0,11000.0,15.0,16950.0,18.0,10871.42857142857,4544.305698972537,6850.0,11178.57142857143,4414.343504013772,6850.0,10250.0,3732.6884363636595,6850.0,13740.864677905132,459.7560534746196,2299.3792686202487,0,6,0,0,589.2856932397966,0.9999999999393939
2020-02-07,2020-02-07,21.0,18160.0,0.0,18160.0,4,-0.433883739117558,-0.9009688679024191,2,0.8660254037844386,0.5000000000000001,0,1,0,0,16500.0,28.0,8150.0,8.0,20750.0,26.0,6450.0,8.0,12301.42857142857,5087.68260465551,10010.0,10993.57142857143,4018.9217978933643,10010.0,10668.214285714286,3941.3327822614933,10010.0,14311.522869842043,943.7769331976631,2904.7001969602934,0,8,0,0,864.7618635827683,0.9999999999449339
2020-02-08,2020-02-08,24.0,15320.0,0.0,15320.0,5,-0.9749279121818236,-0.2225209339563146,2,0.8660254037844386,0.5000000000000001,1,0,0,0,18160.0,21.0,9400.0,17.0,11450.0,17.0,5650.0,6.0,13147.142857142857,5016.538362542155,5920.0,11270.0,4182.494654923249,5920.0,11013.57142857143,3908.859087391025,5920.0,14604.425713218796,1002.8856215159269,-287.31133473472255,0,10,0,0,638.3333067361121,0.9999999999347259
2020-02-09,2020-02-09,9.0,5950.0,0.0,5950.0,6,-0.7818314824680299,0.6234898018587334,2,0.8660254037844386,0.5000000000000001,1,0,0,0,15320.0,24.0,13050.0,13.0,7750.0,11.0,4550.0,8.0,12132.857142857143,5709.377415812556,-7100.0,11141.42857142857,4324.287148266099,-7100.0,11063.57142857143,3831.303051023646,-7100.0,14644.436972724712,-4421.886824375367,-4272.550148349344,0,12,0,0,661.1110376543292,0.9999999998319327
2020-02-10,2020-02-10,19.0,17900.0,0.0,17900.0,0,0.0,1.0,2,0.8660254037844386,0.5000000000000001,0,0,1,0,5950.0,9.0,7050.0,10.0,13500.0,12.0,11400.0,13.0,13682.857142857143,5570.591573270333,10850.0,11455.714285714286,4656.059268532556,10850.0,11295.714285714286,4043.4880693772056,10850.0,14539.631343670368,-741.2514442746977,4101.62010060433,0,0,0,0,942.1052135734097,0.999999999944134
2020-02-11,2020-02-11,15.0,15900.0,0.0,15900.0,1,0.7818314824680298,0.6234898018587336,2,0.8660254037844386,0.5000000000000001,0,0,0,0,17900.0,19.0,5350.0,5.0,10200.0,12.0,12400.0,17.0,15190.0,4198.567215928146,10550.0,11862.857142857143,4785.231171284975,10550.0,11420.714285714286,4132.020336771359,10550.0,14419.749422659286,2174.057272351713,-693.8066950109987,0,2,0,0,1059.999929333338,0.9999999999371069
2020-02-12,2020-02-12,33.0,27900.0,0.0,27900.0,2,0.9749279121818236,-0.22252093395631434,2,0.8660254037844386,0.5000000000000001,0,0,0,0,15900.0,15.0,16600.0,26.0,7100.0,9.0,13300.0,22.0,16804.285714285714,6417.195278164378,11300.0,13348.57142857143,6209.68208915333,11300.0,11942.142857142857,5169.029106588775,11300.0,14335.664244488296,878.5378754924313,12685.797880019272,0,4,0,0,845.4545198347116,0.9999999999641577
2020-02-13,2020-02-13,16.0,12050.0,0.0,12050.0,3,0.43388373911755823,-0.900968867902419,2,0.8660254037844386,0.5000000000000001,0,0,0,0,27900.0,33.0,16500.0,28.0,9650.0,9.0,9900.0,15.0,16168.57142857143,6667.884293565756,-4450.0,13520.0,6132.369350108803,-4450.0,12018.92857142857,5153.515405210901,-4450.0,14340.823345668132,-33.21154829517218,-2257.6117973729597,0,6,0,0,753.1249529296904,0.9999999999170124
2020-02-14,2020-02-14,17.0,15800.0,0.0,15800.0,4,-0.433883739117558,-0.9009688679024191,2,0.8660254037844386,0.5000000000000001,0,1,0,0,12050.0,16.0,18160.0,21.0,8150.0,8.0,10900.0,12.0,15831.42857142857,6609.822056534319,-2360.0,14066.42857142857,5955.3384030217385,-2360.0,12193.92857142857,5197.123377611546,-2360.0,14411.265008429742,981.0241701701685,407.7108214000891,0,8,0,0,929.4117100346052,0.9999999999367088
2020-02-15,2020-02-15,23.0,16550.0,0.0,16550.0,5,-0.9749279121818236,-0.2225209339563146,2,0.8660254037844386,0.5000000000000001,1,0,0,0,15800.0,17.0,15320.0,24.0,9400.0,17.0,10850.0,12.0,16007.142857142857,6610.309408506566,1230.0,14577.142857142857,5829.630452163432,1230.0,12397.5,5253.856872530607,1230.0,14498.465287548492,1863.9700274146492,187.56468503685937,0,10,0,0,719.5651861058615,0.999999999939577
2020-02-16,2020-02-16,13.0,9550.0,0.0,9550.0,6,-0.7818314824680299,0.6234898018587334,2,0.8660254037844386,0.5000000000000001,1,0,0,0,16550.0,23.0,5950.0,9.0,13050.0,13.0,5800.0,8.0,16521.428571428572,5786.108158256944,3600.0,14327.142857142857,5973.432756891042,3600.0,12531.42857142857,5125.680958761025,3600.0,14559.49636664697,-5869.223619454123,859.7272528071517,0,12,0,0,734.6153281065133,0.9999999998952879
2020-02-17,2020-02-17,12.0,12400.0,0.0,12400.0,0,0.0,1.0,2,0.8660254037844386,0.5000000000000001,0,0,1,0,9550.0,13.0,17900.0,19.0,7050.0,10.0,8500.0,13.0,15735.714285714286,5939.1156949578935,-5500.0,14709.285714285714,5633.534843698479,-5500.0,12670.714285714286,5064.699858440252,-5500.0,14640.761039079935,-1124.1006615392598,-1116.6603775406747,0,0,0,0,1033.3332472222294,0.9999999999193548
2020-02-18,2020-02-18,25.0,20550.0,0.0,20550.0,1,0.7818314824680298,0.6234898018587336,2,0.8660254037844386,0.5000000000000001,0,0,0,0,12400.0,12.0,15900.0,15.0,5350.0,5.0,11100.0,13.0,16400.0,6214.230979507167,4650.0,15795.0,5133.540913218898,4650.0,13008.214285714286,5266.978228176447,4650.0,14691.804841790514,3578.6331811645127,2279.561977044972,0,2,0,0,821.9999671200013,0.9999999999513381
2020-02-19,2020-02-19,9.0,8550.0,0.0,8550.0,2,0.9749279121818236,-0.22252093395631434,2,0.8660254037844386,0.5000000000000001,0,0,0,0,20550.0,25.0,27900.0,33.0,16600.0,26.0,8700.0,10.0,13635.714285714286,4234.453357647853,-19350.0,15220.0,5475.858906987175,-19350.0,13002.857142857143,5271.59674815253,-19350.0,14676.823992194491,1435.7167395777924,-7562.540731772284,0,4,0,0,949.9998944444562,0.9999999998830409
2020-02-20,2020-02-20,24.0,16170.0,0.0,16170.0,3,0.43388373911755823,-0.900968867902419,2,0.8660254037844386,0.5000000000000001,0,0,0,0,8550.0,9.0,12050.0,16.0,16500.0,28.0,11000.0,15.0,14224.285714285714,4263.542569049262,4120.0,15196.42857142857,5470.632936441151,4120.0,13187.5,5289.358726796738,4120.0,14651.259517473532,-1222.1551667501924,2740.8956492766592,0,6,0,0,673.7499719270845,0.999999999938157
2020-02-21,2020-02-21,15.0,13300.0,0.0,13300.0,4,-0.433883739117558,-0.9009688679024191,2,0.8660254037844386,0.5000000000000001,0,1,0,0,16170.0,24.0,15800.0,17.0,18160.0,21.0,20750.0,26.0,13867.142857142857,4213.971659000223,-2500.0,14849.285714285714,5422.093640887205,-2500.0,12921.42857142857,5078.008295972773,-2500.0,14643.832661604638,861.677459080576,-2205.510120685214,0,8,0,0,886.6666075555595,0.999999999924812
2020-02-22,2020-02-22,24.0,17550.0,0.0,17550.0,5,-0.9749279121818236,-0.2225209339563146,2,0.8660254037844386,0.5000000000000001,1,0,0,0,13300.0,15.0,16550.0,23.0,15320.0,24.0,11450.0,17.0,14010.0,4335.285457729392,1000.0,15008.57142857143,5469.533600061143,1000.0,13139.285714285714,5142.978621434194,1000.0,14602.73022377769,3058.9556394064284,-111.6858631841169,0,10,0,0,731.2499695312513,0.9999999999430199
2020-02-23,2020-02-23,9.0,8900.0,0.0,8900.0,6,-0.7818314824680299,0.6234898018587334,2,0.8660254037844386,0.5000000000000001,1,0,0,0,17550.0,24.0,9550.0,13.0,5950.0,9.0,7750.0,11.0,13917.142857142857,4452.12201946335,-650.0,15219.285714285714,5140.642677998263,-650.0,13180.357142857143,5102.781000768013,-650.0,14545.459601449325,-6639.425501556299,993.965900106974,0,12,0,0,988.888779012358,0.9999999998876404
2020-02-24,2020-02-24,15.0,10550.0,0.0,10550.0,0,0.0,1.0,2,0.8660254037844386,0.5000000000000001,0,0,1,0,8900.0,9.0,12400.0,12.0,17900.0,19.0,13500.0,12.0,13652.857142857143,4609.3264666532805,-1850.0,14694.285714285714,5220.506480418152,-1850.0,13075.0,5126.33686267589,-1850.0,14495.32526949206,-689.5336508605072,-3255.7916186315524,0,0,0,0,703.3332864444476,0.9999999999052133
2020-02-25,2020-02-25,21.0,20650.0,0.0,20650.0,1,0.7818314824680298,0.6234898018587336,2,0.8660254037844386,0.5000000000000001,0,0,0,0,10550.0,15.0,20550.0,25.0,15900.0,15.0,10200.0,12.0,13667.142857142857,4634.352577170165,100.0,15033.57142857143,5454.025481792688,100.0,13448.214285714286,5287.1500784809405,100.0,14527.119925461917,3371.206829903673,2751.6732446344104,0,2,0,0,983.3332865079387,0.9999999999515738
2020-02-26,2020-02-26,22.0,16550.0,0.0,16550.0,2,0.9749279121818236,-0.22252093395631434,2,0.8660254037844386,0.5000000000000001,0,0,0,0,20650.0,21.0,8550.0,9.0,27900.0,33.0,7100.0,9.0,14810.0,4119.995954690564,8000.0,14222.857142857143,4059.7090243806106,8000.0,13785.714285714286,5167.163724170256,8000.0,14735.558293546512,933.9134370191682,880.5282694343205,0,4,0,0,752.272693078514,0.999999999939577
2020-02-27,2020-02-27,12.0,9600.0,0.0,9600.0,3,0.43388373911755823,-0.900968867902419,2,0.8660254037844386,0.5000000000000001,0,0,0,0,16550.0,22.0,16170.0,24.0,12050.0,16.0,9650.0,9.0,13871.42857142857,4490.253996421683,-6570.0,14047.857142857143,4210.58040686048,-6570.0,13783.92857142857,5168.654341161999,-6570.0,15114.735226488872,-1194.8170500138078,-4319.918176475065,0,6,0,0,799.999933333339,0.9999999998958333
2020-02-28,2020-02-28,23.0,16350.0,0.0,16350.0,4,-0.433883739117558,-0.9009688679024191,2,0.8660254037844386,0.5000000000000001,0,1,0,0,9600.0,12.0,13300.0,15.0,15800.0,17.0,8150.0,8.0,14307.142857142857,4572.784397154221,3050.0,14087.142857142857,4230.703575914147,3050.0,14076.785714285714,5068.957123783097,3050.0,15581.929805620386,587.8074357835209,180.26275859609268,0,8,0,0,710.8695343100202,0.9999999999388379
2020-02-29,2020-02-29,12.0,10400.0,0.0,10400.0,5,-0.9749279121818236,-0.2225209339563146,2,0.8660254037844386,0.5000000000000001,1,0,0,0,16350.0,23.0,17550.0,24.0,16550.0,23.0,9400.0,17.0,13285.714285714286,4526.009490131661,-7150.0,13647.857142857143,4274.367570982652,-7150.0,14112.5,5038.215163829063,-7150.0,16066.195318132466,4000.9470857340407,-9667.142403866506,0,10,0,0,866.6665944444505,0.9999999999038461
2020-03-01,2020-03-01,8.0,7950.0,0.0,7950.0,6,-0.7818314824680299,0.6234898018587334,3,1.0,6.123233995736766e-17,1,0,0,1,10400.0,12.0,8900.0,9.0,9550.0,13.0,13050.0,13.0,13150.0,4690.68225314825,-950.0,13533.57142857143,4411.550585840377,-950.0,13930.357142857143,5168.551972976046,-950.0,16558.09348818166,-6808.456705445926,-1799.6367827357353,0,18,0,0,993.7498757812656,0.9999999998742138
2020-03-02,2020-03-02,32.0,23550.0,0.0,23550.0,0,0.0,1.0,3,1.0,6.123233995736766e-17,0,0,1,1,7950.0,8.0,10550.0,15.0,12400.0,12.0,7050.0,10.0,15007.142857142857,5905.818357873058,13000.0,14330.0,5137.844504638706,13000.0,14519.642857142857,5294.130559992214,13000.0,16970.11240762987,247.23185388035404,6332.655738489775,0,0,0,0,735.9374770019539,0.9999999999575372
2020-03-03,2020-03-03,21.0,18150.0,0.0,18150.0,1,0.7818314824680298,0.6234898018587336,3,1.0,6.123233995736766e-17,0,0,0,1,23550.0,32.0,20650.0,21.0,20550.0,25.0,5350.0,5.0,14650.0,5573.972252053881,-2500.0,14158.57142857143,4950.98569384515,-2500.0,14976.785714285714,5018.472582717988,-2500.0,17324.528054376962,1592.4171727891573,-766.9452271661212,0,3,0,0,864.2856731292536,0.9999999999449035
2020-03-04,2020-03-04,30.0,24750.0,0.0,24750.0,2,0.9749279121818236,-0.22252093395631434,3,1.0,6.123233995736766e-17,0,0,0,1,18150.0,21.0,16550.0,22.0,8550.0,9.0,16600.0,26.0,15821.42857142857,6772.6076429772775,8200.0,15315.714285714286,5411.070865557752,8200.0,15267.857142857143,5342.025803245411,8200.0,17537.946913534943,661.8178863104853,6550.235200154573,0,6,0,0,824.9999725000009,0.999999999959596
2020-03-05,2020-03-05,19.0,16400.0,0.0,16400.0,3,0.43388373911755823,-0.900968867902419,3,1.0,6.123233995736766e-17,0,0,0,1,24750.0,30.0,9600.0,12.0,16170.0,24.0,16500.0,28.0,16792.85714285714,6194.515623478865,6800.0,15332.142857142857,5414.2123208223975,6800.0,15264.285714285714,5341.2049053813635,6800.0,17433.106136164173,-551.717331088975,-481.38880507519934,0,9,0,0,863.1578493074816,0.9999999999390243
2020-03-06,2020-03-06,31.0,21070.0,0.0,21070.0,4,-0.433883739117558,-0.9009688679024191,3,1.0,6.123233995736766e-17,0,1,0,1,16400.0,19.0,16350.0,23.0,13300.0,15.0,18160.0,21.0,17467.14285714286,6392.017715572322,4720.0,15887.142857142857,5585.414286089506,4720.0,15368.214285714286,5427.254304500056,4720.0,17021.35935558898,-75.83208176815573,4124.472726179178,0,12,0,1,679.6773974297613,0.9999999999525392
2020-03-07,2020-03-07,26.0,22500.0,0.0,22500.0,5,-0.9749279121818236,-0.2225209339563146,3,1.0,6.123233995736766e-17,1,0,0,1,21070.0,31.0,10400.0,12.0,17550.0,24.0,15320.0,24.0,19195.714285714286,5767.96861163112,12100.0,16240.714285714286,5849.218835794315,12100.0,15624.642857142857,5592.0124795487245,12100.0,16465.541221746054,4833.639862857377,1200.8189153965686,0,15,0,0,865.384582100593,0.9999999999555556
2020-03-08,2020-03-08,10.0,8150.0,0.0,8150.0,6,-0.7818314824680299,0.6234898018587334,3,1.0,6.123233995736766e-17,1,0,0,1,22500.0,26.0,7950.0,8.0,8900.0,9.0,5950.0,9.0,19224.285714285714,5703.109845054875,200.0,16187.142857142857,5924.571297144213,200.0,15703.214285714286,5465.057387500826,200.0,15772.1928196266,-6534.466718431037,-1087.7261011955616,0,18,0,0,814.9999185000082,0.9999999998773006
2020-03-09,2020-03-09,21.0,14750.0,0.0,14750.0,0,0.0,1.0,3,1.0,6.123233995736766e-17,0,0,1,1,8150.0,10.0,23550.0,32.0,10550.0,15.0,17900.0,19.0,17967.14285714286,5558.73700968638,-8800.0,16487.14285714286,5719.972335290051,-8800.0,15590.714285714286,5450.563632813034,-8800.0,15055.96264512894,2555.283796700692,-2861.246441829633,0,0,0,0,702.3809189342419,0.9999999999322033
2020-03-10,2020-03-10,13.0,13250.0,0.0,13250.0,1,0.7818314824680298,0.6234898018587336,3,1.0,6.123233995736766e-17,0,0,0,1,14750.0,21.0,18150.0,21.0,20650.0,21.0,15900.0,15.0,17267.14285714286,5833.600129953236,-4900.0,15958.57142857143,5647.146123544117,-4900.0,15496.07142857143,5467.973650865643,-4900.0,14432.223179643215,-897.2315156154028,-284.99166402781157,0,3,0,0,1019.2306908284085,0.9999999999245283
2020-03-11,2020-03-11,12.0,11500.0,0.0,11500.0,2,0.9749279121818236,-0.22252093395631434,3,1.0,6.123233995736766e-17,0,0,0,1,13250.0,13.0,24750.0,30.0,16550.0,22.0,27900.0,33.0,15374.285714285714,5105.091762619143,-13250.0,15597.857142857143,5766.486970246442,-13250.0,14910.357142857143,4943.275628750538,-13250.0,14021.978461572911,-669.3547274928618,-1852.623734080049,0,6,0,0,958.333253472229,0.9999999999130434
2020-03-12,2020-03-12,29.0,20870.0,0.0,20870.0,3,0.43388373911755823,-0.900968867902419,3,1.0,6.123233995736766e-17,0,0,0,1,11500.0,12.0,16400.0,19.0,9600.0,12.0,12050.0,16.0,16012.857142857143,5517.670747352582,4470.0,16402.85714285714,5650.253130573926,4470.0,15225.357142857143,5034.432170079598,4470.0,13851.57102977729,337.36505083655913,6681.06391938615,0,9,0,0,719.6551475980983,0.9999999999520843
2020-03-13,2020-03-13,12.0,10400.0,0.0,10400.0,4,-0.433883739117558,-0.9009688679024191,3,1.0,6.123233995736766e-17,0,1,0,1,20870.0,29.0,21070.0,31.0,16350.0,23.0,15800.0,17.0,14488.57142857143,5359.314099681743,-10670.0,15977.857142857143,5873.882451577071,-10670.0,15032.5,5114.399153732898,-10670.0,13976.346370358604,-347.9128325819385,-3228.4335377766656,0,12,0,1,866.6665944444505,0.9999999999038461
2020-03-14,2020-03-14,22.0,18290.0,0.0,18290.0,5,-0.9749279121818236,-0.2225209339563146,3,1.0,6.123233995736766e-17,1,0,0,1,10400.0,12.0,22500.0,26.0,10400.0,12.0,16550.0,23.0,13887.142857142857,4473.4278962398685,-4210.0,16541.428571428572,5672.601976766323,-4210.0,15094.642857142857,5144.005847976969,-4210.0,14176.792307898468,6148.570391233437,-2035.3626991319034,0,15,0,0,831.3635985743819,0.9999999999453253
2020-03-15,2020-03-15,9.0,9750.0,0.0,9750.0,6,-0.7818314824680299,0.6234898018587334,3,1.0,6.123233995736766e-17,1,0,0,1,18290.0,22.0,8150.0,10.0,7950.0,8.0,9550.0,13.0,14115.714285714286,4161.425465481969,1600.0,16670.0,5480.025266645851,1600.0,15101.785714285714,5136.1543861440705,1600.0,14316.869692668983,-4762.959783472532,196.09009080354917,0,18,0,0,1083.3332129629764,0.9999999998974358
2020-03-16,2020-03-16,21.0,21200.0,0.0,21200.0,0,0.0,1.0,3,1.0,6.123233995736766e-17,0,0,1,1,9750.0,9.0,14750.0,21.0,23550.0,32.0,12400.0,12.0,15037.142857142857,4962.296895207944,6450.0,16502.14285714286,5285.617900814113,6450.0,15416.07142857143,5233.032786335018,6450.0,14488.992455200121,1740.7669219373888,4970.2406228624895,0,0,0,0,1009.5237614512494,0.9999999999528302
2020-03-17,2020-03-17,35.0,26950.0,0.0,26950.0,1,0.7818314824680298,0.6234898018587336,3,1.0,6.123233995736766e-17,0,0,0,1,21200.0,21.0,13250.0,13.0,18150.0,21.0,20550.0,25.0,16994.285714285714,6578.4467699269135,13700.0,17130.714285714286,5974.95859565405,13700.0,15644.642857142857,5592.973423821788,13700.0,14715.782053087305,-2660.2708495493366,14894.48879646203,0,3,0,0,769.9999780000007,0.9999999999628942
2020-03-18,2020-03-18,28.0,24250.0,0.0,24250.0,2,0.9749279121818236,-0.22252093395631434,3,1.0,6.123233995736766e-17,0,0,0,1,26950.0,35.0,11500.0,12.0,24750.0,30.0,8550.0,9.0,18815.714285714286,6568.748884282444,12750.0,17095.0,5927.215911499974,12750.0,16205.357142857143,5642.14136006749,12750.0,14966.403181433163,-2470.3906732670634,11753.9874918339,0,6,0,0,866.0713976403072,0.9999999999587629
2020-03-19,2020-03-19,23.0,15700.0,0.0,15700.0,3,0.43388373911755823,-0.900968867902419,3,1.0,6.123233995736766e-17,0,0,0,1,24250.0,28.0,20870.0,29.0,16400.0,19.0,16170.0,24.0,18077.14285714286,6589.89052586286,-5170.0,17045.0,5936.474931757451,-5170.0,16188.57142857143,5642.949527071765,-5170.0,15186.869100044696,1759.6792337935378,-1246.5483338382346,0,9,0,0,682.6086659735362,0.9999999999363057
2020-03-20,2020-03-20,14.0,14000.0,0.0,14000.0,4,-0.433883739117558,-0.9009688679024191,3,1.0,6.123233995736766e-17,0,1,0,1,15700.0,23.0,10400.0,12.0,21070.0,31.0,13300.0,15.0,18591.428571428572,6005.457042200388,3600.0,16540.0,5868.05956657932,3600.0,16213.57142857143,5631.21670576632,3600.0,15258.139576476766,-1238.8802219269182,-19.259354549847558,0,12,0,1,999.9999285714338,0.9999999999285714
2020-03-21,2020-03-21,32.0,24200.0,0.0,24200.0,5,-0.9749279121818236,-0.2225209339563146,3,1.0,6.123233995736766e-17,1,0,0,1,14000.0,14.0,18290.0,22.0,22500.0,26.0,17550.0,24.0,19435.714285714286,6360.929851163942,5910.0,16661.428571428572,6016.5871454771495,5910.0,16451.071428571428,5826.516232030638,5910.0,15123.249787257202,7486.712915011175,1590.037297731622,0,15,0,0,756.2499763671883,0.9999999999586777
2020-03-22,2020-03-22,19.0,12090.0,0.0,12090.0,6,-0.7818314824680299,0.6234898018587334,3,1.0,6.123233995736766e-17,1,0,0,1,24200.0,32.0,9750.0,9.0,8150.0,10.0,8900.0,9.0,19770.0,5804.205371969531,2340.0,16942.85714285714,5670.001259763025,2340.0,16565.0,5703.282680468629,2340.0,15009.636504039421,-2159.9760057292883,-759.6604983101333,0,18,0,0,636.3157559833812,0.9999999999172869
2020-03-23,2020-03-23,46.0,31000.0,0.0,31000.0,0,0.0,1.0,3,1.0,6.123233995736766e-17,0,0,1,1,12090.0,19.0,21200.0,21.0,14750.0,21.0,10550.0,15.0,21170.0,7216.656658961498,9800.0,18103.571428571428,6747.472013386092,9800.0,17295.35714285714,6192.868946913934,9800.0,15025.34670886884,147.85010420941288,15826.803186921747,0,0,0,0,673.9130288279777,0.9999999999677419
2020-03-24,2020-03-24,11.0,10750.0,0.0,10750.0,1,0.7818314824680298,0.6234898018587336,3,1.0,6.123233995736766e-17,0,0,0,1,31000.0,46.0,26950.0,35.0,13250.0,13.0,20650.0,21.0,18855.714285714286,7639.34302834752,-16200.0,17925.0,6916.759746052727,-16200.0,16941.785714285714,6276.297595552382,-16200.0,14997.456437788143,-3352.4413008286,-895.0151369595442,0,3,0,0,977.2726384297603,0.9999999999069767
2020-03-25,2020-03-25,12.0,11600.0,0.0,11600.0,2,0.9749279121818236,-0.22252093395631434,3,1.0,6.123233995736766e-17,0,0,0,1,10750.0,11.0,24250.0,28.0,11500.0,12.0,16550.0,22.0,17048.571428571428,7646.830342417322,-12650.0,17932.14285714286,6909.6623301347745,-12650.0,16765.0,6356.937592548447,-12650.0,14793.612667107758,-4063.8646083545277,870.25194124677,0,6,0,0,966.6665861111179,0.9999999999137931
2020-03-26,2020-03-26,27.0,16750.0,0.0,16750.0,3,0.43388373911755823,-0.900968867902419,3,1.0,6.123233995736766e-17,0,0,0,1,11600.0,12.0,15700.0,23.0,20870.0,29.0,9600.0,12.0,17198.571428571428,7626.23854109706,1050.0,17637.85714285714,6862.487975129079,1050.0,17020.35714285714,6200.1340977988475,1050.0,14400.535604376972,2918.849063334539,-569.3846677115107,0,9,0,0,620.3703473936908,0.9999999999402985
2020-03-27,2020-03-27,17.0,16900.0,0.0,16900.0,4,-0.433883739117558,-0.9009688679024191,3,1.0,6.123233995736766e-17,0,1,0,1,16750.0,27.0,14000.0,14.0,10400.0,12.0,16350.0,23.0,17612.85714285714,7501.265924908303,2900.0,18102.14285714286,6547.804304405501,2900.0,17040.0,6198.802751786481,2900.0,13886.421393170822,-2408.8745916396924,5422.453198468869,0,12,0,1,994.1175885813183,0.9999999999408283
2020-03-28,2020-03-28,30.0,21720.0,0.0,21720.0,5,-0.9749279121818236,-0.2225209339563146,3,1.0,6.123233995736766e-17,1,0,0,1,16900.0,17.0,24200.0,32.0,18290.0,22.0,10400.0,12.0,17258.571428571428,7190.427499046739,-2480.0,18347.14285714286,6619.1556846792755,-2480.0,17444.285714285714,6118.325496269955,-2480.0,13264.761544744435,7942.291426604872,512.947028650693,0,15,0,0,723.9999758666675,0.9999999999539595
2020-03-29,2020-03-29,18.0,14550.0,0.0,14550.0,6,-0.7818314824680299,0.6234898018587334,3,1.0,6.123233995736766e-17,1,0,0,1,21720.0,30.0,12090.0,19.0,9750.0,9.0,7950.0,8.0,17610.0,6951.87264938975,2460.0,18690.0,6253.820985851523,2460.0,17680.0,5860.7141519076395,2460.0,12510.536059837832,-77.31175299494257,2116.775693157111,0,18,0,0,808.3332884259283,0.9999999999312714
2020-03-30,2020-03-30,8.0,8700.0,0.0,8700.0,0,0.0,1.0,3,1.0,6.123233995736766e-17,0,0,1,1,14550.0,18.0,31000.0,46.0,21200.0,21.0,23550.0,32.0,14424.285714285714,4453.945281593435,-22300.0,17797.14285714286,6741.221560805439,-22300.0,17149.64285714286,5980.532914531868,-22300.0,11812.689819363291,-1356.970301561154,-1755.7195178021375,0,0,0,0,1087.4998640625172,0.9999999998850574
2020-03-31,2020-03-31,11.0,6050.0,0.0,6050.0,1,0.7818314824680298,0.6234898018587336,3,1.0,6.123233995736766e-17,0,0,0,1,8700.0,8.0,10750.0,11.0,26950.0,35.0,18150.0,21.0,13752.857142857143,5361.87689242523,-4700.0,16304.285714285714,6871.304561262466,-4700.0,16717.5,6332.38392006606,-4700.0,11551.25904899047,-2116.0056979932406,-3385.25335099723,0,3,0,0,549.9999500000046,0.9999999998347107
2020-04-01,2020-04-01,10.0,5550.0,0.0,5550.0,2,0.9749279121818236,-0.22252093395631434,4,0.8660254037844387,-0.4999999999999998,0,0,0,0,6050.0,11.0,11600.0,12.0,24250.0,28.0,24750.0,30.0,12888.57142857143,6190.3350167052695,-6050.0,14968.57142857143,7023.779233808159,-6050.0,16031.785714285714,6468.446521138248,-6050.0,11763.315384772919,-4909.727607081236,-1303.5877776916823,0,8,0,0,554.9999445000055,0.9999999998198198
2020-04-02,2020-04-02,9.0,5050.0,0.0,5050.0,3,0.43388373911755823,-0.900968867902419,4,0.8660254037844387,-0.4999999999999998,0,0,0,0,5550.0,10.0,16750.0,27.0,15700.0,23.0,16400.0,19.0,11217.142857142857,6543.423452306158,-11700.0,14207.857142857143,7499.110899680995,-11700.0,15626.42857142857,6792.056479221246,-11700.0,12613.615606449997,4056.169270159692,-11619.78487660969,0,12,0,0,561.111048765439,0.9999999998019802
2020-04-03,2020-04-03,11.0,5750.0,0.0,5750.0,4,-0.433883739117558,-0.9009688679024191,4,0.8660254037844387,-0.4999999999999998,0,1,0,0,5050.0,9.0,16900.0,17.0,14000.0,14.0,21070.0,31.0,9624.285714285714,6281.358285017789,-11150.0,13618.57142857143,7833.395822367853,-11150.0,15079.285714285714,6952.468215368868,-11150.0,13759.575132103622,-3058.840275604322,-4950.734856499301,0,16,0,0,522.7272252066159,0.9999999998260869
2020-04-04,2020-04-04,13.0,6450.0,0.0,6450.0,5,-0.9749279121818236,-0.2225209339563146,4,0.8660254037844387,-0.4999999999999998,1,0,0,0,5750.0,11.0,21720.0,30.0,24200.0,32.0,22500.0,26.0,7442.857142857143,3346.444452876832,-15270.0,12350.714285714286,7414.25079392145,-15270.0,14506.07142857143,6979.57726581803,-15270.0,14896.09598751357,7031.137271636011,-15477.233259149581,0,20,0,0,496.15380798816864,0.9999999998449612
2020-04-05,2020-04-05,22.0,17260.0,0.0,17260.0,6,-0.7818314824680299,0.6234898018587334,4,0.8660254037844387,-0.4999999999999998,1,0,0,0,6450.0,13.0,14550.0,18.0,12090.0,19.0,8150.0,10.0,7830.0,4320.64424208547,2710.0,12720.0,7528.144116988852,2710.0,14831.42857142857,6883.990936726405,2710.0,16107.390253512609,342.3863737265065,810.2233727608855,0,24,0,0,784.5454188842991,0.9999999999420626
2020-04-06,2020-04-06,31.0,28070.0,0.0,28070.0,0,0.0,1.0,4,0.8660254037844387,-0.4999999999999998,0,0,1,0,17260.0,22.0,8700.0,8.0,31000.0,46.0,14750.0,21.0,10597.142857142857,8825.237889684537,19370.0,12510.714285714286,7003.292043785514,19370.0,15307.142857142857,7324.309021710016,19370.0,17494.48410376985,-3075.422934686188,13650.938830916337,0,0,0,0,905.4838417585858,0.9999999999643747
2020-04-07,2020-04-07,31.0,24870.0,0.0,24870.0,1,0.7818314824680298,0.6234898018587336,4,0.8660254037844387,-0.4999999999999998,0,0,0,0,28070.0,31.0,6050.0,11.0,10750.0,11.0,13250.0,13.0,13285.714285714286,9997.89954130842,18820.0,13519.285714285714,7711.181156941189,18820.0,15722.142857142857,7529.7500608477085,18820.0,18963.390418893618,324.59771540574707,5582.011865700635,0,4,0,0,802.2580386368375,0.9999999999597909
2020-04-08,2020-04-08,20.0,14740.0,0.0,14740.0,2,0.9749279121818236,-0.22252093395631434,4,0.8660254037844387,-0.4999999999999998,0,0,0,0,24870.0,31.0,5550.0,10.0,11600.0,12.0,11500.0,12.0,14598.57142857143,9398.195622159652,9190.0,13743.57142857143,7696.714191176607,9190.0,15837.857142857143,7487.238207699556,9190.0,20108.939697261478,-4729.30659975258,-639.6330975088968,0,8,0,0,736.9999631500018,0.9999999999321574
2020-04-09,2020-04-09,31.0,28200.0,0.0,28200.0,3,0.43388373911755823,-0.900968867902419,4,0.8660254037844387,-0.4999999999999998,0,0,0,0,14740.0,20.0,5050.0,9.0,16750.0,27.0,20870.0,29.0,17905.714285714286,9550.04163541161,23150.0,14561.42857142857,8596.500054488059,23150.0,16099.642857142857,7791.655309388215,23150.0,20590.86437544066,5023.38061162429,2585.7550129350493,0,12,0,0,909.6773900104067,0.999999999964539
2020-04-10,2020-04-10,17.0,17300.0,0.0,17300.0,4,-0.433883739117558,-0.9009688679024191,4,0.8660254037844387,-0.4999999999999998,0,1,0,0,28200.0,31.0,5750.0,11.0,16900.0,17.0,10400.0,12.0,19555.714285714286,7966.259802322247,11550.0,14590.0,8605.530422127033,11550.0,16346.07142857143,7713.436251731384,11550.0,20397.003103046547,-4420.334677134093,1323.3315740875478,0,16,0,0,1017.6469989619412,0.9999999999421965
2020-04-11,2020-04-11,26.0,26800.0,0.0,26800.0,5,-0.9749279121818236,-0.2225209339563146,4,0.8660254037844387,-0.4999999999999998,1,0,0,0,17300.0,17.0,6450.0,13.0,21720.0,30.0,18290.0,22.0,22462.85714285714,5806.997831024561,20350.0,14952.857142857143,9026.119729021844,20350.0,16650.0,7956.690639073887,20350.0,19705.065740597653,5375.105164233216,1719.8290951691306,0,20,0,0,1030.7691911242619,0.9999999999626865
2020-04-12,2020-04-12,9.0,8300.0,0.0,8300.0,6,-0.7818314824680299,0.6234898018587334,4,0.8660254037844387,-0.4999999999999998,1,0,0,0,26800.0,26.0,17260.0,22.0,14550.0,18.0,9750.0,9.0,21182.85714285714,7792.895726847878,-8960.0,14506.42857142857,9200.455345874387,-8960.0,16598.214285714286,8007.81657649271,-8960.0,18582.494209111905,-497.8200829328096,-9784.674126179096,0,24,0,0,922.2221197530979,0.999999999879518
2020-04-13,2020-04-13,14.0,14800.0,0.0,14800.0,0,0.0,1.0,4,0.8660254037844387,-0.4999999999999998,0,0,1,0,8300.0,9.0,28070.0,31.0,8700.0,8.0,21200.0,21.0,19287.14285714286,7444.543223699079,-13270.0,14942.142857142857,9047.492792159375,-13270.0,16369.642857142857,7962.813332235112,-13270.0,17313.10122599728,-2878.868717826029,365.76749182874846,0,0,0,0,1057.1427816326584,0.9999999999324324
2020-04-14,2020-04-14,25.0,20020.0,0.0,20020.0,1,0.7818314824680298,0.6234898018587336,4,0.8660254037844387,-0.4999999999999998,0,0,0,0,14800.0,14.0,24870.0,31.0,6050.0,11.0,26950.0,35.0,18594.285714285714,7053.790605395226,-4850.0,15940.0,8757.049907184673,-4850.0,16122.142857142857,7725.951149471581,-4850.0,16059.220876115724,2240.748311822998,1720.030812061279,0,4,0,0,800.7999679680013,0.99999999995005
2020-04-15,2020-04-15,12.0,10150.0,0.0,10150.0,2,0.9749279121818236,-0.22252093395631434,4,0.8660254037844387,-0.4999999999999998,0,0,0,0,20020.0,25.0,14740.0,20.0,5550.0,10.0,24250.0,28.0,17938.571428571428,7659.161025794381,-4590.0,16268.57142857143,8416.913244855776,-4590.0,15618.57142857143,7635.547332626728,-4590.0,14748.44811793772,-4068.17743490227,-530.2706830354491,0,8,0,0,845.8332628472282,0.9999999999014778
2020-04-16,2020-04-16,12.0,12700.0,0.0,12700.0,3,0.43388373911755823,-0.900968867902419,4,0.8660254037844387,-0.4999999999999998,0,0,0,0,10150.0,12.0,28200.0,31.0,5050.0,9.0,15700.0,23.0,15724.285714285714,6321.929708411441,-15500.0,16815.0,7862.646598853439,-15500.0,15511.42857142857,7655.384797782309,-15500.0,13469.050856662905,5870.616993005898,-6639.667849668803,0,12,0,0,1058.3332451388962,0.9999999999212598
2020-04-17,2020-04-17,8.0,7000.0,0.0,7000.0,4,-0.433883739117558,-0.9009688679024191,4,0.8660254037844387,-0.4999999999999998,0,1,0,0,12700.0,12.0,17300.0,17.0,5750.0,11.0,14000.0,14.0,14252.857142857143,7050.713236464593,-10300.0,16904.285714285714,7733.36498983037,-10300.0,15261.42857142857,7819.118882957349,-10300.0,12437.660107743095,-4783.5948171195205,-654.0652906235755,0,16,0,0,874.9998906250138,0.9999999998571428
2020-04-18,2020-04-18,18.0,13550.0,0.0,13550.0,5,-0.9749279121818236,-0.2225209339563146,4,0.8660254037844387,-0.4999999999999998,1,0,0,0,7000.0,8.0,26800.0,26.0,6450.0,13.0,24200.0,32.0,12360.0,4401.859455578572,-13250.0,17411.428571428572,7210.156145906388,-13250.0,14881.07142857143,7624.820259829675,-13250.0,11793.800972417219,3869.195324780657,-2112.996297197875,0,20,0,0,752.7777359567924,0.9999999999261993
2020-04-19,2020-04-19,11.0,10050.0,0.0,10050.0,6,-0.7818314824680299,0.6234898018587334,4,0.8660254037844387,-0.4999999999999998,1,0,0,0,13550.0,18.0,8300.0,9.0,17260.0,22.0,12090.0,19.0,12610.0,4176.785047537539,1750.0,16896.428571428572,7474.454553953814,1750.0,14808.214285714286,7662.132501523291,1750.0,11403.24902031988,-1821.48888229246,468.2398619725809,0,24,0,0,913.63628057852,0.9999999999004975
2020-04-20,2020-04-20,7.0,6650.0,0.0,6650.0,0,0.0,1.0,4,0.8660254037844387,-0.4999999999999998,0,0,1,0,10050.0,11.0,14800.0,14.0,28070.0,31.0,31000.0,46.0,11445.714285714286,4580.93461040012,-8150.0,15366.42857142857,7198.531481802766,-8150.0,13938.57142857143,7118.911024861475,-8150.0,11264.934469448786,-1709.4558383662134,-2905.478631082573,0,0,0,0,949.9998642857337,0.999999999849624
2020-04-21,2020-04-21,14.0,11320.0,0.0,11320.0,1,0.7818314824680298,0.6234898018587336,4,0.8660254037844387,-0.4999999999999998,0,0,0,0,6650.0,7.0,20020.0,25.0,24870.0,31.0,10750.0,11.0,10202.857142857143,2632.943310477881,-8700.0,14398.57142857143,6717.293247389801,-8700.0,13958.92857142857,7110.265056936644,-8700.0,11402.005370659144,2999.4683873261106,-3081.4737579852554,0,4,0,0,808.5713708163307,0.9999999999116608
2020-04-22,2020-04-22,12.0,11650.0,0.0,11650.0,2,0.9749279121818236,-0.22252093395631434,4,0.8660254037844387,-0.4999999999999998,0,0,0,0,11320.0,14.0,10150.0,12.0,14740.0,20.0,11600.0,12.0,10417.142857142857,2688.3806419832426,1500.0,14177.857142857143,6755.866030656312,1500.0,13960.714285714286,7109.656932167808,1500.0,11744.119527868394,-3820.323392079115,3726.203864210722,0,8,0,0,970.8332524305623,0.9999999999141631
2020-04-23,2020-04-23,24.0,19550.0,0.0,19550.0,3,0.43388373911755823,-0.900968867902419,4,0.8660254037844387,-0.4999999999999998,0,0,0,0,11650.0,12.0,12700.0,12.0,28200.0,31.0,16750.0,27.0,11395.714285714286,4375.286113093446,6850.0,13560.0,5685.591776249321,6850.0,14060.714285714286,7169.77964875074,6850.0,12210.794759753415,5696.043769180807,1643.1614710657777,0,12,0,0,814.5832993923625,0.9999999999488491
2020-04-24,2020-04-24,10.0,7460.0,0.0,7460.0,4,-0.433883739117558,-0.9009688679024191,4,0.8660254037844387,-0.4999999999999998,0,1,0,0,19550.0,24.0,7000.0,8.0,17300.0,17.0,16900.0,17.0,11461.42857142857,4301.086795107419,460.0,12857.142857142857,5794.849740630346,460.0,13723.57142857143,7252.790632416741,460.0,12702.220861053258,-3897.188025148107,-1345.032835905151,0,16,0,0,745.9999254000076,0.9999999998659517
2020-04-25,2020-04-25,9.0,4250.0,0.0,4250.0,5,-0.9749279121818236,-0.2225209339563146,4,0.8660254037844387,-0.4999999999999998,1,0,0,0,7460.0,10.0,13550.0,18.0,26800.0,26.0,21720.0,30.0,10132.857142857143,4937.660425362423,-9300.0,11246.42857142857,4640.1402617110325,-9300.0,13099.642857142857,7290.749838052206,-9300.0,13130.167748562917,1902.799294326476,-10782.967042889393,0,20,0,0,472.2221697530923,0.9999999997647058
2020-04-26,2020-04-26,9.0,9000.0,0.0,9000.0,6,-0.7818314824680299,0.6234898018587334,4,0.8660254037844387,-0.4999999999999998,1,0,0,0,4250.0,9.0,10050.0,11.0,8300.0,9.0,14550.0,18.0,9982.857142857143,4956.509908815902,-1050.0,11296.42857142857,4609.619719244099,-1050.0,12901.42857142857,7325.221126373224,-1050.0,13411.164375698103,-2746.2430485168393,-1664.9213271812641,0,24,0,0,999.9998888889013,0.9999999998888889
2020-04-27,2020-04-27,19.0,15650.0,0.0,15650.0,0,0.0,1.0,4,0.8660254037844387,-0.4999999999999998,0,0,1,0,9000.0,9.0,6650.0,7.0,14800.0,14.0,8700.0,8.0,11268.57142857143,5112.714310329437,9000.0,11357.142857142857,4664.58577363098,9000.0,13149.642857142857,7295.272178885531,9000.0,13657.145371408795,-443.23778459018104,2436.0924131813863,0,0,0,0,823.6841671745175,0.9999999999361022
2020-04-28,2020-04-28,20.0,19200.0,0.0,19200.0,1,0.7818314824680298,0.6234898018587336,4,0.8660254037844387,-0.4999999999999998,0,0,0,0,15650.0,19.0,11320.0,14.0,20020.0,25.0,6050.0,11.0,12394.285714285714,5928.369244974686,7880.0,11298.57142857143,4551.212614648578,7880.0,13619.285714285714,7244.392430916603,7880.0,13960.425724343548,2867.2788545941717,2372.295421062281,0,4,0,0,959.9999520000024,0.9999999999479167
2020-04-29,2020-04-29,6.0,5450.0,0.0,5450.0,2,0.9749279121818236,-0.22252093395631434,4,0.8660254037844387,-0.4999999999999998,0,0,0,0,19200.0,20.0,11650.0,12.0,10150.0,12.0,5550.0,10.0,11508.57142857143,6494.24213841621,-6200.0,10962.857142857143,4808.523567697156,-6200.0,13615.714285714286,7248.541323794147,-6200.0,14331.259384277751,-2815.626861314822,-6065.632522962929,0,8,0,0,908.3331819444696,0.9999999998165137
2020-04-30,2020-04-30,11.0,8650.0,0.0,8650.0,3,0.43388373911755823,-0.900968867902419,4,0.8660254037844387,-0.4999999999999998,0,0,0,0,5450.0,6.0,19550.0,24.0,12700.0,12.0,5050.0,9.0,9951.42857142857,5470.909213197324,-10900.0,10673.57142857143,4817.793314120326,-10900.0,13744.285714285714,7121.7987888888065,-10900.0,14571.982182838688,5517.141100514283,-11439.123283352972,0,12,0,0,786.3635648760396,0.999999999884393
2020-05-01,2020-05-01,11.0,11000.0,0.0,11000.0,4,-0.433883739117558,-0.9009688679024191,5,0.49999999999999994,-0.8660254037844387,0,1,0,0,8650.0,11.0,7460.0,10.0,7000.0,8.0,5750.0,11.0,10457.142857142857,5364.810385856171,3540.0,10959.285714285714,4700.35426534855,3540.0,13931.785714285714,6971.047561201199,3540.0,14538.351677230774,-2181.5333165663783,-1356.818360664396,0,20,0,0,999.9999090909174,0.9999999999090908
2020-05-02,2020-05-02,24.0,17350.0,0.0,17350.0,5,-0.9749279121818236,-0.2225209339563146,5,0.49999999999999994,-0.8660254037844387,1,0,0,0,11000.0,11.0,4250.0,9.0,13550.0,18.0,6450.0,13.0,12328.57142857143,5117.849250650195,13100.0,11230.714285714286,4963.8019924026285,13100.0,14321.07142857143,6840.896811083636,13100.0,14341.59350481707,-616.3411282201612,3624.747623403089,0,25,0,0,722.9166365451401,0.9999999999423631
2020-05-03,2020-05-03,13.0,12200.0,0.0,12200.0,6,-0.7818314824680299,0.6234898018587334,5,0.49999999999999994,-0.8660254037844387,1,0,0,0,17350.0,24.0,9000.0,9.0,10050.0,11.0,17260.0,22.0,12785.714285714286,4909.6600600002575,3200.0,11384.285714285714,4957.717704263215,3200.0,14140.357142857143,6827.205101456567,3200.0,14093.115617014359,-3674.3413058286346,1781.2256888142765,0,30,0,0,938.4614662721949,0.9999999999180328
2020-05-04,2020-05-04,19.0,16650.0,0.0,16650.0,0,0.0,1.0,5,0.49999999999999994,-0.8660254037844387,0,0,1,0,12200.0,13.0,15650.0,19.0,6650.0,7.0,28070.0,31.0,12928.57142857143,5020.197302136719,1000.0,12098.57142857143,4943.511453866125,1000.0,13732.5,6283.710053546161,1000.0,13775.669918536934,-446.13030575331584,3320.4603872163807,0,0,0,0,876.3157433518029,0.9999999999399399
2020-05-05,2020-05-05,13.0,13900.0,0.0,13900.0,1,0.7818314824680298,0.6234898018587336,5,0.49999999999999994,-0.8660254037844387,0,0,0,0,16650.0,19.0,19200.0,20.0,11320.0,14.0,24870.0,31.0,12171.42857142857,4258.604734618382,-5300.0,12282.857142857143,4960.315480927573,-5300.0,13340.714285714286,5893.441381972963,-5300.0,13213.429996982934,3881.827006173736,-3195.25700315667,0,5,0,0,1069.2306869822548,0.9999999999280575
2020-05-06,2020-05-06,14.0,9500.0,0.0,9500.0,2,0.9749279121818236,-0.22252093395631434,5,0.49999999999999994,-0.8660254037844387,0,0,0,0,13900.0,13.0,5450.0,6.0,11650.0,12.0,14740.0,20.0,12750.0,3377.1289581536316,4050.0,12129.285714285714,5014.4030464341395,4050.0,13153.57142857143,5930.44262559295,4050.0,12390.234385707756,-2116.182217058182,-774.052168649574,0,10,0,0,678.5713801020443,0.9999999998947368
2020-05-07,2020-05-07,23.0,17000.0,0.0,17000.0,3,0.43388373911755823,-0.900968867902419,5,0.49999999999999994,-0.8660254037844387,0,0,0,0,9500.0,14.0,8650.0,11.0,19550.0,24.0,28200.0,31.0,13942.857142857143,3154.9469846877537,8350.0,11947.142857142857,4764.189217600301,8350.0,12753.57142857143,5212.215150249157,8350.0,11560.562887160719,5140.30796815766,299.12914468162126,0,15,0,0,739.1304026465042,0.9999999999411765
2020-05-08,2020-05-08,16.0,13000.0,0.0,13000.0,4,-0.433883739117558,-0.9009688679024191,5,0.49999999999999994,-0.8660254037844387,0,1,0,0,17000.0,23.0,11000.0,11.0,7460.0,10.0,17300.0,17.0,14228.57142857143,2926.297026228569,2000.0,12342.857142857143,4589.698211247634,2000.0,12600.0,5136.090168817356,2000.0,10839.206010209504,-401.57541586399134,2562.369405654488,0,20,0,0,812.4999492187532,0.9999999999230769
2020-05-09,2020-05-09,6.0,2950.0,0.0,2950.0,5,-0.9749279121818236,-0.2225209339563146,5,0.49999999999999994,-0.8660254037844387,1,0,0,0,13000.0,16.0,17350.0,24.0,4250.0,9.0,26800.0,26.0,12171.42857142857,4816.971484835062,-14400.0,12250.0,4775.417823040771,-14400.0,11748.214285714286,4648.423909377232,-14400.0,10268.669183966913,-2247.6761116040616,-5070.993072362851,0,25,0,0,491.6665847222359,0.9999999996610169
2020-05-10,2020-05-10,7.0,4450.0,0.0,4450.0,6,-0.7818314824680299,0.6234898018587334,5,0.49999999999999994,-0.8660254037844387,1,0,0,0,2950.0,6.0,12200.0,13.0,9000.0,9.0,8300.0,9.0,11064.285714285714,5631.1421492235195,-7750.0,11925.0,5153.480899801169,-7750.0,11610.714285714286,4808.388448420067,-7750.0,9829.051057475499,-4386.91112623887,-992.1399312366302,0,30,0,0,635.7141948979721,0.9999999997752809
2020-05-11,2020-05-11,8.0,5950.0,0.0,5950.0,0,0.0,1.0,5,0.49999999999999994,-0.8660254037844387,0,0,1,0,4450.0,7.0,16650.0,19.0,15650.0,19.0,14800.0,14.0,9535.714285714286,5305.00661998597,-10700.0,11232.142857142857,5265.000808782806,-10700.0,11294.642857142857,4881.2987662611595,-10700.0,9469.33109963453,-1274.3192130475668,-2245.0118865869626,0,0,0,0,743.7499070312617,0.9999999998319327
2020-05-12,2020-05-12,18.0,15350.0,0.0,15350.0,1,0.7818314824680298,0.6234898018587336,5,0.49999999999999994,-0.8660254037844387,0,0,0,0,5950.0,8.0,13900.0,13.0,19200.0,20.0,20020.0,25.0,9742.857142857143,5527.463897924335,1450.0,10957.142857142857,4905.054580691282,1450.0,11127.857142857143,4646.250066724751,1450.0,9161.77707419696,4837.193003212115,1351.029922590924,0,5,0,0,852.7777304012371,0.9999999999348534
2020-05-13,2020-05-13,9.0,10950.0,0.0,10950.0,2,0.9749279121818236,-0.22252093395631434,5,0.49999999999999994,-0.8660254037844387,0,0,0,0,15350.0,18.0,9500.0,14.0,5450.0,6.0,10150.0,12.0,9950.0,5543.990740732985,1450.0,11350.0,4643.3161227063465,1450.0,11156.42857142857,4642.472373148796,1450.0,8960.932529462953,-926.0346433414234,2915.102113878471,0,10,0,0,1216.6665314814966,0.9999999999086757
2020-05-14,2020-05-14,8.0,11000.0,0.0,11000.0,3,0.43388373911755823,-0.900968867902419,5,0.49999999999999994,-0.8660254037844387,0,0,0,0,10950.0,9.0,17000.0,23.0,8650.0,11.0,12700.0,12.0,9092.857142857143,4666.764454757727,-6000.0,11517.857142857143,4580.25054499698,-6000.0,11095.714285714286,4632.643776483191,-6000.0,8894.787917444946,4789.9686509434105,-2684.7565683883568,0,15,0,0,1374.9998281250216,0.9999999999090908
2020-05-15,2020-05-15,13.0,10250.0,0.0,10250.0,4,-0.433883739117558,-0.9009688679024191,5,0.49999999999999994,-0.8660254037844387,0,1,0,0,11000.0,8.0,13000.0,16.0,11000.0,11.0,7000.0,8.0,8700.0,4390.61499109176,-2750.0,11464.285714285714,4591.146520600976,-2750.0,11211.785714285714,4566.46638131064,-2750.0,8939.814320400408,1026.6436737628344,283.5420058367581,0,20,0,0,788.4614778106557,0.999999999902439
2020-05-16,2020-05-16,21.0,16050.0,0.0,16050.0,5,-0.9749279121818236,-0.2225209339563146,5,0.49999999999999994,-0.8660254037844387,1,0,0,0,10250.0,13.0,2950.0,6.0,17350.0,24.0,13550.0,18.0,10571.42857142857,4322.601178963971,13100.0,11371.42857142857,4474.617056486273,13100.0,11301.07142857143,4637.761544415282,13100.0,9126.39700979465,-3675.837974454839,10599.44096466019,0,25,0,0,764.2856778911581,0.9999999999376947
2020-05-17,2020-05-17,5.0,3900.0,0.0,3900.0,6,-0.7818314824680299,0.6234898018587334,5,0.49999999999999994,-0.8660254037844387,1,0,0,0,16050.0,21.0,4450.0,7.0,12200.0,13.0,10050.0,11.0,10492.857142857143,4455.37396217836,-550.0,10778.57142857143,4887.217010721971,-550.0,11081.42857142857,4840.409926232316,-550.0,9396.119524222167,-5091.71196444888,-404.40755977328627,0,30,0,0,779.9998440000312,0.9999999997435898
2020-05-18,2020-05-18,8.0,5650.0,0.0,5650.0,0,0.0,1.0,5,0.49999999999999994,-0.8660254037844387,0,0,1,0,3900.0,5.0,5950.0,8.0,16650.0,19.0,6650.0,7.0,10450.0,4507.493760394988,-300.0,9992.857142857143,4753.049917314525,-300.0,11045.714285714286,4877.861878726845,-300.0,9680.195946566555,-2446.041739332348,-1584.1542072342072,0,0,0,0,706.2499117187612,0.9999999998230088
2020-05-19,2020-05-19,7.0,4850.0,0.0,4850.0,1,0.7818314824680298,0.6234898018587336,5,0.49999999999999994,-0.8660254037844387,0,0,0,0,5650.0,8.0,15350.0,18.0,13900.0,13.0,11320.0,14.0,8950.0,4349.425249386372,-10500.0,9346.42857142857,4796.010533033382,-10500.0,10814.642857142857,5015.686860494759,-10500.0,10058.42717307471,4895.538392296457,-10103.965565371167,0,5,0,0,692.8570438775652,0.9999999997938144
2020-05-20,2020-05-20,12.0,10000.0,0.0,10000.0,2,0.9749279121818236,-0.22252093395631434,5,0.49999999999999994,-0.8660254037844387,0,0,0,0,4850.0,7.0,10950.0,9.0,9500.0,14.0,11650.0,12.0,8814.285714285714,4291.04826797543,-950.0,9382.142857142857,4799.102766417643,-950.0,10755.714285714286,5015.201652879742,-950.0,10588.925823700029,871.279564111718,-1460.2053878117458,0,10,0,0,833.3332638888947,0.9999999999
2020-05-21,2020-05-21,24.0,18750.0,0.0,18750.0,3,0.43388373911755823,-0.900968867902419,5,0.49999999999999994,-0.8660254037844387,0,0,0,0,10000.0,12.0,11000.0,8.0,17000.0,23.0,19550.0,24.0,9921.42857142857,5713.132324074131,7750.0,9507.142857142857,5030.019771442157,7750.0,10727.142857142857,4965.275612165148,7750.0,11205.411155117143,5089.126811992727,2455.462032890131,0,15,0,0,781.249967447918,0.9999999999466667
2020-05-22,2020-05-22,17.0,13050.0,0.0,13050.0,4,-0.433883739117558,-0.9009688679024191,5,0.49999999999999994,-0.8660254037844387,0,1,0,0,18750.0,24.0,10250.0,13.0,13000.0,16.0,7460.0,10.0,10321.42857142857,5836.655516564891,2800.0,9510.714285714286,5032.707581848534,2800.0,10926.785714285714,4941.368871350469,2800.0,11857.828991338181,1309.4421924615876,-117.27118379976855,0,20,0,0,767.6470136678226,0.9999999999233716
2020-05-23,2020-05-23,10.0,7700.0,0.0,7700.0,5,-0.9749279121818236,-0.2225209339563146,5,0.49999999999999994,-0.8660254037844387,1,0,0,0,13050.0,17.0,16050.0,21.0,2950.0,6.0,4250.0,9.0,9128.57142857143,5299.281173176289,-8350.0,9850.0,4705.888291851467,-8350.0,11050.0,4809.9819049478765,-8350.0,12405.564189360917,-4243.086699005491,-462.4774903554262,0,25,0,0,769.9999230000078,0.9999999998701298
2020-05-24,2020-05-24,11.0,7700.0,0.0,7700.0,6,-0.7818314824680299,0.6234898018587334,5,0.49999999999999994,-0.8660254037844387,1,0,0,0,7700.0,10.0,3900.0,5.0,4450.0,7.0,9000.0,9.0,9671.42857142857,4849.987727034027,3800.0,10082.142857142857,4494.4242012853,3800.0,11003.57142857143,4836.702438251763,3800.0,12777.43088607299,-5683.207652468077,605.7767663950872,0,30,0,0,699.9999363636422,0.9999999998701298
2020-05-25,2020-05-25,11.0,11750.0,0.0,11750.0,0,0.0,1.0,5,0.49999999999999994,-0.8660254037844387,0,0,1,0,7700.0,11.0,5650.0,8.0,5950.0,8.0,15650.0,19.0,10542.857142857143,4545.458225106709,6100.0,10496.42857142857,4349.202592063662,6100.0,10864.285714285714,4753.378080334369,6100.0,12968.410941292177,-2687.290703420414,1468.8797621282374,0,0,0,0,1068.181721074389,0.9999999999148936
2020-05-26,2020-05-26,23.0,20100.0,0.0,20100.0,1,0.7818314824680298,0.6234898018587336,5,0.49999999999999994,-0.8660254037844387,0,0,0,0,11750.0,11.0,4850.0,7.0,15350.0,18.0,19200.0,20.0,12721.42857142857,4994.568478428752,15250.0,10835.714285714286,4906.527385943247,15250.0,10896.42857142857,4814.48294542063,15250.0,13040.330587925544,4100.485199281355,2959.1842127931013,0,5,0,0,873.9130054820432,0.9999999999502487
2020-05-27,2020-05-27,19.0,14020.0,0.0,14020.0,2,0.9749279121818236,-0.22252093395631434,5,0.49999999999999994,-0.8660254037844387,0,0,0,0,20100.0,23.0,10000.0,12.0,10950.0,9.0,5450.0,6.0,13295.714285714286,4858.76821544601,4020.0,11055.0,4980.079934483606,4020.0,11202.5,4727.029154726011,4020.0,12979.843223019941,1910.5941753786465,-870.4373983985879,0,10,0,0,737.8946980055422,0.9999999999286733
2020-05-28,2020-05-28,18.0,16500.0,0.0,16500.0,3,0.43388373911755823,-0.900968867902419,5,0.49999999999999994,-0.8660254037844387,0,0,0,0,14020.0,19.0,18750.0,24.0,11000.0,8.0,8650.0,11.0,12974.285714285714,4498.903040901015,-2250.0,11447.857142857143,5188.002696416228,-2250.0,11482.857142857143,4802.226225364315,-2250.0,12813.94469694467,5340.890890903108,-1654.8355878477796,0,15,0,0,916.6666157407435,0.9999999999393939
2020-05-29,2020-05-29,16.0,14010.0,0.0,14010.0,4,-0.433883739117558,-0.9009688679024191,5,0.49999999999999994,-0.8660254037844387,0,1,0,0,16500.0,18.0,13050.0,17.0,10250.0,13.0,11000.0,11.0,13111.42857142857,4516.194668713264,960.0,11716.42857142857,5218.45631041751,960.0,11590.357142857143,4824.654646740794,960.0,12626.427113834228,394.73775107545737,988.835135090314,0,20,0,0,875.6249452734409,0.9999999999286224
2020-05-30,2020-05-30,18.0,10550.0,0.0,10550.0,5,-0.9749279121818236,-0.2225209339563146,5,0.49999999999999994,-0.8660254037844387,1,0,0,0,14010.0,16.0,7700.0,10.0,16050.0,21.0,17350.0,24.0,13518.57142857143,4051.6063833637795,2850.0,11323.57142857143,5072.093494562428,2850.0,11347.5,4693.353555038515,2850.0,12522.995621719343,-2667.9495832109874,694.9539614916448,0,25,0,0,586.1110785493845,0.9999999999052133
2020-05-31,2020-05-31,4.0,5600.0,0.0,5600.0,6,-0.7818314824680299,0.6234898018587334,5,0.49999999999999994,-0.8660254037844387,1,0,0,0,10550.0,18.0,7700.0,11.0,3900.0,5.0,12200.0,13.0,13218.57142857143,4595.488470849874,-2100.0,11445.0,4898.062018641824,-2100.0,11111.785714285714,4813.15947175337,-2100.0,12526.966743478228,-5908.558291333653,-1018.4084521445748,0,30,0,0,1399.9996500000875,0.9999999998214285
2020-06-01,2020-06-01,11.0,8820.0,0.0,8820.0,0,0.0,1.0,6,1.2246467991473532e-16,-1.0,0,0,1,0,5600.0,4.0,11750.0,11.0,5650.0,8.0,16650.0,19.0,12800.0,4876.395526752639,-2930.0,11671.42857142857,4677.885546570507,-2930.0,10832.142857142857,4705.735158956936,-2930.0,12544.74836393162,-1642.1621463074075,-2082.5862176242117,0,0,0,0,801.8181089256265,0.9999999998866212
2020-06-02,2020-06-02,14.0,12350.0,0.0,12350.0,1,0.7818314824680298,0.6234898018587336,6,1.2246467991473532e-16,-1.0,0,0,0,0,8820.0,11.0,20100.0,23.0,4850.0,7.0,13900.0,13.0,11692.857142857143,3674.405685666313,-7750.0,12207.142857142857,4246.1266124305885,-7750.0,10776.785714285714,4677.340217253453,-7750.0,12496.167078239636,2096.1512604058203,-2242.3183386454566,0,6,0,0,882.1427941326576,0.9999999999190283
2020-06-03,2020-06-03,19.0,18750.0,0.0,18750.0,2,0.9749279121818236,-0.22252093395631434,6,1.2246467991473532e-16,-1.0,0,0,0,0,12350.0,14.0,14020.0,19.0,10000.0,12.0,9500.0,14.0,12368.57142857143,4512.927462935128,4730.0,12832.142857142857,4530.693916238152,4730.0,11107.142857142857,4904.944487278169,4730.0,12357.30339790724,2711.8533790555307,3680.843223037229,0,12,0,0,986.8420533241024,0.9999999999466667
2020-06-04,2020-06-04,23.0,20950.0,0.0,20950.0,3,0.43388373911755823,-0.900968867902419,6,1.2246467991473532e-16,-1.0,0,0,0,0,18750.0,19.0,16500.0,18.0,18750.0,24.0,17000.0,23.0,13004.285714285714,5415.138832147187,4450.0,12989.285714285714,4782.872429964939,4450.0,11248.214285714286,5132.243068614735,4450.0,12176.317345372985,4779.656634236906,3994.026020390109,0,18,0,0,910.8695256143684,0.9999999999522673
2020-06-05,2020-06-05,13.0,11950.0,0.0,11950.0,4,-0.433883739117558,-0.9009688679024191,6,1.2246467991473532e-16,-1.0,0,1,0,0,20950.0,23.0,14010.0,16.0,13050.0,17.0,13000.0,16.0,12710.0,5407.343771822399,-2060.0,12910.714285714286,4790.8269147896135,-2060.0,11210.714285714286,5122.796493649147,-2060.0,11905.860037081236,-638.6879434386453,682.8279063574082,0,24,0,0,919.2306985207156,0.9999999999163179
2020-06-06,2020-06-06,13.0,9600.0,0.0,9600.0,5,-0.9749279121818236,-0.2225209339563146,6,1.2246467991473532e-16,-1.0,1,0,0,0,11950.0,13.0,10550.0,18.0,7700.0,10.0,2950.0,6.0,12574.285714285714,5481.997376695383,-950.0,13046.42857142857,4656.903241661548,-950.0,11448.214285714286,4873.730834656067,-950.0,11427.036067796058,-1287.6786662853422,-539.3574015107151,0,30,0,0,738.4614816568092,0.9999999998958333
2020-06-07,2020-06-07,5.0,5250.0,0.0,5250.0,6,-0.7818314824680299,0.6234898018587334,6,1.2246467991473532e-16,-1.0,1,0,0,0,9600.0,13.0,5600.0,4.0,7700.0,11.0,4450.0,7.0,12524.285714285714,5557.289078747093,-350.0,12871.42857142857,4912.299879882147,-350.0,11476.785714285714,4833.363259349071,-350.0,10772.374773952128,-5974.742071915827,452.36729796369946,0,36,0,0,1049.999790000042,0.9999999998095237
2020-06-08,2020-06-08,13.0,9700.0,0.0,9700.0,0,0.0,1.0,6,1.2246467991473532e-16,-1.0,0,0,1,0,5250.0,5.0,8820.0,11.0,11750.0,11.0,5950.0,8.0,12650.0,5468.774999942841,880.0,12725.0,4978.408380195426,880.0,11610.714285714286,4725.295153290888,880.0,10142.708822640028,-352.36226509048777,-90.3465575495411,0,0,0,0,746.1537887574009,0.9999999998969071
2020-06-09,2020-06-09,30.0,22400.0,0.0,22400.0,1,0.7818314824680298,0.6234898018587336,6,1.2246467991473532e-16,-1.0,0,0,0,0,9700.0,13.0,12350.0,14.0,20100.0,23.0,15350.0,18.0,14085.714285714286,6582.661207401489,10050.0,12889.285714285714,5269.916747679471,10050.0,11862.5,5104.531483561125,10050.0,9713.305440347618,530.1970948404788,12156.497464811904,0,6,0,0,746.6666417777786,0.9999999999553572
2020-06-10,2020-06-10,14.0,10950.0,0.0,10950.0,2,0.9749279121818236,-0.22252093395631434,6,1.2246467991473532e-16,-1.0,0,0,0,0,22400.0,30.0,18750.0,19.0,14020.0,19.0,10950.0,9.0,12971.42857142857,6316.30543005277,-7800.0,12670.0,5283.103691523067,-7800.0,11862.5,5104.531483561125,-7800.0,9545.59279470153,3434.8600465257173,-2030.4528412272466,0,12,0,0,782.1428012755142,0.9999999999086757
2020-06-11,2020-06-11,11.0,9500.0,0.0,9500.0,3,0.43388373911755823,-0.900968867902419,6,1.2246467991473532e-16,-1.0,0,0,0,0,10950.0,14.0,20950.0,23.0,16500.0,18.0,11000.0,8.0,11335.714285714286,5307.833384545433,-11450.0,12170.0,5223.654777143039,-11450.0,11808.92857142857,5121.760648727859,-11450.0,9519.269105950576,4265.135336496387,-4284.404442446963,0,18,0,0,863.6362851239742,0.9999999998947368
2020-06-12,2020-06-12,5.0,5500.0,0.0,5500.0,4,-0.433883739117558,-0.9009688679024191,6,1.2246467991473532e-16,-1.0,0,1,0,0,9500.0,11.0,11950.0,13.0,14010.0,16.0,10250.0,13.0,10414.285714285714,5726.74386000413,-6450.0,11562.142857142857,5481.828974083282,-6450.0,11639.285714285714,5252.308789384692,-6450.0,9614.976929031636,-1688.6339713272462,-2426.34295770439,0,24,0,0,1099.999780000044,0.9999999998181818
2020-06-13,2020-06-13,18.0,14450.0,0.0,14450.0,5,-0.9749279121818236,-0.2225209339563146,6,1.2246467991473532e-16,-1.0,1,0,0,0,5500.0,5.0,9600.0,13.0,10550.0,18.0,16050.0,21.0,11107.142857142857,5902.50148746475,4850.0,11840.714285714286,5525.358970984766,4850.0,11582.142857142857,5211.086726175735,4850.0,9927.415573342521,-958.8520457365345,5481.4364723940125,0,30,0,0,802.7777331790148,0.9999999999307958
2020-06-14,2020-06-14,6.0,4650.0,0.0,4650.0,6,-0.7818314824680299,0.6234898018587334,6,1.2246467991473532e-16,-1.0,1,0,0,0,14450.0,18.0,5250.0,5.0,5600.0,4.0,3900.0,5.0,11021.42857142857,6005.196162689503,-600.0,11772.857142857143,5613.034868906527,-600.0,11608.92857142857,5171.917288506605,-600.0,10537.113867135073,-5134.816031797592,-752.2978353374801,0,36,0,0,774.9998708333549,0.9999999997849461
2020-06-15,2020-06-15,15.0,14200.0,0.0,14200.0,0,0.0,1.0,6,1.2246467991473532e-16,-1.0,0,0,1,0,4650.0,6.0,9700.0,13.0,8820.0,11.0,5650.0,8.0,11664.285714285714,6080.550570309816,4500.0,12157.142857142857,5579.387102501537,4500.0,11914.285714285714,5058.215487238952,4500.0,11174.083910272995,1345.4038463789323,1680.512243348072,0,0,0,0,946.6666035555598,0.9999999999295774
2020-06-16,2020-06-16,10.0,9800.0,0.0,9800.0,1,0.7818314824680298,0.6234898018587336,6,1.2246467991473532e-16,-1.0,0,0,0,0,14200.0,15.0,22400.0,30.0,12350.0,14.0,4850.0,7.0,9864.285714285714,3816.162370509802,-12600.0,11975.0,5614.121960254823,-12600.0,12091.07142857143,4885.733834934132,-12600.0,11530.375207349529,-173.45527892957554,-1556.919928419953,0,6,0,0,979.9999020000099,0.9999999998979592
2020-06-17,2020-06-17,16.0,17400.0,0.0,17400.0,2,0.9749279121818236,-0.22252093395631434,6,1.2246467991473532e-16,-1.0,0,0,0,0,9800.0,10.0,10950.0,14.0,18750.0,19.0,10000.0,12.0,10785.714285714286,4779.183532581168,6450.0,11878.57142857143,5499.220724014325,6450.0,12355.357142857143,4967.886115876402,6450.0,11580.205167446908,2475.84897415252,3343.9458584005733,0,12,0,0,1087.4999320312543,0.9999999999425288
2020-06-18,2020-06-18,23.0,18050.0,0.0,18050.0,3,0.43388373911755823,-0.900968867902419,6,1.2246467991473532e-16,-1.0,0,0,0,0,17400.0,16.0,9500.0,11.0,20950.0,23.0,18750.0,24.0,12007.142857142857,5442.382181501371,8550.0,11671.42857142857,5176.378087996489,8550.0,12330.357142857143,4936.174468780804,8550.0,11442.897789754512,3333.36809314464,3273.7341171008484,0,18,0,0,784.7825745746707,0.9999999999445983
2020-06-19,2020-06-19,13.0,10900.0,0.0,10900.0,4,-0.433883739117558,-0.9009688679024191,6,1.2246467991473532e-16,-1.0,0,1,0,0,18050.0,23.0,5500.0,5.0,11950.0,13.0,13050.0,17.0,12778.57142857143,4698.125259332788,5400.0,11596.42857142857,5179.637063529663,5400.0,12253.57142857143,4941.285043751063,5400.0,11207.315451736064,-2465.7332087977297,2158.4177570616666,0,24,0,0,838.461473964502,0.9999999999082568
2020-06-20,2020-06-20,7.0,6270.0,0.0,6270.0,5,-0.9749279121818236,-0.2225209339563146,6,1.2246467991473532e-16,-1.0,1,0,0,0,10900.0,13.0,14450.0,18.0,9600.0,13.0,7700.0,10.0,11610.0,5203.255391259059,-8180.0,11358.57142857143,5351.961332996548,-8180.0,12202.5,4997.166326659176,-8180.0,10851.47243613603,-677.7870716152337,-3903.6853645207957,0,30,0,0,895.7141577551203,0.9999999998405104
2020-06-21,2020-06-21,6.0,5000.0,0.0,5000.0,6,-0.7818314824680299,0.6234898018587334,6,1.2246467991473532e-16,-1.0,1,0,0,0,6270.0,7.0,4650.0,6.0,5250.0,5.0,7700.0,11.0,11660.0,5126.340475101753,350.0,11340.714285714286,5374.281296187382,350.0,12106.07142857143,5111.998478007746,350.0,10287.207448112853,-3541.200257257581,-1746.0071908552727,0,36,0,0,833.3331944444676,0.9999999998
2020-06-22,2020-06-22,12.0,11050.0,0.0,11050.0,0,0.0,1.0,6,1.2246467991473532e-16,-1.0,0,0,1,0,5000.0,6.0,14200.0,15.0,9700.0,13.0,11750.0,11.0,11210.0,5002.9857751813015,-3150.0,11437.142857142857,5354.653516868702,-3150.0,12081.07142857143,5115.514773912443,-3150.0,9692.933056205899,2277.9179207157463,-920.8509769216453,0,0,0,0,920.8332565972287,0.9999999999095023
2020-06-23,2020-06-23,18.0,13500.0,0.0,13500.0,1,0.7818314824680298,0.6234898018587336,6,1.2246467991473532e-16,-1.0,0,0,0,0,11050.0,12.0,9800.0,10.0,22400.0,30.0,20100.0,23.0,11738.57142857143,5024.597591089335,3700.0,10801.42857142857,4395.394192776138,3700.0,11845.357142857143,4878.917975172945,3700.0,9293.891264068763,-574.6251777131931,4780.73391364443,0,6,0,0,749.9999583333356,0.9999999999259259
2020-06-24,2020-06-24,10.0,10150.0,0.0,10150.0,2,0.9749279121818236,-0.22252093395631434,6,1.2246467991473532e-16,-1.0,0,0,0,0,13500.0,18.0,17400.0,16.0,10950.0,14.0,14020.0,19.0,10702.857142857143,4367.347456926639,-7250.0,10744.285714285714,4398.513235323814,-7250.0,11707.142857142857,4869.839039961418,-7250.0,9216.89700567707,963.1762916706609,-30.073297347731568,0,12,0,0,1014.9998985000102,0.9999999999014778
2020-06-25,2020-06-25,10.0,8170.0,0.0,8170.0,3,0.43388373911755823,-0.900968867902419,6,1.2246467991473532e-16,-1.0,0,0,0,0,10150.0,10.0,18050.0,23.0,9500.0,11.0,16500.0,18.0,9291.42857142857,2970.1931955762316,-9880.0,10649.285714285714,4441.606542830958,-9880.0,11409.642857142857,4820.387630135358,-9880.0,9279.890730563533,3420.9025065607325,-4530.793237124266,0,18,0,0,816.9999183000082,0.9999999998776009
2020-06-26,2020-06-26,3.0,2600.0,0.0,2600.0,4,-0.433883739117558,-0.9009688679024191,6,1.2246467991473532e-16,-1.0,0,1,0,0,8170.0,10.0,10900.0,13.0,5500.0,5.0,14010.0,16.0,8105.714285714285,3770.0258935576203,-8300.0,10442.142857142857,4756.674951413717,-8300.0,11002.142857142857,5068.326012741153,-8300.0,9254.827934645891,-1627.9640252214347,-5026.863909424456,0,24,0,0,866.666377777874,0.9999999996153847
2020-06-27,2020-06-27,10.0,10200.0,0.0,10200.0,5,-0.9749279121818236,-0.2225209339563146,6,1.2246467991473532e-16,-1.0,1,0,0,0,2600.0,3.0,6270.0,7.0,14450.0,18.0,10550.0,18.0,8667.142857142857,3743.62442153637,3930.0,10138.57142857143,4614.717021314881,3930.0,10989.642857142857,5069.913785623071,3930.0,9158.03200442151,-1020.4944711919154,2062.4624667704065,0,30,0,0,1019.9998980000103,0.9999999999019608
2020-06-28,2020-06-28,13.0,9750.0,0.0,9750.0,6,-0.7818314824680299,0.6234898018587334,6,1.2246467991473532e-16,-1.0,1,0,0,0,10200.0,10.0,5000.0,6.0,4650.0,6.0,5600.0,4.0,9345.714285714286,3381.069146206315,4750.0,10502.857142857143,4341.319240421377,4750.0,11137.857142857143,4966.11507536817,4750.0,9084.682591876423,-2484.190127448833,3149.507535572411,0,36,0,0,749.9999423076968,0.9999999998974358
2020-06-29,2020-06-29,16.0,17050.0,0.0,17050.0,0,0.0,1.0,6,1.2246467991473532e-16,-1.0,0,0,1,0,9750.0,13.0,11050.0,12.0,14200.0,15.0,8820.0,11.0,10202.857142857143,4470.241284635192,6000.0,10706.42857142857,4587.841133227736,6000.0,11431.785714285714,5066.388920436503,6000.0,9117.23667004361,1361.0837375836245,6571.679592372766,0,0,0,0,1065.6249333984415,0.9999999999413489
2020-06-30,2020-06-30,8.0,6050.0,0.0,6050.0,1,0.7818314824680298,0.6234898018587336,6,1.2246467991473532e-16,-1.0,0,0,0,0,17050.0,16.0,13500.0,18.0,9800.0,10.0,12350.0,14.0,9138.57142857143,4441.180130593745,-7450.0,10438.57142857143,4751.3882297587725,-7450.0,11206.785714285714,5163.070471446401,-7450.0,9328.190345292898,-471.8516361153324,-2806.3387091775658,0,6,0,0,756.2499054687619,0.9999999998347107
2020-07-01,2020-07-01,6.0,5300.0,0.0,5300.0,2,0.9749279121818236,-0.22252093395631434,7,-0.4999999999999997,-0.8660254037844388,0,0,0,0,6050.0,8.0,10150.0,10.0,17400.0,16.0,18750.0,19.0,8445.714285714286,4631.33838518575,-4850.0,9574.285714285714,4480.466518096116,-4850.0,10726.42857142857,5059.923300755049,-4850.0,9554.025918891624,129.6064709180083,-4383.6323898096325,0,14,0,0,883.3331861111357,0.9999999998113207
2020-07-02,2020-07-02,19.0,14400.0,0.0,14400.0,3,0.43388373911755823,-0.900968867902419,7,-0.4999999999999997,-0.8660254037844388,0,0,0,0,5300.0,6.0,8170.0,10.0,18050.0,23.0,20950.0,23.0,9335.714285714286,5140.177873520361,6230.0,9313.57142857143,4033.2056483891215,6230.0,10492.5,4709.005261788909,6230.0,9649.091322290564,2675.078572985277,2075.8301047241603,0,21,0,0,757.8946969529106,0.9999999999305555
2020-07-03,2020-07-03,13.0,9220.0,0.0,9220.0,4,-0.433883739117558,-0.9009688679024191,7,-0.4999999999999997,-0.8660254037844388,0,1,0,0,14400.0,19.0,2600.0,3.0,10900.0,13.0,11950.0,13.0,10281.42857142857,4221.206101623172,6620.0,9193.57142857143,4007.28299886184,6620.0,10395.0,4705.971383961736,6620.0,9711.841841770201,-68.97065346183692,-422.87118830836516,0,28,0,0,709.2307146745604,0.9999999998915401
2020-07-04,2020-07-04,6.0,6700.0,0.0,6700.0,5,-0.9749279121818236,-0.2225209339563146,7,-0.4999999999999997,-0.8660254037844388,1,0,0,0,9220.0,13.0,10200.0,10.0,6270.0,7.0,9600.0,13.0,9781.42857142857,4434.363646836002,-3500.0,9224.285714285714,3984.735710347524,-3500.0,10291.42857142857,4755.765089583552,-3500.0,9995.877894582174,-263.9364659104675,-3031.9414286717065,0,35,0,0,1116.6664805555865,0.9999999998507462
2020-07-05,2020-07-05,9.0,9850.0,0.0,9850.0,6,-0.7818314824680299,0.6234898018587334,7,-0.4999999999999997,-0.8660254037844388,1,0,0,0,6700.0,6.0,9750.0,13.0,5000.0,6.0,5250.0,5.0,9795.714285714286,4434.406601199493,100.0,9570.714285714286,3795.567180248602,100.0,10455.714285714286,4653.51434586763,100.0,10597.801133733019,-2177.398097030008,1429.5969632969882,0,42,0,0,1094.4443228395198,0.9999999998984771
2020-07-06,2020-07-06,10.0,11200.0,0.0,11200.0,0,0.0,1.0,7,-0.4999999999999997,-0.8660254037844388,0,0,1,0,9850.0,9.0,17050.0,16.0,11050.0,12.0,9700.0,13.0,8960.0,3225.993387056621,-5850.0,9581.42857142857,3800.272980362704,-5850.0,10509.285714285714,4653.12633141254,-5850.0,11350.577998230221,-165.15819141949484,14.580193189272904,0,0,0,0,1119.9998880000112,0.9999999999107143
2020-07-07,2020-07-07,12.0,10550.0,0.0,10550.0,1,0.7818314824680298,0.6234898018587336,7,-0.4999999999999997,-0.8660254037844388,0,0,0,0,11200.0,10.0,6050.0,8.0,13500.0,18.0,22400.0,30.0,9602.857142857143,2989.1287152262626,4500.0,9370.714285714286,3644.8941406717704,4500.0,10086.07142857143,4028.556711763439,4500.0,11967.853115504777,-444.77555569062014,-973.0775598141572,0,7,0,0,879.166593402784,0.9999999999052133
2020-07-08,2020-07-08,11.0,12370.0,0.0,12370.0,2,0.9749279121818236,-0.22252093395631434,7,-0.4999999999999997,-0.8660254037844388,0,0,0,0,10550.0,12.0,5300.0,6.0,10150.0,10.0,10950.0,14.0,10612.857142857143,2436.2246358228604,7070.0,9529.285714285714,3728.731407876949,7070.0,10136.785714285714,4048.7227556824664,7070.0,12405.773406725513,88.80562060658426,-124.57902733209812,0,14,0,0,1124.5453523140588,0.9999999999191592
2020-07-09,2020-07-09,20.0,23900.0,0.0,23900.0,3,0.43388373911755823,-0.900968867902419,7,-0.4999999999999997,-0.8660254037844388,0,0,0,0,12370.0,11.0,14400.0,19.0,8170.0,10.0,9500.0,11.0,11970.0,5551.636395394285,9500.0,10652.857142857143,5318.622477196998,9500.0,10651.07142857143,4808.183871573258,9500.0,12830.386445383752,2109.2314719386804,8960.382082677566,0,21,0,0,1194.999940250003,0.999999999958159
2020-07-10,2020-07-10,15.0,16900.0,0.0,16900.0,4,-0.433883739117558,-0.9009688679024191,7,-0.4999999999999997,-0.8660254037844388,0,1,0,0,23900.0,20.0,9220.0,13.0,2600.0,3.0,5500.0,5.0,13067.142857142857,5675.096810586019,7680.0,11674.285714285714,5017.757259183428,7680.0,11058.214285714286,4838.415759677141,7680.0,13203.602808942072,1616.4247713539198,2079.9724197040086,0,28,0,0,1126.6665915555607,0.9999999999408283
2020-07-11,2020-07-11,23.0,16370.0,0.0,16370.0,5,-0.9749279121818236,-0.2225209339563146,7,-0.4999999999999997,-0.8660254037844388,1,0,0,0,16900.0,15.0,6700.0,6.0,10200.0,10.0,14450.0,18.0,14448.57142857143,5004.169689939992,9670.0,12115.0,5147.587560431367,9670.0,11126.785714285714,4901.460140400671,9670.0,13441.278058355681,-186.50673345581652,3115.228675100134,0,35,0,0,711.7390994896043,0.9999999999389126
2020-07-12,2020-07-12,9.0,7050.0,0.0,7050.0,6,-0.7818314824680299,0.6234898018587334,7,-0.4999999999999997,-0.8660254037844388,1,0,0,0,16370.0,23.0,9850.0,9.0,9750.0,13.0,4650.0,6.0,14048.57142857143,5518.48840586932,-2800.0,11922.142857142857,5291.574113003299,-2800.0,11212.5,4804.018861559796,-2800.0,13575.480575570848,-1784.1251598387505,-4741.355415732098,0,42,0,0,783.333246296306,0.999999999858156
2020-07-13,2020-07-13,12.0,9850.0,0.0,9850.0,0,0.0,1.0,7,-0.4999999999999997,-0.8660254037844388,0,0,1,0,7050.0,9.0,11200.0,10.0,17050.0,16.0,14200.0,15.0,13855.714285714286,5656.494371200982,-1350.0,11407.857142857143,5101.325888842614,-1350.0,11057.142857142857,4774.071836992188,-1350.0,13536.007431804022,-2577.764616428561,-1108.2428153754609,0,0,0,0,820.8332649305613,0.9999999998984771
2020-07-14,2020-07-14,19.0,16700.0,0.0,16700.0,1,0.7818314824680298,0.6234898018587336,7,-0.4999999999999997,-0.8660254037844388,0,0,0,0,9850.0,12.0,10550.0,12.0,6050.0,8.0,9800.0,10.0,14734.285714285714,5533.753569813929,6150.0,12168.57142857143,5034.5297804154625,6150.0,11303.57142857143,4883.60311297708,6150.0,13305.318464074728,-702.7257031474577,4097.407239072731,0,7,0,0,878.9473221606672,0.9999999999401198
2020-07-15,2020-07-15,18.0,15220.0,0.0,15220.0,2,0.9749279121818236,-0.22252093395631434,7,-0.4999999999999997,-0.8660254037844388,0,0,0,0,16700.0,19.0,12370.0,11.0,5300.0,6.0,17400.0,16.0,15141.42857142857,5434.769018616534,2850.0,12877.142857142857,4678.997967302617,2850.0,11225.714285714286,4799.46326364185,2850.0,12995.783950239918,1251.0784756450078,973.1375741150732,0,14,0,0,845.5555085802495,0.999999999934297
2020-07-16,2020-07-16,14.0,11050.0,0.0,11050.0,3,0.43388373911755823,-0.900968867902419,7,-0.4999999999999997,-0.8660254037844388,0,0,0,0,15220.0,18.0,23900.0,20.0,14400.0,19.0,18050.0,23.0,13305.714285714286,3950.91912151612,-12850.0,12637.857142857143,4680.787538227091,-12850.0,10975.714285714286,4609.37404649798,-12850.0,12722.342909718609,1865.9531638926917,-3538.2960736113,0,21,0,0,789.2856579081673,0.9999999999095023
2020-07-17,2020-07-17,1.0,200.0,0.0,200.0,4,-0.433883739117558,-0.9009688679024191,7,-0.4999999999999997,-0.8660254037844388,0,1,0,0,11050.0,14.0,16900.0,15.0,9220.0,13.0,10900.0,13.0,10920.0,5953.40238855058,-16700.0,11993.57142857143,5697.73316212801,-16700.0,10593.57142857143,5039.3718114432,-16700.0,12520.053988756476,3109.0161262528786,-15429.070115009354,0,28,0,0,199.99980000020003,0.999999995
2020-07-18,2020-07-18,15.0,13010.0,0.0,13010.0,5,-0.9749279121818236,-0.2225209339563146,7,-0.4999999999999997,-0.8660254037844388,1,0,0,0,200.0,1.0,16370.0,23.0,6700.0,6.0,6270.0,7.0,10440.0,5563.434191216766,-3360.0,12444.285714285714,5492.661837937424,-3360.0,10834.285714285714,4985.890037987153,-3360.0,12412.168648180097,-1010.3169513145773,1608.1483031344796,0,35,0,0,867.3332755111151,0.999999999923136
2020-07-19,2020-07-19,13.0,10405.0,0.0,10405.0,6,-0.7818314824680299,0.6234898018587334,7,-0.4999999999999997,-0.8660254037844388,1,0,0,0,13010.0,15.0,7050.0,9.0,9850.0,9.0,5000.0,6.0,10919.285714285714,5363.641819829911,3355.0,12483.92857142857,5474.47018109847,3355.0,11027.32142857143,4854.542447475218,3355.0,12303.467756577074,-965.4565089092495,-933.0112476678241,0,42,0,0,800.3845538165729,0.9999999999038923
2020-07-20,2020-07-20,11.0,7800.0,0.0,7800.0,0,0.0,1.0,7,-0.4999999999999997,-0.8660254037844388,0,0,1,0,10405.0,13.0,9850.0,12.0,11200.0,10.0,11050.0,12.0,10626.42857142857,5486.318372616925,-2050.0,12241.07142857143,5609.5571532915155,-2050.0,10911.25,4892.683809639774,-2050.0,12207.214399923108,-2950.1863650754826,-1457.0280348476263,0,0,0,0,709.0908446281051,0.9999999998717948
2020-07-21,2020-07-21,13.0,11000.0,0.0,11000.0,1,0.7818314824680298,0.6234898018587336,7,-0.4999999999999997,-0.8660254037844388,0,0,0,0,7800.0,11.0,16700.0,19.0,10550.0,12.0,13500.0,18.0,9812.142857142857,4816.776115085366,-5700.0,12273.214285714286,5600.403696693134,-5700.0,10821.964285714286,4866.43308786603,-5700.0,12261.680308029492,-1197.6930081450398,-63.98729988445302,0,7,0,0,846.1537810650938,0.9999999999090908
2020-07-22,2020-07-22,1.0,300.0,0.0,300.0,2,0.9749279121818236,-0.22252093395631434,7,-0.4999999999999997,-0.8660254037844388,0,0,0,0,11000.0,13.0,15220.0,18.0,12370.0,11.0,10150.0,10.0,7680.714285714285,5301.619586324062,-14920.0,11411.07142857143,6449.097783820213,-14920.0,10470.17857142857,5257.142316629982,-14920.0,12423.39331577054,794.2020491367424,-12917.595364907282,0,14,0,0,299.99970000030004,0.9999999966666667
2020-07-23,2020-07-23,16.0,15700.0,0.0,15700.0,3,0.43388373911755823,-0.900968867902419,7,-0.4999999999999997,-0.8660254037844388,0,0,0,0,300.0,1.0,11050.0,14.0,23900.0,20.0,8170.0,10.0,8345.0,6034.773538971149,4650.0,10825.357142857143,5535.201498759391,4650.0,10739.107142857143,5327.2496645168885,4650.0,12657.032797327207,1248.4334722468861,1794.5337304259065,0,21,0,0,981.2499386718788,0.9999999999363057
2020-07-24,2020-07-24,19.0,15800.0,0.0,15800.0,4,-0.433883739117558,-0.9009688679024191,7,-0.4999999999999997,-0.8660254037844388,0,1,0,0,15700.0,16.0,200.0,1.0,16900.0,15.0,2600.0,3.0,10573.57142857143,5369.376681923209,15600.0,10746.785714285714,5449.483252546088,15600.0,11210.535714285714,5161.802789308629,15600.0,12993.713214687827,3906.9609547854775,-1100.6741694733046,0,28,0,0,831.5789036011103,0.9999999999367088
2020-07-25,2020-07-25,13.0,8650.0,0.0,8650.0,5,-0.9749279121818236,-0.2225209339563146,7,-0.4999999999999997,-0.8660254037844388,1,0,0,0,15800.0,19.0,13010.0,15.0,16370.0,23.0,10200.0,10.0,9950.714285714286,5291.9675205064295,-4360.0,10195.357142857143,5222.571008570446,-4360.0,11155.17857142857,5181.316056567326,-4360.0,13340.183140304047,-1972.2934309494033,-2717.889709354644,0,35,0,0,665.3845642011875,0.999999999884393
2020-07-26,2020-07-26,19.5,16460.0,0.0,16460.0,6,-0.7818314824680299,0.6234898018587334,7,-0.4999999999999997,-0.8660254037844388,1,0,0,0,8650.0,13.0,10405.0,13.0,7050.0,9.0,9750.0,13.0,10815.714285714286,5844.603941936099,6055.0,10867.5,5389.490039383639,6055.0,11394.82142857143,5268.359693094252,6055.0,13635.378527627905,1036.0371083992172,1788.5843639728773,0,42,0,0,844.1025208152553,0.9999999999392466
2020-07-27,2020-07-27,26.0,24270.0,0.0,24270.0,0,0.0,1.0,7,-0.4999999999999997,-0.8660254037844388,0,0,1,0,16460.0,19.5,7800.0,11.0,9850.0,12.0,17050.0,16.0,13168.57142857143,7506.975486331413,16470.0,11897.5,6453.0549563157165,16470.0,11652.67857142857,5713.301646830141,16470.0,13826.16475663968,-1232.490263715817,11676.325507076135,0,0,0,0,933.4615025591729,0.9999999999587968
2020-07-28,2020-07-28,10.0,10450.0,0.0,10450.0,1,0.7818314824680298,0.6234898018587336,7,-0.4999999999999997,-0.8660254037844388,0,0,0,0,24270.0,26.0,11000.0,13.0,16700.0,19.0,6050.0,8.0,13090.0,7536.27671112642,-550.0,11451.07142857143,6309.858031613782,-550.0,11809.82142857143,5613.126230367741,-550.0,13932.660766849249,-3696.4205220588374,213.75975520958855,0,7,0,0,1044.9998955000106,0.9999999999043062
2020-07-29,2020-07-29,15.0,16500.0,0.0,16500.0,2,0.9749279121818236,-0.22252093395631434,7,-0.4999999999999997,-0.8660254037844388,0,0,0,0,10450.0,10.0,300.0,1.0,15220.0,18.0,5300.0,6.0,15404.285714285714,5022.040943490512,16200.0,11542.5,6377.579945523108,16200.0,12209.82142857143,5530.501364008658,16200.0,13929.522691516362,-788.7226757376471,3359.1999842212863,0,14,0,0,1099.9999266666716,0.9999999999393939
2020-07-30,2020-07-30,12.0,14800.0,0.0,14800.0,3,0.43388373911755823,-0.900968867902419,7,-0.4999999999999997,-0.8660254037844388,0,0,0,0,16500.0,15.0,15700.0,16.0,11050.0,14.0,14400.0,19.0,15275.714285714286,5024.728374558676,-900.0,11810.357142857143,6433.805688072045,-900.0,12224.107142857143,5536.881234315045,-900.0,13779.858214038155,2554.126105244535,-1533.9843192826902,0,21,0,0,1233.3332305555641,0.9999999999324324
2020-07-31,2020-07-31,28.0,20250.0,0.0,20250.0,4,-0.433883739117558,-0.9009688679024191,7,-0.4999999999999997,-0.8660254037844388,0,1,0,0,14800.0,12.0,15800.0,19.0,200.0,1.0,9220.0,13.0,15911.42857142857,5371.639813475409,4450.0,13242.5,5856.179100219374,4450.0,12618.035714285714,5705.052072227337,4450.0,13360.010931610266,3459.6901234333404,3430.298944956392,0,28,0,0,723.214259885205,0.9999999999506173
2020-08-01,2020-08-01,11.0,8850.0,0.0,8850.0,5,-0.9749279121818236,-0.2225209339563146,8,-0.8660254037844384,-0.5000000000000004,1,0,0,0,20250.0,28.0,8650.0,13.0,13010.0,15.0,6700.0,6.0,15940.0,5326.925317041077,200.0,12945.357142857143,5973.2527101706055,200.0,12694.82142857143,5636.506581954174,200.0,12901.864540185039,-2848.685088539633,-1203.1794516454065,0,40,0,0,804.5453814049654,0.9999999998870056
2020-08-02,2020-08-02,8.0,4700.0,0.0,4700.0,6,-0.7818314824680299,0.6234898018587334,8,-0.8660254037844384,-0.5000000000000004,1,0,0,0,8850.0,11.0,16460.0,19.5,10405.0,13.0,9850.0,9.0,14260.0,6789.295496097746,-11760.0,12537.857142857143,6343.04243739843,-11760.0,12510.892857142857,5814.007678391177,-11760.0,12550.878486612557,2383.00404027839,-10233.882526890948,0,48,0,0,587.4999265625092,0.999999999787234
2020-08-03,2020-08-03,12.0,12250.0,0.0,12250.0,0,0.0,1.0,8,-0.8660254037844384,-0.5000000000000004,0,0,1,0,4700.0,8.0,24270.0,26.0,7800.0,11.0,11200.0,10.0,12542.857142857143,5160.218710757996,-12020.0,12855.714285714286,6197.180145698671,-12020.0,12548.392857142857,5808.62306842665,-12020.0,12312.126885161748,1510.201939961172,-1572.3288251229205,0,0,0,0,1020.833248263896,0.9999999999183673
2020-08-04,2020-08-04,19.0,18750.0,0.0,18750.0,1,0.7818314824680298,0.6234898018587336,8,-0.8660254037844384,-0.5000000000000004,0,0,0,0,12250.0,12.0,10450.0,10.0,11000.0,13.0,10550.0,12.0,13728.57142857143,5538.866997775574,8300.0,13409.285714285714,6362.596789997615,8300.0,12841.25,5909.965473515744,8300.0,12106.689357829406,-4392.610384912915,11035.921027083508,0,8,0,0,986.8420533241024,0.9999999999466667
2020-08-05,2020-08-05,6.0,5750.0,0.0,5750.0,2,0.9749279121818236,-0.22252093395631434,8,-0.8660254037844384,-0.5000000000000004,0,0,0,0,18750.0,19.0,16500.0,15.0,300.0,1.0,12370.0,11.0,12192.857142857143,6103.853193641175,-10750.0,13798.57142857143,5622.50950971301,-10750.0,12604.82142857143,6060.027729147974,-10750.0,11910.469951256508,-3037.3082697123,-3123.1616815442085,0,16,0,0,958.3331736111377,0.9999999998260869
2020-08-06,2020-08-06,16.0,16450.0,0.0,16450.0,3,0.43388373911755823,-0.900968867902419,8,-0.8660254037844384,-0.5000000000000004,0,0,0,0,5750.0,6.0,14800.0,12.0,15700.0,16.0,23900.0,20.0,12428.57142857143,6251.390321550936,1650.0,13852.142857142857,5645.54579847134,1650.0,12338.75,5698.500066619224,1650.0,11724.654133392156,2903.803943263613,1821.5419233442317,0,24,0,0,1028.1249357421914,0.9999999999392097
2020-08-07,2020-08-07,11.0,13150.0,0.0,13150.0,4,-0.433883739117558,-0.9009688679024191,8,-0.8660254037844384,-0.5000000000000004,0,1,0,0,16450.0,16.0,20250.0,28.0,15800.0,19.0,16900.0,15.0,11414.285714285714,5269.781327350784,-7100.0,13662.857142857143,5619.578999521954,-7100.0,12204.82142857143,5630.9964716049635,-7100.0,11665.936741058884,1936.480069828504,-452.4168108873873,0,32,0,0,1195.4544367768694,0.9999999999239544
2020-08-08,2020-08-08,12.0,13450.0,0.0,13450.0,5,-0.9749279121818236,-0.2225209339563146,8,-0.8660254037844384,-0.5000000000000004,1,0,0,0,13150.0,11.0,8850.0,11.0,8650.0,13.0,16370.0,23.0,12071.42857142857,5182.812713097723,4600.0,14005.714285714286,5433.560547171647,4600.0,12100.535714285714,5577.788347591646,4600.0,11544.972042986157,-3429.8744391565256,5334.90239617037,0,40,0,0,1120.8332399305634,0.9999999999256506
2020-08-09,2020-08-09,16.5,15150.0,0.0,15150.0,6,-0.7818314824680299,0.6234898018587334,8,-0.8660254037844384,-0.5000000000000004,1,0,0,0,13450.0,12.0,4700.0,8.0,16460.0,19.5,7050.0,9.0,13564.285714285714,4096.921027401149,10450.0,13912.142857142857,5399.215297075665,10450.0,12389.82142857143,5515.85131304969,10450.0,11263.080723671674,3095.477009858938,791.4422664693884,0,48,0,0,918.1817625344386,0.9999999999339934
2020-08-10,2020-08-10,21.0,16850.0,0.0,16850.0,0,0.0,1.0,8,-0.8660254037844384,-0.5000000000000004,0,0,1,0,15150.0,16.5,12250.0,12.0,24270.0,26.0,9850.0,12.0,14221.42857142857,4218.1015815625815,4600.0,13382.142857142857,4610.882075751186,4600.0,12639.82142857143,5554.968160415282,4600.0,10787.850285959757,5104.410928192683,957.7387858475595,0,0,0,0,802.3809141723374,0.9999999999406528
2020-08-11,2020-08-11,1.0,450.0,0.0,450.0,1,0.7818314824680298,0.6234898018587336,8,-0.8660254037844384,-0.5000000000000004,0,0,0,0,16850.0,21.0,18750.0,19.0,10450.0,10.0,16700.0,19.0,11607.142857142857,6165.186437531598,-18300.0,12667.857142857143,5737.079367616394,-18300.0,12059.464285714286,5949.892675547109,-18300.0,10198.255601063687,-4413.524439292999,-5334.731161770688,0,8,0,0,449.99955000045003,0.9999999977777778
2020-08-12,2020-08-12,20.0,16350.0,0.0,16350.0,2,0.9749279121818236,-0.22252093395631434,8,-0.8660254037844384,-0.5000000000000004,0,0,0,0,450.0,1.0,5750.0,6.0,16500.0,15.0,15220.0,18.0,13121.42857142857,5776.306283925227,10600.0,12657.142857142857,5729.50719933685,10600.0,12099.82142857143,5975.899511113892,10600.0,9577.993795074124,-4224.259185811947,10996.265390737824,0,16,0,0,817.499959125002,0.9999999999388379
2020-08-13,2020-08-13,18.0,12850.0,0.0,12850.0,3,0.43388373911755823,-0.900968867902419,8,-0.8660254037844384,-0.5000000000000004,0,0,0,0,16350.0,20.0,16450.0,16.0,14800.0,12.0,11050.0,14.0,12607.142857142857,5587.741685408955,-3600.0,12517.857142857143,5697.017004297319,-3600.0,12164.107142857143,5973.869186897999,-3600.0,9010.37274108372,2040.4472258498738,1799.1800330664064,0,24,0,0,713.8888492283972,0.9999999999221789
2020-08-14,2020-08-14,8.0,8100.0,0.0,8100.0,4,-0.433883739117558,-0.9009688679024191,8,-0.8660254037844384,-0.5000000000000004,0,1,0,0,12850.0,18.0,13150.0,11.0,20250.0,28.0,200.0,1.0,11885.714285714286,5826.856949055954,-5050.0,11650.0,5342.968060199102,-5050.0,12446.25,5560.110015065318,-5050.0,8519.206696624524,43.677536556479566,-462.88423318100376,0,32,0,0,1012.4998734375159,0.9999999998765432
2020-08-15,2020-08-15,2.0,1800.0,0.0,1800.0,5,-0.9749279121818236,-0.2225209339563146,8,-0.8660254037844384,-0.5000000000000004,1,0,0,0,8100.0,8.0,13450.0,12.0,8850.0,11.0,13010.0,15.0,10221.42857142857,6875.067099239639,-11650.0,11146.42857142857,5927.428560569871,-11650.0,12045.892857142857,5910.558827620443,-11650.0,8187.195701371235,-3289.045868155294,-3098.1498332159417,0,40,0,0,899.999550000225,0.9999999994444444
2020-08-16,2020-08-16,8.5,9475.0,0.0,9475.0,6,-0.7818314824680299,0.6234898018587334,8,-0.8660254037844384,-0.5000000000000004,1,0,0,0,1800.0,2.0,15150.0,16.5,4700.0,8.0,10405.0,13.0,9410.714285714286,6522.586672843958,-5675.0,11487.5,5659.273788013121,-5675.0,12012.67857142857,5922.721859600577,-5675.0,8026.3063332143265,3156.0649757297233,-1707.3713089440498,0,48,0,0,1114.7057512110882,0.9999999998944591
2020-08-17,2020-08-17,15.0,17150.0,0.0,17150.0,0,0.0,1.0,8,-0.8660254037844384,-0.5000000000000004,0,0,1,0,9475.0,8.5,16850.0,21.0,12250.0,12.0,7800.0,11.0,9453.57142857143,6580.343655087273,300.0,11837.5,5858.087358515581,300.0,12346.607142857143,5939.96602646031,300.0,8048.117015399442,8100.931016259676,1000.9519683408826,0,0,0,0,1143.3332571111162,0.999999999941691
2020-08-18,2020-08-18,8.0,6920.0,0.0,6920.0,1,0.7818314824680298,0.6234898018587336,8,-0.8660254037844384,-0.5000000000000004,0,0,0,0,17150.0,15.0,450.0,1.0,18750.0,19.0,11000.0,13.0,10377.857142857143,5464.736847234598,6470.0,10992.5,5633.186265338656,6470.0,12200.892857142857,6023.677056781146,6470.0,8288.48687075371,-4132.84981502532,2764.36294427161,0,8,0,0,864.9998918750136,0.9999999998554913
2020-08-19,2020-08-19,4.0,1750.0,0.0,1750.0,2,0.9749279121818236,-0.22252093395631434,8,-0.8660254037844384,-0.5000000000000004,0,0,0,0,6920.0,8.0,16350.0,20.0,5750.0,6.0,300.0,1.0,8292.142857142857,5590.201142134645,-14600.0,10706.785714285714,6008.477218814353,-14600.0,12252.67857142857,5922.966361755468,-14600.0,8791.825717701331,-3889.9454716469113,-3151.8802460544193,0,16,0,0,437.4998906250273,0.9999999994285713
2020-08-20,2020-08-20,8.0,8750.0,0.0,8750.0,3,0.43388373911755823,-0.900968867902419,8,-0.8660254037844384,-0.5000000000000004,0,0,0,0,1750.0,4.0,12850.0,18.0,16450.0,16.0,15700.0,16.0,7706.428571428572,5236.6693567935545,-4100.0,10156.785714285714,5790.794288265736,-4100.0,12004.464285714286,5918.774169145495,-4100.0,9464.230992847375,117.99352880425593,-832.2245216516312,0,24,0,0,1093.7498632812672,0.9999999998857142
2020-08-21,2020-08-21,8.0,6050.0,0.0,6050.0,4,-0.433883739117558,-0.9009688679024191,8,-0.8660254037844384,-0.5000000000000004,0,1,0,0,8750.0,8.0,8100.0,8.0,13150.0,11.0,15800.0,19.0,7413.571428571428,5268.218163577443,-2050.0,9649.642857142857,5819.321419694428,-2050.0,11656.25,5973.755662308512,-2050.0,10151.386301508888,-910.7634778606853,-3190.622823648203,0,32,0,0,756.2499054687619,0.9999999998347107
2020-08-22,2020-08-22,9.0,6800.0,0.0,6800.0,5,-0.9749279121818236,-0.2225209339563146,8,-0.8660254037844384,-0.5000000000000004,1,0,0,0,6050.0,8.0,1800.0,2.0,13450.0,12.0,8650.0,13.0,8127.857142857143,4687.1738616701095,5000.0,9174.642857142857,5756.317754728858,5000.0,11590.17857142857,6018.301791071361,5000.0,10754.934093996795,-4091.9472046526876,137.0131106558929,0,40,0,0,755.5554716049477,0.9999999998529411
2020-08-23,2020-08-23,15.5,15800.0,0.0,15800.0,6,-0.7818314824680299,0.6234898018587334,8,-0.8660254037844384,-0.5000000000000004,1,0,0,0,6800.0,9.0,9475.0,8.5,15150.0,16.5,16460.0,19.5,9031.42857142857,5524.93568159069,6325.0,9221.07142857143,5810.585889488337,6325.0,11566.607142857143,5999.7861155660985,6325.0,11372.71877506197,2352.12060522427,2075.160619713759,0,48,0,0,1019.3547729448534,0.9999999999367088
2020-08-24,2020-08-24,22.0,24800.0,0.0,24800.0,0,0.0,1.0,8,-0.8660254037844384,-0.5000000000000004,0,0,1,0,15800.0,15.5,17150.0,15.0,16850.0,21.0,24270.0,26.0,10124.285714285714,7719.30233709163,7650.0,9788.92857142857,6899.865154360028,7650.0,11585.535714285714,6042.035366418147,7650.0,12088.262016036124,8795.196283583246,3916.5417003806306,0,0,0,0,1127.2726760330602,0.9999999999596774
2020-08-25,2020-08-25,11.0,9750.0,0.0,9750.0,1,0.7818314824680298,0.6234898018587336,8,-0.8660254037844384,-0.5000000000000004,0,0,0,0,24800.0,22.0,6920.0,8.0,450.0,1.0,10450.0,10.0,10528.57142857143,7596.6471300862295,2830.0,10453.214285714286,6357.998477733164,2830.0,11560.535714285714,6048.352750846903,2830.0,12783.542483903915,-1648.3532925703962,-1385.1891913335185,0,8,0,0,886.3635557851313,0.9999999998974358
2020-08-26,2020-08-26,13.0,12650.0,0.0,12650.0,2,0.9749279121818236,-0.22252093395631434,8,-0.8660254037844384,-0.5000000000000004,0,0,0,0,9750.0,11.0,1750.0,4.0,16350.0,20.0,16500.0,15.0,12085.714285714286,6541.133584588251,10900.0,10188.92857142857,6168.092891452146,10900.0,11423.035714285714,5975.222503107334,10900.0,13238.598050330369,-1229.8236742600257,641.2256239296566,0,16,0,0,973.0768482248579,0.9999999999209486
2020-08-27,2020-08-27,10.0,10500.0,0.0,10500.0,3,0.43388373911755823,-0.900968867902419,8,-0.8660254037844384,-0.5000000000000004,0,0,0,0,12650.0,13.0,8750.0,8.0,12850.0,18.0,14800.0,12.0,12335.714285714286,6424.803128353041,1750.0,10021.07142857143,6121.907752732567,1750.0,11269.464285714286,5940.371658669325,1750.0,13432.423828406585,-1968.1806081154023,-964.2432202911823,0,24,0,0,1049.9998950000106,0.9999999999047618
2020-08-28,2020-08-28,18.0,13650.0,0.0,13650.0,4,-0.433883739117558,-0.9009688679024191,8,-0.8660254037844384,-0.5000000000000004,0,1,0,0,10500.0,10.0,6050.0,8.0,8100.0,8.0,20250.0,28.0,13421.42857142857,5797.043581491697,7600.0,10417.5,6167.465739981555,7600.0,11033.75,5696.775017661476,7600.0,13412.459833334733,-1940.4502386105196,2177.9904052757865,0,32,0,0,758.333291203706,0.9999999999267399
2020-08-29,2020-08-29,11.0,10550.0,0.0,10550.0,5,-0.9749279121818236,-0.2225209339563146,8,-0.8660254037844384,-0.5000000000000004,1,0,0,0,13650.0,18.0,6800.0,9.0,1800.0,2.0,8850.0,11.0,13957.142857142857,5228.5616705607445,3750.0,11042.5,5648.531037766851,3750.0,11094.464285714286,5681.678374109666,3750.0,13246.481226420537,-4795.528874786119,2099.047648365582,0,40,0,0,959.0908219008344,0.9999999999052133
2020-08-30,2020-08-30,15.0,14250.0,0.0,14250.0,6,-0.7818314824680299,0.6234898018587334,8,-0.8660254037844384,-0.5000000000000004,1,0,0,0,10550.0,11.0,15800.0,15.5,9475.0,8.5,4700.0,8.0,13735.714285714286,5170.002763193496,-1550.0,11383.57142857143,5690.607115296171,-1550.0,11435.535714285714,5569.130083555796,-1550.0,13021.137179204525,1036.6538201978456,192.2090005976297,0,48,0,0,949.9999366666709,0.9999999999298246
2020-08-31,2020-08-31,19.0,17950.0,0.0,17950.0,0,0.0,1.0,8,-0.8660254037844384,-0.5000000000000004,0,0,1,0,14250.0,15.0,24800.0,22.0,17150.0,15.0,12250.0,12.0,12757.142857142857,2858.0921042174737,-6850.0,11440.714285714286,5756.599509440273,-6850.0,11639.107142857143,5702.582919261959,-6850.0,12689.258332223584,8841.446272176338,-3580.7046043999217,0,0,0,0,944.7367923822741,0.9999999999442897
2020-09-01,2020-09-01,17.0,12750.0,0.0,12750.0,1,0.7818314824680298,0.6234898018587336,9,-1.0,-1.8369701987210297e-16,0,0,0,0,17950.0,19.0,9750.0,11.0,6920.0,8.0,18750.0,19.0,13185.714285714286,2539.1459006448804,3000.0,11857.142857142857,5613.509019898658,3000.0,11424.82142857143,5535.77179906973,3000.0,12235.383166009597,-1303.506192699577,1818.1230266899802,0,9,0,0,749.9999558823555,0.9999999999215686
2020-09-02,2020-09-02,19.0,16350.0,0.0,16350.0,2,0.9749279121818236,-0.22252093395631434,9,-1.0,-1.8369701987210297e-16,0,0,0,0,12750.0,17.0,12650.0,13.0,1750.0,4.0,5750.0,6.0,13714.285714285714,2782.4920313923108,3700.0,12900.0,4902.55035670212,3700.0,11803.392857142857,5495.620150624234,3700.0,11743.8568062089,2684.2818733305635,1921.8613204605372,0,18,0,0,860.5262704986174,0.9999999999388379
2020-09-03,2020-09-03,8.0,5800.0,0.0,5800.0,3,0.43388373911755823,-0.900968867902419,9,-1.0,-1.8369701987210297e-16,0,0,0,0,16350.0,19.0,10500.0,10.0,8750.0,8.0,16450.0,16.0,13042.857142857143,3991.702703883428,-4700.0,12689.285714285714,5151.705414842619,-4700.0,11423.035714285714,5530.550394431279,-4700.0,11280.185177846444,-2317.7021814917666,-3162.482996354678,0,27,0,0,724.9999093750114,0.9999999998275861
2020-09-04,2020-09-04,16.0,9900.0,0.0,9900.0,4,-0.433883739117558,-0.9009688679024191,9,-1.0,-1.8369701987210297e-16,0,1,0,0,5800.0,8.0,13650.0,18.0,6050.0,8.0,13150.0,11.0,12507.142857142857,4145.321516624525,-3750.0,12964.285714285714,4864.804074299268,-3750.0,11306.964285714286,5527.066956969624,-3750.0,10946.40399420212,-3145.071437102792,2098.6674429006707,0,36,0,0,618.7499613281274,0.9999999998989899
2020-09-05,2020-09-05,1.0,400.0,0.0,400.0,5,-0.9749279121818236,-0.2225209339563146,9,-1.0,-1.8369701987210297e-16,1,0,0,0,9900.0,16.0,10550.0,11.0,6800.0,9.0,13450.0,12.0,11057.142857142857,6206.678430759636,-10150.0,12507.142857142857,5715.022617320389,-10150.0,10840.892857142857,5878.6988440645955,-10150.0,10717.021390075974,-5054.140501029629,-5262.880889046344,0,45,0,0,399.99960000040005,0.9999999975
2020-09-06,2020-09-06,9.5,9775.0,0.0,9775.0,6,-0.7818314824680299,0.6234898018587334,9,-1.0,-1.8369701987210297e-16,1,0,0,0,400.0,1.0,14250.0,15.0,15800.0,15.5,15150.0,16.5,10417.857142857143,6051.527257053122,-4475.0,12076.785714285714,5674.694707865137,-4475.0,10648.92857142857,5820.24441976625,-4475.0,10475.018906919864,-1166.9336387124004,466.91473179253626,0,54,0,0,1028.9472601108148,0.9999999998976982
2020-09-07,2020-09-07,18.0,19150.0,0.0,19150.0,0,0.0,1.0,9,-1.0,-1.8369701987210297e-16,0,0,1,0,9775.0,9.5,17950.0,19.0,24800.0,22.0,16850.0,21.0,10589.285714285714,6311.85817104823,1200.0,11673.214285714286,4839.724089061466,1200.0,10731.07142857143,5926.268008892913,1200.0,10272.60197751076,8898.919380678866,-21.52135818962597,0,0,0,0,1063.888829783954,0.9999999999477807
2020-09-08,2020-09-08,27.0,21500.0,0.0,21500.0,1,0.7818314824680298,0.6234898018587336,9,-1.0,-1.8369701987210297e-16,0,0,0,0,19150.0,18.0,12750.0,17.0,9750.0,11.0,450.0,1.0,11839.285714285714,7555.073586985216,8750.0,12512.5,5459.6663570926485,8750.0,11482.857142857143,5908.881956752566,8750.0,10153.144829006607,-1291.7235800503636,12638.578751043755,0,9,0,0,796.296266803842,0.9999999999534883
2020-09-09,2020-09-09,15.0,15450.0,0.0,15450.0,2,0.9749279121818236,-0.22252093395631434,9,-1.0,-1.8369701987210297e-16,0,0,0,0,21500.0,27.0,16350.0,19.0,12650.0,13.0,16350.0,20.0,11710.714285714286,7472.726202983865,-900.0,12712.5,5516.084435539406,-900.0,11450.714285714286,5883.82004821599,-900.0,10102.451837858516,4911.016834567576,436.53132757390813,0,18,0,0,1029.999931333338,0.9999999999352751
2020-09-10,2020-09-10,10.0,9650.0,0.0,9650.0,3,0.43388373911755823,-0.900968867902419,9,-1.0,-1.8369701987210297e-16,0,0,0,0,15450.0,15.0,5800.0,8.0,10500.0,10.0,12850.0,18.0,12260.714285714286,7097.444627335602,3850.0,12651.785714285714,5546.901979117185,3850.0,11336.42857142857,5886.711314972067,3850.0,10113.371178747602,-1146.438930025605,683.0677512780021,0,27,0,0,964.9999035000097,0.999999999896373
2020-09-11,2020-09-11,3.0,2100.0,0.0,2100.0,4,-0.433883739117558,-0.9009688679024191,9,-1.0,-1.8369701987210297e-16,0,1,0,0,9650.0,10.0,9900.0,16.0,13650.0,18.0,8100.0,8.0,11146.42857142857,8074.837828240311,-7800.0,11826.785714285714,6206.699732219542,-7800.0,11122.142857142857,6113.713854110867,-7800.0,10265.775046132941,-4898.5871557208275,-3267.187890412114,0,36,0,0,699.9997666667444,0.9999999995238096
2020-09-12,2020-09-12,8.0,9350.0,0.0,9350.0,5,-0.9749279121818236,-0.2225209339563146,9,-1.0,-1.8369701987210297e-16,1,0,0,0,2100.0,3.0,400.0,1.0,10550.0,11.0,1800.0,2.0,12425.0,6677.278013282541,8950.0,11741.07142857143,6233.914740715145,8950.0,11391.785714285714,5848.060016140482,8950.0,10496.867581807128,-6602.43204332562,5455.564461518492,0,45,0,0,1168.7498539062683,0.9999999998930481
2020-09-13,2020-09-13,8.0,6350.0,0.0,6350.0,6,-0.7818314824680299,0.6234898018587334,9,-1.0,-1.8369701987210297e-16,1,0,0,0,9350.0,8.0,9775.0,9.5,14250.0,15.0,9475.0,8.5,11935.714285714286,7020.488722643294,-3425.0,11176.785714285714,6345.88346493611,-3425.0,11280.17857142857,5915.427175668295,-3425.0,10845.122333749947,-1178.1891911095065,-3316.9331426404406,0,54,0,0,793.7499007812625,0.9999999998425196
2020-09-14,2020-09-14,19.0,20050.0,0.0,20050.0,0,0.0,1.0,9,-1.0,-1.8369701987210297e-16,0,0,1,0,6350.0,8.0,19150.0,18.0,17950.0,19.0,17150.0,15.0,12064.285714285714,7181.034877004962,900.0,11326.785714285714,6540.145730893063,900.0,11383.75,6045.954053469703,900.0,11279.708760070464,10481.890148634175,-1711.5989087046382,0,0,0,0,1055.2631023545734,0.9999999999501247
2020-09-15,2020-09-15,10.0,9325.0,0.0,9325.0,1,0.7818314824680298,0.6234898018587336,9,-1.0,-1.8369701987210297e-16,0,0,0,0,20050.0,19.0,21500.0,27.0,12750.0,17.0,6920.0,8.0,10325.0,5869.394488928685,-12175.0,11082.142857142857,6546.868222019104,-12175.0,11469.642857142857,5997.076282806398,-12175.0,11759.86548296671,-1446.9833923059382,-987.8820906607725,0,9,0,0,932.4999067500094,0.9999999998927613
2020-09-16,2020-09-16,25.0,20150.0,0.0,20150.0,2,0.9749279121818236,-0.22252093395631434,9,-1.0,-1.8369701987210297e-16,0,0,0,0,9325.0,10.0,15450.0,15.0,16350.0,19.0,1750.0,4.0,10996.42857142857,6755.344004493581,4700.0,11353.57142857143,6853.654675979998,4700.0,12126.785714285714,5899.901633562575,4700.0,12352.18798244344,4368.805303865152,3429.0067136914076,0,18,0,0,805.9999677600013,0.9999999999503721
2020-09-17,2020-09-17,14.0,13150.0,0.0,13150.0,3,0.43388373911755823,-0.900968867902419,9,-1.0,-1.8369701987210297e-16,0,0,0,0,20150.0,25.0,9650.0,10.0,5800.0,8.0,8750.0,8.0,11496.42857142857,6768.592119910466,3500.0,11878.57142857143,6674.692856250002,3500.0,12283.92857142857,5865.124538026528,3500.0,13032.636869457561,232.20474394327235,-114.84161340083301,0,27,0,0,939.2856471938824,0.9999999999239544
2020-09-18,2020-09-18,9.0,7650.0,0.0,7650.0,4,-0.433883739117558,-0.9009688679024191,9,-1.0,-1.8369701987210297e-16,0,1,0,0,13150.0,14.0,2100.0,3.0,9900.0,16.0,6050.0,8.0,12289.285714285714,5729.817062649414,5550.0,11717.857142857143,6752.630744977993,5550.0,12341.07142857143,5809.671112821577,5550.0,13737.360985500884,-6068.34518534744,-19.015800153443706,0,36,0,0,849.9999055555661,0.999999999869281
2020-09-19,2020-09-19,8.0,6000.0,0.0,6000.0,5,-0.9749279121818236,-0.2225209339563146,9,-1.0,-1.8369701987210297e-16,1,0,0,0,7650.0,9.0,9350.0,8.0,400.0,1.0,6800.0,9.0,11810.714285714286,6141.353290447882,-3350.0,12117.857142857143,6171.487077459761,-3350.0,12312.5,5839.819806327112,-3350.0,14502.095800888803,-7811.60966897562,-690.4861319131833,0,45,0,0,749.9999062500118,0.9999999998333333
2020-09-20,2020-09-20,7.0,4350.0,0.0,4350.0,6,-0.7818314824680299,0.6234898018587334,9,-1.0,-1.8369701987210297e-16,1,0,0,0,6000.0,8.0,6350.0,8.0,9775.0,9.5,15800.0,15.5,11525.0,6475.193047315252,-2000.0,11730.357142857143,6491.904563580509,-2000.0,11903.57142857143,5985.633704676632,-2000.0,15193.682191632437,-317.5889679729785,-10526.093223659458,0,54,0,0,621.4284826530738,0.9999999997701149
2020-09-21,2020-09-21,29.0,29320.0,0.0,29320.0,0,0.0,1.0,9,-1.0,-1.8369701987210297e-16,0,0,1,0,4350.0,7.0,20050.0,19.0,19150.0,18.0,24800.0,22.0,12849.285714285714,8974.770391014377,9270.0,12456.785714285714,7819.30244949659,9270.0,12065.0,6393.38590524093,9270.0,15674.92626326557,12762.895460437472,882.178276296956,0,0,0,0,1011.0344478953639,0.9999999999658936
2020-09-22,2020-09-22,13.0,14000.0,0.0,14000.0,1,0.7818314824680298,0.6234898018587336,9,-1.0,-1.8369701987210297e-16,0,0,0,0,29320.0,29.0,9325.0,10.0,21500.0,27.0,9750.0,11.0,13517.142857142857,8841.760221218601,4675.0,11921.07142857143,7397.62596496893,4675.0,12216.785714285714,6386.836174723082,4675.0,15991.133893246022,-1674.3536156192636,-316.7802776267581,0,9,0,0,1076.9229940828466,0.9999999999285714
2020-09-23,2020-09-23,21.0,18760.0,0.0,18760.0,2,0.9749279121818236,-0.22252093395631434,9,-1.0,-1.8369701987210297e-16,0,0,0,0,14000.0,13.0,20150.0,25.0,15450.0,15.0,12650.0,13.0,13318.57142857143,8682.137656459618,-1390.0,12157.5,7569.972754244237,-1390.0,12435.0,6505.461950175809,-1390.0,16281.267072386909,2514.806002665393,-36.07307505230165,0,18,0,0,893.3332907936527,0.9999999999466951
2020-09-24,2020-09-24,15.0,22700.0,0.0,22700.0,3,0.43388373911755823,-0.900968867902419,9,-1.0,-1.8369701987210297e-16,0,0,0,0,18760.0,21.0,13150.0,14.0,9650.0,10.0,10500.0,10.0,14682.857142857143,9373.997216210575,9550.0,13089.642857142857,8027.120487707651,9550.0,12870.714285714286,6774.0743134566255,9550.0,16545.95176119677,119.5237880652811,6034.524450737947,0,27,0,0,1513.3332324444511,0.9999999999559471
2020-09-25,2020-09-25,23.0,24200.0,0.0,24200.0,4,-0.433883739117558,-0.9009688679024191,9,-1.0,-1.8369701987210297e-16,0,1,0,0,22700.0,15.0,7650.0,9.0,2100.0,3.0,13650.0,18.0,17047.14285714286,9391.635843106547,16550.0,14668.214285714286,7871.232824743452,16550.0,13247.5,7104.376780861533,16550.0,16651.56265924998,-6175.756491485008,13724.193832235029,0,36,0,0,1052.1738672967883,0.9999999999586777
2020-09-26,2020-09-26,8.0,5450.0,0.0,5450.0,5,-0.9749279121818236,-0.2225209339563146,9,-1.0,-1.8369701987210297e-16,1,0,0,0,24200.0,23.0,6000.0,8.0,9350.0,8.0,10550.0,11.0,16968.571428571428,9501.123492463796,-550.0,14389.642857142857,8138.4066821568895,-550.0,13065.357142857143,7240.176349470268,-550.0,16574.024169491848,-9234.264711480022,-1889.7594580118257,0,45,0,0,681.2499148437607,0.9999999998165137
2020-09-27,2020-09-27,19.0,18600.0,0.0,18600.0,6,-0.7818314824680299,0.6234898018587334,9,-1.0,-1.8369701987210297e-16,1,0,0,0,5450.0,8.0,4350.0,7.0,6350.0,8.0,14250.0,15.0,19004.285714285714,7703.379901365486,14250.0,15264.642857142857,7861.347130663504,14250.0,13220.714285714286,7312.843181473635,14250.0,16445.037681517704,1152.070141321948,1002.8921771603491,0,54,0,0,978.9473168975096,0.9999999999462366
2020-09-28,2020-09-28,30.0,31750.0,0.0,31750.0,0,0.0,1.0,9,-1.0,-1.8369701987210297e-16,0,0,1,0,18600.0,19.0,29320.0,29.0,20050.0,19.0,17950.0,19.0,19351.428571428572,8278.970202811908,2430.0,16100.357142857143,8955.014165750454,2430.0,13713.57142857143,8069.292715017528,2430.0,16307.385257514508,15157.881748085107,284.732994400385,0,0,0,0,1058.3332980555567,0.999999999968504
2020-09-29,2020-09-29,16.0,16000.0,0.0,16000.0,1,0.7818314824680298,0.6234898018587336,9,-1.0,-1.8369701987210297e-16,0,0,0,0,31750.0,30.0,14000.0,13.0,9325.0,10.0,12750.0,17.0,19637.14285714286,8095.996365047168,2000.0,16577.14285714286,8741.684777390044,2000.0,13829.642857142857,8078.288566523307,2000.0,16153.165387165267,-2033.9929625592367,1880.8275753939706,0,9,0,0,999.9999375000039,0.9999999999375
2020-09-30,2020-09-30,12.0,11950.0,0.0,11950.0,2,0.9749279121818236,-0.22252093395631434,9,-1.0,-1.8369701987210297e-16,0,0,0,0,16000.0,16.0,18760.0,21.0,20150.0,25.0,16350.0,19.0,18664.285714285714,8611.703000651405,-6810.0,15991.42857142857,8758.573695917234,-6810.0,13672.5,8070.236985367904,-6810.0,16135.172059224615,880.328308875906,-5065.50036810052,0,18,0,0,995.8332503472292,0.9999999999163179
2020-10-01,2020-10-01,23.0,14600.0,0.0,14600.0,3,0.43388373911755823,-0.900968867902419,10,-0.8660254037844386,0.5000000000000001,0,0,0,0,11950.0,12.0,22700.0,15.0,13150.0,14.0,5800.0,8.0,17507.14285714286,8522.784588551853,-8100.0,16095.0,8730.918314552295,-8100.0,13986.785714285714,7922.293580902604,-8100.0,16226.915297594118,-401.46972120439693,-1225.4455763897204,0,30,0,0,634.7825810964094,0.9999999999315068
2020-10-02,2020-10-02,13.0,10700.0,0.0,10700.0,4,-0.433883739117558,-0.9009688679024191,10,-0.8660254037844386,0.5000000000000001,0,1,0,0,14600.0,23.0,24200.0,23.0,7650.0,9.0,9900.0,16.0,15578.57142857143,8279.837817597283,-13500.0,16312.857142857143,8539.949944522225,-13500.0,14015.357142857143,7908.439342290479,-13500.0,16301.367220634433,-5410.3798060360405,-190.9874145983922,0,40,0,0,823.0768597633186,0.999999999906542
2020-10-03,2020-10-03,10.0,7525.0,0.0,7525.0,5,-0.9749279121818236,-0.2225209339563146,10,-0.8660254037844386,0.5000000000000001,1,0,0,0,10700.0,13.0,5450.0,8.0,6000.0,8.0,400.0,1.0,15875.0,7884.4916344259755,2075.0,16421.785714285714,8406.979611092129,2075.0,14269.82142857143,7561.123456861037,2075.0,16291.263566341933,-10077.844778573097,1311.5812122311636,0,50,0,0,752.4999247500076,0.9999999998671096
2020-10-04,2020-10-04,7.0,4350.0,0.0,4350.0,6,-0.7818314824680299,0.6234898018587334,10,-0.8660254037844386,0.5000000000000001,1,0,0,0,7525.0,10.0,18600.0,19.0,4350.0,7.0,9775.0,9.5,13839.285714285714,8844.794339314045,-14250.0,16421.785714285714,8406.979611092129,-14250.0,14076.07142857143,7747.769614199238,-14250.0,16238.582065879926,2662.023063310864,-14550.60512919079,0,60,0,0,621.4284826530738,0.9999999997701149
2020-10-05,2020-10-05,33.0,33620.0,0.0,33620.0,0,0.0,1.0,10,-0.8660254037844386,0.5000000000000001,0,0,1,0,4350.0,7.0,31750.0,30.0,29320.0,29.0,19150.0,18.0,14106.42857142857,9481.259899702894,1870.0,16728.928571428572,8973.889084571856,1870.0,14592.857142857143,8540.744874767834,1870.0,16225.59683899489,15814.148095409808,1580.2550655953019,0,0,0,0,1018.7878479155198,0.9999999999702558
2020-10-06,2020-10-06,7.0,4000.0,0.0,4000.0,1,0.7818314824680298,0.6234898018587336,10,-0.8660254037844386,0.5000000000000001,0,0,0,0,33620.0,33.0,16000.0,16.0,14000.0,13.0,21500.0,27.0,12392.142857142857,10143.541400460543,-12000.0,16014.642857142857,9584.982738294664,-12000.0,13967.857142857143,8656.103009563214,-12000.0,16310.755553141433,-2989.40922876497,-9321.346324376464,0,10,0,0,571.42848979593,0.99999999975
2020-10-07,2020-10-07,20.0,17300.0,0.0,17300.0,2,0.9749279121818236,-0.22252093395631434,10,-0.8660254037844386,0.5000000000000001,0,0,0,0,4000.0,7.0,11950.0,12.0,18760.0,21.0,15450.0,15.0,13156.42857142857,10304.944086167934,5350.0,15910.357142857143,9560.727053196026,5350.0,14033.92857142857,8674.87521066643,5350.0,16399.308050616695,102.23923351437537,798.4527158689307,0,20,0,0,864.9999567500021,0.9999999999421965
2020-10-08,2020-10-08,11.0,14100.0,0.0,14100.0,3,0.43388373911755823,-0.900968867902419,10,-0.8660254037844386,0.5000000000000001,0,0,0,0,17300.0,20.0,14600.0,23.0,22700.0,15.0,9650.0,10.0,13085.0,10294.99838109101,-500.0,15296.07142857143,9365.208975156494,-500.0,14192.857142857143,8632.24300585713,-500.0,16428.260562618903,-1406.4120589959705,-921.8485036229322,0,30,0,0,1281.8180652892668,0.999999999929078
2020-10-09,2020-10-09,12.0,10950.0,0.0,10950.0,4,-0.433883739117558,-0.9009688679024191,10,-0.8660254037844386,0.5000000000000001,0,1,0,0,14100.0,11.0,10700.0,13.0,24200.0,23.0,2100.0,3.0,13120.714285714286,10285.7751403623,250.0,14349.642857142857,9060.739582711467,250.0,14508.92857142857,8329.784617412794,250.0,16439.906537510564,-3679.156238992571,-1810.7502985179926,0,40,0,0,912.4999239583398,0.9999999999086757
2020-10-10,2020-10-10,8.0,4950.0,0.0,4950.0,5,-0.9749279121818236,-0.2225209339563146,10,-0.8660254037844386,0.5000000000000001,1,0,0,0,10950.0,12.0,7525.0,10.0,5450.0,8.0,9350.0,8.0,12752.857142857143,10561.59980666709,-2575.0,14313.92857142857,9099.42013760544,-2575.0,14351.785714285714,8471.019355151062,-2575.0,16500.526536320136,-9503.662602782448,-2046.8639335376884,0,50,0,0,618.7499226562597,0.9999999997979797
2020-10-11,2020-10-11,21.5,20800.0,0.0,20800.0,6,-0.7818314824680299,0.6234898018587334,10,-0.8660254037844386,0.5000000000000001,1,0,0,0,4950.0,8.0,4350.0,7.0,18600.0,19.0,6350.0,8.0,15102.857142857143,10204.37277883965,16450.0,14471.07142857143,9197.599222408206,16450.0,14867.857142857143,8405.386767994483,16450.0,16492.50113704028,2734.869073432759,1572.6297895269636,0,60,0,0,967.4418154678225,0.999999999951923
2020-10-12,2020-10-12,35.0,36650.0,0.0,36650.0,0,0.0,1.0,10,-0.8660254037844386,0.5000000000000001,0,0,1,0,20800.0,21.5,33620.0,33.0,31750.0,30.0,20050.0,19.0,15535.714285714286,11141.952038942507,3030.0,14821.07142857143,9966.769050309025,3030.0,15460.714285714286,9320.089682675896,3030.0,16299.840850850398,14468.468520381743,5881.690628767859,0,0,0,0,1047.1428272244907,0.9999999999727148
2020-10-13,2020-10-13,18.0,12570.0,0.0,12570.0,1,0.7818314824680298,0.6234898018587336,10,-0.8660254037844386,0.5000000000000001,0,0,0,0,36650.0,35.0,4000.0,7.0,16000.0,16.0,9325.0,10.0,16760.0,10083.726163146894,8570.0,14576.07142857143,9977.711348988621,8570.0,15576.607142857143,9260.955679583309,8570.0,15914.660098048593,-4309.24302721029,964.5829291616974,0,10,0,0,698.3332945370391,0.9999999999204455
2020-10-14,2020-10-14,18.5,16135.0,0.0,16135.0,2,0.9749279121818236,-0.22252093395631434,10,-0.8660254037844386,0.5000000000000001,0,0,0,0,12570.0,18.0,17300.0,20.0,11950.0,12.0,20150.0,25.0,16593.571428571428,10082.942160850049,-1165.0,14875.0,9955.649343270079,-1165.0,15433.214285714286,9218.50646840021,-1165.0,15392.616563622503,605.5571621396443,136.82627423785198,0,20,0,0,872.162115018264,0.9999999999380229
2020-10-15,2020-10-15,19.0,19700.0,0.0,19700.0,3,0.43388373911755823,-0.900968867902419,10,-0.8660254037844386,0.5000000000000001,0,0,0,0,16135.0,18.5,14100.0,11.0,14600.0,23.0,13150.0,14.0,17393.571428571428,10074.276944395602,5600.0,15239.285714285714,10037.78071877653,5600.0,15667.142857142857,9241.499440283591,5600.0,14677.631253020505,-2564.988111311108,7587.356858290603,0,30,0,0,1036.8420506925236,0.9999999999492386
2020-10-16,2020-10-16,15.0,13320.0,0.0,13320.0,4,-0.433883739117558,-0.9009688679024191,10,-0.8660254037844386,0.5000000000000001,0,1,0,0,19700.0,19.0,10950.0,12.0,10700.0,13.0,7650.0,9.0,17732.14285714286,9859.160654412914,2370.0,15426.42857142857,9970.841224554466,2370.0,15869.642857142857,9120.651671057387,2370.0,13706.60656156284,-977.4817992714509,590.8752377086112,0,40,0,0,887.999940800004,0.9999999999249249
2020-10-17,2020-10-17,8.0,4750.0,0.0,4750.0,5,-0.9749279121818236,-0.2225209339563146,10,-0.8660254037844386,0.5000000000000001,1,0,0,0,13320.0,15.0,4950.0,8.0,7525.0,10.0,6000.0,8.0,17703.571428571428,9902.570673940216,-200.0,15228.214285714286,10165.678608235368,-200.0,15825.0,9173.655012932211,-200.0,12676.937465540035,-7088.574535969731,-838.3629295703031,0,50,0,0,593.7499257812593,0.9999999997894736
2020-10-18,2020-10-18,14.0,12875.0,0.0,12875.0,6,-0.7818314824680299,0.6234898018587334,10,-0.8660254037844386,0.5000000000000001,1,0,0,0,4750.0,8.0,20800.0,21.5,4350.0,7.0,4350.0,7.0,16571.428571428572,9942.505013947983,-7925.0,15837.142857142857,9709.013400381695,-7925.0,16129.464285714286,8916.571893503164,-7925.0,11944.59981117182,2612.047371699952,-1681.6471828717713,0,60,0,0,919.6427914540864,0.99999999992233
2020-10-19,2020-10-19,20.0,21000.0,0.0,21000.0,0,0.0,1.0,10,-0.8660254037844386,0.5000000000000001,0,0,1,0,12875.0,14.0,36650.0,35.0,33620.0,33.0,29320.0,29.0,14335.714285714286,5394.360039716953,-15650.0,14935.714285714286,8432.963220678646,-15650.0,15832.32142857143,8593.497809190438,-15650.0,11494.368076178862,11191.042995634982,-1685.4110718138436,0,0,0,0,1049.9999475000025,0.999999999952381
2020-10-20,2020-10-20,5.0,2900.0,0.0,2900.0,1,0.7818314824680298,0.6234898018587336,10,-0.8660254037844386,0.5000000000000001,0,0,0,0,21000.0,20.0,12570.0,18.0,4000.0,7.0,14000.0,13.0,12954.285714285714,6938.949505371479,-9670.0,14857.142857142857,8547.043734146133,-9670.0,15435.892857142857,8930.573169525202,-9670.0,11311.904438379106,-5408.675668632951,-3003.228769746156,0,10,0,0,579.9998840000231,0.9999999996551725
2020-10-21,2020-10-21,1.0,600.0,0.0,600.0,2,0.9749279121818236,-0.22252093395631434,10,-0.8660254037844386,0.5000000000000001,0,0,0,0,2900.0,5.0,16135.0,18.5,17300.0,20.0,18760.0,21.0,10735.0,8133.561642970431,-15535.0,13664.285714285714,9311.090545304412,-15535.0,14787.32142857143,9330.683501038971,-15535.0,11228.386619390843,576.6817218146552,-11205.068341205499,0,20,0,0,599.9994000006001,0.9999999983333333
2020-10-22,2020-10-22,9.0,6950.0,0.0,6950.0,3,0.43388373911755823,-0.900968867902419,10,-0.8660254037844386,0.5000000000000001,0,0,0,0,600.0,1.0,19700.0,19.0,14100.0,11.0,22700.0,15.0,8913.57142857143,7160.781332069439,-12750.0,13153.57142857143,9479.911844074744,-12750.0,14224.82142857143,9310.723455415671,-12750.0,12550.327364773799,-3160.1686763145626,-2440.158688459236,0,30,0,0,772.2221364197627,0.9999999998561151
2020-10-23,2020-10-23,17.0,17120.0,0.0,17120.0,4,-0.433883739117558,-0.9009688679024191,10,-0.8660254037844386,0.5000000000000001,0,1,0,0,6950.0,9.0,13320.0,15.0,10950.0,12.0,24200.0,23.0,9456.42857142857,7676.009550479173,3800.0,13594.285714285714,9512.951062214499,3800.0,13971.964285714286,9124.054627769889,3800.0,13546.548588815152,525.3448855607699,3048.1065256240763,0,40,0,0,1007.0587642906609,0.9999999999415887
2020-10-24,2020-10-24,2.0,1450.0,0.0,1450.0,5,-0.9749279121818236,-0.2225209339563146,10,-0.8660254037844386,0.5000000000000001,1,0,0,0,17120.0,17.0,4750.0,8.0,4950.0,8.0,5450.0,8.0,8985.0,8102.709937627855,-3300.0,13344.285714285714,9799.27820284246,-3300.0,13829.107142857143,9292.191769275114,-3300.0,14500.144722598285,-3711.9205778374435,-9338.224144760841,0,50,0,0,724.9996375001812,0.9999999993103448
2020-10-25,2020-10-25,3.0,2100.0,0.0,2100.0,6,-0.7818314824680299,0.6234898018587334,10,-0.8660254037844386,0.5000000000000001,1,0,0,0,1450.0,2.0,12875.0,14.0,20800.0,21.5,18600.0,19.0,7445.714285714285,8262.452939135474,-10775.0,12008.57142857143,9977.684799393293,-10775.0,13239.82142857143,9499.313180059766,-10775.0,15539.697766069843,2783.5811957085443,-16223.278961778387,0,60,0,0,699.9997666667444,0.9999999995238096
2020-10-26,2020-10-26,33.0,36800.0,0.0,36800.0,0,0.0,1.0,10,-0.8660254037844386,0.5000000000000001,0,0,1,0,2100.0,3.0,21000.0,20.0,36650.0,35.0,31750.0,30.0,9702.857142857143,13240.728472262783,15800.0,12019.285714285714,10006.220537772966,15800.0,13420.17857142857,9903.127403721446,15800.0,16616.142631481453,8619.952794880006,11563.904573638541,0,0,0,0,1115.151481359046,0.9999999999728261
2020-10-27,2020-10-27,18.0,12750.0,0.0,12750.0,1,0.7818314824680298,0.6234898018587336,10,-0.8660254037844386,0.5000000000000001,0,0,0,0,36800.0,33.0,2900.0,5.0,12570.0,18.0,16000.0,16.0,11110.0,12916.70236554206,9850.0,12032.142857142857,10007.098195067056,9850.0,13304.107142857143,9890.808682585197,9850.0,17535.24575376502,-5833.782080089299,1048.5363263242798,0,10,0,0,708.3332939814836,0.9999999999215686
2020-10-28,2020-10-28,18.0,19100.0,0.0,19100.0,2,0.9749279121818236,-0.22252093395631434,10,-0.8660254037844386,0.5000000000000001,0,0,0,0,12750.0,18.0,600.0,1.0,16135.0,18.5,11950.0,12.0,13752.857142857143,12285.047434836802,18500.0,12243.92857142857,10131.213796703016,18500.0,13559.464285714286,9946.694159487413,18500.0,18373.945949312474,-4.182183651132789,730.2362343386594,0,20,0,0,1061.1110521604971,0.999999999947644
2020-10-29,2020-10-29,14.0,14800.0,0.0,14800.0,3,0.43388373911755823,-0.900968867902419,10,-0.8660254037844386,0.5000000000000001,0,0,0,0,19100.0,18.0,6950.0,9.0,19700.0,19.0,14600.0,23.0,14874.285714285714,11913.219348190272,7850.0,11893.92857142857,9936.587051159706,7850.0,13566.607142857143,9947.540832674422,7850.0,18292.300836146238,-4323.709091913712,831.4082557674737,0,30,0,0,1057.1427816326584,0.9999999999324324
2020-10-30,2020-10-30,16.0,19350.0,0.0,19350.0,4,-0.433883739117558,-0.9009688679024191,10,-0.8660254037844386,0.5000000000000001,0,1,0,0,14800.0,14.0,17120.0,17.0,13320.0,15.0,10700.0,13.0,15192.857142857143,12012.681790904295,2230.0,12324.642857142857,10131.926019402104,2230.0,13875.535714285714,9989.446870395532,2230.0,18052.184666415007,578.1233716039559,719.691961981036,0,40,0,0,1209.3749244140672,0.9999999999483205
2020-10-31,2020-10-31,17.333333333333332,19516.666666666668,0.0,19516.666666666668,5,-0.9749279121818236,-0.2225209339563146,10,-0.8660254037844386,0.5000000000000001,1,0,0,0,19350.0,16.0,1450.0,2.0,4750.0,8.0,7525.0,10.0,17773.809523809523,10400.537989747947,18066.666666666668,13379.404761904761,10051.030172296772,18066.666666666668,14303.809523809525,9964.123894812914,18066.666666666668,17602.493423924294,-477.77609198611185,2391.9493347284842,0,50,0,0,1125.9614735022228,0.9999999999487618
2020-11-01,2020-11-01,18.666666666666668,19683.33333333333,0.0,19683.33333333333,6,-0.7818314824680299,0.6234898018587334,11,-0.5000000000000004,0.8660254037844384,1,0,0,1,19516.666666666668,17.333333333333332,2100.0,3.0,12875.0,14.0,4350.0,7.0,20285.714285714286,7776.432990318238,17583.33333333333,13865.714285714286,10188.514769642987,17583.33333333333,14851.42857142857,9817.078432688451,17583.33333333333,17158.761599288973,2953.880492505699,-429.3087584613422,0,66,0,0,1054.46422922513,0.9999999999491955
2020-11-02,2020-11-02,20.0,19850.0,0.0,19850.0,0,0.0,1.0,11,-0.5000000000000004,0.8660254037844384,0,0,1,1,19683.33333333333,18.666666666666668,36800.0,33.0,21000.0,20.0,33620.0,33.0,17864.285714285714,2865.381310211585,-16950.0,13783.57142857143,10131.045243050086,-16950.0,14359.642857142857,9165.313708876973,-16950.0,16858.075105611806,7160.105520946035,-4168.180626557842,0,0,0,0,992.4999503750024,0.9999999999496222
2020-11-03,2020-11-03,31.0,30558.33,0.0,30558.33,1,0.7818314824680298,0.6234898018587336,11,-0.5000000000000004,0.8660254037844384,0,0,0,1,19850.0,20.0,12750.0,18.0,2900.0,5.0,4000.0,7.0,20408.332857142854,4812.138665607883,17808.33,15759.166428571427,10534.170588905174,17808.33,15308.154642857144,9424.091883410827,17808.33,16714.44614647594,-6061.420908931674,19905.304762455733,0,11,0,0,985.752548846692,0.9999999999672757
2020-11-04,2020-11-04,13.0,15300.0,0.0,15300.0,2,0.9749279121818236,-0.22252093395631434,11,-0.5000000000000004,0.8660254037844384,0,0,0,1,30558.33,31.0,19100.0,18.0,600.0,1.0,17300.0,20.0,19865.475714285712,5184.279824521742,-3800.0,16809.16642857143,9597.953535680293,-3800.0,15236.726071428571,9416.011723058165,-3800.0,16731.608301346212,-1006.6316623739468,-424.9766389722645,0,22,0,0,1176.9229863905396,0.9999999999346405
2020-11-05,2020-11-05,12.0,11350.0,0.0,11350.0,3,0.43388373911755823,-0.900968867902419,11,-0.5000000000000004,0.8660254037844384,0,0,0,1,15300.0,13.0,14800.0,14.0,6950.0,9.0,14100.0,11.0,19372.61857142857,5865.356895639761,-3450.0,17123.452142857142,9318.244037435901,-3450.0,15138.511785714287,9442.611999088474,-3450.0,16867.083577555582,-3612.532382044806,-1904.5511955107759,0,33,0,0,945.8332545138956,0.9999999999118943
2020-11-06,2020-11-06,16.0,15000.0,0.0,15000.0,4,-0.433883739117558,-0.9009688679024191,11,-0.5000000000000004,0.8660254037844384,0,1,0,1,11350.0,12.0,19350.0,16.0,17120.0,17.0,10950.0,12.0,18751.19,6094.13018629522,-4350.0,16972.02357142857,9335.514256981704,-4350.0,15283.154642857144,9407.027766571326,-4350.0,17149.149150152272,112.35452036531476,-2261.503670517586,0,44,0,0,937.4999414062536,0.9999999999333333
2020-11-07,2020-11-07,21.33333333333333,19516.666666666668,0.0,19516.666666666668,5,-0.9749279121818236,-0.2225209339563146,11,-0.5000000000000004,0.8660254037844384,1,0,0,1,15000.0,16.0,19516.666666666668,17.333333333333332,1450.0,2.0,4950.0,8.0,18751.19,6094.13018629522,0.0,18262.49976190476,8205.069414723335,0.0,15803.392738095237,9215.243072877978,0.0,17653.872938870285,1355.153745133207,507.63998266317503,0,55,0,0,914.8437071167015,0.9999999999487618
2020-11-08,2020-11-08,26.666666666666664,24033.333333333336,0.0,24033.333333333336,6,-0.7818314824680299,0.6234898018587334,11,-0.5000000000000004,0.8660254037844384,1,0,0,1,19516.666666666668,21.33333333333333,19683.33333333333,18.666666666666668,2100.0,3.0,20800.0,21.5,19372.618571428575,6418.196385789564,4350.000000000007,19829.16642857143,6866.38989593458,4350.000000000007,15918.86892857143,9300.042805846619,4350.000000000007,18069.64426193003,2735.545752039801,3228.1433193635057,0,66,0,0,901.2499662031264,0.9999999999583911
2020-11-09,2020-11-09,32.0,28550.0,0.0,28550.0,0,0.0,1.0,11,-0.5000000000000004,0.8660254037844384,0,0,1,1,24033.333333333336,26.666666666666664,19850.0,20.0,36800.0,33.0,36650.0,35.0,20615.475714285716,7306.880875741475,8700.0,19239.880714285715,5519.874382402009,8700.0,15629.583214285714,8740.442313375028,8700.0,18781.519797472825,7192.724098821857,2575.7561037053165,0,0,0,0,892.1874721191416,0.9999999999649737
2020-11-10,2020-11-10,12.0,12450.0,0.0,12450.0,1,0.7818314824680298,0.6234898018587336,11,-0.5000000000000004,0.8660254037844384,0,0,0,1,28550.0,32.0,30558.33,31.0,12750.0,18.0,12570.0,18.0,18028.571428571428,6341.834311448245,-18108.33,19218.452142857142,5547.519691264782,-18108.33,15625.2975,8742.027362939845,-18108.33,19080.794781415643,-6026.5998213696885,-604.1949600459557,0,11,0,0,1037.499913541674,0.9999999999196787
2020-11-11,2020-11-11,14.0,16050.0,0.0,16050.0,2,0.9749279121818236,-0.22252093395631434,11,-0.5000000000000004,0.8660254037844384,0,0,0,1,12450.0,12.0,15300.0,13.0,19100.0,18.0,16135.0,18.5,18135.714285714286,6294.209777214017,750.0,19000.595,5612.042444671518,750.0,15622.261785714287,8741.85856738373,750.0,19188.064254810633,-1933.270235478142,-1204.7940193324903,0,22,0,0,1146.4284895408223,0.9999999999376947
2020-11-12,2020-11-12,5.0,4200.0,0.0,4200.0,3,0.43388373911755823,-0.900968867902419,11,-0.5000000000000004,0.8660254037844384,0,0,0,1,16050.0,14.0,11350.0,12.0,14800.0,14.0,19700.0,19.0,17114.285714285714,7943.10456011438,-7150.0,18243.452142857142,6809.62082376339,-7150.0,15068.690357142857,8962.064537573493,-7150.0,19105.839067064455,-2890.9127537307663,-12014.926313333688,0,33,0,0,839.9998320000336,0.9999999997619047
2020-11-13,2020-11-13,32.0,32150.0,0.0,32150.0,4,-0.433883739117558,-0.9009688679024191,11,-0.5000000000000004,0.8660254037844384,0,1,0,1,4200.0,5.0,15000.0,16.0,19350.0,16.0,13320.0,15.0,19564.285714285714,9644.881719660598,17150.0,19157.73785714286,7762.27035049677,17150.0,15741.190357142857,9515.391560990314,17150.0,19084.36097388311,20.881753999293863,13044.757272117597,0,44,0,0,1004.6874686035167,0.9999999999688958
2020-11-14,2020-11-14,26.0,21650.0,0.0,21650.0,5,-0.9749279121818236,-0.2225209339563146,11,-0.5000000000000004,0.8660254037844384,1,0,0,1,32150.0,32.0,19516.666666666668,21.33333333333333,19516.666666666668,17.333333333333332,4750.0,8.0,19869.047619047622,9676.778373122921,2133.333333333332,19310.11880952381,7790.7459614100435,2133.333333333332,16344.761785714287,9326.50479542992,2133.333333333332,19200.075546540767,-156.16445366576693,2606.0889071249985,0,55,0,0,832.6922756656817,0.9999999999538106
2020-11-15,2020-11-15,22.5,18350.0,0.0,18350.0,6,-0.7818314824680299,0.6234898018587334,11,-0.5000000000000004,0.8660254037844384,1,0,0,1,21650.0,26.0,24033.333333333336,26.666666666666664,19683.33333333333,18.666666666666668,12875.0,14.0,19057.14285714286,9506.069489692201,-5683.333333333336,19214.880714285715,7793.981648478151,-5683.333333333336,16540.2975,9308.440716158684,-5683.333333333336,19270.05711137041,2534.3739866771043,-3454.4310980475148,0,66,0,0,815.5555193086435,0.999999999945504
2020-11-16,2020-11-16,19.0,15050.0,0.0,15050.0,0,0.0,1.0,11,-0.5000000000000004,0.8660254037844384,0,0,1,1,18350.0,22.5,28550.0,32.0,19850.0,20.0,21000.0,20.0,17128.571428571428,8583.892723334448,-13500.0,18872.023571428574,7869.107513415565,-13500.0,16327.7975,9270.699595117267,-13500.0,19285.101272472646,8907.922244920499,-13143.023517393145,0,0,0,0,792.1052214681462,0.9999999999335548
2020-11-17,2020-11-17,27.0,33650.0,0.0,33650.0,1,0.7818314824680298,0.6234898018587336,11,-0.5000000000000004,0.8660254037844384,0,0,0,1,15050.0,19.0,12450.0,12.0,30558.33,31.0,2900.0,5.0,20157.14285714286,10238.506913096442,21200.0,19092.85714285714,8256.154695382746,21200.0,17426.011785714287,9440.890928223973,21200.0,19195.333103427936,-5905.54846881073,20360.215365382795,0,11,0,0,1246.2962501371758,0.9999999999702823
2020-11-18,2020-11-18,19.0,17450.0,0.0,17450.0,2,0.9749279121818236,-0.22252093395631434,11,-0.5000000000000004,0.8660254037844384,0,0,0,1,33650.0,27.0,16050.0,14.0,15300.0,13.0,600.0,1.0,20357.14285714286,10158.265459361503,1400.0,19246.428571428572,8199.982224734315,1400.0,18027.7975,8846.985664805714,1400.0,18858.903875818425,-2626.1752283935075,1217.2713525750805,0,22,0,0,918.4210042936313,0.9999999999426934
2020-11-19,2020-11-19,20.0,19200.0,0.0,19200.0,3,0.43388373911755823,-0.900968867902419,11,-0.5000000000000004,0.8660254037844384,0,0,0,1,17450.0,19.0,4200.0,5.0,11350.0,12.0,6950.0,9.0,22500.0,7385.627935389098,15000.0,19807.14285714286,7880.663651296116,15000.0,18465.2975,8577.671877847655,15000.0,18478.694620321145,-2440.531616868711,3161.836996547565,0,33,0,0,959.9999520000024,0.9999999999479167
2020-11-20,2020-11-20,17.0,19750.0,0.0,19750.0,4,-0.433883739117558,-0.9009688679024191,11,-0.5000000000000004,0.8660254037844384,0,1,0,1,19200.0,20.0,32150.0,32.0,15000.0,16.0,17120.0,17.0,20728.571428571428,6051.987080211543,-12400.0,20146.428571428572,7759.094962674763,-12400.0,18559.226071428573,8576.794453847097,-12400.0,18159.934352226403,457.31638780845765,1132.7492599651414,0,44,0,0,1161.7646375432566,0.9999999999493671
2020-11-21,2020-11-21,16.0,12250.0,0.0,12250.0,5,-0.9749279121818236,-0.2225209339563146,11,-0.5000000000000004,0.8660254037844384,1,0,0,1,19750.0,17.0,21650.0,26.0,19516.666666666668,21.33333333333333,1450.0,2.0,19385.714285714286,6808.9839113308035,-9400.0,19627.38095238095,8042.346808338497,-9400.0,18944.940357142856,8002.483147880646,-9400.0,17703.11434493799,-2079.8250689752413,-3373.2892759627466,0,55,0,0,765.6249521484405,0.9999999999183673
2020-11-22,2020-11-22,25.0,18775.0,0.0,18775.0,6,-0.7818314824680299,0.6234898018587334,11,-0.5000000000000004,0.8660254037844384,1,0,0,1,12250.0,16.0,18350.0,22.5,24033.333333333336,26.666666666666664,2100.0,3.0,19446.428571428572,6800.098476177688,425.0,19251.785714285714,7942.924187152825,425.0,19540.47607142857,7291.34238623843,425.0,17083.052627596,2296.976335126426,-605.0289627224265,0,66,0,0,750.9999699600012,0.9999999999467377
2020-11-23,2020-11-23,34.0,25300.0,0.0,25300.0,0,0.0,1.0,11,-0.5000000000000004,0.8660254037844384,0,0,1,1,18775.0,25.0,15050.0,19.0,28550.0,32.0,36800.0,33.0,20910.714285714286,6799.201196078972,10250.0,19019.64285714286,7693.854806643708,10250.0,19129.761785714283,6571.478574752907,10250.0,16704.687400823885,9746.349372258095,-1151.0367730819798,0,0,0,0,744.1176251730111,0.9999999999604743
2020-11-24,2020-11-24,13.0,11100.0,0.0,11100.0,1,0.7818314824680298,0.6234898018587336,11,-0.5000000000000004,0.8660254037844384,0,0,0,1,25300.0,34.0,33650.0,27.0,12450.0,12.0,12750.0,18.0,17689.285714285714,4807.846389472288,-22550.0,18923.214285714286,7790.381546680325,-22550.0,19070.833214285714,6637.869497360734,-22550.0,16695.32506653566,-5178.774854522603,-416.5502120130586,0,11,0,0,853.8460881656856,0.9999999999099098
2020-11-25,2020-11-25,11.0,13100.0,0.0,13100.0,2,0.9749279121818236,-0.22252093395631434,11,-0.5000000000000004,0.8660254037844384,0,0,0,1,11100.0,13.0,17450.0,19.0,16050.0,14.0,19100.0,18.0,17067.85714285714,5115.228780434975,-4350.0,18712.5,7913.005057401501,-4350.0,18856.547499999997,6733.057458081976,-4350.0,17116.355709142503,-2697.7873548077355,-1318.5683543347677,0,22,0,0,1190.908982644638,0.9999999999236641
2020-11-26,2020-11-26,9.0,11450.0,0.0,11450.0,3,0.43388373911755823,-0.900968867902419,11,-0.5000000000000004,0.8660254037844384,0,0,0,1,13100.0,11.0,19200.0,20.0,4200.0,5.0,14800.0,14.0,15960.714285714286,5407.20694118153,-7750.0,19230.35714285714,7084.002688692799,-7750.0,18736.904642857142,6836.774901608353,-7750.0,17854.616488390082,-1332.2940931125913,-5072.32239527749,0,33,0,0,1272.2220808642132,0.9999999999126638
2020-11-27,2020-11-27,20.0,18150.0,0.0,18150.0,4,-0.433883739117558,-0.9009688679024191,11,-0.5000000000000004,0.8660254037844384,0,1,0,1,11450.0,9.0,19750.0,17.0,32150.0,32.0,19350.0,16.0,15732.142857142857,5251.918583672411,-1600.0,18230.35714285714,6029.607865896727,-1600.0,18694.0475,6836.550465081868,-1600.0,18553.73870257843,1597.2456234818126,-2000.984326060243,0,44,0,0,907.4999546250023,0.9999999999449035
2020-11-28,2020-11-28,11.0,16600.0,0.0,16600.0,5,-0.9749279121818236,-0.2225209339563146,11,-0.5000000000000004,0.8660254037844384,1,0,0,1,18150.0,20.0,12250.0,16.0,21650.0,26.0,19516.666666666668,17.333333333333332,16353.57142857143,5023.619805715871,4350.0,17869.64285714286,5959.947878026398,4350.0,18589.880833333333,6845.7662348992635,4350.0,19124.729254924754,-4833.679980458488,2308.950725533734,0,55,0,0,1509.090771900839,0.999999999939759
2020-11-29,2020-11-29,21.5,27075.0,0.0,27075.0,6,-0.7818314824680299,0.6234898018587334,11,-0.5000000000000004,0.8660254037844384,1,0,0,1,16600.0,11.0,18775.0,25.0,18350.0,22.5,19683.33333333333,18.666666666666668,17539.285714285714,6463.549352955778,8300.0,18492.85714285714,6450.062824466178,8300.0,18853.868928571428,7029.546666687621,8300.0,19707.80819622479,1818.6427765261028,5548.549027249108,0,66,0,0,1259.3022670091968,0.9999999999630655
2020-11-30,2020-11-30,32.0,37550.0,0.0,37550.0,0,0.0,1.0,11,-0.5000000000000004,0.8660254037844384,0,0,1,1,27075.0,21.5,25300.0,34.0,15050.0,19.0,19850.0,20.0,19289.285714285714,9741.896815889007,12250.0,20100.0,8114.582078437099,12250.0,19486.011785714283,7868.258601904276,12250.0,20271.042919324493,9529.561861050437,7749.395219625068,0,0,0,0,1173.4374633300793,0.9999999999733689
2020-12-01,2020-12-01,17.0,17150.0,0.0,17150.0,1,0.7818314824680298,0.6234898018587336,12,-2.4492935982947064e-16,1.0,0,0,0,1,37550.0,32.0,11100.0,13.0,33650.0,27.0,30558.33,31.0,20153.571428571428,9144.310942823819,6050.0,18921.428571428572,7134.193509638439,6050.0,19007.14285714286,7571.868525979611,6050.0,20700.506897187457,-4335.209670014417,784.7027728269604,0,12,0,0,1008.8234700692076,0.999999999941691
2020-12-02,2020-12-02,19.0,17850.0,0.0,17850.0,2,0.9749279121818236,-0.22252093395631434,12,-2.4492935982947064e-16,1.0,0,0,0,1,17150.0,17.0,13100.0,11.0,17450.0,19.0,15300.0,13.0,20832.14285714286,8699.05064606805,4750.0,18950.0,7128.646165566527,4750.0,19098.214285714286,7540.900942350303,4750.0,20836.745720101248,-2321.9206748402357,-664.8250452610118,0,24,0,0,939.4736347645455,0.9999999999439776
2020-12-03,2020-12-03,21.0,19850.0,0.0,19850.0,3,0.43388373911755823,-0.900968867902419,12,-2.4492935982947064e-16,1.0,0,0,0,1,17850.0,19.0,11450.0,9.0,19200.0,20.0,11350.0,12.0,22032.14285714286,7712.553542300821,8400.0,18996.428571428572,7132.515315460242,8400.0,19401.785714285714,7386.9505801915,8400.0,20589.457569193408,-223.11752211087816,-516.340047082529,0,36,0,0,945.2380502267595,0.9999999999496222
2020-12-04,2020-12-04,25.0,24550.0,0.0,24550.0,4,-0.433883739117558,-0.9009688679024191,12,-2.4492935982947064e-16,1.0,0,1,0,1,19850.0,21.0,18150.0,20.0,19750.0,17.0,15000.0,16.0,22946.428571428572,7553.344024495426,6400.0,19339.285714285714,7285.257203934034,6400.0,19742.85714285714,7396.648916701593,6400.0,20040.829577515167,1495.6382591630081,3013.5321633218227,0,48,1,0,981.9999607200016,0.9999999999592668
2020-12-05,2020-12-05,14.0,11900.0,0.0,11900.0,5,-0.9749279121818236,-0.2225209339563146,12,-2.4492935982947064e-16,1.0,1,0,0,1,24550.0,25.0,16600.0,11.0,12250.0,16.0,19516.666666666668,21.33333333333333,22275.0,8375.64674119755,-4700.0,19314.285714285714,7312.007473786081,-4700.0,19470.833333333336,7543.868105133745,-4700.0,19468.32026783717,-6448.459438031301,-1119.8608298058716,0,60,0,0,849.9999392857187,0.9999999999159663
2020-12-06,2020-12-06,21.0,19650.0,0.0,19650.0,6,-0.7818314824680299,0.6234898018587334,12,-2.4492935982947064e-16,1.0,1,0,0,1,11900.0,14.0,27075.0,21.5,18775.0,25.0,24033.333333333336,26.666666666666664,21214.285714285714,8133.096698353075,-7425.0,19376.785714285714,7310.782765399158,-7425.0,19314.285714285714,7490.977377051138,-7425.0,18955.819668503515,1576.2919322359612,-882.1116007394739,0,72,0,0,935.7142411564647,0.9999999999491094
2020-12-07,2020-12-07,28.0,27400.0,0.0,27400.0,0,0.0,1.0,12,-2.4492935982947064e-16,1.0,0,0,1,1,19650.0,21.0,37550.0,32.0,25300.0,34.0,28550.0,32.0,19764.285714285714,5059.208953788627,-10150.0,19526.785714285714,7461.648510149162,-10150.0,19273.214285714286,7441.453364404232,-10150.0,18324.423927282474,9221.31627493619,-145.74020221866522,0,0,0,0,978.5713936224502,0.9999999999635036
2020-12-08,2020-12-08,16.0,13300.0,0.0,13300.0,1,0.7818314824680298,0.6234898018587336,12,-2.4492935982947064e-16,1.0,0,0,0,1,27400.0,28.0,17150.0,17.0,11100.0,13.0,12450.0,12.0,19214.285714285714,5573.876141258882,-3850.0,19683.928571428572,7291.760412793514,-3850.0,19303.571428571428,7414.271505527151,-3850.0,17484.146627760932,-3912.1376254947586,-272.00900226617523,0,12,0,0,831.2499480468782,0.999999999924812
2020-12-09,2020-12-09,15.0,16050.0,0.0,16050.0,2,0.9749279121818236,-0.22252093395631434,12,-2.4492935982947064e-16,1.0,0,0,0,1,13300.0,16.0,17850.0,19.0,13100.0,11.0,16050.0,14.0,18957.14285714286,5687.664178687379,-1800.0,19894.64285714286,7127.642415350192,-1800.0,19303.571428571428,7414.271505527151,-1800.0,16587.788160551627,-2163.632236619969,1625.8440760683407,0,24,0,0,1069.9999286666714,0.9999999999376947
2020-12-10,2020-12-10,20.0,20300.0,0.0,20300.0,3,0.43388373911755823,-0.900968867902419,12,-2.4492935982947064e-16,1.0,0,0,0,1,16050.0,15.0,19850.0,21.0,11450.0,9.0,4200.0,5.0,19021.428571428572,5701.962903455328,450.0,20526.785714285714,6700.749558285058,450.0,19878.571428571428,6798.272909369292,450.0,15827.150321394838,993.303108626656,3479.5465699785054,0,36,0,0,1014.9999492500025,0.9999999999507388
2020-12-11,2020-12-11,11.0,8250.0,0.0,8250.0,4,-0.433883739117558,-0.9009688679024191,12,-2.4492935982947064e-16,1.0,0,1,0,1,20300.0,20.0,24550.0,25.0,18150.0,20.0,32150.0,32.0,16692.85714285714,6358.421487250083,-16300.0,19819.64285714286,7451.22717417065,-16300.0,19025.0,6700.141651349473,-16300.0,15384.709620658412,1748.826711378307,-8883.536332036718,0,48,1,0,749.9999318181881,0.9999999998787878
2020-12-12,2020-12-12,8.0,4200.0,0.0,4200.0,5,-0.9749279121818236,-0.2225209339563146,12,-2.4492935982947064e-16,1.0,1,0,0,1,8250.0,11.0,11900.0,14.0,16600.0,11.0,21650.0,26.0,15592.857142857143,7823.118973669659,-7700.0,18933.928571428572,8523.246532633217,-7700.0,18401.785714285714,7236.9836173855465,-7700.0,15176.485120352301,-6957.14699127973,-4019.338129072572,0,60,0,0,524.9999343750083,0.9999999997619047
2020-12-13,2020-12-13,15.5,13075.0,0.0,13075.0,6,-0.7818314824680299,0.6234898018587334,12,-2.4492935982947064e-16,1.0,1,0,0,1,4200.0,8.0,19650.0,21.0,27075.0,21.5,18350.0,22.5,14653.57142857143,7647.554464383632,-6575.0,17933.928571428572,8313.30957389587,-6575.0,18213.39285714286,7306.705070556437,-6575.0,15016.412591464745,1280.5077018735344,-3221.9202933382785,0,72,0,0,843.5483326743012,0.9999999999235182
2020-12-14,2020-12-14,23.0,21950.0,0.0,21950.0,0,0.0,1.0,12,-2.4492935982947064e-16,1.0,0,0,1,1,13075.0,15.5,27400.0,28.0,37550.0,32.0,15050.0,19.0,13875.0,6290.651132169578,-5450.0,16819.64285714286,6278.168664962291,-5450.0,18459.821428571428,7312.4175819531165,-5450.0,14881.029309821763,8600.890359408662,-1531.919669230425,0,0,0,0,954.3477845935745,0.9999999999544419
2020-12-15,2020-12-15,20.0,20070.0,0.0,20070.0,1,0.7818314824680298,0.6234898018587336,12,-2.4492935982947064e-16,1.0,0,0,0,1,21950.0,23.0,13300.0,16.0,17150.0,17.0,33650.0,27.0,14842.142857142857,6694.943276547622,6770.0,17028.214285714286,6338.204552596071,6770.0,17974.821428571428,6691.603428806329,6770.0,14930.789585756193,-4046.2718569665044,9185.482271210312,0,12,0,0,1003.4999498250024,0.9999999999501744
2020-12-16,2020-12-16,13.0,13700.0,0.0,13700.0,2,0.9749279121818236,-0.22252093395631434,12,-2.4492935982947064e-16,1.0,0,0,0,1,20070.0,20.0,16050.0,15.0,17850.0,19.0,17450.0,19.0,14506.42857142857,6683.190801235142,-2350.0,16731.785714285714,6393.616891130524,-2350.0,17840.89285714286,6739.84957706242,-2350.0,15424.085219944749,-2410.9121447985835,686.8269248538345,0,24,0,0,1053.8460727810714,0.9999999999270073
2020-12-17,2020-12-17,16.0,17900.0,0.0,17900.0,3,0.43388373911755823,-0.900968867902419,12,-2.4492935982947064e-16,1.0,0,0,0,1,13700.0,13.0,20300.0,20.0,19850.0,21.0,19200.0,20.0,14163.57142857143,6391.6382317614025,-2400.0,16592.5,6341.48876902675,-2400.0,17794.464285714286,6734.615986094431,-2400.0,16220.137864099483,1471.6180948460255,208.2440410544932,0,36,0,0,1118.7499300781294,0.999999999944134
2020-12-18,2020-12-18,20.0,17450.0,0.0,17450.0,4,-0.433883739117558,-0.9009688679024191,12,-2.4492935982947064e-16,1.0,0,1,0,1,17900.0,16.0,8250.0,11.0,24550.0,25.0,19750.0,17.0,15477.857142857143,5899.958938517303,9200.0,16085.357142857143,5926.479193574227,9200.0,17712.321428571428,6723.898847221892,9200.0,16997.39287604796,1243.0304602782003,-790.423336326161,0,48,1,0,872.4999563750022,0.9999999999426934
2020-12-19,2020-12-19,12.0,13250.0,0.0,13250.0,5,-0.9749279121818236,-0.2225209339563146,12,-2.4492935982947064e-16,1.0,1,0,0,1,17450.0,20.0,4200.0,8.0,11900.0,14.0,12250.0,16.0,16770.714285714286,3533.8841102619144,9050.0,16181.785714285714,5863.792946530454,9050.0,17748.035714285714,6696.410500504712,9050.0,17680.049988864936,-6969.344769116649,2539.2947802517156,0,60,0,0,1104.1665746527856,0.9999999999245283
2020-12-20,2020-12-20,19.0,20600.0,0.0,20600.0,6,-0.7818314824680299,0.6234898018587334,12,-2.4492935982947064e-16,1.0,1,0,0,1,13250.0,12.0,13075.0,15.5,19650.0,21.0,18775.0,25.0,17845.714285714286,3362.681752921068,7525.0,16249.642857142857,5912.311296154613,7525.0,17813.214285714286,6715.630636155459,7525.0,18292.078846982702,3258.6631775857177,-950.7420245684189,0,72,0,0,1084.2104692520804,0.9999999999514563
2020-12-21,2020-12-21,26.0,27950.0,0.0,27950.0,0,0.0,1.0,12,-2.4492935982947064e-16,1.0,0,0,1,1,20600.0,19.0,21950.0,23.0,27400.0,28.0,25300.0,34.0,18702.85714285714,4965.788672794773,6000.0,16288.92857142857,5993.373320905043,6000.0,17907.85714285714,6842.523417539514,6000.0,18839.029919414184,8491.518820777173,619.451259808644,0,0,0,0,1074.9999586538477,0.9999999999642218
2020-12-22,2020-12-22,15.0,14850.0,0.0,14850.0,1,0.7818314824680298,0.6234898018587336,12,-2.4492935982947064e-16,1.0,0,0,0,1,27950.0,26.0,20070.0,20.0,13300.0,16.0,11100.0,13.0,17957.14285714286,5115.941471797432,-5220.0,16399.64285714286,5948.057363635541,-5220.0,18041.785714285714,6740.273542955238,-5220.0,19372.8544860413,-3600.1197081660907,-922.7347778752082,0,12,0,0,989.9999340000045,0.9999999999326599
2020-12-23,2020-12-23,14.0,15950.0,0.0,15950.0,2,0.9749279121818236,-0.22252093395631434,12,-2.4492935982947064e-16,1.0,0,0,0,1,14850.0,15.0,13700.0,13.0,16050.0,15.0,13100.0,11.0,18278.571428571428,4868.594693103342,2250.0,16392.5,5948.569559792706,2250.0,18143.571428571428,6684.168672808965,2250.0,19894.874710586697,-3389.844121759826,-555.0305888268704,0,24,0,0,1139.2856329081692,0.999999999937304
2020-12-24,2020-12-24,18.0,20950.0,0.0,20950.0,3,0.43388373911755823,-0.900968867902419,12,-2.4492935982947064e-16,1.0,0,0,0,1,15950.0,14.0,17900.0,16.0,20300.0,20.0,11450.0,9.0,18714.285714285714,4964.600880711524,3050.0,16438.928571428572,5983.845617921719,3050.0,18482.85714285714,6571.9885975999705,3050.0,19879.853569339248,258.3143221300502,811.8321085307034,0,36,0,0,1163.8888242283986,0.9999999999522673
2020-12-25,2020-12-25,25.0,26750.0,0.0,26750.0,4,-0.433883739117558,-0.9009688679024191,12,-2.4492935982947064e-16,1.0,0,1,0,1,20950.0,18.0,17450.0,20.0,8250.0,11.0,18150.0,20.0,20042.85714285714,5751.84235494943,9300.0,17760.35714285714,6078.312792305036,9300.0,18790.0,6754.2890351516835,9300.0,20131.16088320107,-21.379505225561076,6640.218622024491,0,48,1,0,1069.9999572000017,0.9999999999626168
2020-12-26,2020-12-26,10.0,13400.0,0.0,13400.0,5,-0.9749279121818236,-0.2225209339563146,12,-2.4492935982947064e-16,1.0,1,0,0,1,26750.0,25.0,13250.0,12.0,4200.0,8.0,16600.0,11.0,20064.285714285714,5722.522337637629,150.0,18417.5,4878.368560050836,150.0,18675.714285714286,6819.475475958225,150.0,20343.00565273414,-5134.79558220328,-1808.2100705308585,0,60,0,0,1339.9998660000135,0.9999999999253731
2020-12-27,2020-12-27,27.5,31350.0,0.0,31350.0,6,-0.7818314824680299,0.6234898018587334,12,-2.4492935982947064e-16,1.0,1,0,0,1,13400.0,10.0,20600.0,19.0,13075.0,15.5,27075.0,21.5,21600.0,7153.728631513292,10750.0,19722.85714285714,5712.550863024117,10750.0,18828.39285714286,7058.166934096742,10750.0,19629.470843234594,4201.34551796861,7519.183638796796,0,72,0,0,1139.999958545456,0.9999999999681021
2020-12-28,2020-12-28,45.0,49300.0,0.0,49300.0,0,0.0,1.0,12,-2.4492935982947064e-16,1.0,0,0,1,1,31350.0,27.5,27950.0,26.0,21950.0,23.0,37550.0,32.0,24650.0,12707.642057701592,21350.0,21676.428571428572,9769.060743090817,21350.0,19248.035714285714,8428.716164628058,21350.0,19144.826307701627,8690.64553799876,21464.528154299613,1,0,0,0,1095.5555312098772,0.999999999979716
2020-12-29,2020-12-29,26.0,31350.0,0.0,31350.0,1,0.7818314824680298,0.6234898018587336,12,-2.4492935982947064e-16,1.0,0,0,0,1,49300.0,45.0,14850.0,15.0,20070.0,20.0,17150.0,17.0,27007.14285714286,12102.769262012867,16500.0,22482.14285714286,10086.388526944807,16500.0,19755.178571428572,8719.96915154911,16500.0,18665.665793284723,-3278.423987974282,15962.758194689559,0,12,0,0,1205.7691843934929,0.9999999999681021
2020-12-30,2020-12-30,22.0,27200.0,0.0,27200.0,2,0.9749279121818236,-0.22252093395631434,12,-2.4492935982947064e-16,1.0,0,0,0,1,31350.0,26.0,15950.0,14.0,13700.0,13.0,17850.0,19.0,28614.285714285714,11094.732770017263,11250.0,23446.428571428572,9824.116015932725,11250.0,20089.10714285714,8822.730959328164,11250.0,18068.454343550835,-4576.232408186355,13707.77806463552,0,24,0,0,1236.3635801652918,0.9999999999632353
2020-12-31,2020-12-31,17.0,16000.0,0.0,16000.0,3,0.43388373911755823,-0.900968867902419,12,-2.4492935982947064e-16,1.0,0,0,0,1,27200.0,22.0,20950.0,18.0,17900.0,16.0,19850.0,21.0,27907.14285714286,11799.979822420184,-4950.0,23310.714285714286,9919.293138809173,-4950.0,19951.60714285714,8856.531284622806,-4950.0,17458.30818625778,-1524.0623604961418,65.75417423836188,0,36,0,0,941.1764152249167,0.9999999999375
2021-01-01,2021-01-01,15.0,14633.333333333334,0.0,14633.333333333334,4,-0.433883739117558,-0.9009688679024191,1,0.49999999999999994,0.8660254037844387,0,1,0,0,16000.0,17.0,26750.0,25.0,17450.0,20.0,24550.0,25.0,26176.190476190477,12840.812600998735,-12116.666666666666,23109.523809523813,10074.656606490671,-12116.666666666666,19597.440476190477,8864.111200969719,-12116.666666666666,16899.466704979986,-731.791191149901,-1534.342180496751,0,4,0,0,975.5554905185229,0.9999999999316629
2021-01-02,2021-01-02,13.0,13266.666666666666,0.0,13266.666666666666,5,-0.9749279121818236,-0.2225209339563146,1,0.49999999999999994,0.8660254037844387,1,0,0,0,14633.333333333334,15.0,13400.0,10.0,13250.0,12.0,11900.0,14.0,26157.14285714286,12863.002706379964,-133.33333333333394,23110.714285714286,10073.402838648672,-133.33333333333394,19646.25,8823.82721225946,-133.33333333333394,16733.40567435741,-2545.9127309173687,-920.8262767733759,0,5,0,0,1020.5127420118404,0.9999999999246231
2021-01-03,2021-01-03,11.0,11900.0,0.0,11900.0,6,-0.7818314824680299,0.6234898018587334,1,0.49999999999999994,0.8660254037844387,1,0,0,0,13266.666666666666,13.0,31350.0,27.5,20600.0,19.0,19650.0,21.0,23378.571428571428,13632.058872398136,-19450.0,22489.285714285714,10499.541315058395,-19450.0,19369.464285714286,8944.431965180745,-19450.0,16731.128239271355,5370.931420940619,-10202.059660211973,0,6,0,0,1081.8180834710834,0.9999999999159663
2021-01-04,2021-01-04,12.0,10900.0,0.0,10900.0,0,0.0,1.0,1,0.49999999999999994,0.8660254037844387,0,0,1,0,11900.0,11.0,49300.0,45.0,27950.0,26.0,27400.0,28.0,17892.85714285714,8043.020076915859,-38400.0,21271.428571428572,10801.896059764636,-38400.0,18780.178571428572,8939.294058207963,-38400.0,16711.453492393313,8449.07254311527,-14260.526035508583,0,0,0,0,908.3332576388952,0.9999999999082568
2021-01-05,2021-01-05,18.0,15650.0,0.0,15650.0,1,0.7818314824680298,0.6234898018587336,1,0.49999999999999994,0.8660254037844387,0,0,0,0,10900.0,12.0,31350.0,26.0,14850.0,15.0,13300.0,16.0,15650.0,5429.301503399351,-15700.0,21328.571428571428,10767.374011398666,-15700.0,18864.10714285714,8896.86761682938,-15700.0,16701.22462176044,-3312.458476941122,2261.2338551806824,0,1,0,0,869.4443961419779,0.9999999999361022
2021-01-06,2021-01-06,15.0,11950.0,0.0,11950.0,2,0.9749279121818236,-0.22252093395631434,1,0.49999999999999994,0.8660254037844387,0,0,0,0,15650.0,18.0,27200.0,22.0,15950.0,14.0,16050.0,15.0,13471.42857142857,1997.0050326748599,-15250.0,21042.85714285714,10972.196241140176,-15250.0,18717.678571428572,8978.266274518106,-15250.0,16771.431210380357,-5571.494890542773,750.0636801624169,0,2,0,0,796.6666135555591,0.9999999999163179
2021-01-07,2021-01-07,14.5,12800.0,0.0,12800.0,3,0.43388373911755823,-0.900968867902419,1,0.49999999999999994,0.8660254037844387,0,0,0,0,11950.0,15.0,16000.0,17.0,20950.0,18.0,20300.0,20.0,13014.285714285714,1659.440684761888,-3200.0,20460.714285714286,11191.513892732897,-3200.0,18449.821428571428,9040.969328963589,-3200.0,16879.882326309173,-3268.285718597936,-811.5966077112371,0,3,0,0,882.7585598097545,0.9999999999218749
2021-01-08,2021-01-08,14.0,13650.0,0.0,13650.0,4,-0.433883739117558,-0.9009688679024191,1,0.49999999999999994,0.8660254037844387,0,1,0,0,12800.0,14.5,14633.333333333334,15.0,26750.0,25.0,8250.0,11.0,12873.809523809525,1536.6165677195117,-983.3333333333339,19525.0,11172.847026777055,-983.3333333333339,18642.678571428572,8871.337351677048,-983.3333333333339,16856.555941270148,-1246.4747455306183,-1960.081195739529,0,4,0,0,974.9999303571478,0.9999999999267399
2021-01-09,2021-01-09,17.333333333333332,17733.333333333332,0.0,17733.333333333332,5,-0.9749279121818236,-0.2225209339563146,1,0.49999999999999994,0.8660254037844387,1,0,0,0,13650.0,14.0,13266.666666666666,13.0,13400.0,10.0,4200.0,8.0,13511.904761904761,2407.544359148852,4466.666666666666,19834.523809523813,11049.454610599447,4466.666666666666,19126.011904761905,8412.09831208591,4466.666666666666,16758.629799833776,348.81296787202973,625.8905656275274,0,5,0,0,1023.0768640532577,0.999999999943609
2021-01-10,2021-01-10,20.666666666666668,21816.666666666668,0.0,21816.666666666668,6,-0.7818314824680299,0.6234898018587334,1,0.49999999999999994,0.8660254037844387,1,0,0,0,17733.333333333332,17.333333333333332,11900.0,11.0,31350.0,27.5,13075.0,15.5,14928.57142857143,3810.070893256428,9916.666666666668,19153.571428571428,10568.482773987867,9916.666666666668,19438.214285714286,8341.124036427222,9916.666666666668,16760.15963341975,5937.703195065425,-881.1961618185051,0,6,0,0,1055.6451102107205,0.9999999999541634
2021-01-11,2021-01-11,24.0,25900.0,0.0,25900.0,0,0.0,1.0,1,0.49999999999999994,0.8660254037844387,0,0,1,0,21816.666666666668,20.666666666666668,10900.0,12.0,49300.0,45.0,21950.0,23.0,17071.428571428572,5149.431057081922,15000.0,17482.14285714286,6502.085346899401,15000.0,19579.285714285714,8418.225004601683,15000.0,16891.137204150407,8013.435668906062,995.4271269435303,0,0,0,0,1079.1666217013908,0.99999999996139
2021-01-12,2021-01-12,12.0,12950.0,0.0,12950.0,1,0.7818314824680298,0.6234898018587336,1,0.49999999999999994,0.8660254037844387,0,0,0,0,25900.0,24.0,15650.0,18.0,31350.0,26.0,20070.0,20.0,16685.714285714286,5370.042318022654,-2700.0,16167.857142857143,5215.67519162358,-2700.0,19325.0,8509.889550670381,-2700.0,17070.612685351156,-3921.9832944679397,-198.62939088321582,0,1,0,0,1079.1665767361187,0.9999999999227799
2021-01-13,2021-01-13,12.0,9550.0,0.0,9550.0,2,0.9749279121818236,-0.22252093395631434,1,0.49999999999999994,0.8660254037844387,0,0,0,0,12950.0,12.0,11950.0,15.0,27200.0,22.0,13700.0,13.0,16342.857142857143,5783.492290025352,-2400.0,14907.142857142857,4415.695172717852,-2400.0,19176.785714285714,8646.529715266692,-2400.0,17129.1943716794,-5736.768396255007,-1842.425975424394,0,2,0,0,795.8332670138944,0.9999999998952879
2021-01-14,2021-01-14,14.0,13250.0,0.0,13250.0,3,0.43388373911755823,-0.900968867902419,1,0.49999999999999994,0.8660254037844387,0,0,0,0,9550.0,12.0,12800.0,14.5,16000.0,17.0,17900.0,16.0,16407.14285714286,5739.885283590839,450.0,14710.714285714286,4424.497688148302,450.0,19010.714285714286,8716.334665780038,450.0,16972.755105218617,-5027.400555757344,1304.6454505387264,0,3,0,0,946.4285038265355,0.9999999999245283
2021-01-15,2021-01-15,19.5,17850.0,0.0,17850.0,4,-0.433883739117558,-0.9009688679024191,1,0.49999999999999994,0.8660254037844387,0,1,0,0,13250.0,14.0,13650.0,14.0,14633.333333333334,15.0,17450.0,20.0,17007.14285714286,5621.946555133969,4200.0,14940.476190476193,4502.993848758122,4200.0,19025.0,8714.009462087453,4200.0,16658.375278768697,-917.444732036867,2109.06945326817,0,4,0,0,915.384568441817,0.9999999999439776
2021-01-16,2021-01-16,25.0,22450.0,0.0,22450.0,5,-0.9749279121818236,-0.2225209339563146,1,0.49999999999999994,0.8660254037844387,1,0,0,0,17850.0,19.5,17733.333333333332,17.333333333333332,13266.666666666666,13.0,13250.0,12.0,17680.95238095238,5993.84274015013,4716.666666666668,15596.42857142857,4892.442185375364,4716.666666666668,19353.571428571428,8661.48154143685,4716.666666666668,16304.316455593278,2760.3886892514283,3385.2948551552945,0,5,0,0,897.9999640800014,0.9999999999554565
2021-01-17,2021-01-17,24.0,21550.0,0.0,21550.0,6,-0.7818314824680299,0.6234898018587334,1,0.49999999999999994,0.8660254037844387,1,0,0,0,22450.0,25.0,21816.666666666668,20.666666666666668,11900.0,11.0,20600.0,19.0,17642.85714285714,5963.949234877014,-266.6666666666679,16285.714285714286,5009.9723507044355,-266.6666666666679,19387.5,8668.40275227911,-266.6666666666679,15991.318206289106,5076.336192097479,482.34560161341506,0,6,0,0,897.9166292534737,0.9999999999535962
2021-01-18,2021-01-18,23.0,20650.0,0.0,20650.0,0,0.0,1.0,1,0.49999999999999994,0.8660254037844387,0,0,1,0,21550.0,24.0,25900.0,24.0,10900.0,12.0,27950.0,26.0,16892.85714285714,5005.615893792702,-5250.0,16982.14285714286,4879.695697241797,-5250.0,19126.785714285714,8509.66086097688,-5250.0,15763.839078602172,8093.525092452586,-3207.364171054758,0,0,0,0,897.8260479206066,0.9999999999515738
2021-01-19,2021-01-19,10.0,8300.0,0.0,8300.0,1,0.7818314824680298,0.6234898018587336,1,0.49999999999999994,0.8660254037844387,0,0,0,0,20650.0,23.0,12950.0,12.0,15650.0,18.0,14850.0,15.0,16228.57142857143,5852.909329474296,-4650.0,16457.14285714286,5401.529991726995,-4650.0,18892.85714285714,8719.036252962936,-4650.0,15635.535478481299,-5164.484305286452,-2171.0511731948463,0,1,0,0,829.9999170000084,0.999999999879518
2021-01-20,2021-01-20,10.0,9750.0,0.0,9750.0,2,0.9749279121818236,-0.22252093395631434,1,0.49999999999999994,0.8660254037844387,0,0,0,0,8300.0,10.0,9550.0,12.0,11950.0,15.0,15950.0,14.0,16257.142857142857,5815.240649321699,200.0,16300.0,5572.049447262201,200.0,18671.428571428572,8873.893436078297,200.0,15630.229415618762,-4325.384502227622,-1554.84491339114,0,2,0,0,974.9999025000099,0.9999999998974358
2021-01-21,2021-01-21,10.0,7900.0,0.0,7900.0,3,0.43388373911755823,-0.900968867902419,1,0.49999999999999994,0.8660254037844387,0,0,0,0,9750.0,10.0,13250.0,14.0,12800.0,14.5,20950.0,18.0,15492.857142857143,6577.8940760846945,-5350.0,15950.0,5949.890467999939,-5350.0,18205.35714285714,9089.862364750723,-5350.0,15837.590419837094,-6016.032338079758,-1921.5580817573355,0,3,0,0,789.9999210000079,0.9999999998734177
2021-01-22,2021-01-22,16.0,15200.0,0.0,15200.0,4,-0.433883739117558,-0.9009688679024191,1,0.49999999999999994,0.8660254037844387,0,1,0,0,7900.0,10.0,17850.0,19.5,13650.0,14.0,26750.0,25.0,15114.285714285714,6495.364647559177,-2650.0,16060.714285714286,5918.136715689502,-2650.0,17792.85714285714,8948.718128505609,-2650.0,16326.854399601749,-473.8816506522114,-652.9727489495381,0,4,0,0,949.9999406250037,0.9999999999342105
2021-01-23,2021-01-23,19.33333333333333,19633.33333333333,0.0,19633.33333333333,5,-0.9749279121818236,-0.2225209339563146,1,0.49999999999999994,0.8660254037844387,1,0,0,0,15200.0,16.0,22450.0,25.0,17733.333333333332,17.333333333333332,13400.0,10.0,14711.904761904761,6036.200318554208,-2816.6666666666715,16196.42857142857,5980.896148769739,-2816.6666666666715,18015.47619047619,8912.850722148149,-2816.6666666666715,17062.658525185965,3053.9053352165315,-483.2305270691686,0,5,0,0,1015.5171888525591,0.9999999999490662
2021-01-24,2021-01-24,22.666666666666668,24066.666666666664,0.0,24066.666666666664,6,-0.7818314824680299,0.6234898018587334,1,0.49999999999999994,0.8660254037844387,1,0,0,0,19633.33333333333,19.33333333333333,21550.0,24.0,21816.666666666668,20.666666666666668,31350.0,27.5,15071.42857142857,6563.3008455667805,2516.6666666666642,16357.142857142855,6170.753026834965,2516.6666666666642,17755.35714285714,8610.42297557687,2516.6666666666642,17971.88154734015,3369.8231048216894,2724.9620145048248,0,6,0,0,1061.7646590397942,0.9999999999584488
2021-01-25,2021-01-25,26.0,28500.0,0.0,28500.0,0,0.0,1.0,1,0.49999999999999994,0.8660254037844387,0,0,1,0,24066.666666666664,22.666666666666668,20650.0,23.0,25900.0,24.0,49300.0,45.0,16192.857142857143,8153.367045576559,7850.0,16542.85714285714,6509.8535250950845,7850.0,17012.5,6402.241481516784,7850.0,18930.205685046087,9333.207575078932,236.58673987498332,0,0,0,0,1096.1538039940845,0.9999999999649123
2021-01-26,2021-01-26,16.0,13450.0,0.0,13450.0,1,0.7818314824680298,0.6234898018587336,1,0.49999999999999994,0.8660254037844387,0,0,0,0,28500.0,26.0,8300.0,10.0,12950.0,12.0,31350.0,26.0,16928.571428571428,7531.063536408229,5150.0,16578.571428571428,6489.967367766683,5150.0,16373.214285714286,5781.128549894524,5150.0,19807.483072051462,-5226.906311537422,-1130.576760514039,0,1,0,0,840.6249474609407,0.9999999999256506
2021-01-27,2021-01-27,18.0,19400.0,0.0,19400.0,2,0.9749279121818236,-0.22252093395631434,1,0.49999999999999994,0.8660254037844387,0,0,0,0,13450.0,16.0,9750.0,10.0,9550.0,12.0,27200.0,22.0,18307.14285714286,6850.4788771705935,9650.0,17282.14285714286,6196.6818536307,9650.0,16094.642857142857,5416.532863630251,9650.0,20585.838817407603,-2422.840319395919,1237.0015019883176,0,2,0,0,1077.7777179012378,0.9999999999484536
2021-01-28,2021-01-28,16.0,14000.0,0.0,14000.0,3,0.43388373911755823,-0.900968867902419,1,0.49999999999999994,0.8660254037844387,0,0,0,0,19400.0,18.0,7900.0,10.0,13250.0,14.0,16000.0,17.0,19178.571428571428,5575.265433688722,6100.0,17335.714285714286,6162.288317970633,6100.0,16023.214285714286,5430.994988919142,6100.0,21261.334044779232,-6200.833263450861,-1060.50078132837,0,3,0,0,874.9999453125033,0.9999999999285714
2021-01-29,2021-01-29,22.0,23000.0,0.0,23000.0,4,-0.433883739117558,-0.9009688679024191,1,0.49999999999999994,0.8660254037844387,0,1,0,0,14000.0,16.0,15200.0,16.0,17850.0,19.5,14633.333333333334,15.0,20292.85714285714,5425.009448215472,7800.0,17703.571428571428,6346.316579480113,7800.0,16322.023809523811,5579.817491837021,7800.0,21782.793287423425,-567.9137572324059,1785.1204698089823,0,4,0,0,1045.4544979338864,0.9999999999565218
2021-01-30,2021-01-30,8.0,10470.0,0.0,10470.0,5,-0.9749279121818236,-0.2225209339563146,1,0.49999999999999994,0.8660254037844387,1,0,0,0,23000.0,22.0,19633.33333333333,19.33333333333333,22450.0,25.0,13266.666666666666,13.0,18983.809523809523,6590.9366581500135,-9163.333333333328,16847.85714285714,6463.679935053118,-9163.333333333328,16222.142857142857,5660.9757345268445,-9163.333333333328,22096.47101332542,2309.26522684375,-13935.73624016917,0,5,0,0,1308.7498364062706,0.999999999904489
2021-01-31,2021-01-31,19.5,22460.0,0.0,22460.0,6,-0.7818314824680299,0.6234898018587334,1,0.49999999999999994,0.8660254037844387,1,0,0,0,10470.0,8.0,24066.666666666664,22.666666666666668,21550.0,24.0,11900.0,11.0,18754.285714285714,6409.91902482095,-1606.6666666666642,16912.85714285714,6518.942268712639,-1606.6666666666642,16599.285714285714,5713.877724265205,-1606.6666666666642,22177.15571685357,1051.8058133283912,-768.9615301819613,0,6,0,0,1151.794812728471,0.9999999999554764
2021-02-01,2021-02-01,31.0,34450.0,0.0,34450.0,0,0.0,1.0,2,0.8660254037844386,0.5000000000000001,0,0,1,0,22460.0,19.5,28500.0,26.0,20650.0,23.0,10900.0,12.0,19604.285714285714,8091.573512288048,5950.0,17898.571428571428,8002.106422930607,5950.0,17440.35714285714,6520.24106066056,5950.0,22032.138849818402,8755.578753590222,3662.2823965913776,0,0,0,0,1111.2902867325713,0.9999999999709724
2021-02-02,2021-02-02,20.0,19600.0,0.0,19600.0,1,0.7818314824680298,0.6234898018587336,2,0.8660254037844386,0.5000000000000001,0,0,0,0,34450.0,31.0,13450.0,16.0,8300.0,10.0,15650.0,18.0,20482.85714285714,7632.855984242732,6150.0,18705.714285714286,7514.4976037573115,6150.0,17581.428571428572,6522.800808999601,6150.0,21694.819437500908,-4463.367436099851,2368.547998598944,0,2,0,0,979.9999510000024,0.9999999999489796
2021-02-03,2021-02-03,19.0,22500.0,0.0,22500.0,2,0.9749279121818236,-0.22252093395631434,2,0.8660254037844386,0.5000000000000001,0,0,0,0,19600.0,20.0,19400.0,18.0,9750.0,10.0,11950.0,15.0,20925.714285714286,7649.470258658102,3100.0,19616.428571428572,7107.200810287659,3100.0,17958.214285714286,6490.08185901711,3100.0,21130.076171632136,-121.22567432796899,1491.1495026958328,0,4,0,0,1184.2104639889228,0.9999999999555556
2021-02-04,2021-02-04,17.0,15800.0,0.0,15800.0,3,0.43388373911755823,-0.900968867902419,2,0.8660254037844386,0.5000000000000001,0,0,0,0,22500.0,19.0,14000.0,16.0,7900.0,10.0,12800.0,14.5,21182.85714285714,7404.176106058217,1800.0,20180.714285714286,6382.0211115009415,1800.0,18065.35714285714,6426.221383278179,1800.0,20235.125887503134,-4931.524615900125,496.3987283969909,0,6,0,0,929.4117100346052,0.9999999999367088
2021-02-05,2021-02-05,18.0,15760.0,0.0,15760.0,4,-0.433883739117558,-0.9009688679024191,2,0.8660254037844386,0.5000000000000001,0,1,0,0,15800.0,17.0,23000.0,22.0,15200.0,16.0,13650.0,14.0,20148.571428571428,7610.826561706722,-7240.0,20220.714285714286,6350.077619630804,-7240.0,18140.714285714286,6384.764746650915,-7240.0,19099.412586582726,-266.41470158448055,-3072.9978849982454,0,8,0,0,875.5555069135829,0.9999999999365482
2021-02-06,2021-02-06,17.0,19900.0,0.0,19900.0,5,-0.9749279121818236,-0.2225209339563146,2,0.8660254037844386,0.5000000000000001,1,0,0,0,15760.0,18.0,10470.0,8.0,19633.33333333333,19.33333333333333,17733.333333333332,17.333333333333332,21495.714285714286,6340.761934086589,9430.0,20239.7619047619,6348.579956204199,9430.0,18218.09523809524,6392.769155231177,9430.0,17870.072153392124,1763.9220723513615,266.005774256515,0,10,0,0,1170.5881664359902,0.9999999999497488
2021-02-07,2021-02-07,20.0,15450.0,0.0,15450.0,6,-0.7818314824680299,0.6234898018587334,2,0.8660254037844386,0.5000000000000001,1,0,0,0,19900.0,17.0,22460.0,19.5,24066.666666666664,22.666666666666668,21816.666666666668,20.666666666666668,20494.285714285714,6706.121226518463,-7010.0,19624.285714285714,6366.688203557551,-7010.0,17990.714285714286,6373.229334159919,-7010.0,16674.139211693764,-1605.2725874191817,381.13337572541786,0,12,0,0,772.4999613750019,0.9999999999352751
2021-02-08,2021-02-08,8.0,8800.0,0.0,8800.0,0,0.0,1.0,2,0.8660254037844386,0.5000000000000001,0,0,1,0,15450.0,20.0,34450.0,31.0,28500.0,26.0,25900.0,24.0,16830.0,4431.662592451388,-25650.0,18217.14285714286,6430.800199725637,-25650.0,17380.0,6406.468439013978,-25650.0,15572.329566098557,6792.740348063179,-13565.069914161737,0,0,0,0,1099.9998625000173,0.9999999998863636
2021-02-09,2021-02-09,13.0,10700.0,0.0,10700.0,1,0.7818314824680298,0.6234898018587336,2,0.8660254037844386,0.5000000000000001,0,0,0,0,8800.0,8.0,19600.0,20.0,13450.0,16.0,12950.0,12.0,15558.57142857143,4768.404445134723,-8900.0,18020.714285714286,6626.630962418835,-8900.0,17299.64285714286,6477.806323505212,-8900.0,14587.365340451333,-3889.989325544607,2.623985093274314,0,2,0,0,823.0768597633186,0.999999999906542
2021-02-10,2021-02-10,12.0,13600.0,0.0,13600.0,2,0.9749279121818236,-0.22252093395631434,2,0.8660254037844386,0.5000000000000001,0,0,0,0,10700.0,13.0,22500.0,19.0,19400.0,18.0,9550.0,12.0,14287.142857142857,3668.854109417561,-8900.0,17606.428571428572,6714.487903198414,-8900.0,17444.285714285714,6342.151486611608,-8900.0,13772.908628992085,1401.8280873063904,-1574.7367162984756,0,4,0,0,1133.3332388888969,0.9999999999264706
2021-02-11,2021-02-11,9.0,8800.0,0.0,8800.0,3,0.43388373911755823,-0.900968867902419,2,0.8660254037844386,0.5000000000000001,0,0,0,0,13600.0,12.0,15800.0,17.0,14000.0,16.0,13250.0,14.0,13287.142857142857,4114.667723667384,-7000.0,17235.0,7064.058269208234,-7000.0,17285.35714285714,6504.8196338213575,-7000.0,13150.970526023224,-2434.3223303556424,-1916.6481956675816,0,6,0,0,977.7776691358147,0.9999999998863636
2021-02-12,2021-02-12,20.0,14800.0,0.0,14800.0,4,-0.433883739117558,-0.9009688679024191,2,0.8660254037844386,0.5000000000000001,0,1,0,0,8800.0,9.0,15760.0,18.0,23000.0,22.0,17850.0,19.5,13150.0,4033.7121034269403,-960.0,16649.285714285714,6887.0172892811215,-960.0,17176.428571428572,6520.5324284974995,-960.0,12755.051546780409,-208.27556692170202,2253.2240201412933,0,8,0,0,739.9999630000018,0.9999999999324324
2021-02-13,2021-02-13,14.0,12550.0,0.0,12550.0,5,-0.9749279121818236,-0.2225209339563146,2,0.8660254037844386,0.5000000000000001,1,0,0,0,14800.0,20.0,19900.0,17.0,10470.0,8.0,22450.0,25.0,12100.0,2729.6214633778436,-7350.0,16797.85714285714,6764.810735394911,-7350.0,16822.85714285714,6492.335063723908,-7350.0,12689.065300019767,2242.241272846168,-2381.306572865935,0,10,0,0,896.4285073979638,0.9999999999203187
2021-02-14,2021-02-14,10.0,6250.0,0.0,6250.0,6,-0.7818314824680299,0.6234898018587334,2,0.8660254037844386,0.5000000000000001,1,0,0,0,12550.0,14.0,15450.0,20.0,22460.0,19.5,21550.0,24.0,10785.714285714286,3044.4915127863715,-9200.0,15640.0,7100.071505598746,-9200.0,16276.42857142857,6719.623735826843,-9200.0,12805.047348420512,-3012.8099888331667,-3542.237359587345,0,12,0,0,624.9999375000062,0.99999999984
2021-02-15,2021-02-15,21.0,16800.0,0.0,16800.0,0,0.0,1.0,2,0.8660254037844386,0.5000000000000001,0,0,1,0,6250.0,10.0,8800.0,8.0,34450.0,31.0,20650.0,23.0,11928.57142857143,3621.6774592786815,8000.0,14379.285714285714,4646.099214619469,8000.0,16138.92857142857,6665.9913271253,8000.0,12925.16747202266,4308.494335392615,-433.66180741527387,0,0,0,0,799.9999619047637,0.9999999999404762
2021-02-16,2021-02-16,12.0,9870.0,0.0,9870.0,1,0.7818314824680298,0.6234898018587336,2,0.8660254037844386,0.5000000000000001,0,0,0,0,16800.0,21.0,10700.0,13.0,19600.0,20.0,8300.0,10.0,11810.0,3681.693450936177,-830.0,13684.285714285714,4531.399366617325,-830.0,16195.0,6603.925662541827,-830.0,13000.387892817205,-4495.401301089585,1365.0134082723798,0,2,0,0,822.4999314583391,0.9999999998986828
2021-02-17,2021-02-17,18.0,18900.0,0.0,18900.0,2,0.9749279121818236,-0.22252093395631434,2,0.8660254037844386,0.5000000000000001,0,0,0,0,9870.0,12.0,13600.0,12.0,22500.0,19.0,9750.0,10.0,12567.142857142857,4553.027250396905,5300.0,13427.142857142857,4071.454906411798,5300.0,16521.785714285714,6498.741852413819,5300.0,12934.490683620455,1650.9854056909337,4314.523910688609,0,4,0,0,1049.9999416666699,0.9999999999470899
2021-02-18,2021-02-18,14.0,14750.0,0.0,14750.0,3,0.43388373911755823,-0.900968867902419,2,0.8660254037844386,0.5000000000000001,0,0,0,0,18900.0,18.0,8800.0,9.0,15800.0,17.0,7900.0,10.0,13417.142857142857,4279.7262929837925,5950.0,13352.142857142857,4033.879939045906,5950.0,16766.428571428572,6287.661830858561,5950.0,12667.320751997157,93.4162320286089,1989.2630159742348,0,6,0,0,1053.5713533163319,0.9999999999322033
2021-02-19,2021-02-19,11.0,11850.0,0.0,11850.0,4,-0.433883739117558,-0.9009688679024191,2,0.8660254037844386,0.5000000000000001,0,1,0,0,14750.0,14.0,14800.0,20.0,15760.0,18.0,15200.0,16.0,12995.714285714286,4266.082735339477,-2950.0,13072.857142857143,3989.458086529478,-2950.0,16646.785714285714,6350.133952907652,-2950.0,12209.099703412732,729.9185736915321,-1089.0182771042637,0,8,0,0,1077.2726293388519,0.9999999999156118
2021-02-20,2021-02-20,18.0,17550.0,0.0,17550.0,5,-0.9749279121818236,-0.2225209339563146,2,0.8660254037844386,0.5000000000000001,1,0,0,0,11850.0,11.0,12550.0,14.0,19900.0,17.0,19633.33333333333,19.33333333333333,13710.0,4585.633362288461,5000.0,12905.0,3720.4791874992375,5000.0,16572.380952380954,6326.003806690081,5000.0,11557.581784886153,2523.3394435677465,3469.0787715460992,0,10,0,0,974.9999458333363,0.9999999999430199
2021-02-21,2021-02-21,10.0,7800.0,0.0,7800.0,6,-0.7818314824680299,0.6234898018587334,2,0.8660254037844386,0.5000000000000001,1,0,0,0,17550.0,18.0,6250.0,10.0,15450.0,20.0,24066.666666666664,22.666666666666668,13931.42857142857,4185.321288230322,1550.0,12358.57142857143,3876.4513056756277,1550.0,15991.42857142857,6359.11402767171,1550.0,10780.03290537471,-4200.753107950465,1220.720202575756,0,12,0,0,779.9999220000078,0.9999999998717948
2021-02-22,2021-02-22,9.0,8250.0,0.0,8250.0,0,0.0,1.0,2,0.8660254037844386,0.5000000000000001,0,0,1,0,7800.0,10.0,16800.0,21.0,8800.0,8.0,28500.0,26.0,12710.0,4447.999550359651,-8550.0,12319.285714285714,3917.8555050232912,-8550.0,15268.214285714286,6026.654408524539,-8550.0,10052.775545341423,2077.0751018156016,-3879.8506471570245,0,0,0,0,916.6665648148262,0.9999999998787878
2021-02-23,2021-02-23,3.0,1800.0,0.0,1800.0,1,0.7818314824680298,0.6234898018587336,2,0.8660254037844386,0.5000000000000001,0,0,0,0,8250.0,9.0,9870.0,12.0,10700.0,13.0,13450.0,16.0,11557.142857142857,6060.351239231668,-8070.0,11683.57142857143,4819.193368736538,-8070.0,14852.142857142857,6537.342509762433,-8070.0,9569.902076645916,-4883.962805702332,-2885.9392709435842,0,2,0,0,599.9998000000667,0.9999999994444444
2021-02-24,2021-02-24,9.0,8950.0,0.0,8950.0,2,0.9749279121818236,-0.22252093395631434,2,0.8660254037844386,0.5000000000000001,0,0,0,0,1800.0,3.0,18900.0,18.0,13600.0,12.0,19400.0,18.0,10135.714285714286,5149.491421952424,-9950.0,11351.42857142857,4837.158824610266,-9950.0,14478.92857142857,6566.319979165117,-9950.0,9417.72058094154,1571.811148172715,-2039.5317291142564,0,4,0,0,994.4443339506297,0.9999999998882682
2021-02-25,2021-02-25,11.0,10800.0,0.0,10800.0,3,0.43388373911755823,-0.900968867902419,2,0.8660254037844386,0.5000000000000001,0,0,0,0,8950.0,9.0,14750.0,14.0,8800.0,9.0,14000.0,16.0,9571.42857142857,4761.377351745395,-3950.0,11494.285714285714,4785.265388164413,-3950.0,14364.642857142857,6602.7112737133275,-3950.0,9554.871537208353,2378.204927902851,-1133.076465111204,0,6,0,0,981.8180925619916,0.9999999999074074
2021-02-26,2021-02-26,11.0,9100.0,0.0,9100.0,4,-0.433883739117558,-0.9009688679024191,2,0.8660254037844386,0.5000000000000001,0,1,0,0,10800.0,11.0,11850.0,11.0,14800.0,20.0,23000.0,22.0,9178.57142857143,4654.286298927115,-2750.0,11087.142857142857,4724.470550021602,-2750.0,13868.214285714286,6450.1886584935355,-2750.0,10001.168346240202,2151.714347342074,-3052.8826935822754,0,8,0,0,827.2726520661226,0.9999999998901099
2021-02-27,2021-02-27,17.0,12710.0,0.0,12710.0,5,-0.9749279121818236,-0.2225209339563146,2,0.8660254037844386,0.5000000000000001,1,0,0,0,9100.0,11.0,17550.0,18.0,12550.0,14.0,10470.0,8.0,8487.142857142857,3391.605884561205,-4840.0,11098.57142857143,4728.473256840815,-4840.0,13948.214285714286,6420.302319852764,-4840.0,10820.505726589854,2248.159281810174,-358.66500840002846,0,10,0,0,747.6470148442932,0.9999999999213217
2021-02-28,2021-02-28,10.0,7950.0,0.0,7950.0,6,-0.7818314824680299,0.6234898018587334,2,0.8660254037844386,0.5000000000000001,1,0,0,0,12710.0,17.0,7800.0,10.0,6250.0,10.0,22460.0,19.5,8508.57142857143,3387.011605980608,150.0,11220.0,4614.845609551792,150.0,13430.0,6292.136185571455,150.0,11929.392289256155,-5286.892599507343,1307.5003102511891,0,12,0,0,794.999920500008,0.9999999998742138
2021-03-01,2021-03-01,15.0,16600.0,0.0,16600.0,0,0.0,1.0,3,1.0,6.123233995736766e-17,0,0,1,1,7950.0,10.0,8250.0,9.0,16800.0,21.0,34450.0,31.0,9701.42857142857,4551.100337908842,8350.0,11205.714285714286,4596.516597942869,8350.0,12792.5,4814.274780968219,8350.0,13070.65020162969,1355.2652846210337,2174.084513749276,0,0,0,0,1106.6665928888938,0.999999999939759
2021-03-02,2021-03-02,10.0,7900.0,0.0,7900.0,1,0.7818314824680298,0.6234898018587336,3,1.0,6.123233995736766e-17,0,0,0,1,16600.0,15.0,1800.0,3.0,9870.0,12.0,19600.0,20.0,10572.857142857143,3156.2621051158217,6100.0,11065.0,4670.1173597507795,6100.0,12374.642857142857,4708.113943476923,6100.0,14051.530690712887,-4644.493249548263,-1507.0374411646244,0,3,0,0,789.9999210000079,0.9999999998734177
2021-03-03,2021-03-03,17.0,16000.0,0.0,16000.0,2,0.9749279121818236,-0.22252093395631434,3,1.0,6.123233995736766e-17,0,0,0,1,7900.0,10.0,8950.0,9.0,18900.0,18.0,22500.0,19.0,11580.0,3639.867213695164,7050.0,10857.857142857143,4349.148773604379,7050.0,12142.5,4335.907461941323,7050.0,14797.664081152958,969.844682436535,232.49123641050755,0,6,0,0,941.1764152249167,0.9999999999375
2021-03-04,2021-03-04,20.0,20850.0,0.0,20850.0,3,0.43388373911755823,-0.900968867902419,3,1.0,6.123233995736766e-17,0,0,0,1,16000.0,17.0,10800.0,11.0,14750.0,14.0,15800.0,17.0,13015.714285714286,5006.452027610126,10050.0,11293.57142857143,5022.507199738795,10050.0,12322.857142857143,4591.195162032751,10050.0,15376.36944268807,3018.6505452736465,2454.9800120382843,0,9,0,0,1042.4999478750026,0.9999999999520384
2021-03-05,2021-03-05,24.0,22650.0,0.0,22650.0,4,-0.433883739117558,-0.9009688679024191,3,1.0,6.123233995736766e-17,0,1,0,1,20850.0,20.0,9100.0,11.0,11850.0,11.0,15760.0,18.0,14951.42857142857,5797.198830962578,13550.0,12065.0,5872.097973925856,13550.0,12568.92857142857,4952.647880855851,13550.0,15851.016281592563,3241.388781242633,3557.594937164804,0,12,0,1,943.7499606770849,0.9999999999558499
2021-03-06,2021-03-06,17.0,17250.0,0.0,17250.0,5,-0.9749279121818236,-0.2225209339563146,3,1.0,6.123233995736766e-17,1,0,0,1,22650.0,24.0,12710.0,17.0,17550.0,18.0,19900.0,17.0,15600.0,5758.47201955515,4540.0,12043.57142857143,5851.051985810661,4540.0,12474.285714285714,4831.196791051091,4540.0,16307.176092151769,1263.9420676734867,-321.11815982525513,0,15,0,0,1014.7058226643633,0.9999999999420289
2021-03-07,2021-03-07,13.0,6300.0,0.0,6300.0,6,-0.7818314824680299,0.6234898018587334,3,1.0,6.123233995736766e-17,1,0,0,1,17250.0,17.0,7950.0,10.0,7800.0,10.0,15450.0,20.0,15364.285714285714,6144.6259911753905,-1650.0,11936.42857142857,5947.672598643848,-1650.0,12147.5,4930.890254680551,-1650.0,16738.04291953447,-5584.9890413791145,-4853.053878155355,0,18,0,0,484.615347337281,0.9999999998412697
2021-03-08,2021-03-08,16.0,16650.0,0.0,16650.0,0,0.0,1.0,3,1.0,6.123233995736766e-17,0,0,1,1,6300.0,13.0,16600.0,15.0,8250.0,9.0,8800.0,8.0,15371.42857142857,6146.3306901256565,50.0,12536.42857142857,5970.829870349591,50.0,12427.857142857143,4956.609023906662,50.0,17071.793890592617,1098.4934789500494,-1520.287369542666,0,0,0,0,1040.6249349609416,0.9999999999399399
2021-03-09,2021-03-09,16.0,15900.0,0.0,15900.0,1,0.7818314824680298,0.6234898018587336,3,1.0,6.123233995736766e-17,0,0,0,1,16650.0,16.0,7900.0,10.0,1800.0,3.0,10700.0,13.0,16514.285714285714,5195.808750466874,8000.0,13543.57142857143,5153.8075650515,8000.0,12613.57142857143,4986.796800356142,8000.0,17303.179893814355,-3453.7395954922854,2050.559701677932,0,3,0,0,993.7499378906289,0.9999999999371069
2021-03-10,2021-03-10,17.0,17350.0,0.0,17350.0,2,0.9749279121818236,-0.22252093395631434,3,1.0,6.123233995736766e-17,0,0,0,1,15900.0,16.0,16000.0,17.0,8950.0,9.0,13600.0,12.0,16707.14285714286,5198.591842302751,1350.0,14143.57142857143,5066.10547909086,1350.0,12747.5,5064.028278693489,1350.0,17573.10462269869,824.5376282190307,-1047.642250917721,0,6,0,0,1020.5881752595191,0.9999999999423631
2021-03-11,2021-03-11,22.0,22050.0,0.0,22050.0,3,0.43388373911755823,-0.900968867902419,3,1.0,6.123233995736766e-17,0,0,0,1,17350.0,17.0,20850.0,20.0,10800.0,11.0,8800.0,9.0,16878.571428571428,5374.775742830006,1200.0,14947.142857142857,5377.606600268611,1200.0,13220.714285714286,5295.287862333214,1200.0,17946.386823693134,2007.2793082164744,2096.3338680903908,0,9,0,0,1002.2726817148781,0.9999999999546485
2021-03-12,2021-03-12,22.0,23300.0,0.0,23300.0,4,-0.433883739117558,-0.9009688679024191,3,1.0,6.123233995736766e-17,0,1,0,1,22050.0,22.0,22650.0,24.0,9100.0,11.0,14800.0,20.0,16971.428571428572,5495.366013201229,650.0,15961.42857142857,5527.002048882515,650.0,13524.285714285714,5622.703599443571,650.0,18377.334071186404,4584.909883101624,337.75604571197255,0,12,0,1,1059.0908609504154,0.9999999999570816
2021-03-13,2021-03-13,19.0,18050.0,0.0,18050.0,5,-0.9749279121818236,-0.2225209339563146,3,1.0,6.123233995736766e-17,1,0,0,1,23300.0,22.0,17250.0,17.0,12710.0,17.0,12550.0,14.0,17085.714285714286,5510.423024120876,800.0,16342.857142857143,5469.315002210651,800.0,13720.714285714286,5683.152443241481,800.0,18726.120661957433,462.46170587664824,-1138.582367834082,0,15,0,0,949.9999500000026,0.9999999999445983
2021-03-14,2021-03-14,13.0,13050.0,0.0,13050.0,6,-0.7818314824680299,0.6234898018587334,3,1.0,6.123233995736766e-17,1,0,0,1,18050.0,19.0,6300.0,13.0,7950.0,10.0,6250.0,10.0,18050.0,3550.4694525277737,6750.0,16707.14285714286,5018.575385614809,6750.0,13963.57142857143,5494.235507286135,6750.0,18949.499838271993,-5649.5981753813485,-249.90166289064655,0,18,0,0,1003.846076627225,0.9999999999233716
2021-03-15,2021-03-15,26.0,21950.0,0.0,21950.0,0,0.0,1.0,3,1.0,6.123233995736766e-17,0,0,1,1,13050.0,13.0,16650.0,16.0,16600.0,15.0,16800.0,21.0,18807.14285714286,3761.031393495229,5300.0,17089.285714285714,5209.83458217498,5300.0,14147.5,5675.905295715023,5300.0,19155.990680112376,-6.181042427436196,2800.190362315061,0,0,0,0,844.2307367603562,0.9999999999544419
2021-03-16,2021-03-16,18.0,15950.0,0.0,15950.0,1,0.7818314824680298,0.6234898018587336,3,1.0,6.123233995736766e-17,0,0,0,1,21950.0,26.0,15900.0,16.0,7900.0,10.0,9870.0,12.0,18814.285714285714,3754.6320598377447,50.0,17664.285714285714,4515.589601652199,50.0,14364.642857142857,5622.247792306486,50.0,19430.454083526154,-1200.7211760840667,-2279.7329074420886,0,3,0,0,886.1110618827188,0.999999999937304
2021-03-17,2021-03-17,22.0,22000.0,0.0,22000.0,2,0.9749279121818236,-0.22252093395631434,3,1.0,6.123233995736766e-17,0,0,0,1,15950.0,18.0,17350.0,17.0,16000.0,17.0,18900.0,18.0,19478.571428571428,3862.194663536151,4650.0,18092.85714285714,4628.791881875263,4650.0,14475.357142857143,5744.06971621705,4650.0,19712.291881310503,1770.2867700670881,517.4213486224107,0,6,0,0,999.9999545454566,0.9999999999545455
2021-03-18,2021-03-18,19.0,18850.0,0.0,18850.0,3,0.43388373911755823,-0.900968867902419,3,1.0,6.123233995736766e-17,0,0,0,1,22000.0,22.0,22050.0,22.0,20850.0,20.0,14750.0,14.0,19021.428571428572,3692.7696406690648,-3200.0,17950.0,4567.611730771013,-3200.0,14621.785714285714,5803.283906593664,-3200.0,19985.496950055393,-214.34518390743062,-921.1517661479629,0,9,0,0,992.1052109418309,0.9999999999469495
2021-03-19,2021-03-19,23.0,23900.0,0.0,23900.0,4,-0.433883739117558,-0.9009688679024191,3,1.0,6.123233995736766e-17,0,1,0,1,18850.0,19.0,23300.0,22.0,22650.0,24.0,11850.0,11.0,19107.14285714286,3813.6190785381264,600.0,18039.285714285714,4677.449114611539,600.0,15052.142857142857,6032.398550753439,600.0,20140.9216763623,4448.816774089174,-689.7384504514739,0,12,0,1,1039.1303896030265,0.999999999958159
2021-03-20,2021-03-20,19.0,21350.0,0.0,21350.0,5,-0.9749279121818236,-0.2225209339563146,3,1.0,6.123233995736766e-17,1,0,0,1,23900.0,23.0,18050.0,19.0,17250.0,17.0,17550.0,18.0,19578.571428571428,3864.7829976658613,3300.0,18332.14285714286,4751.987727534388,3300.0,15187.857142857143,6132.588938608799,3300.0,20222.841000921377,-83.58679618222334,1210.7457952608456,0,15,0,0,1123.6841513850445,0.9999999999531616
2021-03-21,2021-03-21,22.0,18550.0,0.0,18550.0,6,-0.7818314824680299,0.6234898018587334,3,1.0,6.123233995736766e-17,1,0,0,1,21350.0,19.0,13050.0,13.0,6300.0,13.0,7800.0,10.0,20364.285714285714,2699.8015800106596,5500.0,19207.14285714286,3259.474777349256,5500.0,15571.785714285714,5987.733791041554,5500.0,20386.514747284094,-5314.140668104416,3477.625920820323,0,18,0,0,843.1817798553736,0.9999999999460917
2021-03-22,2021-03-22,17.0,13350.0,0.0,13350.0,0,0.0,1.0,3,1.0,6.123233995736766e-17,0,0,1,1,18550.0,22.0,21950.0,26.0,16650.0,16.0,8250.0,9.0,19135.714285714286,3648.1404264951316,-8600.0,18971.428571428572,3563.7444809181898,-8600.0,15753.92857142857,5832.313142081921,-8600.0,20621.16999475036,-239.54378291310582,-7031.626211837252,0,0,0,0,785.2940714532899,0.9999999999250936
2021-03-23,2021-03-23,18.0,22950.0,0.0,22950.0,1,0.7818314824680298,0.6234898018587336,3,1.0,6.123233995736766e-17,0,0,0,1,13350.0,17.0,15950.0,18.0,15900.0,16.0,1800.0,3.0,20135.714285714286,3588.2579670495725,7000.0,19475.0,3594.3197708863904,7000.0,16509.285714285714,5303.82177272439,7000.0,20765.085130788088,336.20075474359317,1848.7141144683192,0,3,0,0,1274.9999291666704,0.999999999956427
2021-03-24,2021-03-24,22.0,21250.0,0.0,21250.0,2,0.9749279121818236,-0.22252093395631434,3,1.0,6.123233995736766e-17,0,0,0,1,22950.0,18.0,22000.0,22.0,17350.0,17.0,8950.0,9.0,20028.571428571428,3534.102566760117,-750.0,19753.571428571428,3567.9914779625515,-750.0,16948.571428571428,5162.014187910603,-750.0,20746.808532258725,4347.950424326089,-3844.758956584814,0,6,0,0,965.9090470041342,0.9999999999529412
2021-03-25,2021-03-25,22.0,17850.0,0.0,17850.0,3,0.43388373911755823,-0.900968867902419,3,1.0,6.123233995736766e-17,0,0,0,1,21250.0,22.0,18850.0,19.0,22050.0,22.0,10800.0,11.0,19885.714285714286,3609.098950997982,-1000.0,19453.571428571428,3536.4837102646475,-1000.0,17200.35714285714,5021.011763278792,-1000.0,20581.71477976743,-2672.7911546206165,-58.92362514681372,0,9,0,0,811.3635994834727,0.9999999999439776
2021-03-26,2021-03-26,31.0,28100.0,0.0,28100.0,4,-0.433883739117558,-0.9009688679024191,3,1.0,6.123233995736766e-17,0,1,0,1,17850.0,22.0,23900.0,23.0,23300.0,22.0,9100.0,11.0,20485.714285714286,4600.608137854681,4200.0,19796.428571428572,4122.241002066848,4200.0,17878.928571428572,5167.48619972405,4200.0,20345.46192470047,2990.863446944019,4763.674628355511,0,12,0,1,906.4515836628522,0.9999999999644128
2021-03-27,2021-03-27,22.0,20150.0,0.0,20150.0,5,-0.9749279121818236,-0.2225209339563146,3,1.0,6.123233995736766e-17,1,0,0,1,28100.0,31.0,21350.0,19.0,18050.0,19.0,12710.0,17.0,20314.285714285714,4585.367513961638,-1200.0,19946.428571428572,4091.8993279271094,-1200.0,18144.64285714286,5082.437795172589,-1200.0,20042.71123219836,-1026.7654212526409,1134.0541890542809,0,15,0,0,915.9090492768613,0.9999999999503721
2021-03-28,2021-03-28,19.0,14050.0,0.0,14050.0,6,-0.7818314824680299,0.6234898018587334,3,1.0,6.123233995736766e-17,1,0,0,1,20150.0,22.0,18550.0,22.0,13050.0,13.0,7950.0,10.0,19671.428571428572,5154.113013155655,-4500.0,20017.85714285714,3969.140923465668,-4500.0,18362.5,4749.066672437768,-4500.0,19562.44019045006,-5819.349141583103,306.90895113304214,0,18,0,0,739.4736452908608,0.9999999999288256
2021-03-29,2021-03-29,16.0,18050.0,0.0,18050.0,0,0.0,1.0,3,1.0,6.123233995736766e-17,0,0,1,1,14050.0,19.0,13350.0,17.0,21950.0,26.0,16600.0,15.0,20342.85714285714,4451.631589599851,4700.0,19739.285714285714,3959.9523390405507,4700.0,18414.285714285714,4737.02628126738,4700.0,18913.31554366123,621.1561808145002,-1484.4717244757303,0,0,0,0,1128.1249294921918,0.9999999999445983
2021-03-30,2021-03-30,24.0,20950.0,0.0,20950.0,1,0.7818314824680298,0.6234898018587336,3,1.0,6.123233995736766e-17,0,0,0,1,18050.0,16.0,22950.0,18.0,15950.0,18.0,7900.0,10.0,20057.14285714286,4318.6059258580935,-2000.0,20096.428571428572,3814.7216999870225,-2000.0,18880.35714285714,4284.605070302919,-2000.0,18224.42222011837,1760.814235428451,964.7635444531807,0,3,0,0,872.9166302951404,0.9999999999522673
2021-03-31,2021-03-31,38.0,30800.0,0.0,30800.0,2,0.9749279121818236,-0.22252093395631434,3,1.0,6.123233995736766e-17,0,0,0,1,20950.0,24.0,21250.0,22.0,22000.0,22.0,16000.0,17.0,21421.428571428572,5956.219238665337,9550.0,20725.0,4760.322791253065,9550.0,19408.928571428572,4798.226014226273,9550.0,17529.715395215513,6963.213887146313,6307.070717638173,0,6,0,0,810.5262944598344,0.9999999999675324
2021-04-01,2021-04-01,11.0,9750.0,0.0,9750.0,3,0.43388373911755823,-0.900968867902419,4,0.8660254037844387,-0.4999999999999998,0,0,0,0,30800.0,38.0,17850.0,22.0,18850.0,19.0,20850.0,20.0,20264.285714285714,7381.887421571897,-8100.0,20075.0,5585.756267232156,-8100.0,19012.5,5122.348003999136,-8100.0,16902.33681055747,-3856.3924094013605,-3295.94440115611,0,12,0,0,886.3635557851313,0.9999999998974358
2021-04-02,2021-04-02,16.0,14350.0,0.0,14350.0,4,-0.433883739117558,-0.9009688679024191,4,0.8660254037844387,-0.4999999999999998,0,1,0,0,9750.0,11.0,28100.0,31.0,23900.0,23.0,22650.0,24.0,18300.0,6751.851597895167,-13750.0,19392.85714285714,5665.274015467375,-13750.0,18716.071428571428,5144.163423535668,-13750.0,16425.637184849005,1698.5660495353768,-3774.203234384382,0,16,0,0,896.874943945316,0.9999999999303135
2021-04-03,2021-04-03,16.0,13300.0,0.0,13300.0,5,-0.9749279121818236,-0.2225209339563146,4,0.8660254037844387,-0.4999999999999998,1,0,0,0,14350.0,16.0,20150.0,22.0,21350.0,19.0,17250.0,17.0,17321.428571428572,6933.004227537091,-6850.0,18817.85714285714,5856.640121817595,-6850.0,18575.0,5239.142211384511,-6850.0,16160.426848188503,-2518.4793226004767,-341.9475255880261,0,20,0,0,831.2499480468782,0.999999999924812
2021-04-04,2021-04-04,8.0,8700.0,0.0,8700.0,6,-0.7818314824680299,0.6234898018587334,4,0.8660254037844387,-0.4999999999999998,1,0,0,0,13300.0,16.0,14050.0,19.0,18550.0,22.0,6300.0,13.0,16557.14285714286,7615.085279202287,-5350.0,18114.285714285714,6452.621070643984,-5350.0,18660.714285714286,5046.989515998924,-5350.0,16087.898373876107,-7573.945990011498,186.04761613539085,0,24,0,0,1087.4998640625172,0.9999999998850574
2021-04-05,2021-04-05,24.0,25550.0,0.0,25550.0,0,0.0,1.0,4,0.8660254037844387,-0.4999999999999998,0,0,1,0,8700.0,8.0,18050.0,16.0,13350.0,17.0,16650.0,16.0,17628.571428571428,8352.088418616058,7500.0,18985.714285714286,6582.214631151856,7500.0,18978.571428571428,5193.789535151535,7500.0,16200.584688976742,1687.7993975278275,7661.615913495432,0,0,0,0,1064.5832889756962,0.9999999999608611
2021-04-06,2021-04-06,14.0,16000.0,0.0,16000.0,1,0.7818314824680298,0.6234898018587336,4,0.8660254037844387,-0.4999999999999998,0,0,0,0,25550.0,24.0,20950.0,24.0,22950.0,18.0,15900.0,16.0,16921.428571428572,8232.701922964327,-4950.0,18489.285714285714,6522.038926458644,-4950.0,18982.14285714286,5191.6281305099765,-4950.0,16536.67271761389,3192.763861309544,-3729.4365789234325,0,4,0,0,1142.8570612244957,0.9999999999375
2021-04-07,2021-04-07,28.0,25600.0,0.0,25600.0,2,0.9749279121818236,-0.22252093395631434,4,0.8660254037844387,-0.4999999999999998,0,0,0,0,16000.0,14.0,30800.0,38.0,21250.0,22.0,17350.0,17.0,16178.57142857143,6898.1191363332655,-5200.0,18800.0,6762.851014635317,-5200.0,19276.785714285714,5327.88753466235,-5200.0,17065.349863581756,10253.284383932396,-1718.6342475141519,0,8,0,0,914.2856816326542,0.9999999999609375
2021-04-08,2021-04-08,18.0,15200.0,0.0,15200.0,3,0.43388373911755823,-0.900968867902419,4,0.8660254037844387,-0.4999999999999998,0,0,0,0,25600.0,28.0,9750.0,11.0,17850.0,22.0,22050.0,22.0,16957.14285714286,6336.299430755308,5450.0,18610.714285714286,6828.25517107546,5450.0,19032.14285714286,5353.040227995634,5450.0,17749.215317684317,-4850.932463689641,2301.717146005325,0,12,0,0,844.4443975308668,0.9999999999342105
2021-04-09,2021-04-09,20.0,19500.0,0.0,19500.0,4,-0.433883739117558,-0.9009688679024191,4,0.8660254037844387,-0.4999999999999998,0,1,0,0,15200.0,18.0,14350.0,16.0,28100.0,31.0,23300.0,22.0,17692.85714285714,6281.880594974991,5150.0,17996.428571428572,6273.186660631173,5150.0,18896.428571428572,5288.613354834241,5150.0,18541.520514076612,31.737409259942666,926.7420766634459,0,16,0,0,974.9999512500024,0.9999999999487179
2021-04-10,2021-04-10,7.0,7500.0,0.0,7500.0,5,-0.9749279121818236,-0.2225209339563146,4,0.8660254037844387,-0.4999999999999998,1,0,0,0,19500.0,20.0,13300.0,16.0,20150.0,22.0,18050.0,19.0,16864.285714285714,7263.648892815154,-5800.0,17092.85714285714,6825.823622968004,-5800.0,18519.64285714286,5710.165387851182,-5800.0,19493.679383528997,-4120.69978095814,-7872.9796025708565,0,20,0,0,1071.4284183673687,0.9999999998666667
2021-04-11,2021-04-11,12.0,7450.0,0.0,7450.0,6,-0.7818314824680299,0.6234898018587334,4,0.8660254037844387,-0.4999999999999998,1,0,0,0,7500.0,7.0,8700.0,8.0,14050.0,19.0,13050.0,13.0,16685.714285714286,7509.034241371843,-1250.0,16621.428571428572,7265.8768936011365,-1250.0,18319.64285714286,5999.573121939804,-1250.0,20562.804354527492,-8795.591714907308,-4317.212639620184,0,24,0,0,620.8332815972266,0.9999999998657718
2021-04-12,2021-04-12,31.0,25700.0,0.0,25700.0,0,0.0,1.0,4,0.8660254037844387,-0.4999999999999998,0,0,1,0,7450.0,12.0,25550.0,24.0,18050.0,16.0,21950.0,26.0,16707.14285714286,7538.701732362369,150.0,17167.85714285714,7658.6202599237295,150.0,18453.571428571428,6124.17686942843,150.0,21491.51259394153,3161.7244892730564,1046.7629167854138,0,0,0,0,829.0322313215408,0.9999999999610895
2021-04-13,2021-04-13,33.0,29100.0,0.0,29100.0,1,0.7818314824680298,0.6234898018587336,4,0.8660254037844387,-0.4999999999999998,0,0,0,0,25700.0,31.0,16000.0,14.0,20950.0,24.0,15950.0,18.0,18578.571428571428,8846.461493296656,13100.0,17750.0,8254.765523390342,13100.0,18923.214285714286,6422.046549061036,13100.0,22106.451950215327,4106.344886144206,2887.203163640468,0,4,0,0,881.8181550964196,0.9999999999656357
2021-04-14,2021-04-14,38.0,36350.0,0.0,36350.0,2,0.9749279121818236,-0.22252093395631434,4,0.8660254037844387,-0.4999999999999998,0,0,0,0,29100.0,33.0,25600.0,28.0,30800.0,38.0,22000.0,22.0,20114.285714285714,10951.206717591815,10750.0,18146.428571428572,9026.850210636863,10750.0,19435.714285714286,7201.914060690118,10750.0,22461.870580389717,12766.556325629726,1121.573093980558,0,8,0,0,956.5789221952916,0.9999999999724897
2021-04-15,2021-04-15,26.0,28370.0,0.0,28370.0,3,0.43388373911755823,-0.900968867902419,4,0.8660254037844387,-0.4999999999999998,0,0,0,0,36350.0,38.0,15200.0,18.0,9750.0,11.0,18850.0,19.0,21995.714285714286,11096.559312301632,13170.0,19476.428571428572,9066.205725866608,13170.0,19775.714285714286,7395.35861879118,13170.0,22731.034583197452,-5188.448586773235,10827.414003575785,0,12,0,0,1091.153804186392,0.9999999999647515
2021-04-16,2021-04-16,36.0,38510.0,0.0,38510.0,4,-0.433883739117558,-0.9009688679024191,4,0.8660254037844387,-0.4999999999999998,0,1,0,0,28370.0,26.0,19500.0,20.0,14350.0,16.0,23900.0,23.0,24711.428571428572,12607.333089081412,19010.0,21202.14285714286,10238.886792383886,19010.0,20297.5,8171.781448193345,19010.0,22809.340123734586,-763.3827010277533,16464.042577293167,0,16,0,0,1069.722192507717,0.9999999999740327
2021-04-17,2021-04-17,21.0,19600.0,0.0,19600.0,5,-0.9749279121818236,-0.2225209339563146,4,0.8660254037844387,-0.4999999999999998,1,0,0,0,38510.0,36.0,7500.0,7.0,13300.0,16.0,21350.0,19.0,26440.0,10509.097646008087,12100.0,21652.14285714286,10000.540122776032,12100.0,20235.0,8170.125571363743,12100.0,22524.8713026511,-5600.045088226317,2675.173785575218,0,20,0,0,933.3332888888909,0.9999999999489796
2021-04-18,2021-04-18,15.0,14850.0,0.0,14850.0,6,-0.7818314824680299,0.6234898018587334,4,0.8660254037844387,-0.4999999999999998,1,0,0,0,19600.0,21.0,7450.0,12.0,8700.0,8.0,18550.0,22.0,27497.14285714286,8451.1532039237,7400.0,22091.428571428572,9510.92477679698,7400.0,20102.85714285714,8228.103988045796,7400.0,21940.386000734667,-8841.23472335392,1750.848722619252,0,24,0,0,989.9999340000045,0.9999999999326599
2021-04-19,2021-04-19,25.0,23750.0,0.0,23750.0,0,0.0,1.0,4,0.8660254037844387,-0.4999999999999998,0,0,1,0,14850.0,15.0,25700.0,31.0,25550.0,24.0,13350.0,17.0,27218.571428571428,8551.803764063287,-1950.0,21962.85714285714,9472.663851291303,-1950.0,20474.285714285714,8146.309061332696,-1950.0,21126.549805552193,3721.7594109296656,-1098.309216481859,0,0,0,0,949.9999620000015,0.9999999999578947
2021-04-20,2021-04-20,26.0,25450.0,0.0,25450.0,1,0.7818314824680298,0.6234898018587336,4,0.8660254037844387,-0.4999999999999998,0,0,0,0,23750.0,25.0,29100.0,33.0,16000.0,14.0,22950.0,18.0,26697.14285714286,8529.213942456236,-3650.0,22637.85714285714,9350.991044615761,-3650.0,20563.571428571428,8188.0419647758945,-3650.0,20066.342866120103,4883.620763314328,500.0363705655691,0,4,0,0,978.8461161982262,0.9999999999607072
2021-04-21,2021-04-21,13.0,11350.0,0.0,11350.0,2,0.9749279121818236,-0.22252093395631434,4,0.8660254037844387,-0.4999999999999998,0,0,0,0,25450.0,26.0,36350.0,38.0,25600.0,28.0,21250.0,22.0,23125.714285714286,9032.869343205848,-25000.0,21620.0,9769.93189488902,-25000.0,20210.0,8369.050567860568,-25000.0,18928.232539411023,11196.649001531494,-18774.881540942515,0,8,0,0,873.076855917165,0.9999999999118943
2021-04-22,2021-04-22,11.0,11000.0,0.0,11000.0,3,0.43388373911755823,-0.900968867902419,4,0.8660254037844387,-0.4999999999999998,0,0,0,0,11350.0,13.0,28370.0,26.0,15200.0,18.0,17850.0,22.0,20644.285714285714,9712.400762500902,-17370.0,21320.0,10042.901817855107,-17370.0,19965.35714285714,8538.986617879042,-17370.0,17908.118507305815,-4672.756016432549,-2235.3624908732672,0,12,0,0,999.9999090909174,0.9999999999090908
2021-04-23,2021-04-23,19.0,15800.0,0.0,15800.0,4,-0.433883739117558,-0.9009688679024191,4,0.8660254037844387,-0.4999999999999998,0,1,0,0,11000.0,11.0,38510.0,36.0,19500.0,20.0,28100.0,31.0,17400.0,5724.071977185438,-22710.0,21055.714285714286,10142.668981384264,-22710.0,19526.071428571428,8420.56668247263,-22710.0,17061.335277086964,-768.9738346937052,-492.3614423932595,0,16,0,0,831.5789036011103,0.9999999999367088
2021-04-24,2021-04-24,9.0,8600.0,0.0,8600.0,5,-0.9749279121818236,-0.2225209339563146,4,0.8660254037844387,-0.4999999999999998,1,0,0,0,15800.0,19.0,19600.0,21.0,7500.0,7.0,20150.0,22.0,15828.57142857143,6479.509828609512,-11000.0,21134.285714285714,10033.25065376716,-11000.0,19113.571428571428,8668.132018976901,-11000.0,16498.39764323861,-5776.2285078844825,-2122.1691353541282,0,20,0,0,955.5554493827279,0.9999999998837209
2021-04-25,2021-04-25,7.0,7200.0,0.0,7200.0,6,-0.7818314824680299,0.6234898018587334,4,0.8660254037844387,-0.4999999999999998,1,0,0,0,8600.0,9.0,14850.0,15.0,7450.0,12.0,14050.0,19.0,14735.714285714286,7269.096360948972,-7650.0,21116.428571428572,10059.66707442906,-7650.0,18868.928571428572,8909.635790571621,-7650.0,16167.56037374601,-7755.08211277307,-1212.478260972939,0,24,0,0,1028.571281632674,0.9999999998611111
2021-04-26,2021-04-26,20.0,21650.0,0.0,21650.0,0,0.0,1.0,4,0.8660254037844387,-0.4999999999999998,0,0,1,0,7200.0,7.0,23750.0,25.0,25700.0,31.0,18050.0,16.0,14435.714285714286,6867.296549935905,-2100.0,20827.14285714286,9975.599791931894,-2100.0,18997.5,8923.34500684082,-2100.0,15971.85110257689,2697.794630981004,2980.3542664421075,0,0,0,0,1082.4999458750026,0.9999999999538106
2021-04-27,2021-04-27,9.0,9200.0,0.0,9200.0,1,0.7818314824680298,0.6234898018587336,4,0.8660254037844387,-0.4999999999999998,0,0,0,0,21650.0,20.0,25450.0,26.0,29100.0,33.0,20950.0,24.0,12114.285714285714,5022.17700850554,-16250.0,19405.714285714286,10122.813316986028,-16250.0,18577.85714285714,9102.609050947503,-16250.0,15909.270360345963,4914.945391313724,-11624.215751659687,0,4,0,0,1022.222108641988,0.9999999998913043
2021-04-28,2021-04-28,15.0,13150.0,0.0,13150.0,2,0.9749279121818236,-0.22252093395631434,4,0.8660254037844387,-0.4999999999999998,0,0,0,0,9200.0,9.0,11350.0,13.0,36350.0,38.0,30800.0,38.0,12371.42857142857,5022.603669318072,1800.0,17748.571428571428,8968.779058612037,1800.0,17947.5,8831.985903521352,1800.0,15826.359482772215,10165.0052101049,-12841.364692877116,0,8,0,0,876.6666082222262,0.9999999999239544
2021-04-29,2021-04-29,14.0,11650.0,0.0,11650.0,3,0.43388373911755823,-0.900968867902419,4,0.8660254037844387,-0.4999999999999998,0,0,0,0,13150.0,15.0,11000.0,11.0,28370.0,26.0,9750.0,11.0,12464.285714285714,4998.976085636102,650.0,16554.285714285714,8549.027577886996,650.0,18015.35714285714,8773.77805447609,650.0,15671.00034785975,-3959.949703837541,-61.05064402220887,0,12,0,0,832.142797704086,0.9999999999141631
2021-04-30,2021-04-30,25.0,25450.0,0.0,25450.0,4,-0.433883739117558,-0.9009688679024191,4,0.8660254037844387,-0.4999999999999998,0,1,0,0,11650.0,14.0,15800.0,19.0,38510.0,36.0,14350.0,16.0,13842.857142857143,7001.632462708741,9650.0,15621.42857142857,6415.207721491944,9650.0,18411.785714285714,8852.446012081931,9650.0,15508.166586470716,-561.5455678120042,10503.37898134129,0,16,0,0,1017.9999592800016,0.9999999999607072
2021-05-01,2021-05-01,11.0,9000.0,0.0,9000.0,5,-0.9749279121818236,-0.2225209339563146,5,0.49999999999999994,-0.8660254037844387,1,0,0,0,25450.0,25.0,8600.0,9.0,19600.0,21.0,13300.0,16.0,13900.0,6953.176732017271,400.0,14864.285714285714,6533.94769855653,400.0,18258.214285714286,8980.777023864965,400.0,15246.771912203705,-5321.304106440433,-925.4678057632718,0,25,0,0,818.1817438016598,0.9999999998888889
2021-05-02,2021-05-02,12.0,10500.0,0.0,10500.0,6,-0.7818314824680299,0.6234898018587334,5,0.49999999999999994,-0.8660254037844387,1,0,0,0,9000.0,11.0,7200.0,7.0,14850.0,15.0,8700.0,8.0,14371.42857142857,6521.685438012221,3300.0,14553.57142857143,6637.291624592798,3300.0,18322.5,8916.032843516592,3300.0,14873.41256960829,-7461.839126355517,3088.4265567472266,0,30,0,0,874.9999270833395,0.9999999999047618
2021-05-03,2021-05-03,9.0,9200.0,0.0,9200.0,0,0.0,1.0,5,0.49999999999999994,-0.8660254037844387,0,0,1,0,10500.0,12.0,21650.0,20.0,23750.0,25.0,25550.0,24.0,12592.857142857143,5871.07518343306,-12450.0,13514.285714285714,6212.03634924934,-12450.0,17738.571428571428,8960.444645996544,-12450.0,14586.452159509754,2200.4428978740757,-7586.89505738383,0,0,0,0,1022.222108641988,0.9999999998913043
2021-05-04,2021-05-04,13.0,17800.0,0.0,17800.0,1,0.7818314824680298,0.6234898018587336,5,0.49999999999999994,-0.8660254037844387,0,0,0,0,9200.0,9.0,9200.0,9.0,25450.0,26.0,16000.0,14.0,13821.42857142857,5942.141669385486,8600.0,12967.857142857143,5359.305607390381,8600.0,17802.85714285714,8953.964095073918,8600.0,14277.820815852765,4368.166053346718,-845.9868691994834,0,5,0,0,1369.2306639053336,0.9999999999438202
2021-05-05,2021-05-05,19.0,22750.0,0.0,22750.0,2,0.9749279121818236,-0.22252093395631434,5,0.49999999999999994,-0.8660254037844387,0,0,0,0,17800.0,13.0,13150.0,15.0,11350.0,13.0,25600.0,28.0,15192.857142857143,6806.334584502158,9600.0,13782.142857142857,5930.222694704703,9600.0,17701.071428571428,8877.921987127602,9600.0,13958.394405061083,8854.295966633936,-62.69037169501826,0,10,0,0,1197.3683580332442,0.9999999999560439
2021-05-06,2021-05-06,14.0,13750.0,0.0,13750.0,3,0.43388373911755823,-0.900968867902419,5,0.49999999999999994,-0.8660254037844387,0,0,0,0,22750.0,19.0,11650.0,14.0,11000.0,11.0,15200.0,18.0,15492.857142857143,6669.0471940293055,2100.0,13978.57142857143,5876.279379050902,2100.0,17649.285714285714,8897.259223666666,2100.0,13736.334311411862,-2851.3273389127958,2864.9930275009356,0,15,0,0,982.142786989801,0.9999999999272727
2021-05-07,2021-05-07,15.0,12670.0,0.0,12670.0,4,-0.433883739117558,-0.9009688679024191,5,0.49999999999999994,-0.8660254037844387,0,1,0,0,13750.0,14.0,25450.0,25.0,15800.0,19.0,19500.0,20.0,13667.142857142857,5038.987048622986,-12780.0,13755.0,5861.173090772827,-12780.0,17405.35714285714,8938.172603913754,-12780.0,13681.989811657786,336.01410720097437,-1348.0039188587598,0,20,0,0,844.6666103555593,0.9999999999210734
2021-05-08,2021-05-08,8.0,9000.0,0.0,9000.0,5,-0.9749279121818236,-0.2225209339563146,5,0.49999999999999994,-0.8660254037844387,1,0,0,0,12670.0,15.0,9000.0,11.0,8600.0,9.0,7500.0,7.0,13667.142857142857,5038.987048622986,0.0,13783.57142857143,5835.027660791103,0.0,17458.928571428572,8880.917261303377,0.0,13831.189119703888,-3539.344726215865,-1291.8443934880215,0,25,0,0,1124.9998593750176,0.9999999998888889
2021-05-09,2021-05-09,3.0,4000.0,0.0,4000.0,6,-0.7818314824680299,0.6234898018587334,5,0.49999999999999994,-0.8660254037844387,1,0,0,0,9000.0,8.0,10500.0,12.0,7200.0,7.0,7450.0,12.0,12738.57142857143,6187.830606848199,-6500.0,13555.0,6166.045672128021,-6500.0,17335.714285714286,9047.298933351205,-6500.0,14198.20473939063,-7149.900898781037,-3048.303840609593,0,30,0,0,1333.332888889037,0.99999999975
2021-05-10,2021-05-10,15.0,15450.0,0.0,15450.0,0,0.0,1.0,5,0.49999999999999994,-0.8660254037844387,0,0,1,0,4000.0,3.0,9200.0,9.0,21650.0,20.0,25700.0,31.0,13631.42857142857,6041.322781674611,6250.0,13112.142857142857,5748.430124920917,6250.0,16969.64285714286,8902.538332218157,6250.0,14656.949573298194,1702.8784061766883,-909.8279794748833,0,0,0,0,1029.999931333338,0.9999999999352751
2021-05-11,2021-05-11,16.0,20050.0,0.0,20050.0,1,0.7818314824680298,0.6234898018587336,5,0.49999999999999994,-0.8660254037844387,0,0,0,0,15450.0,15.0,17800.0,13.0,9200.0,9.0,29100.0,33.0,13952.857142857143,6351.946458332557,2250.0,13887.142857142857,5909.562561673171,2250.0,16646.428571428572,8605.140674721471,2250.0,15173.414334330459,4189.648092321663,686.9375733478792,0,5,0,0,1253.1249216796923,0.9999999999501247
2021-05-12,2021-05-12,18.0,19800.0,0.0,19800.0,2,0.9749279121818236,-0.22252093395631434,5,0.49999999999999994,-0.8660254037844387,0,0,0,0,20050.0,16.0,22750.0,19.0,13150.0,15.0,36350.0,38.0,13531.42857142857,5739.3304736453365,-2950.0,14362.142857142857,6109.625669726043,-2950.0,16055.357142857143,7724.995736373193,-2950.0,15740.21917587691,4484.960008079796,-425.17918395670677,0,10,0,0,1099.9999388888923,0.999999999949495
2021-05-13,2021-05-13,15.0,14550.0,0.0,14550.0,3,0.43388373911755823,-0.900968867902419,5,0.49999999999999994,-0.8660254037844387,0,0,0,0,19800.0,18.0,13750.0,14.0,11650.0,14.0,28370.0,26.0,13645.714285714286,5752.358522504337,800.0,14569.285714285714,6059.555028453554,800.0,15561.785714285714,7340.9924919724335,800.0,16277.947068755602,-2402.8477976599834,674.9007289043802,0,15,0,0,969.9999353333377,0.9999999999312714
2021-05-14,2021-05-14,22.0,23200.0,0.0,23200.0,4,-0.433883739117558,-0.9009688679024191,5,0.49999999999999994,-0.8660254037844387,0,1,0,0,14550.0,15.0,12670.0,15.0,25450.0,25.0,38510.0,36.0,15150.0,6745.739396092891,10530.0,14408.57142857143,5771.7772987887165,10530.0,15015.0,6019.674840486407,10530.0,16583.62648987006,1088.2706458235277,5528.102864306413,0,20,0,0,1054.5454066115724,0.9999999999568966
2021-05-15,2021-05-15,21.0,16900.0,0.0,16900.0,5,-0.9749279121818236,-0.2225209339563146,5,0.49999999999999994,-0.8660254037844387,1,0,0,0,23200.0,22.0,9000.0,8.0,9000.0,11.0,19600.0,21.0,16278.57142857143,6182.694743048047,7900.0,14972.857142857143,5585.496918285381,7900.0,14918.57142857143,5964.884100134905,7900.0,16487.839996204104,-578.337789544066,990.4977933399605,0,25,0,0,804.761866439911,0.9999999999408283
2021-05-16,2021-05-16,9.0,10700.0,0.0,10700.0,6,-0.7818314824680299,0.6234898018587334,5,0.49999999999999994,-0.8660254037844387,1,0,0,0,16900.0,21.0,4000.0,3.0,10500.0,12.0,14850.0,15.0,17235.714285714286,4149.268438101854,6700.0,14987.142857142857,5573.419649856473,6700.0,14770.357142857143,6017.973992868018,6700.0,15985.082958807463,-7103.03105029328,1817.9480914858177,0,30,0,0,1188.8887567901381,0.999999999906542
2021-05-17,2021-05-17,18.0,18750.0,0.0,18750.0,0,0.0,1.0,5,0.49999999999999994,-0.8660254037844387,0,0,1,0,10700.0,9.0,15450.0,15.0,9200.0,9.0,23750.0,25.0,17707.14285714286,4099.738667629532,3300.0,15669.285714285714,5392.107429147928,3300.0,14591.785714285714,5812.3209194692045,3300.0,15295.621025931561,1386.5740241012197,2067.804949967218,0,0,0,0,1041.6666087962994,0.9999999999466667
2021-05-18,2021-05-18,17.0,20150.0,0.0,20150.0,1,0.7818314824680298,0.6234898018587336,5,0.49999999999999994,-0.8660254037844387,0,0,0,0,18750.0,18.0,20050.0,16.0,17800.0,13.0,25450.0,26.0,17721.428571428572,4109.425866514758,100.0,15837.142857142857,5499.056462523526,100.0,14402.5,5524.801739362158,100.0,14586.854660058185,3422.453572914376,2140.6917670274397,0,5,0,0,1185.2940479238794,0.9999999999503721
2021-05-19,2021-05-19,17.0,11350.0,0.0,11350.0,2,0.9749279121818236,-0.22252093395631434,5,0.49999999999999994,-0.8660254037844387,0,0,0,0,20150.0,17.0,19800.0,18.0,22750.0,19.0,11350.0,13.0,16514.285714285714,4607.938284970285,-8450.0,15022.857142857143,5234.347257184116,-8450.0,14402.5,5524.801739362158,-8450.0,13884.684931918426,2368.7171151030266,-4903.402047021453,0,10,0,0,667.6470195501753,0.9999999999118943
2021-05-20,2021-05-20,9.0,7050.0,0.0,7050.0,3,0.43388373911755823,-0.900968867902419,5,0.49999999999999994,-0.8660254037844387,0,0,0,0,11350.0,17.0,14550.0,15.0,13750.0,14.0,11000.0,11.0,15442.857142857143,5846.32566741911,-7500.0,14544.285714285714,5649.4992484503755,-7500.0,14261.42857142857,5663.5865578635385,-7500.0,13189.689524797293,-1974.9793213169817,-4164.710203480312,0,15,0,0,783.333246296306,0.999999999858156
2021-05-21,2021-05-21,12.0,9950.0,0.0,9950.0,4,-0.433883739117558,-0.9009688679024191,5,0.49999999999999994,-0.8660254037844387,0,1,0,0,7050.0,9.0,23200.0,22.0,12670.0,15.0,15800.0,19.0,13550.0,4999.916665972186,-13250.0,14350.0,5764.513456018206,-13250.0,14052.5,5712.41897584162,-13250.0,12661.22075216555,2080.8772011770543,-4792.097953342603,0,20,0,0,829.1665975694502,0.9999999998994975
2021-05-22,2021-05-22,14.0,14700.0,0.0,14700.0,5,-0.9749279121818236,-0.2225209339563146,5,0.49999999999999994,-0.8660254037844387,1,0,0,0,9950.0,12.0,16900.0,21.0,9000.0,8.0,8600.0,9.0,13235.714285714286,4820.158562892753,-2200.0,14757.142857142857,5555.068965259642,-2200.0,14270.357142857143,5612.2131913142575,-2200.0,12370.643015071397,811.5061321500167,1517.850852778587,0,25,0,0,1049.9999250000053,0.9999999999319727
2021-05-23,2021-05-23,5.0,4600.0,0.0,4600.0,6,-0.7818314824680299,0.6234898018587334,5,0.49999999999999994,-0.8660254037844387,1,0,0,0,14700.0,14.0,10700.0,9.0,4000.0,3.0,7200.0,7.0,12364.285714285714,5805.652008008663,-6100.0,14800.0,5467.315471192246,-6100.0,14177.5,5753.265497861953,-6100.0,12444.804598925146,-6605.622989057794,-1239.1816098673517,0,30,0,0,919.9998160000367,0.9999999997826087
2021-05-24,2021-05-24,15.0,14950.0,0.0,14950.0,0,0.0,1.0,5,0.49999999999999994,-0.8660254037844387,0,0,1,0,4600.0,5.0,18750.0,18.0,15450.0,15.0,21650.0,20.0,11821.42857142857,5261.167261395588,-3800.0,14764.285714285714,5464.375133937569,-3800.0,13938.214285714286,5567.288756704555,-3800.0,12955.25471059355,489.2156093003789,1505.5296801060704,0,0,0,0,996.6666002222267,0.9999999999331104
2021-05-25,2021-05-25,12.0,11600.0,0.0,11600.0,1,0.7818314824680298,0.6234898018587336,5,0.49999999999999994,-0.8660254037844387,0,0,0,0,14950.0,15.0,20150.0,17.0,20050.0,16.0,9200.0,9.0,10600.0,3792.975964419825,-8550.0,14160.714285714286,5299.825054131046,-8550.0,14023.92857142857,5509.815711972047,-8550.0,13658.55351251831,3147.279050584165,-5205.832563102476,0,5,0,0,966.6665861111179,0.9999999999137931
2021-05-26,2021-05-26,16.0,17100.0,0.0,17100.0,2,0.9749279121818236,-0.22252093395631434,5,0.49999999999999994,-0.8660254037844387,0,0,0,0,11600.0,12.0,11350.0,17.0,19800.0,18.0,13150.0,15.0,11421.42857142857,4532.921900097195,5750.0,13967.857142857143,5125.074376302932,5750.0,14165.0,5537.110825719145,5750.0,14166.3828298261,1020.7247637988235,1912.8924063750765,0,10,0,0,1068.749933203129,0.9999999999415204
2021-05-27,2021-05-27,11.0,13600.0,0.0,13600.0,3,0.43388373911755823,-0.900968867902419,5,0.49999999999999994,-0.8660254037844387,0,0,0,0,17100.0,16.0,7050.0,9.0,14550.0,15.0,11650.0,14.0,12357.142857142857,4139.084900013963,6550.0,13900.0,5123.062485542095,6550.0,14234.642857142857,5516.531708414895,6550.0,14471.833581278177,-963.6652471795727,91.83166590139626,0,15,0,0,1236.3635239669525,0.9999999999264706
2021-05-28,2021-05-28,16.0,20300.0,0.0,20300.0,4,-0.433883739117558,-0.9009688679024191,5,0.49999999999999994,-0.8660254037844387,0,1,0,0,13600.0,11.0,9950.0,12.0,23200.0,22.0,25450.0,25.0,13835.714285714286,4912.290223316921,10350.0,13692.857142857143,4764.163383769728,10350.0,14050.714285714286,5205.852780726999,10350.0,14649.994184825788,2258.446984723392,3391.55883045082,0,20,0,0,1268.7499207031299,0.9999999999507388
2021-05-29,2021-05-29,6.0,5450.0,0.0,5450.0,5,-0.9749279121818236,-0.2225209339563146,5,0.49999999999999994,-0.8660254037844387,1,0,0,0,20300.0,16.0,14700.0,14.0,16900.0,21.0,9000.0,11.0,12514.285714285714,5804.216447672188,-9250.0,12875.0,5139.281227804227,-9250.0,13923.92857142857,5373.931824462245,-9250.0,14782.372927356184,1070.791279185008,-10403.164206541192,0,25,0,0,908.3331819444696,0.9999999998165137
2021-05-30,2021-05-30,7.0,9600.0,0.0,9600.0,6,-0.7818314824680299,0.6234898018587334,5,0.49999999999999994,-0.8660254037844387,1,0,0,0,5450.0,6.0,4600.0,5.0,10700.0,9.0,10500.0,12.0,13228.57142857143,4906.10649623311,5000.0,12796.42857142857,5183.311396488388,5000.0,13891.785714285714,5397.808233918521,5000.0,14789.37430878287,-5896.419017381797,707.0447085989272,0,30,0,0,1371.428375510232,0.9999999998958333
2021-05-31,2021-05-31,11.0,12400.0,0.0,12400.0,0,0.0,1.0,5,0.49999999999999994,-0.8660254037844387,0,0,1,0,9600.0,7.0,14950.0,15.0,18750.0,18.0,9200.0,9.0,12864.285714285714,4851.3498367047305,-2550.0,12342.857142857143,4891.902930937366,-2550.0,14006.07142857143,5328.21931152856,-2550.0,14636.354504277675,-1273.954370872128,-962.4001334055465,0,0,0,0,1127.2726247933979,0.9999999999193548
2021-06-01,2021-06-01,18.0,17850.0,0.0,17850.0,1,0.7818314824680298,0.6234898018587336,6,1.2246467991473532e-16,-1.0,0,0,0,0,12400.0,11.0,11600.0,12.0,20150.0,17.0,17800.0,13.0,13757.142857142857,5146.068772327433,6250.0,12178.57142857143,4641.771639799103,6250.0,14007.857142857143,5329.546125587221,6250.0,14302.932620366279,2392.474719235401,1154.5926603983207,0,6,0,0,991.666611574077,0.9999999999439776
2021-06-02,2021-06-02,15.0,13550.0,0.0,13550.0,2,0.9749279121818236,-0.22252093395631434,6,1.2246467991473532e-16,-1.0,0,0,0,0,17850.0,18.0,17100.0,16.0,11350.0,17.0,22750.0,19.0,13250.0,4932.207078648102,-3550.0,12335.714285714286,4648.797552197557,-3550.0,13679.285714285714,5046.712849173255,-3550.0,13876.492224499752,1108.6109910264913,-1435.1032155262437,0,12,0,0,903.3332731111152,0.9999999999261993
2021-06-03,2021-06-03,13.0,15700.0,0.0,15700.0,3,0.43388373911755823,-0.900968867902419,6,1.2246467991473532e-16,-1.0,0,0,0,0,13550.0,15.0,13600.0,11.0,7050.0,9.0,13750.0,14.0,13550.0,5020.126160433265,2100.0,12953.57142857143,4463.375071956919,2100.0,13748.92857142857,5061.158803984843,2100.0,13479.541665659695,889.790147776469,1330.6681865638366,0,18,0,0,1207.6922147929067,0.9999999999363057
2021-06-04,2021-06-04,13.0,14150.0,0.0,14150.0,4,-0.433883739117558,-0.9009688679024191,6,1.2246467991473532e-16,-1.0,0,1,0,0,15700.0,13.0,20300.0,16.0,9950.0,12.0,12670.0,15.0,12671.42857142857,4094.799256664572,-6150.0,13253.57142857143,4386.450478712512,-6150.0,13801.785714285714,5057.2002601142185,-6150.0,13216.504965479791,2257.169945193798,-1323.6749106735897,0,24,0,0,1088.4614547337344,0.9999999999293286
2021-06-05,2021-06-05,14.0,13850.0,0.0,13850.0,5,-0.9749279121818236,-0.2225209339563146,6,1.2246467991473532e-16,-1.0,1,0,0,0,14150.0,13.0,5450.0,6.0,14700.0,14.0,9000.0,8.0,13871.42857142857,2574.3700107755913,8400.0,13192.857142857143,4370.744398086671,8400.0,13975.0,4968.931251061704,8400.0,13046.351326073333,903.1570734110087,-99.50839948434077,0,30,0,0,989.2856436224541,0.9999999999277978
2021-06-06,2021-06-06,8.0,6850.0,0.0,6850.0,6,-0.7818314824680299,0.6234898018587334,6,1.2246467991473532e-16,-1.0,1,0,0,0,13850.0,14.0,9600.0,7.0,4600.0,5.0,4000.0,3.0,13478.57142857143,3409.2835443409595,-2750.0,13353.57142857143,4060.8574447784586,-2750.0,14076.785714285714,4782.732872548768,-2750.0,12955.278123382153,-5267.562827266163,-837.71529611599,0,36,0,0,856.2498929687634,0.9999999998540146
2021-06-07,2021-06-07,10.0,8800.0,0.0,8800.0,0,0.0,1.0,6,1.2246467991473532e-16,-1.0,0,0,1,0,6850.0,8.0,12400.0,11.0,14950.0,15.0,15450.0,15.0,12964.285714285714,3843.0363739403183,-3600.0,12914.285714285714,4204.9617473530825,-3600.0,13839.285714285714,4876.21508395327,-3600.0,12921.308805541734,-2651.516528419874,-1469.79227712186,0,0,0,0,879.9999120000089,0.9999999998863636
2021-06-08,2021-06-08,15.0,16250.0,0.0,16250.0,1,0.7818314824680298,0.6234898018587336,6,1.2246467991473532e-16,-1.0,0,0,0,0,8800.0,10.0,17850.0,18.0,11600.0,12.0,20050.0,16.0,12735.714285714286,3539.622659469276,-1600.0,13246.42857142857,4276.207174845161,-1600.0,13703.57142857143,4748.1561444929985,-1600.0,12946.396520479191,2106.0500892417945,1197.553390279014,0,6,0,0,1083.333261111116,0.9999999999384616
2021-06-09,2021-06-09,12.0,14300.0,0.0,14300.0,2,0.9749279121818236,-0.22252093395631434,6,1.2246467991473532e-16,-1.0,0,0,0,0,16250.0,15.0,13550.0,15.0,17100.0,16.0,19800.0,18.0,12842.857142857143,3579.5051533496808,750.0,13046.42857142857,4145.59378161889,750.0,13507.142857142857,4598.001060962643,750.0,12932.413034244604,1147.7308211278703,219.85614462752528,0,12,0,0,1191.6665673611194,0.9999999999300699
2021-06-10,2021-06-10,18.0,14900.0,0.0,14900.0,3,0.43388373911755823,-0.900968867902419,6,1.2246467991473532e-16,-1.0,0,0,0,0,14300.0,12.0,15700.0,13.0,13600.0,11.0,14550.0,15.0,12728.57142857143,3484.591934844126,-800.0,13139.285714285714,4173.413036547639,-800.0,13519.642857142857,4601.415629309163,-800.0,12859.229980298713,2422.853807505043,-382.0837878037546,0,18,0,0,827.7777317901259,0.9999999999328859
2021-06-11,2021-06-11,17.0,16200.0,0.0,16200.0,4,-0.433883739117558,-0.9009688679024191,6,1.2246467991473532e-16,-1.0,0,1,0,0,14900.0,18.0,14150.0,13.0,20300.0,16.0,23200.0,22.0,13021.42857142857,3703.2482524194074,2050.0,12846.42857142857,3755.174086188521,2050.0,13269.642857142857,4231.2623824582415,2050.0,12816.010517335333,959.9903639342201,2423.9991187304477,0,24,0,0,952.9411204152282,0.9999999999382716
2021-06-12,2021-06-12,7.0,5550.0,0.0,5550.0,5,-0.9749279121818236,-0.2225209339563146,6,1.2246467991473532e-16,-1.0,1,0,0,0,16200.0,17.0,13850.0,14.0,5450.0,6.0,16900.0,21.0,11835.714285714286,4611.192387885701,-8300.0,12853.57142857143,3740.0876319285453,-8300.0,12864.285714285714,4410.464348251282,-8300.0,12854.911867226021,1032.2813501584717,-8337.193217384493,0,30,0,0,792.8570295918529,0.9999999998198198
2021-06-13,2021-06-13,6.0,9200.0,0.0,9200.0,6,-0.7818314824680299,0.6234898018587334,6,1.2246467991473532e-16,-1.0,1,0,0,0,5550.0,7.0,6850.0,8.0,9600.0,7.0,10700.0,9.0,12171.42857142857,4259.876479318081,2350.0,12825.0,3768.27597797099,2350.0,12810.714285714286,4446.687430045981,2350.0,12915.818459772585,-5199.826361067849,1484.0079012952629,0,36,0,0,1533.3330777778203,0.9999999998913043
2021-06-14,2021-06-14,6.0,8050.0,0.0,8050.0,0,0.0,1.0,6,1.2246467991473532e-16,-1.0,0,0,1,0,9200.0,6.0,8800.0,10.0,12400.0,11.0,18750.0,18.0,12064.285714285714,4366.893850869482,-750.0,12514.285714285714,3979.438913456695,-750.0,12428.57142857143,4376.5881471214125,-750.0,13018.78220164392,-2473.012590890287,-2495.769610753634,0,0,0,0,1341.6664430555927,0.9999999998757764
2021-06-15,2021-06-15,14.0,12400.0,0.0,12400.0,1,0.7818314824680298,0.6234898018587336,6,1.2246467991473532e-16,-1.0,0,0,0,0,8050.0,6.0,16250.0,15.0,17850.0,18.0,20150.0,17.0,11514.285714285714,3976.8826030064097,-3850.0,12125.0,3672.0226034161724,-3850.0,12151.785714285714,4106.938170652922,-3850.0,13200.671309095887,1835.9631308743662,-2636.634439970254,0,6,0,0,885.7142224489842,0.9999999999193548
2021-06-16,2021-06-16,15.0,15200.0,0.0,15200.0,2,0.9749279121818236,-0.22252093395631434,6,1.2246467991473532e-16,-1.0,0,0,0,0,12400.0,14.0,14300.0,12.0,13550.0,15.0,11350.0,17.0,11642.857142857143,4094.7556471080916,900.0,12242.857142857143,3746.991467156598,900.0,12289.285714285714,4143.387349760888,900.0,13523.268490323628,1370.4839632287562,306.2475464476156,0,12,0,0,1013.3332657777823,0.9999999999342105
2021-06-17,2021-06-17,14.0,18150.0,0.0,18150.0,3,0.43388373911755823,-0.900968867902419,6,1.2246467991473532e-16,-1.0,0,0,0,0,15200.0,15.0,14900.0,18.0,15700.0,13.0,7050.0,9.0,12107.142857142857,4669.53143361554,3250.0,12417.857142857143,3971.369030702297,3250.0,12685.714285714286,4154.5347188534315,3250.0,14060.541986137976,2812.252791284257,1277.205222577768,0,18,0,0,1296.4284788265372,0.9999999999449035
2021-06-18,2021-06-18,13.0,12400.0,0.0,12400.0,4,-0.433883739117558,-0.9009688679024191,6,1.2246467991473532e-16,-1.0,0,1,0,0,18150.0,14.0,16200.0,17.0,14150.0,13.0,9950.0,12.0,11564.285714285714,4322.394618506625,-3800.0,12292.857142857143,3940.073073456269,-3800.0,12773.214285714286,4120.443210223517,-3800.0,14711.93669657379,434.666231213312,-2746.602927787102,0,24,0,0,953.8460804733785,0.9999999999193548
2021-06-19,2021-06-19,13.0,17900.0,0.0,17900.0,5,-0.9749279121818236,-0.2225209339563146,6,1.2246467991473532e-16,-1.0,1,0,0,0,12400.0,13.0,5550.0,7.0,13850.0,14.0,14700.0,14.0,13328.57142857143,3963.989692937414,12350.0,12582.142857142857,4203.094425212464,12350.0,12887.5,4219.06223124416,12350.0,15307.733705928204,1107.4704050851667,1484.7958889866313,0,30,0,0,1376.9229710059253,0.999999999944134
2021-06-20,2021-06-20,10.0,10400.0,0.0,10400.0,6,-0.7818314824680299,0.6234898018587334,6,1.2246467991473532e-16,-1.0,1,0,0,0,17900.0,13.0,9200.0,6.0,6850.0,8.0,4600.0,5.0,13500.0,3777.234438051173,1200.0,12835.714285714286,3928.810182555124,1200.0,13094.642857142857,3929.549481427097,1200.0,15862.693264679343,-5330.467298808268,-132.22596587107546,0,36,0,0,1039.9998960000105,0.9999999999038461
2021-06-21,2021-06-21,14.0,16950.0,0.0,16950.0,0,0.0,1.0,6,1.2246467991473532e-16,-1.0,0,0,1,0,10400.0,10.0,8050.0,6.0,8800.0,10.0,14950.0,15.0,14771.42857142857,3068.3677993977017,8900.0,13417.857142857143,3888.4249897739255,8900.0,13166.07142857143,3982.3465437740138,8900.0,16319.155266228401,-1566.5511978393029,2197.395931610903,0,0,0,0,1210.7141992347001,0.999999999941003
2021-06-22,2021-06-22,18.0,19600.0,0.0,19600.0,1,0.7818314824680298,0.6234898018587336,6,1.2246467991473532e-16,-1.0,0,0,0,0,16950.0,14.0,12400.0,14.0,16250.0,15.0,11600.0,12.0,15800.0,3336.0405672992633,7200.0,13657.142857142857,4169.064511505954,7200.0,13451.785714285714,4149.3078883569,7200.0,16642.40340719732,513.9115575406121,2443.6850352620713,0,6,0,0,1088.888828395065,0.9999999999489796
2021-06-23,2021-06-23,15.0,16750.0,0.0,16750.0,2,0.9749279121818236,-0.22252093395631434,6,1.2246467991473532e-16,-1.0,0,0,0,0,19600.0,18.0,15200.0,15.0,14300.0,12.0,17100.0,16.0,16021.42857142857,3341.014958419174,1550.0,13832.142857142857,4248.782954377182,1550.0,13439.285714285714,4138.423325258964,1550.0,16887.308403818075,2002.3959971081588,-2139.7044009262336,0,12,0,0,1116.6665922222273,0.9999999999402985
2021-06-24,2021-06-24,22.0,19100.0,0.0,19100.0,3,0.43388373911755823,-0.900968867902419,6,1.2246467991473532e-16,-1.0,0,0,0,0,16750.0,15.0,18150.0,14.0,14900.0,18.0,13600.0,11.0,16157.142857142857,3459.097735372168,950.0,14132.142857142857,4472.377062972903,950.0,13635.714285714286,4274.620562386888,950.0,17081.42204295991,2858.982653902877,-840.4046968627881,0,18,0,0,868.18177871901,0.999999999947644
2021-06-25,2021-06-25,9.0,6400.0,0.0,6400.0,4,-0.433883739117558,-0.9009688679024191,6,1.2246467991473532e-16,-1.0,0,1,0,0,19100.0,22.0,12400.0,13.0,16200.0,17.0,20300.0,16.0,15300.0,4962.106407565212,-6000.0,13432.142857142857,4872.8291870035555,-6000.0,13139.285714285714,4279.134499345855,-6000.0,17222.15894602061,862.771275170807,-11684.930221191415,0,24,0,0,711.1110320987742,0.99999999984375
2021-06-26,2021-06-26,18.0,19800.0,0.0,19800.0,5,-0.9749279121818236,-0.2225209339563146,6,1.2246467991473532e-16,-1.0,1,0,0,0,6400.0,9.0,17900.0,13.0,5550.0,7.0,5450.0,6.0,15571.42857142857,5175.4111867928605,1900.0,14450.0,4579.1752700509,1900.0,13651.785714285714,4182.336803458801,1900.0,17314.034087819364,587.8449592564945,1898.1209529241423,0,30,0,0,1099.9999388888923,0.999999999949495
2021-06-27,2021-06-27,9.0,10000.0,0.0,10000.0,6,-0.7818314824680299,0.6234898018587334,6,1.2246467991473532e-16,-1.0,1,0,0,0,19800.0,18.0,10400.0,10.0,9200.0,6.0,9600.0,7.0,15514.285714285714,5243.783167214453,-400.0,14507.142857142857,4513.137112187727,-400.0,13666.07142857143,4168.64516518585,-400.0,17329.613995829073,-5298.434628569179,-2031.1793672598942,0,36,0,0,1111.1109876543348,0.9999999999
2021-06-28,2021-06-28,15.0,16950.0,0.0,16950.0,0,0.0,1.0,6,1.2246467991473532e-16,-1.0,0,0,1,0,10000.0,9.0,16950.0,14.0,8050.0,6.0,12400.0,11.0,15514.285714285714,5243.783167214453,0.0,15142.857142857143,4145.472838524542,0.0,13828.57142857143,4205.97961838433,0.0,17288.592414829633,-711.6889462503236,373.09653142069146,0,0,0,0,1129.9999246666716,0.999999999941003
2021-06-29,2021-06-29,13.0,17300.0,0.0,17300.0,1,0.7818314824680298,0.6234898018587336,6,1.2246467991473532e-16,-1.0,0,0,0,0,16950.0,15.0,19600.0,18.0,12400.0,14.0,17850.0,18.0,15185.714285714286,5012.045015569492,-2300.0,15492.857142857143,4102.712852156785,-2300.0,13808.92857142857,4187.747860468319,-2300.0,17197.74147503429,-672.7293979209968,774.9879228867067,0,6,0,0,1330.769128402375,0.9999999999421965
2021-06-30,2021-06-30,18.0,22650.0,0.0,22650.0,2,0.9749279121818236,-0.22252093395631434,6,1.2246467991473532e-16,-1.0,0,0,0,0,17300.0,13.0,16750.0,15.0,15200.0,15.0,13550.0,15.0,16028.57142857143,5759.329904804957,5900.0,16025.0,4523.390066344873,5900.0,14133.92857142857,4507.792708834331,5900.0,16973.341983996783,2565.468640405794,3111.1893755974233,0,12,0,0,1258.3332634259298,0.9999999999558499
2021-07-01,2021-07-01,17.0,20100.0,0.0,20100.0,3,0.43388373911755823,-0.900968867902419,7,-0.4999999999999997,-0.8660254037844388,0,0,0,0,22650.0,18.0,19100.0,22.0,18150.0,14.0,15700.0,13.0,16171.42857142857,5859.739552151387,1000.0,16164.285714285714,4622.787561111221,1000.0,14291.07142857143,4639.186023180339,1000.0,16599.49282790608,2592.083911981336,908.4232601125841,0,21,0,0,1182.3528716263015,0.9999999999502487
2021-07-02,2021-07-02,20.0,17400.0,0.0,17400.0,4,-0.433883739117558,-0.9009688679024191,7,-0.4999999999999997,-0.8660254037844388,0,1,0,0,20100.0,17.0,6400.0,9.0,12400.0,13.0,14150.0,13.0,17742.85714285714,3974.127637128704,11000.0,16521.428571428572,4501.14149136356,11000.0,14407.142857142857,4676.03651186743,11000.0,16102.118831019521,2337.16126331164,-1039.2800943311613,0,28,0,0,869.9999565000021,0.9999999999425288
2021-07-03,2021-07-03,9.0,12300.0,0.0,12300.0,5,-0.9749279121818236,-0.2225209339563146,7,-0.4999999999999997,-0.8660254037844388,1,0,0,0,17400.0,20.0,19800.0,18.0,17900.0,13.0,13850.0,14.0,16671.428571428572,4322.793959818966,-7500.0,16121.42857142857,4616.555254470828,-7500.0,14351.785714285714,4692.024007367625,-7500.0,15525.228081793426,-312.4057339818613,-2912.822347811565,0,35,0,0,1366.6665148148318,0.9999999999186991
2021-07-04,2021-07-04,10.0,11950.0,0.0,11950.0,6,-0.7818314824680299,0.6234898018587334,7,-0.4999999999999997,-0.8660254037844388,1,0,0,0,12300.0,9.0,10000.0,9.0,10400.0,10.0,6850.0,8.0,16950.0,3859.1881702416435,1950.0,16232.142857142857,4485.515455451994,1950.0,14533.92857142857,4484.418571078617,1950.0,14913.00072917391,-5210.891938652993,2247.891209479083,0,42,0,0,1194.999880500012,0.9999999999163179
2021-07-05,2021-07-05,15.0,14900.0,0.0,14900.0,0,0.0,1.0,7,-0.4999999999999997,-0.8660254037844388,0,0,1,0,11950.0,10.0,16950.0,15.0,16950.0,14.0,8800.0,10.0,16657.14285714286,3936.2025451175896,-2050.0,16085.714285714286,4493.731898280778,-2050.0,14751.785714285714,4341.434353837118,-2050.0,14344.40138099735,-1711.7038659901912,2267.3024849928424,0,0,0,0,993.3332671111156,0.9999999999328859
2021-07-06,2021-07-06,11.0,8950.0,0.0,8950.0,1,0.7818314824680298,0.6234898018587336,7,-0.4999999999999997,-0.8660254037844388,0,0,0,0,14900.0,15.0,17300.0,13.0,19600.0,18.0,16250.0,15.0,15464.285714285714,4864.6440676334805,-8350.0,15325.0,4747.337310373178,-8350.0,14491.07142857143,4465.548234175272,-8350.0,13848.262738775598,-1796.847590455925,-3101.415148319673,0,7,0,0,813.6362896694283,0.9999999998882682
2021-07-07,2021-07-07,14.0,14800.0,0.0,14800.0,2,0.9749279121818236,-0.22252093395631434,7,-0.4999999999999997,-0.8660254037844388,0,0,0,0,8950.0,11.0,22650.0,18.0,16750.0,15.0,14300.0,12.0,14342.857142857143,3696.668384215286,-7850.0,15185.714285714286,4730.889840327965,-7850.0,14508.92857142857,4465.755578129836,-7850.0,13397.50346262446,3557.9785749463294,-2155.4820375707895,0,14,0,0,1057.1427816326584,0.9999999999324324
2021-07-08,2021-07-08,12.0,15150.0,0.0,15150.0,3,0.43388373911755823,-0.900968867902419,7,-0.4999999999999997,-0.8660254037844388,0,0,0,0,14800.0,14.0,20100.0,17.0,19100.0,22.0,14900.0,18.0,13635.714285714286,2768.831625691292,-4950.0,14903.57142857143,4595.334769997862,-4950.0,14517.857142857143,4466.816214032871,-4950.0,13007.931139517752,1798.3512600281867,343.71760045406154,0,21,0,0,1262.4998947916756,0.9999999999339934
2021-07-09,2021-07-09,18.0,18570.0,0.0,18570.0,4,-0.433883739117558,-0.9009688679024191,7,-0.4999999999999997,-0.8660254037844388,0,1,0,0,15150.0,12.0,17400.0,20.0,6400.0,9.0,16200.0,17.0,13802.857142857143,3054.514223711662,1170.0,15772.857142857143,3971.7762516796374,1170.0,14602.5,4521.986309707831,1170.0,12741.865359193253,4151.476040643612,1676.6586001631367,0,28,0,0,1031.666609351855,0.9999999999461496
2021-07-10,2021-07-10,10.0,11350.0,0.0,11350.0,5,-0.9749279121818236,-0.2225209339563146,7,-0.4999999999999997,-0.8660254037844388,1,0,0,0,18570.0,18.0,12300.0,9.0,19800.0,18.0,5550.0,7.0,13667.142857142857,3151.9661286552855,-950.0,15169.285714285714,3954.731274125859,-950.0,14809.642857142857,4214.328716935996,-950.0,12657.531080804241,-1072.0022959596638,-235.52878484457688,0,35,0,0,1134.9998865000114,0.9999999999118943
2021-07-11,2021-07-11,7.0,7150.0,0.0,7150.0,6,-0.7818314824680299,0.6234898018587334,7,-0.4999999999999997,-0.8660254037844388,1,0,0,0,11350.0,10.0,11950.0,10.0,10000.0,9.0,9200.0,6.0,12981.42857142857,3996.7171052061376,-4800.0,14965.714285714286,4299.605910895864,-4800.0,14736.42857142857,4331.569054764144,-4800.0,12787.709700149433,-4628.699757186252,-1009.009942963181,0,42,0,0,1021.4284255102249,0.9999999998601398
2021-07-12,2021-07-12,6.0,6000.0,0.0,6000.0,0,0.0,1.0,7,-0.4999999999999997,-0.8660254037844388,0,0,1,0,7150.0,7.0,14900.0,15.0,16950.0,15.0,8050.0,6.0,11710.0,4647.332568258883,-8900.0,14183.57142857143,4869.11871214562,-8900.0,14663.214285714286,4464.07060010829,-8900.0,12949.736682613744,-915.0009672356808,-6034.735715378063,0,0,0,0,999.999833333361,0.9999999998333333
2021-07-13,2021-07-13,10.0,11250.0,0.0,11250.0,1,0.7818314824680298,0.6234898018587336,7,-0.4999999999999997,-0.8660254037844388,0,0,0,0,6000.0,6.0,8950.0,11.0,17300.0,13.0,12400.0,14.0,12038.57142857143,4498.601369949775,2300.0,13751.42857142857,4839.6389839021085,2300.0,14622.142857142857,4490.874168093631,2300.0,12960.898750919772,-2121.2103340008466,410.3115830810748,0,7,0,0,1124.9998875000113,0.9999999999111111
2021-07-14,2021-07-14,14.0,18250.0,0.0,18250.0,2,0.9749279121818236,-0.22252093395631434,7,-0.4999999999999997,-0.8660254037844388,0,0,0,0,11250.0,10.0,14800.0,14.0,22650.0,18.0,15200.0,15.0,12531.42857142857,5011.3285948652365,3450.0,13437.142857142857,4333.74137273024,3450.0,14731.07142857143,4542.106983169894,3450.0,12893.337257606872,3539.208939860524,1817.4538025326037,0,14,0,0,1303.5713354591903,0.9999999999452055
2021-07-15,2021-07-15,15.0,13800.0,0.0,13800.0,3,0.43388373911755823,-0.900968867902419,7,-0.4999999999999997,-0.8660254037844388,0,0,0,0,18250.0,14.0,15150.0,12.0,20100.0,17.0,18150.0,14.0,12338.57142857143,4918.883438923308,-1350.0,12987.142857142857,3893.3877448653357,-1350.0,14575.714285714286,4494.984388858822,-1350.0,12835.496283830378,277.4085364624457,687.0951797071757,0,21,0,0,919.9999386666708,0.9999999999275362
2021-07-16,2021-07-16,23.0,20900.0,0.0,20900.0,4,-0.433883739117558,-0.9009688679024191,7,-0.4999999999999997,-0.8660254037844388,0,1,0,0,13800.0,15.0,18570.0,18.0,17400.0,20.0,12400.0,13.0,12671.42857142857,5459.918890030693,2330.0,13237.142857142857,4290.64353891365,2330.0,14879.285714285714,4627.671943758275,2330.0,12686.827713108216,3460.099964997057,4753.072321894726,0,28,0,0,908.6956126654081,0.999999999952153
2021-07-17,2021-07-17,10.0,11200.0,0.0,11200.0,5,-0.9749279121818236,-0.2225209339563146,7,-0.4999999999999997,-0.8660254037844388,1,0,0,0,20900.0,23.0,11350.0,10.0,12300.0,9.0,17900.0,13.0,12650.0,5466.260147486552,-150.0,13158.57142857143,4319.102216438438,-150.0,14640.0,4638.899933453238,-150.0,12395.017726345124,-367.4988619249576,-827.5188644201662,0,35,0,0,1119.9998880000112,0.9999999999107143
2021-07-18,2021-07-18,6.0,6300.0,0.0,6300.0,6,-0.7818314824680299,0.6234898018587334,7,-0.4999999999999997,-0.8660254037844388,1,0,0,0,11200.0,10.0,7150.0,7.0,11950.0,10.0,10400.0,10.0,12528.57142857143,5616.186216557222,-850.0,12755.0,4688.853804502699,-850.0,14493.57142857143,4838.12499209697,-850.0,12010.546912239399,-4013.948127986389,-1696.5987842530103,0,42,0,0,1049.9998250000292,0.9999999998412697
2021-07-19,2021-07-19,23.0,28080.0,0.0,28080.0,0,0.0,1.0,7,-0.4999999999999997,-0.8660254037844388,0,0,1,0,6300.0,6.0,6000.0,6.0,14900.0,15.0,16950.0,14.0,15682.857142857143,7289.574094293177,22080.0,13696.42857142857,6224.369732866782,22080.0,14891.07142857143,5464.139211993249,22080.0,11600.904027038401,0.8675513011483957,16478.228421660453,0,0,0,0,1220.8695121361081,0.9999999999643875
2021-07-20,2021-07-20,15.0,20700.0,0.0,20700.0,1,0.7818314824680298,0.6234898018587336,7,-0.4999999999999997,-0.8660254037844388,0,0,0,0,28080.0,23.0,11250.0,10.0,8950.0,11.0,19600.0,18.0,17032.85714285714,7206.378457740768,9450.0,14535.714285714286,6326.476372887431,9450.0,14930.357142857143,5503.064790636848,9450.0,11238.26933392063,-1596.380774488118,11058.111440567489,0,7,0,0,1379.9999080000061,0.9999999999516908
2021-07-21,2021-07-21,13.0,14150.0,0.0,14150.0,2,0.9749279121818236,-0.22252093395631434,7,-0.4999999999999997,-0.8660254037844388,0,0,0,0,20700.0,15.0,18250.0,14.0,14800.0,14.0,16750.0,15.0,16447.14285714286,7257.402460673529,-4100.0,14489.285714285714,6326.772739454366,-4100.0,14837.5,5493.150364401634,-4100.0,10961.776823664766,3253.827910383033,-65.60473404779987,0,14,0,0,1088.4614547337344,0.9999999999293286
2021-07-22,2021-07-22,7.0,8400.0,0.0,8400.0,3,0.43388373911755823,-0.900968867902419,7,-0.4999999999999997,-0.8660254037844388,0,0,0,0,14150.0,13.0,13800.0,15.0,15150.0,12.0,19100.0,22.0,15675.714285714286,7848.596174142331,-5400.0,14007.142857142857,6526.591086378154,-5400.0,14455.357142857143,5557.445777641779,-5400.0,10808.605663682252,-1408.8436107900934,-999.7620528921598,0,21,0,0,1199.999828571453,0.9999999998809523
2021-07-23,2021-07-23,14.0,10950.0,0.0,10950.0,4,-0.433883739117558,-0.9009688679024191,7,-0.4999999999999997,-0.8660254037844388,0,1,0,0,8400.0,7.0,20900.0,23.0,18570.0,18.0,6400.0,9.0,14254.285714285714,7643.066263271675,-9950.0,13462.857142857143,6433.877199960792,-9950.0,14617.857142857143,5376.767139064584,-9950.0,10846.934040455963,2100.8941520768667,-1997.8281925328301,0,28,0,0,782.1428012755142,0.9999999999086757
2021-07-24,2021-07-24,12.0,11750.0,0.0,11750.0,5,-0.9749279121818236,-0.2225209339563146,7,-0.4999999999999997,-0.8660254037844388,1,0,0,0,10950.0,14.0,11200.0,10.0,11350.0,10.0,19800.0,18.0,14332.857142857143,7609.18680343199,550.0,13491.42857142857,6424.654264439599,550.0,14330.357142857143,5304.140578371971,550.0,11110.527554653636,535.1144443560094,104.35800099035441,0,35,0,0,979.1665850694513,0.9999999999148936
2021-07-25,2021-07-25,9.0,10250.0,0.0,10250.0,6,-0.7818314824680299,0.6234898018587334,7,-0.4999999999999997,-0.8660254037844388,1,0,0,0,11750.0,12.0,6300.0,6.0,7150.0,7.0,10000.0,9.0,14897.142857142857,7039.322207631702,3950.0,13712.857142857143,6240.051070515119,3950.0,14339.285714285714,5296.786537047486,3950.0,11216.3978145219,-3226.8357365553934,2260.437922033492,0,42,0,0,1138.888762345693,0.999999999902439
2021-07-26,2021-07-26,12.0,13650.0,0.0,13650.0,0,0.0,1.0,7,-0.4999999999999997,-0.8660254037844388,0,0,1,0,10250.0,9.0,28080.0,23.0,6000.0,6.0,16950.0,15.0,12835.714285714286,3986.091891995004,-14430.0,14259.285714285714,5834.464531868023,-14430.0,14221.42857142857,5273.206006529753,-14430.0,11464.614434043835,1464.9996257934517,720.3859401627142,0,0,0,0,1137.4999052083413,0.9999999999267399
2021-07-27,2021-07-27,11.0,10750.0,0.0,10750.0,1,0.7818314824680298,0.6234898018587336,7,-0.4999999999999997,-0.8660254037844388,0,0,0,0,13650.0,12.0,20700.0,15.0,11250.0,10.0,17300.0,13.0,11414.285714285714,1987.1911260440756,-9950.0,14223.57142857143,5855.793458871873,-9950.0,13987.5,5276.860475839905,-9950.0,11745.365327530859,-926.9932041645493,-68.3721233663091,0,7,0,0,977.2726384297603,0.9999999999069767
2021-07-28,2021-07-28,16.0,13700.0,0.0,13700.0,2,0.9749279121818236,-0.22252093395631434,7,-0.4999999999999997,-0.8660254037844388,0,0,0,0,10750.0,11.0,14150.0,13.0,18250.0,14.0,22650.0,18.0,11350.0,1888.7826767523443,-450.0,13898.57142857143,5740.258446530659,-450.0,13667.857142857143,4996.312979212096,-450.0,12038.098350102351,2903.447338325361,-1241.5456884277119,0,14,0,0,856.2499464843783,0.9999999999270073
2021-07-29,2021-07-29,20.0,21450.0,0.0,21450.0,3,0.43388373911755823,-0.900968867902419,7,-0.4999999999999997,-0.8660254037844388,0,0,0,0,13700.0,16.0,8400.0,7.0,13800.0,15.0,20100.0,17.0,13214.285714285714,3881.2277144517434,13050.0,14445.0,6083.973587663265,13050.0,13716.07142857143,5066.6998093109705,13050.0,12299.792099988808,-2720.105624664647,11870.31352467584,0,21,0,0,1072.4999463750025,0.99999999995338
2021-07-30,2021-07-30,10.0,10700.0,0.0,10700.0,4,-0.433883739117558,-0.9009688679024191,7,-0.4999999999999997,-0.8660254037844388,0,1,0,0,21450.0,20.0,10950.0,14.0,20900.0,23.0,17400.0,20.0,13178.57142857143,3906.603079280944,-250.0,13716.42857142857,5858.052455503287,-250.0,13476.785714285714,5044.436652151159,-250.0,12528.057347289168,223.69810184131353,-2051.755449130482,0,28,0,0,1069.9998930000108,0.999999999906542
2021-07-31,2021-07-31,15.0,16975.0,0.0,16975.0,5,-0.9749279121818236,-0.2225209339563146,7,-0.4999999999999997,-0.8660254037844388,1,0,0,0,10700.0,10.0,11750.0,12.0,11200.0,10.0,12300.0,9.0,13925.0,4083.3248299230854,5225.0,14128.92857142857,5870.537971210827,5225.0,13643.75,5081.277658117961,5225.0,12771.36966814211,-6.623299476627958,4210.253631334519,0,35,0,0,1131.6665912222272,0.9999999999410898
2021-08-01,2021-08-01,8.0,8600.0,0.0,8600.0,6,-0.7818314824680299,0.6234898018587334,8,-0.8660254037844384,-0.5000000000000004,1,0,0,0,16975.0,15.0,10250.0,9.0,6300.0,6.0,11950.0,10.0,13689.285714285714,4368.4917578147,-1650.0,14293.214285714286,5663.111949321595,-1650.0,13524.107142857143,5161.4423503748685,-1650.0,13122.747537882517,-2060.4897807736224,-2462.257757108893,0,48,0,0,1074.9998656250168,0.9999999998837209
2021-08-02,2021-08-02,21.0,18100.0,0.0,18100.0,0,0.0,1.0,8,-0.8660254037844384,-0.5000000000000004,0,0,1,0,8600.0,8.0,13650.0,12.0,28080.0,23.0,14900.0,15.0,14325.0,4674.866308248796,4450.0,13580.357142857143,4244.659297864148,4450.0,13638.392857142857,5228.033950549203,4450.0,13560.355917918276,3657.27208579058,882.3719962911437,0,0,0,0,861.90472086168,0.9999999999447514
2021-08-03,2021-08-03,12.0,13600.0,0.0,13600.0,1,0.7818314824680298,0.6234898018587336,8,-0.8660254037844384,-0.5000000000000004,0,0,0,0,18100.0,21.0,10750.0,11.0,20700.0,15.0,8950.0,11.0,14732.142857142857,4429.275577660173,2850.0,13073.214285714286,3720.350276696825,2850.0,13804.464285714286,5146.812630933477,2850.0,14036.596010736106,135.1573695015016,-571.7533802376074,0,8,0,0,1133.3332388888969,0.9999999999264706
2021-08-04,2021-08-04,18.0,17650.0,0.0,17650.0,2,0.9749279121818236,-0.22252093395631434,8,-0.8660254037844384,-0.5000000000000004,0,0,0,0,13600.0,12.0,13700.0,16.0,14150.0,13.0,14800.0,14.0,15296.42857142857,4526.413880661747,3950.0,13323.214285714286,3910.986304453885,3950.0,13906.25,5195.184134796795,3950.0,14430.091289463442,2170.9871357589905,1048.921574777567,0,16,0,0,980.5555010802499,0.9999999999433428
2021-08-05,2021-08-05,12.0,10500.0,0.0,10500.0,3,0.43388373911755823,-0.900968867902419,8,-0.8660254037844384,-0.5000000000000004,0,0,0,0,17650.0,18.0,21450.0,20.0,8400.0,7.0,15150.0,12.0,13732.142857142857,3893.175500306942,-10950.0,13473.214285714286,3744.3606864922817,-10950.0,13740.17857142857,5228.1705748305185,-10950.0,14600.719325740203,-3172.8370556037044,-927.8822701364988,0,24,0,0,874.9999270833395,0.9999999999047618
2021-08-06,2021-08-06,18.0,15620.0,0.0,15620.0,4,-0.433883739117558,-0.9009688679024191,8,-0.8660254037844384,-0.5000000000000004,0,1,0,0,10500.0,12.0,10700.0,10.0,10950.0,14.0,18570.0,18.0,14435.0,3693.5292517229445,4920.0,13806.785714285714,3710.145968071221,4920.0,13634.82142857143,5156.46833672736,4920.0,14522.716196370058,-1046.7381253931633,2144.0219290231053,0,32,0,0,867.7777295679039,0.9999999999359795
2021-08-07,2021-08-07,11.0,13050.0,0.0,13050.0,5,-0.9749279121818236,-0.2225209339563146,8,-0.8660254037844384,-0.5000000000000004,1,0,0,0,15620.0,18.0,16975.0,15.0,11750.0,12.0,11350.0,10.0,13874.285714285714,3538.332267904608,-3925.0,13899.642857142857,3670.7683456263335,-3925.0,13695.535714285714,5138.546656343392,-3925.0,14269.618407957938,-1454.2120233904045,234.59361543246632,0,40,0,0,1186.3635285124067,0.9999999999233716
2021-08-08,2021-08-08,16.0,17200.0,0.0,17200.0,6,-0.7818314824680299,0.6234898018587334,8,-0.8660254037844384,-0.5000000000000004,1,0,0,0,13050.0,11.0,8600.0,8.0,10250.0,9.0,7150.0,7.0,15102.857142857143,2822.390914843334,8600.0,14396.07142857143,3608.657420581853,8600.0,14054.464285714286,5013.891321504915,8600.0,13847.105566615972,-1823.9307236822224,5176.825157066249,0,48,0,0,1074.999932812504,0.9999999999418604
2021-08-09,2021-08-09,17.0,18400.0,0.0,18400.0,0,0.0,1.0,8,-0.8660254037844384,-0.5000000000000004,0,0,1,0,17200.0,16.0,18100.0,21.0,13650.0,12.0,6000.0,6.0,15145.714285714286,2877.2316390519586,300.0,14735.357142857143,3753.50629119249,300.0,14497.32142857143,4819.995866400332,300.0,13241.502394793897,3505.7309171610773,1652.7666880450251,0,0,0,0,1082.3528775086543,0.9999999999456521
2021-08-10,2021-08-10,14.0,11850.0,0.0,11850.0,1,0.7818314824680298,0.6234898018587336,8,-0.8660254037844384,-0.5000000000000004,0,0,0,0,18400.0,17.0,13600.0,12.0,10750.0,11.0,11250.0,10.0,14895.714285714286,3101.23017066265,-1750.0,14813.92857142857,3674.3425254737926,-1750.0,14518.75,4806.3387207049855,-1750.0,12541.519561644613,3415.497053926968,-4107.01661557158,0,8,0,0,846.4285109693922,0.9999999999156118
2021-08-11,2021-08-11,13.0,14150.0,0.0,14150.0,2,0.9749279121818236,-0.22252093395631434,8,-0.8660254037844384,-0.5000000000000004,0,0,0,0,11850.0,14.0,17650.0,18.0,13700.0,16.0,18250.0,14.0,14395.714285714286,2855.5726637742846,-3500.0,14846.07142857143,3665.806752728693,-3500.0,14372.32142857143,4750.584658393189,-3500.0,11894.488141239506,1196.5883821368907,1058.9234766236023,0,16,0,0,1088.4614547337344,0.9999999999293286
2021-08-12,2021-08-12,10.0,7650.0,0.0,7650.0,3,0.43388373911755823,-0.900968867902419,8,-0.8660254037844384,-0.5000000000000004,0,0,0,0,14150.0,13.0,10500.0,12.0,21450.0,20.0,13800.0,15.0,13988.57142857143,3607.7113177720694,-2850.0,13860.357142857143,3608.371923674163,-2850.0,14152.67857142857,4917.273876279264,-2850.0,11386.83678806259,-2018.4944363575776,-1718.3423517050123,0,24,0,0,764.9999235000078,0.999999999869281
2021-08-13,2021-08-13,22.0,23550.0,0.0,23550.0,4,-0.433883739117558,-0.9009688679024191,8,-0.8660254037844384,-0.5000000000000004,0,1,0,0,7650.0,10.0,15620.0,18.0,10700.0,10.0,20900.0,23.0,15121.42857142857,5129.478298915722,7930.0,14778.214285714286,4308.947581282626,7930.0,14247.32142857143,5074.924644969251,7930.0,11068.357715107006,-2342.715494142575,14824.35777903557,0,32,0,0,1070.4544967975228,0.9999999999575372
2021-08-14,2021-08-14,5.0,4550.0,0.0,4550.0,5,-0.9749279121818236,-0.2225209339563146,8,-0.8660254037844384,-0.5000000000000004,1,0,0,0,23550.0,22.0,13050.0,11.0,16975.0,15.0,11200.0,10.0,13907.142857142857,6519.357622459712,-8500.0,13890.714285714286,5039.342851367222,-8500.0,14009.82142857143,5369.853174443342,-8500.0,11017.075372626663,-3584.1905164954824,-2882.8848561311806,0,40,0,0,909.9998180000364,0.9999999997802197
2021-08-15,2021-08-15,10.0,7600.0,0.0,7600.0,6,-0.7818314824680299,0.6234898018587334,8,-0.8660254037844384,-0.5000000000000004,1,0,0,0,4550.0,5.0,17200.0,16.0,8600.0,8.0,6300.0,6.0,12535.714285714286,6717.930874763077,-9600.0,13819.285714285714,5126.437455876208,-9600.0,14056.25,5305.963909532285,-9600.0,11214.736357239339,-1489.2199668624824,-2125.516390376857,0,48,0,0,759.9999240000077,0.999999999868421
2021-08-16,2021-08-16,16.0,13750.0,0.0,13750.0,0,0.0,1.0,8,-0.8660254037844384,-0.5000000000000004,0,0,1,0,7600.0,10.0,18400.0,17.0,18100.0,21.0,28080.0,23.0,11871.42857142857,6255.388153614507,-4650.0,13508.57142857143,4976.663783859818,-4650.0,13544.464285714286,4538.853530248302,-4650.0,11567.698061026776,3040.4395451803675,-858.1376062071449,0,0,0,0,859.3749462890657,0.9999999999272727
2021-08-17,2021-08-17,22.0,23600.0,0.0,23600.0,1,0.7818314824680298,0.6234898018587336,8,-0.8660254037844384,-0.5000000000000004,0,0,0,0,13750.0,16.0,11850.0,14.0,13600.0,12.0,20700.0,15.0,13550.0,7666.105051893459,11750.0,14222.857142857143,5661.33366805901,11750.0,13648.035714285714,4736.946652778528,11750.0,12006.373449589208,6769.229125965484,4824.3974244453075,0,8,0,0,1072.7272239669444,0.9999999999576271
2021-08-18,2021-08-18,14.0,11550.0,0.0,11550.0,2,0.9749279121818236,-0.22252093395631434,8,-0.8660254037844384,-0.5000000000000004,0,0,0,0,23600.0,22.0,14150.0,13.0,17650.0,18.0,14150.0,13.0,13178.57142857143,7695.120593751647,-2600.0,13787.142857142857,5611.801340542431,-2600.0,13555.17857142857,4752.201338277206,-2600.0,12571.816983566367,101.1886171455009,-1123.0056007118674,0,16,0,0,824.9999410714328,0.9999999999134199
2021-08-19,2021-08-19,20.0,19300.0,0.0,19300.0,3,0.43388373911755823,-0.900968867902419,8,-0.8660254037844384,-0.5000000000000004,0,0,0,0,11550.0,14.0,7650.0,10.0,10500.0,12.0,8400.0,7.0,14842.857142857143,7558.7382418974885,11650.0,14415.714285714286,5707.3161067928195,11650.0,13944.464285714286,4760.703989974444,11650.0,13164.178544743141,-205.27232034558494,6341.093775602445,0,24,0,0,964.9999517500023,0.9999999999481866
2021-08-20,2021-08-20,10.0,9150.0,0.0,9150.0,4,-0.433883739117558,-0.9009688679024191,8,-0.8660254037844384,-0.5000000000000004,0,1,0,0,19300.0,20.0,23550.0,22.0,15620.0,18.0,10950.0,14.0,12785.714285714286,6705.452649754153,-14400.0,13953.57142857143,5862.149260812413,-14400.0,13880.17857142857,4814.48633507613,-14400.0,13678.274339015772,-3671.6893000088107,-856.5850390069609,0,32,0,0,914.9999085000093,0.9999999998907103
2021-08-21,2021-08-21,10.0,9400.0,0.0,9400.0,5,-0.9749279121818236,-0.2225209339563146,8,-0.8660254037844384,-0.5000000000000004,1,0,0,0,9150.0,10.0,4550.0,5.0,13050.0,11.0,11750.0,12.0,13478.57142857143,5916.844397062285,4850.0,13692.857142857143,5985.297921473144,4850.0,13796.25,4873.122169197668,4850.0,14032.171019283465,-5238.097915613538,605.9268963300729,0,40,0,0,939.9999060000094,0.999999999893617
2021-08-22,2021-08-22,12.0,13450.0,0.0,13450.0,6,-0.7818314824680299,0.6234898018587334,8,-0.8660254037844384,-0.5000000000000004,1,0,0,0,9400.0,10.0,7600.0,10.0,17200.0,16.0,10250.0,9.0,14314.285714285714,5332.425517976002,5850.0,13425.0,5899.568106747591,5850.0,13910.535714285714,4824.151880802207,5850.0,14193.586898960062,-933.3054634755224,189.71856451546046,0,48,0,0,1120.8332399305634,0.9999999999256506
2021-08-23,2021-08-23,15.0,15250.0,0.0,15250.0,0,0.0,1.0,8,-0.8660254037844384,-0.5000000000000004,0,0,1,0,13450.0,12.0,13750.0,16.0,18400.0,17.0,13650.0,12.0,14528.57142857143,5336.107909239406,1500.0,13200.0,5753.493921756744,1500.0,13967.67857142857,4830.423545984115,1500.0,14241.528739018204,2684.779782128802,-1676.308521147006,0,0,0,0,1016.6665988888934,0.9999999999344262
2021-08-24,2021-08-24,19.0,23870.0,0.0,23870.0,1,0.7818314824680298,0.6234898018587336,8,-0.8660254037844384,-0.5000000000000004,0,0,0,0,15250.0,15.0,23600.0,22.0,11850.0,14.0,10750.0,11.0,14567.142857142857,5413.029694744913,270.0,14058.57142857143,6397.363467918555,270.0,14436.25,5133.570092844551,270.0,14290.626091824519,7297.546440106621,2281.827468068861,0,8,0,0,1256.3157233518039,0.9999999999581064
2021-08-25,2021-08-25,14.0,12900.0,0.0,12900.0,2,0.9749279121818236,-0.22252093395631434,8,-0.8660254037844384,-0.5000000000000004,0,0,0,0,23870.0,19.0,11550.0,14.0,14150.0,13.0,13700.0,16.0,14760.0,5310.69989110033,1350.0,13969.285714285714,6404.707961018491,1350.0,14407.67857142857,5140.041699308945,1350.0,14427.16208630458,-1058.635352184381,-468.52673412019794,0,16,0,0,921.4285056122496,0.9999999999224806
2021-08-26,2021-08-26,14.0,15750.0,0.0,15750.0,3,0.43388373911755823,-0.900968867902419,8,-0.8660254037844384,-0.5000000000000004,0,0,0,0,12900.0,14.0,19300.0,20.0,7650.0,10.0,21450.0,20.0,14252.857142857143,4963.018954513157,-3550.0,14547.857142857143,6150.765028804146,-3550.0,14204.107142857143,4960.540415148063,-3550.0,14692.80281615558,1423.7203570459124,-366.5231732014927,0,24,0,0,1124.999919642863,0.9999999999365079
2021-08-27,2021-08-27,10.0,9500.0,0.0,9500.0,4,-0.433883739117558,-0.9009688679024191,8,-0.8660254037844384,-0.5000000000000004,0,1,0,0,15750.0,14.0,9150.0,10.0,23550.0,22.0,10700.0,10.0,14302.857142857143,4904.459583840358,350.0,13544.285714285714,5698.562186114188,350.0,14161.25,4996.9856886148955,350.0,15000.010479731154,-4065.2419909984496,-1434.768488732705,0,32,0,0,949.9999050000096,0.9999999998947368
2021-08-28,2021-08-28,9.0,9350.0,0.0,9350.0,5,-0.9749279121818236,-0.2225209339563146,8,-0.8660254037844384,-0.5000000000000004,1,0,0,0,9500.0,10.0,9400.0,10.0,4550.0,5.0,16975.0,15.0,14295.714285714286,4912.819479493925,-50.0,13887.142857142857,5241.88813394475,-50.0,13888.92857142857,5045.499893954417,-50.0,15149.545330856521,-5370.464421767018,-429.0809090895036,0,40,0,0,1038.888773456803,0.9999999998930481
2021-08-29,2021-08-29,5.0,4800.0,0.0,4800.0,6,-0.7818314824680299,0.6234898018587334,8,-0.8660254037844384,-0.5000000000000004,1,0,0,0,9350.0,9.0,13450.0,12.0,7600.0,10.0,8600.0,8.0,13060.0,6104.359098218235,-8650.0,13687.142857142857,5544.8804226149405,-8650.0,13753.214285714286,5240.373928961918,-8650.0,15020.818182549368,428.401931177404,-10649.220113726773,0,48,0,0,959.9998080000383,0.9999999997916666
2021-08-30,2021-08-30,19.0,20300.0,0.0,20300.0,0,0.0,1.0,8,-0.8660254037844384,-0.5000000000000004,0,0,1,0,4800.0,5.0,15250.0,15.0,13750.0,16.0,18100.0,21.0,13781.42857142857,6677.792620747819,5050.0,14155.0,5820.094831371172,5050.0,13831.785714285714,5323.790110209642,5050.0,14718.39041867038,2151.4669938334873,3430.1425874961315,0,0,0,0,1068.4209963988949,0.9999999999507388
2021-08-31,2021-08-31,7.0,7300.0,0.0,7300.0,1,0.7818314824680298,0.6234898018587336,8,-0.8660254037844384,-0.5000000000000004,0,0,0,0,20300.0,19.0,23870.0,19.0,23600.0,22.0,13600.0,12.0,11414.285714285714,5300.370606988564,-16570.0,12990.714285714286,5400.5747048676785,-16570.0,13606.785714285714,5465.199703966237,-16570.0,14450.406928440272,5653.765886742624,-12804.172815182897,0,8,0,0,1042.8569938775722,0.9999999998630137
2021-09-01,2021-09-01,14.0,14100.0,0.0,14100.0,2,0.9749279121818236,-0.22252093395631434,9,-1.0,-1.8369701987210297e-16,0,0,0,0,7300.0,7.0,12900.0,14.0,11550.0,14.0,17650.0,18.0,11585.714285714286,5375.307300185573,1200.0,13172.857142857143,5391.239943822537,1200.0,13480.0,5408.815164292576,1200.0,14219.128593772028,-2395.7673733964425,2276.638779624416,0,18,0,0,1007.1427852040869,0.999999999929078
2021-09-02,2021-09-02,17.0,16150.0,0.0,16150.0,3,0.43388373911755823,-0.900968867902419,9,-1.0,-1.8369701987210297e-16,0,0,0,0,14100.0,14.0,15750.0,14.0,19300.0,20.0,10500.0,12.0,11642.857142857143,5428.814217628335,400.0,12947.857142857143,5177.345887572117,400.0,13681.785714285714,5398.905961582442,400.0,13888.502957061419,1140.913474561396,1120.5835683771857,0,27,0,0,949.9999441176503,0.9999999999380804
2021-09-03,2021-09-03,8.0,8650.0,0.0,8650.0,4,-0.433883739117558,-0.9009688679024191,9,-1.0,-1.8369701987210297e-16,0,1,0,0,16150.0,17.0,9500.0,10.0,9150.0,10.0,15620.0,18.0,11521.42857142857,5493.8493747445145,-850.0,12912.142857142857,5207.197945110202,-850.0,13432.857142857143,5466.49109280576,-850.0,13297.92579821284,-1017.2192656048493,-3630.70653260799,0,36,0,0,1081.249864843767,0.999999999884393
2021-09-04,2021-09-04,5.0,5550.0,0.0,5550.0,5,-0.9749279121818236,-0.2225209339563146,9,-1.0,-1.8369701987210297e-16,1,0,0,0,8650.0,8.0,9350.0,9.0,9400.0,10.0,13050.0,11.0,10978.57142857143,5915.717563044573,-3800.0,12637.142857142857,5500.357231155911,-3800.0,13165.0,5666.052581105447,-3800.0,12727.733801383853,-4931.001811177301,-2246.731990206552,0,45,0,0,1109.9997780000444,0.9999999998198198
2021-09-05,2021-09-05,11.0,13900.0,0.0,13900.0,6,-0.7818314824680299,0.6234898018587334,9,-1.0,-1.8369701987210297e-16,1,0,0,0,5550.0,5.0,4800.0,5.0,13450.0,12.0,17200.0,16.0,12278.57142857143,5299.438424875541,9100.0,12669.285714285714,5506.7838782104145,9100.0,13047.142857142857,5613.087126523776,9100.0,12642.598596783399,1085.9446569224015,171.45674629419955,0,54,0,0,1263.636248760341,0.9999999999280575
2021-09-06,2021-09-06,13.0,12950.0,0.0,12950.0,0,0.0,1.0,9,-1.0,-1.8369701987210297e-16,0,0,1,0,13900.0,11.0,20300.0,19.0,15250.0,15.0,18400.0,17.0,11228.57142857143,4018.5877642584037,-7350.0,12505.0,5457.962073887967,-7350.0,12852.5,5514.216391057505,-7350.0,13156.15596234117,2165.1220033307563,-2371.2779656719267,0,0,0,0,996.1537695266331,0.9999999999227799
2021-09-07,2021-09-07,11.0,13600.0,0.0,13600.0,1,0.7818314824680298,0.6234898018587336,9,-1.0,-1.8369701987210297e-16,0,0,0,0,12950.0,13.0,7300.0,7.0,23870.0,19.0,11850.0,14.0,12128.57142857143,3683.618821084418,6300.0,11771.42857142857,4400.730458847477,6300.0,12915.0,5512.3501071415585,6300.0,14089.67157270723,3276.038669269771,-3765.7102419770017,0,9,0,0,1236.3635239669525,0.9999999999264706
2021-09-08,2021-09-08,10.0,8450.0,0.0,8450.0,2,0.9749279121818236,-0.22252093395631434,9,-1.0,-1.8369701987210297e-16,0,0,0,0,13600.0,11.0,14100.0,14.0,12900.0,14.0,14150.0,13.0,11321.42857142857,3796.912906434299,-5650.0,11453.57142857143,4473.058852117288,-5650.0,12711.42857142857,5570.001472362125,-5650.0,15360.270940173044,-2612.6605488351715,-4297.610391337874,0,18,0,0,844.9999155000086,0.9999999998816568
2021-09-09,2021-09-09,16.0,16800.0,0.0,16800.0,3,0.43388373911755823,-0.900968867902419,9,-1.0,-1.8369701987210297e-16,0,0,0,0,8450.0,10.0,16150.0,17.0,15750.0,14.0,7650.0,10.0,11414.285714285714,3939.9359433999657,650.0,11528.57142857143,4558.623032895272,650.0,13038.214285714286,5530.323849315402,650.0,16679.073865311675,133.98671076877662,-13.060576080450119,0,27,0,0,1049.999934375004,0.9999999999404762
2021-09-10,2021-09-10,24.0,23900.0,0.0,23900.0,4,-0.433883739117558,-0.9009688679024191,9,-1.0,-1.8369701987210297e-16,0,1,0,0,16800.0,16.0,8650.0,8.0,9500.0,10.0,23550.0,22.0,13592.857142857143,5890.205752732543,15250.0,12557.142857142857,5576.59453371016,15250.0,13050.714285714286,5555.30239105708,15250.0,17699.55534732863,1693.8013068901823,4506.643345781187,0,36,0,0,995.8332918402795,0.999999999958159
2021-09-11,2021-09-11,16.0,16800.0,0.0,16800.0,5,-0.9749279121818236,-0.2225209339563146,9,-1.0,-1.8369701987210297e-16,1,0,0,0,23900.0,24.0,5550.0,5.0,9350.0,9.0,4550.0,5.0,15200.0,4755.435486542363,11250.0,13089.285714285714,5602.409460066378,11250.0,13488.214285714286,5339.208606617033,11250.0,18510.382575657313,-4428.600822072461,2718.2182464151483,0,45,0,0,1049.999934375004,0.9999999999404762
2021-09-12,2021-09-12,22.0,24000.0,0.0,24000.0,6,-0.7818314824680299,0.6234898018587334,9,-1.0,-1.8369701987210297e-16,1,0,0,0,16800.0,16.0,13900.0,11.0,4800.0,5.0,7600.0,10.0,16642.85714285714,5728.032571734982,10100.0,14460.714285714286,5764.819650639145,10100.0,14073.92857142857,5564.150688433748,10100.0,19189.28832943966,-14.639280073822874,4825.350950634162,0,54,0,0,1090.9090413223162,0.9999999999583333
2021-09-13,2021-09-13,30.0,33850.0,0.0,33850.0,0,0.0,1.0,9,-1.0,-1.8369701987210297e-16,0,0,1,0,24000.0,22.0,12950.0,13.0,20300.0,19.0,13750.0,16.0,19628.571428571428,8335.759170728285,20900.0,15428.57142857143,7649.854555824865,20900.0,14791.785714285714,6701.224351134103,20900.0,19653.167297043954,2481.838366067175,11714.99433688887,0,0,0,0,1128.3332957222235,0.9999999999704579
2021-09-14,2021-09-14,19.0,22850.0,0.0,22850.0,1,0.7818314824680298,0.6234898018587336,9,-1.0,-1.8369701987210297e-16,0,0,0,0,33850.0,30.0,13600.0,11.0,7300.0,7.0,23600.0,22.0,20950.0,7944.809626416467,9250.0,16539.285714285714,7506.386475001654,9250.0,14765.0,6666.119699784255,9250.0,19835.825665081986,1623.4685455155252,1390.7057894024874,0,9,0,0,1202.6315156509727,0.9999999999562363
2021-09-15,2021-09-15,16.0,15900.0,0.0,15900.0,2,0.9749279121818236,-0.22252093395631434,9,-1.0,-1.8369701987210297e-16,0,0,0,0,22850.0,19.0,8450.0,10.0,14100.0,14.0,11550.0,14.0,22014.285714285714,6325.129398262273,7450.0,16667.85714285714,7476.74875718195,7450.0,14920.357142857143,6639.051963860191,7450.0,19724.54312281625,-2250.7790820894156,-1573.7640407268336,0,18,0,0,993.7499378906289,0.9999999999371069
2021-09-16,2021-09-16,13.0,12550.0,0.0,12550.0,3,0.43388373911755823,-0.900968867902419,9,-1.0,-1.8369701987210297e-16,0,0,0,0,15900.0,16.0,16800.0,16.0,16150.0,17.0,19300.0,20.0,21407.14285714286,7069.26614363355,-4250.0,16410.714285714286,7557.400310328234,-4250.0,14679.285714285714,6596.5461942687525,-4250.0,19380.239099038215,-192.3204399492492,-6637.918659088966,0,27,0,0,965.3845411242661,0.9999999999203187
2021-09-17,2021-09-17,20.0,24950.0,0.0,24950.0,4,-0.433883739117558,-0.9009688679024191,9,-1.0,-1.8369701987210297e-16,0,1,0,0,12550.0,13.0,23900.0,24.0,8650.0,8.0,9150.0,10.0,21557.14285714286,7141.745151538492,1050.0,17575.0,7525.335412918353,1050.0,15243.57142857143,6779.293754479421,1050.0,19080.70900501618,3958.0605945495786,1911.230400434244,0,36,0,0,1247.499937625003,0.9999999999599198
2021-09-18,2021-09-18,13.0,13750.0,0.0,13750.0,5,-0.9749279121818236,-0.2225209339563146,9,-1.0,-1.8369701987210297e-16,1,0,0,0,24950.0,20.0,16800.0,16.0,5550.0,5.0,9400.0,10.0,21121.428571428572,7561.076705891874,-3050.0,18160.714285714286,6801.729943167417,-3050.0,15398.92857142857,6689.671053910178,-3050.0,19045.36637954265,-3989.4608987672823,-1305.9054807753673,0,45,0,0,1057.6922263313672,0.9999999999272727
2021-09-19,2021-09-19,14.0,14900.0,0.0,14900.0,6,-0.7818314824680299,0.6234898018587334,9,-1.0,-1.8369701987210297e-16,1,0,0,0,13750.0,13.0,24000.0,22.0,13900.0,11.0,13450.0,12.0,19821.428571428572,7763.260544752703,-9100.0,18232.14285714286,6758.658467899847,-9100.0,15450.714285714286,6679.630134233379,-9100.0,19201.613334407833,-3090.921736664378,-1210.6915977434546,0,54,0,0,1064.2856382653117,0.9999999999328859
2021-09-20,2021-09-20,18.0,22000.0,0.0,22000.0,0,0.0,1.0,9,-1.0,-1.8369701987210297e-16,0,0,1,0,14900.0,14.0,33850.0,30.0,12950.0,13.0,15250.0,15.0,18128.571428571428,4991.564312489024,-11850.0,18878.571428571428,6646.4482789889225,-11850.0,15691.785714285714,6792.962073363771,-11850.0,19396.369946559164,3050.391469036254,-446.76141559541793,0,0,0,0,1222.2221543209914,0.9999999999545455
2021-09-21,2021-09-21,22.0,21370.0,0.0,21370.0,1,0.7818314824680298,0.6234898018587336,9,-1.0,-1.8369701987210297e-16,0,0,0,0,22000.0,18.0,22850.0,19.0,13600.0,11.0,23870.0,19.0,17917.14285714286,4785.330759330039,-1480.0,19433.571428571428,6494.436207120045,-1480.0,15602.5,6697.2430065579065,-1480.0,19566.248138265593,2033.9402668582827,-230.1884051238776,0,9,0,0,971.3635922107458,0.9999999999532054
2021-09-22,2021-09-22,24.0,22720.0,0.0,22720.0,2,0.9749279121818236,-0.22252093395631434,9,-1.0,-1.8369701987210297e-16,0,0,0,0,21370.0,22.0,15900.0,16.0,8450.0,10.0,12900.0,14.0,18891.428571428572,4995.836361649638,6820.0,20452.85714285714,5710.4942916480795,6820.0,15953.214285714286,6806.70696123203,6820.0,19691.51561391841,-1540.9003919256327,4569.384778007221,0,18,0,0,946.6666272222238,0.9999999999559859
2021-09-23,2021-09-23,21.0,21400.0,0.0,21400.0,3,0.43388373911755823,-0.900968867902419,9,-1.0,-1.8369701987210297e-16,0,0,0,0,22720.0,24.0,12550.0,13.0,16800.0,16.0,15750.0,14.0,20155.714285714286,4176.134006242495,8850.0,20781.428571428572,5615.698952514727,8850.0,16155.0,6883.770768989909,8850.0,19798.121698860443,-255.48412078768897,1857.362421927246,0,27,0,0,1019.0475705215442,0.999999999953271
2021-09-24,2021-09-24,20.0,21000.0,0.0,21000.0,4,-0.433883739117558,-0.9009688679024191,9,-1.0,-1.8369701987210297e-16,0,1,0,0,21400.0,21.0,24950.0,20.0,23900.0,24.0,9500.0,10.0,19591.428571428572,3654.6610812833746,-3950.0,20574.285714285714,5544.855847867158,-3950.0,16565.714285714286,6814.7223136119155,-3950.0,19897.854168627422,5148.843803797846,-4046.697972425267,0,36,0,0,1049.9999475000025,0.999999999952381
2021-09-25,2021-09-25,15.0,17550.0,0.0,17550.0,5,-0.9749279121818236,-0.2225209339563146,9,-1.0,-1.8369701987210297e-16,1,0,0,0,21000.0,20.0,13750.0,13.0,16800.0,16.0,9350.0,9.0,20134.285714285714,2832.0066922169613,3800.0,20627.85714285714,5509.093431732729,3800.0,16858.571428571428,6667.757529798936,3800.0,19920.4441224074,-4613.787381228963,2243.343258821562,0,45,0,0,1169.9999220000052,0.9999999999430199
2021-09-26,2021-09-26,8.0,9050.0,0.0,9050.0,6,-0.7818314824680299,0.6234898018587334,9,-1.0,-1.8369701987210297e-16,1,0,0,0,17550.0,15.0,14900.0,14.0,24000.0,22.0,4800.0,5.0,19298.571428571428,4807.915101064843,-5850.0,19560.0,6209.560866425765,-5850.0,17010.35714285714,6427.119326003507,-5850.0,19879.46760262869,-5267.741308461049,-5561.726294167642,0,54,0,0,1131.2498585937678,0.9999999998895027
2021-09-27,2021-09-27,22.0,25220.0,0.0,25220.0,0,0.0,1.0,9,-1.0,-1.8369701987210297e-16,0,0,1,0,9050.0,8.0,22000.0,18.0,33850.0,30.0,20300.0,19.0,19758.571428571428,5243.737307720582,3220.0,18943.571428571428,4990.5612558460525,3220.0,17186.071428571428,6585.686690079791,3220.0,19794.398013498772,3660.94076337336,1764.6612231278668,0,0,0,0,1146.3635842562007,0.9999999999603489
2021-09-28,2021-09-28,21.0,21700.0,0.0,21700.0,1,0.7818314824680298,0.6234898018587336,9,-1.0,-1.8369701987210297e-16,0,0,0,0,25220.0,22.0,21370.0,22.0,22850.0,19.0,7300.0,7.0,19805.714285714286,5262.090386727977,330.0,18861.428571428572,4930.41870143182,330.0,17700.35714285714,6342.85744822202,330.0,19826.55825735163,2187.2462639105806,-313.80452126220916,0,9,0,0,1033.3332841269864,0.9999999999539171
2021-09-29,2021-09-29,20.0,18450.0,0.0,18450.0,2,0.9749279121818236,-0.22252093395631434,9,-1.0,-1.8369701987210297e-16,0,0,0,0,21700.0,21.0,22720.0,24.0,15900.0,16.0,14100.0,14.0,19195.714285714286,5113.34481900986,-4270.0,19043.571428571428,4859.1873444385465,-4270.0,17855.714285714286,6304.564148339602,-4270.0,20086.97898984995,-729.07917460371,-907.8998152462409,0,18,0,0,922.4999538750022,0.9999999999457995
2021-09-30,2021-09-30,13.0,11600.0,0.0,11600.0,3,0.43388373911755823,-0.900968867902419,9,-1.0,-1.8369701987210297e-16,0,0,0,0,18450.0,20.0,21400.0,21.0,12550.0,13.0,16150.0,17.0,17795.714285714286,5715.385251356927,-9800.0,18975.714285714286,4962.381119344468,-9800.0,17693.214285714286,6407.9476425309485,-9800.0,20499.259635886236,591.6261597694674,-9490.885795655704,0,27,0,0,892.3076236686444,0.9999999999137931
2021-10-01,2021-10-01,21.0,27550.0,0.0,27550.0,4,-0.433883739117558,-0.9009688679024191,10,-0.8660254037844386,0.5000000000000001,0,1,0,0,11600.0,13.0,21000.0,20.0,24950.0,20.0,8650.0,8.0,18731.428571428572,6766.873794624863,6550.0,19161.428571428572,5243.834265325127,6550.0,18368.214285714286,6415.511903926135,6550.0,20956.525197220133,5218.570567490982,1374.9042352888828,0,40,0,0,1311.9046994331095,0.9999999999637024
2021-10-02,2021-10-02,12.0,12300.0,0.0,12300.0,5,-0.9749279121818236,-0.2225209339563146,10,-0.8660254037844386,0.5000000000000001,1,0,0,0,27550.0,21.0,17550.0,15.0,13750.0,13.0,5550.0,5.0,17981.428571428572,7196.91468286103,-5250.0,19057.85714285714,5371.698168064853,-5250.0,18609.285714285714,6031.328045249898,-5250.0,21410.19722923197,-4038.2443909007466,-5071.952838331223,0,50,0,0,1024.9999145833406,0.9999999999186991
2021-10-03,2021-10-03,16.0,15800.0,0.0,15800.0,6,-0.7818314824680299,0.6234898018587334,10,-0.8660254037844386,0.5000000000000001,1,0,0,0,12300.0,12.0,9050.0,8.0,14900.0,14.0,13900.0,11.0,18945.714285714286,6181.326333247177,6750.0,19122.14285714286,5323.27860016223,6750.0,18677.14285714286,5986.907231706381,6750.0,21827.129360854793,-6263.8983322166105,236.7689713618165,0,60,0,0,987.4999382812538,0.9999999999367088
2021-10-04,2021-10-04,24.0,27400.0,0.0,27400.0,0,0.0,1.0,10,-0.8660254037844386,0.5000000000000001,0,0,1,0,15800.0,16.0,25220.0,22.0,22000.0,18.0,12950.0,13.0,19257.14285714286,6591.435641005953,2180.0,19507.85714285714,5728.087583359519,2180.0,19193.214285714286,6096.730789755383,2180.0,22227.35851109505,2020.10094137699,3152.5405475279586,0,0,0,0,1141.6666190972242,0.9999999999635036
2021-10-05,2021-10-05,37.0,43400.0,0.0,43400.0,1,0.7818314824680298,0.6234898018587336,10,-0.8660254037844386,0.5000000000000001,0,0,0,0,27400.0,24.0,21700.0,21.0,21370.0,22.0,13600.0,11.0,22357.14285714286,11330.7997868431,21700.0,21081.428571428572,8589.994051348238,21700.0,20257.5,7519.2644562459,21700.0,22576.554014999918,2177.4414848020097,18646.004500198072,0,10,0,0,1172.9729412710017,0.9999999999769585
2021-10-06,2021-10-06,21.0,22750.0,0.0,22750.0,2,0.9749279121818236,-0.22252093395631434,10,-0.8660254037844386,0.5000000000000001,0,0,0,0,43400.0,37.0,18450.0,20.0,22720.0,24.0,8450.0,10.0,22971.428571428572,11199.47383968167,4300.0,21083.571428571428,8590.437982156383,4300.0,20768.214285714286,7164.869052883907,4300.0,22757.45990538346,-531.2706890155056,523.8107836320451,0,20,0,0,1083.3332817460341,0.9999999999560439
2021-10-07,2021-10-07,22.0,24050.0,0.0,24050.0,3,0.43388373911755823,-0.900968867902419,10,-0.8660254037844386,0.5000000000000001,0,0,0,0,22750.0,21.0,11600.0,13.0,21400.0,21.0,16800.0,16.0,24750.0,10018.981984213759,12450.0,21272.85714285714,8627.064237771601,12450.0,21027.14285714286,7147.1324771199415,12450.0,22783.697683181443,1650.3277676174366,-384.0254507988793,0,30,0,0,1093.1817684917378,0.9999999999584199
2021-10-08,2021-10-08,31.0,31150.0,0.0,31150.0,4,-0.433883739117558,-0.9009688679024191,10,-0.8660254037844386,0.5000000000000001,0,1,0,0,24050.0,22.0,27550.0,21.0,21000.0,20.0,23900.0,24.0,25264.285714285714,10275.769001463026,3600.0,21997.85714285714,9019.917429752937,3600.0,21286.071428571428,7382.517556781729,3600.0,22584.556027101316,4871.056531585244,3694.38744131344,0,40,0,0,1004.8386772632684,0.9999999999678972
2021-10-09,2021-10-09,17.0,18500.0,0.0,18500.0,5,-0.9749279121818236,-0.2225209339563146,10,-0.8660254037844386,0.5000000000000001,1,0,0,0,31150.0,31.0,12300.0,12.0,17550.0,15.0,16800.0,16.0,26150.0,9180.958555619336,6200.0,22065.714285714286,8987.396914385372,6200.0,21346.785714285714,7351.181337954606,6200.0,22071.101386331113,-2785.4317579240937,-785.6696284070204,0,50,0,0,1088.23523010381,0.9999999999459459
2021-10-10,2021-10-10,12.0,17300.0,0.0,17300.0,6,-0.7818314824680299,0.6234898018587334,10,-0.8660254037844386,0.5000000000000001,1,0,0,0,18500.0,17.0,15800.0,16.0,9050.0,8.0,24000.0,22.0,26364.285714285714,8912.711628423107,1500.0,22655.0,8313.541085759776,1500.0,21107.5,7370.637755711911,1500.0,21348.997471814957,-5900.615538952455,1851.6180671374968,0,60,0,0,1441.666546527788,0.9999999999421965
2021-10-11,2021-10-11,18.0,18600.0,0.0,18600.0,0,0.0,1.0,10,-0.8660254037844386,0.5000000000000001,0,0,1,0,17300.0,12.0,27400.0,24.0,25220.0,22.0,33850.0,30.0,25107.14285714286,9352.0687805528,-8800.0,22182.14285714286,8344.634553063197,-8800.0,20562.85714285714,6945.343687809764,-8800.0,20643.222210242177,-810.7396273692632,-1232.4825828729117,0,0,0,0,1033.333275925929,0.9999999999462366
2021-10-12,2021-10-12,25.0,23450.0,0.0,23450.0,1,0.7818314824680298,0.6234898018587336,10,-0.8660254037844386,0.5000000000000001,0,0,0,0,18600.0,18.0,43400.0,37.0,21700.0,21.0,22850.0,19.0,22257.14285714286,4761.42735702124,-19950.0,22307.14285714286,8349.96216349922,-19950.0,20584.285714285714,6953.58230542408,-19950.0,19996.648972314382,2057.09437925302,1396.256648432598,0,10,0,0,937.9999624800015,0.9999999999573561
2021-10-13,2021-10-13,18.0,15800.0,0.0,15800.0,2,0.9749279121818236,-0.22252093395631434,10,-0.8660254037844386,0.5000000000000001,0,0,0,0,23450.0,25.0,22750.0,21.0,18450.0,20.0,15900.0,16.0,21264.285714285714,5331.956667562264,-6950.0,22117.85714285714,8473.252194243552,-6950.0,20580.714285714286,6956.102531868145,-6950.0,19363.169855672284,508.18327808018716,-4071.353133752471,0,20,0,0,877.7777290123483,0.9999999999367088
2021-10-14,2021-10-14,17.0,21050.0,0.0,21050.0,3,0.43388373911755823,-0.900968867902419,10,-0.8660254037844386,0.5000000000000001,0,0,0,0,15800.0,18.0,24050.0,22.0,11600.0,13.0,12550.0,13.0,20835.714285714286,5189.389357598991,-3000.0,22792.85714285714,7929.905837612895,-3000.0,20884.285714285714,6775.791017685235,-3000.0,18768.054394497445,2660.774149072252,-378.8285435696962,0,30,0,0,1238.235221280281,0.999999999952494
2021-10-15,2021-10-15,18.0,20500.0,0.0,20500.0,4,-0.433883739117558,-0.9009688679024191,10,-0.8660254037844386,0.5000000000000001,0,1,0,0,21050.0,17.0,31150.0,31.0,27550.0,21.0,24950.0,20.0,19314.285714285714,2552.892850231213,-10650.0,22289.285714285714,7827.765634915577,-10650.0,20725.35714285714,6728.922362757737,-10650.0,18349.323953909363,3942.035220252501,-1791.3591741618657,0,40,0,0,1138.8888256172875,0.9999999999512195
2021-10-16,2021-10-16,15.0,19950.0,0.0,19950.0,5,-0.9749279121818236,-0.2225209339563146,10,-0.8660254037844386,0.5000000000000001,1,0,0,0,20500.0,18.0,18500.0,17.0,12300.0,12.0,13750.0,13.0,19521.428571428572,2534.570499916576,1450.0,22835.714285714286,7327.855929770522,1450.0,20946.785714285714,6591.491178207018,1450.0,18121.301391298828,-831.9656543757405,2660.664263076913,0,50,0,0,1329.9999113333392,0.9999999999498747
2021-10-17,2021-10-17,10.0,10500.0,0.0,10500.0,6,-0.7818314824680299,0.6234898018587334,10,-0.8660254037844386,0.5000000000000001,1,0,0,0,19950.0,15.0,17300.0,12.0,15800.0,16.0,14900.0,14.0,18550.0,4250.2941074706505,-6800.0,22457.14285714286,7838.412740199047,-6800.0,20789.64285714286,6790.433620661773,-6800.0,18049.514645658637,-6419.434999719136,-1130.0796459395024,0,60,0,0,1049.9998950000106,0.9999999999047618
2021-10-18,2021-10-18,13.0,13700.0,0.0,13700.0,0,0.0,1.0,10,-0.8660254037844386,0.5000000000000001,0,0,1,0,10500.0,10.0,18600.0,18.0,27400.0,24.0,22000.0,18.0,17850.0,4627.454303754178,-4900.0,21478.571428571428,8026.775247826567,-4900.0,20493.214285714286,6915.648949796785,-4900.0,18077.736581262347,-3460.917587539817,-916.8189937225288,0,0,0,0,1053.8460727810714,0.9999999999270073
2021-10-19,2021-10-19,17.0,18080.0,0.0,18080.0,1,0.7818314824680298,0.6234898018587336,10,-0.8660254037844386,0.5000000000000001,0,0,0,0,13700.0,13.0,23450.0,25.0,43400.0,37.0,21370.0,22.0,17082.85714285714,3938.13286675173,-5370.0,19670.0,4982.946301753013,-5370.0,20375.714285714286,6928.138239880861,-5370.0,18198.16216318886,2004.6839877647008,-2122.846150953559,0,10,0,0,1063.5293492041558,0.9999999999446902
2021-10-20,2021-10-20,20.0,24100.0,0.0,24100.0,2,0.9749279121818236,-0.22252093395631434,10,-0.8660254037844386,0.5000000000000001,0,0,0,0,18080.0,17.0,15800.0,18.0,22750.0,21.0,22720.0,24.0,18268.571428571428,4669.162767818303,8300.0,19766.428571428572,5059.607171043512,8300.0,20425.0,6950.305881891231,8300.0,18347.943351368518,1345.1812709692315,4406.875377662251,0,20,0,0,1204.999939750003,0.9999999999585062
2021-10-21,2021-10-21,18.0,23050.0,0.0,23050.0,3,0.43388373911755823,-0.900968867902419,10,-0.8660254037844386,0.5000000000000001,0,0,0,0,24100.0,20.0,21050.0,17.0,24050.0,22.0,21400.0,21.0,18554.285714285714,4922.072250393625,2000.0,19695.0,5001.2040857869915,2000.0,20483.928571428572,6965.8560609142405,2000.0,18636.197078866702,4564.851313936981,-151.0483928036847,0,30,0,0,1280.555484413584,0.999999999956616
2021-10-22,2021-10-22,17.0,19700.0,0.0,19700.0,4,-0.433883739117558,-0.9009688679024191,10,-0.8660254037844386,0.5000000000000001,0,1,0,0,23050.0,18.0,20500.0,18.0,31150.0,31.0,21000.0,20.0,18440.0,4878.459456290109,-800.0,18877.14285714286,3768.0344367433304,-800.0,20437.5,6966.621278427372,-800.0,19053.55290070501,2581.5029724917104,-1935.0558731967212,0,40,0,0,1158.8234612456786,0.9999999999492386
2021-10-23,2021-10-23,23.0,19450.0,0.0,19450.0,5,-0.9749279121818236,-0.2225209339563146,10,-0.8660254037844386,0.5000000000000001,1,0,0,0,19700.0,17.0,19950.0,15.0,18500.0,17.0,17550.0,15.0,18368.571428571428,4856.27576293954,-500.0,18945.0,3769.2740578362086,-500.0,20505.35714285714,6946.67918645857,-500.0,19580.207883997093,1498.5310943363954,-1628.7389783334875,0,50,0,0,845.6521371455592,0.9999999999485861
2021-10-24,2021-10-24,15.0,18450.0,0.0,18450.0,6,-0.7818314824680299,0.6234898018587334,10,-0.8660254037844386,0.5000000000000001,1,0,0,0,19450.0,23.0,10500.0,10.0,17300.0,12.0,9050.0,8.0,19504.285714285714,3429.3772862472138,7950.0,19027.14285714286,3743.107365178412,7950.0,20841.071428571428,6590.579887534042,7950.0,20300.25867718971,-8661.465805936245,6811.207128746533,0,60,0,0,1229.9999180000054,0.9999999999457995
2021-10-25,2021-10-25,13.0,11000.0,0.0,11000.0,0,0.0,1.0,10,-0.8660254037844386,0.5000000000000001,0,0,1,0,18450.0,15.0,13700.0,13.0,18600.0,18.0,25220.0,22.0,19118.571428571428,4245.693616561847,-2700.0,18484.285714285714,4316.942853964558,-2700.0,20333.214285714286,6785.646645443997,-2700.0,21217.904689570783,-4236.927439981196,-5980.977249589589,0,0,0,0,846.1537810650938,0.9999999999090908
2021-10-26,2021-10-26,21.0,24030.0,0.0,24030.0,1,0.7818314824680298,0.6234898018587336,10,-0.8660254037844386,0.5000000000000001,0,0,0,0,11000.0,13.0,18080.0,17.0,23450.0,25.0,21700.0,21.0,19968.571428571428,4585.147865923267,5950.0,18525.714285714286,4370.711461686615,5950.0,20416.428571428572,6817.241874283672,5950.0,22093.636160038503,1343.1360609467088,593.2277790147891,0,10,0,0,1144.285659795921,0.9999999999583853
2021-10-27,2021-10-27,25.0,24550.0,0.0,24550.0,2,0.9749279121818236,-0.22252093395631434,10,-0.8660254037844386,0.5000000000000001,0,0,0,0,24030.0,21.0,24100.0,20.0,15800.0,18.0,18450.0,20.0,20032.85714285714,4655.343575883905,450.0,19150.714285714286,4571.9402787096915,450.0,20634.285714285714,6849.465742113098,450.0,22993.182385529635,2685.956097352529,-1129.1384828821647,0,20,0,0,981.9999607200016,0.9999999999592668
2021-10-28,2021-10-28,20.0,18450.0,0.0,18450.0,3,0.43388373911755823,-0.900968867902419,10,-0.8660254037844386,0.5000000000000001,0,0,0,0,24550.0,25.0,23050.0,18.0,21050.0,17.0,11600.0,13.0,19375.714285714286,4479.820893528554,-4600.0,18965.0,4541.561490195953,-4600.0,20878.928571428572,6633.771252594259,-4600.0,23929.347677792342,6286.553244685954,-11765.900922478297,0,30,0,0,922.4999538750022,0.9999999999457995
2021-10-29,2021-10-29,29.0,32700.0,0.0,32700.0,4,-0.433883739117558,-0.9009688679024191,10,-0.8660254037844386,0.5000000000000001,0,1,0,0,18450.0,20.0,19700.0,17.0,20500.0,18.0,27550.0,21.0,21232.85714285714,6754.027722491981,13000.0,19836.428571428572,5842.797811300377,13000.0,21062.85714285714,6891.954975639594,13000.0,24731.93295449559,1700.0126109162295,6268.054434588179,0,40,0,0,1127.58616801427,0.9999999999694189
2021-10-30,2021-10-30,22.0,29100.0,0.0,29100.0,5,-0.9749279121818236,-0.2225209339563146,10,-0.8660254037844386,0.5000000000000001,1,0,0,0,32700.0,29.0,19450.0,23.0,19950.0,15.0,12300.0,12.0,22611.428571428572,7292.821650023216,9650.0,20490.0,6346.521760896968,9650.0,21662.85714285714,6831.848541745818,9650.0,25330.296787656527,1543.9756443478327,2225.72756799564,0,50,0,0,1322.7272126033085,0.9999999999656357
2021-10-31,2021-10-31,13.0,13150.0,0.0,13150.0,6,-0.7818314824680299,0.6234898018587334,10,-0.8660254037844386,0.5000000000000001,1,0,0,0,29100.0,22.0,18450.0,15.0,10500.0,10.0,15800.0,16.0,21854.285714285714,8034.299092314253,-5300.0,20679.285714285714,6058.638415564157,-5300.0,21568.214285714286,6933.672563053448,-5300.0,25728.95851725372,-9437.029358140282,-3141.929159113439,0,60,0,0,1011.5383837278167,0.9999999999239544
2021-11-01,2021-11-01,24.0,24480.0,0.0,24480.0,0,0.0,1.0,11,-0.5000000000000004,0.8660254037844384,0,0,1,1,13150.0,13.0,11000.0,13.0,13700.0,13.0,27400.0,24.0,23780.0,6460.392144960425,13480.0,21449.285714285714,5782.112289420964,13480.0,21463.928571428572,6864.323407777406,13480.0,25795.216158256768,-3938.7191784487322,2623.5030201919653,0,0,0,0,1019.9999575000018,0.9999999999591503
2021-11-02,2021-11-02,25.0,30710.0,0.0,30710.0,1,0.7818314824680298,0.6234898018587336,11,-0.5000000000000004,0.8660254037844384,0,0,0,1,24480.0,24.0,24030.0,21.0,18080.0,17.0,43400.0,37.0,24734.285714285714,6976.242678172943,6680.0,22351.428571428572,6187.09184468002,6680.0,21010.714285714286,5678.9363431383845,6680.0,25254.812294105992,-304.48428747417296,5759.671993368182,0,11,0,0,1228.399950864002,0.9999999999674373
2021-11-03,2021-11-03,28.0,27380.0,0.0,27380.0,2,0.9749279121818236,-0.22252093395631434,11,-0.5000000000000004,0.8660254037844384,0,0,0,1,30710.0,25.0,24550.0,25.0,24100.0,20.0,22750.0,21.0,25138.571428571428,7045.441619873612,2830.0,22585.714285714286,6319.09160254219,2830.0,21176.071428571428,5797.622973500185,2830.0,24267.091421402216,2774.7322592172154,338.1763193805673,0,22,0,0,977.8571079336747,0.999999999963477
2021-11-04,2021-11-04,34.0,32175.0,0.0,32175.0,3,0.43388373911755823,-0.900968867902419,11,-0.5000000000000004,0.8660254037844384,0,0,0,1,27380.0,28.0,18450.0,20.0,23050.0,18.0,24050.0,22.0,27099.285714285714,6778.557140333152,13725.0,23237.5,6821.308455015222,13725.0,21466.25,6140.017285685643,13725.0,23353.68577485857,7368.9148967659,1452.3993283755299,0,33,0,0,946.3235015787207,0.99999999996892
2021-11-05,2021-11-05,24.0,21180.0,0.0,21180.0,4,-0.433883739117558,-0.9009688679024191,11,-0.5000000000000004,0.8660254037844384,0,1,0,1,32175.0,34.0,32700.0,29.0,19700.0,17.0,31150.0,31.0,25453.571428571428,6587.92248125669,-11520.0,23343.214285714286,6773.569564332958,-11520.0,21110.178571428572,5839.367748966659,-11520.0,22772.920120204963,2015.1949126978045,-3608.115032902766,0,44,0,0,882.4999632291682,0.9999999999527857
2021-11-06,2021-11-06,9.0,11290.0,0.0,11290.0,5,-0.9749279121818236,-0.2225209339563146,11,-0.5000000000000004,0.8660254037844384,1,0,0,1,21180.0,24.0,29100.0,22.0,19450.0,23.0,18500.0,17.0,22909.285714285714,8189.433450373413,-17810.0,22760.35714285714,7451.499194608647,-17810.0,20852.678571428572,6111.368047448595,-17810.0,22446.759430854032,1401.3771899639787,-12558.136620818012,0,55,0,0,1254.444305061744,0.999999999911426
2021-11-07,2021-11-07,10.0,8565.0,0.0,8565.0,6,-0.7818314824680299,0.6234898018587334,11,-0.5000000000000004,0.8660254037844384,1,0,0,1,11290.0,9.0,13150.0,13.0,18450.0,15.0,17300.0,12.0,22254.285714285714,9218.754628731673,-4585.0,22054.285714285714,8310.199446172475,-4585.0,20540.714285714286,6509.419487442183,-4585.0,22239.35455615836,-8763.687676766798,-4910.66687939156,0,66,0,0,856.4999143500087,0.9999999998832457
2021-11-08,2021-11-08,17.0,17140.0,0.0,17140.0,0,0.0,1.0,11,-0.5000000000000004,0.8660254037844384,0,0,1,1,8565.0,10.0,24480.0,24.0,11000.0,13.0,18600.0,18.0,21205.714285714286,9340.041233211714,-7340.0,22492.85714285714,7830.082697835674,-7340.0,20488.571428571428,6531.351720050397,-7340.0,22185.250548223183,-2664.828054612542,-2380.4224936106402,0,0,0,0,1008.235234809692,0.9999999999416569
2021-11-09,2021-11-09,16.0,17350.0,0.0,17350.0,1,0.7818314824680298,0.6234898018587336,11,-0.5000000000000004,0.8660254037844384,0,0,0,1,17140.0,17.0,30710.0,25.0,24030.0,21.0,23450.0,25.0,19297.14285714286,8391.014965000179,-13360.0,22015.714285714286,7932.0740951248,-13360.0,20270.714285714286,6530.647508349142,-13360.0,22401.496044750955,-1394.7687025354319,-3656.727342215523,0,11,0,0,1084.3749322265667,0.9999999999423631
2021-11-10,2021-11-10,28.0,28000.0,0.0,28000.0,2,0.9749279121818236,-0.22252093395631434,11,-0.5000000000000004,0.8660254037844384,0,0,0,1,17350.0,16.0,27380.0,28.0,24550.0,25.0,15800.0,18.0,19385.714285714286,8493.203375136402,620.0,22262.14285714286,8069.268795938043,620.0,20706.428571428572,6627.584032346938,620.0,23083.6366819665,1598.8323912227609,3317.5309268107376,0,22,0,0,999.9999642857156,0.9999999999642857
2021-11-11,2021-11-11,30.0,32570.0,0.0,32570.0,3,0.43388373911755823,-0.900968867902419,11,-0.5000000000000004,0.8660254037844384,0,0,0,1,28000.0,28.0,32175.0,34.0,18450.0,20.0,21050.0,17.0,19442.14285714286,8593.062054715438,395.0,23270.714285714286,8430.479240220026,395.0,21117.85714285714,6996.978505116204,395.0,24216.028654392576,7036.189408695219,1317.7819369122044,0,33,0,0,1085.6666304777789,0.9999999999692969
2021-11-12,2021-11-12,25.0,27780.0,0.0,27780.0,4,-0.433883739117558,-0.9009688679024191,11,-0.5000000000000004,0.8660254037844384,0,1,0,1,32570.0,30.0,21180.0,24.0,32700.0,29.0,20500.0,18.0,20385.0,9158.976926127345,6600.0,22919.285714285714,8103.379840237368,6600.0,21377.85714285714,7107.553940412483,6600.0,25298.486958759448,2062.599815015547,418.91322622500593,0,44,0,0,1111.1999555520017,0.9999999999640029
2021-11-13,2021-11-13,21.0,25330.0,0.0,25330.0,5,-0.9749279121818236,-0.2225209339563146,11,-0.5000000000000004,0.8660254037844384,1,0,0,1,27780.0,25.0,11290.0,9.0,29100.0,22.0,19950.0,15.0,22390.714285714286,8335.61556843654,14040.0,22650.0,7943.246042538794,14040.0,21570.0,7140.169751068533,14040.0,26125.388359414417,1370.8665967286424,-2166.2549561430606,0,55,0,0,1206.190418752837,0.9999999999605211
2021-11-14,2021-11-14,28.0,24610.0,0.0,24610.0,6,-0.7818314824680299,0.6234898018587334,11,-0.5000000000000004,0.8660254037844384,1,0,0,1,25330.0,21.0,8565.0,10.0,13150.0,13.0,10500.0,10.0,24682.85714285714,5684.662740760453,16045.0,23468.571428571428,7465.035532032391,16045.0,22073.928571428572,6820.722558272782,16045.0,26757.851971913533,-6134.838837879816,3986.9868659662825,0,66,0,0,878.9285400382664,0.9999999999593661
2021-11-15,2021-11-15,28.0,31350.0,0.0,31350.0,0,0.0,1.0,11,-0.5000000000000004,0.8660254037844384,0,0,1,1,24610.0,28.0,17140.0,17.0,24480.0,24.0,13700.0,13.0,26712.85714285714,5043.182574148003,14210.0,23959.285714285714,7756.736738807468,14210.0,22704.285714285714,6833.7342313682,14210.0,27309.69617749349,-2034.4511820827533,6074.755004589264,0,0,0,0,1119.6428171556136,0.9999999999681021
2021-11-16,2021-11-16,26.0,23655.0,0.0,23655.0,1,0.7818314824680298,0.6234898018587336,11,-0.5000000000000004,0.8660254037844384,0,0,0,1,31350.0,28.0,17350.0,16.0,30710.0,25.0,18080.0,17.0,27613.571428571428,3381.5808855790897,6305.0,23455.35714285714,7509.664405153043,6305.0,22903.39285714286,6774.975065359529,6305.0,27768.200024647565,-2066.3067027884185,-2046.8933218591483,0,11,0,0,909.8076573150901,0.9999999999577256
2021-11-17,2021-11-17,26.0,26740.0,0.0,26740.0,2,0.9749279121818236,-0.22252093395631434,11,-0.5000000000000004,0.8660254037844384,0,0,0,1,23655.0,26.0,28000.0,28.0,27380.0,28.0,24100.0,20.0,27433.571428571428,3391.104434504173,-1260.0,23409.64285714286,7485.84599409134,-1260.0,22997.678571428572,6810.521609727174,-1260.0,28009.026374715097,-725.3157566662405,-543.7106180488554,0,22,0,0,1028.4614989053268,0.9999999999626028
2021-11-18,2021-11-18,25.0,26430.0,0.0,26430.0,3,0.43388373911755823,-0.900968867902419,11,-0.5000000000000004,0.8660254037844384,0,0,0,1,26740.0,26.0,32570.0,30.0,32175.0,34.0,23050.0,18.0,26556.428571428572,2524.4186035033676,-6140.0,22999.285714285714,7116.752407887,-6140.0,23118.39285714286,6841.368183172489,-6140.0,28047.924680657605,5577.813058922478,-7195.737739580083,0,33,0,0,1057.1999577120016,0.9999999999621642
2021-11-19,2021-11-19,27.0,33105.0,0.0,33105.0,4,-0.433883739117558,-0.9009688679024191,11,-0.5000000000000004,0.8660254037844384,0,1,0,1,26430.0,25.0,27780.0,25.0,21180.0,24.0,19700.0,17.0,27317.14285714286,3548.9902990648943,5325.0,23851.071428571428,7580.766446579335,5325.0,23597.14285714286,7058.868526026309,5325.0,27889.232408890486,2244.924605869958,2970.8429852395566,0,44,0,0,1226.1110656995902,0.999999999969793
2021-11-20,2021-11-20,27.0,31160.0,0.0,31160.0,5,-0.9749279121818236,-0.2225209339563146,11,-0.5000000000000004,0.8660254037844384,1,0,0,1,33105.0,27.0,25330.0,21.0,11290.0,9.0,19450.0,23.0,28150.0,3686.3543418034155,5830.0,25270.35714285714,6875.3907481365195,5830.0,24015.35714285714,7150.360251034677,5830.0,27525.415388666246,477.0152311687174,3157.5693801650377,0,55,0,0,1154.0740313305914,0.9999999999679076
2021-11-21,2021-11-21,12.0,10090.0,0.0,10090.0,6,-0.7818314824680299,0.6234898018587334,11,-0.5000000000000004,0.8660254037844384,1,0,0,1,31160.0,27.0,24610.0,28.0,8565.0,10.0,18450.0,15.0,26075.714285714286,7800.092108735737,-14520.0,25379.285714285714,6596.800756410719,-14520.0,23716.785714285714,7554.476011228891,-14520.0,26925.592694804574,-3325.225260613538,-13510.367434191037,0,66,0,0,840.8332632638948,0.999999999900892
2021-11-22,2021-11-22,23.0,22950.0,0.0,22950.0,0,0.0,1.0,11,-0.5000000000000004,0.8660254037844384,0,0,1,1,10090.0,12.0,31350.0,28.0,17140.0,17.0,11000.0,13.0,24875.714285714286,7493.559695148999,-8400.0,25794.285714285714,6210.014200758903,-8400.0,24143.571428571428,7135.368720149419,-8400.0,26167.834829690095,-1715.856752183342,-1501.978077506752,0,0,0,0,997.8260435727807,0.999999999956427
2021-11-23,2021-11-23,21.0,27220.0,0.0,27220.0,1,0.7818314824680298,0.6234898018587336,11,-0.5000000000000004,0.8660254037844384,0,0,0,1,22950.0,23.0,23655.0,26.0,17350.0,16.0,24030.0,21.0,25385.0,7517.87370205164,3565.0,26499.285714285714,5718.417901544467,3565.0,24257.5,7158.9162872188535,3565.0,25217.068548546005,-1824.50022553548,3827.431676989476,0,11,0,0,1296.190414467123,0.9999999999632623
2021-11-24,2021-11-24,17.0,14865.0,0.0,14865.0,2,0.9749279121818236,-0.22252093395631434,11,-0.5000000000000004,0.8660254037844384,0,0,0,1,27220.0,21.0,26740.0,26.0,28000.0,28.0,24550.0,25.0,23688.571428571428,8443.931111694796,-11875.0,25561.071428571428,6480.057923106399,-11875.0,23911.60714285714,7374.972071958598,-11875.0,23971.327448167212,252.65239140884697,-9358.979839576059,0,22,0,0,874.4117132698991,0.9999999999327278
2021-11-25,2021-11-25,25.0,28380.0,0.0,28380.0,3,0.43388373911755823,-0.900968867902419,11,-0.5000000000000004,0.8660254037844384,0,0,0,1,14865.0,17.0,26430.0,25.0,32570.0,30.0,18450.0,20.0,23967.14285714286,8580.507879851293,1950.0,25261.785714285714,6223.109724475211,1950.0,24266.25,7341.2874318751055,1950.0,22534.154071380515,3106.3964848373935,2739.4494437820904,0,33,0,0,1135.1999545920019,0.9999999999647639
2021-11-26,2021-11-26,20.0,20300.0,0.0,20300.0,4,-0.433883739117558,-0.9009688679024191,11,-0.5000000000000004,0.8660254037844384,0,1,0,1,28380.0,25.0,33105.0,27.0,27780.0,25.0,32700.0,29.0,22137.85714285714,7618.77278894203,-12805.0,24727.5,6310.758137437332,-12805.0,23823.39285714286,7186.05414488928,-12805.0,21078.398971720453,2456.174495884846,-3234.5734676053,0,44,0,0,1014.9999492500025,0.9999999999507388
2021-11-27,2021-11-27,17.0,18950.0,0.0,18950.0,5,-0.9749279121818236,-0.2225209339563146,11,-0.5000000000000004,0.8660254037844384,1,0,0,1,20300.0,20.0,31160.0,27.0,25330.0,21.0,29100.0,22.0,20393.571428571428,6528.65269043933,-12210.0,24271.785714285714,6491.667620035062,-12210.0,23460.89285714286,7165.997650113245,-12210.0,19770.602309587877,-329.21148948299157,-491.3908201048871,0,55,0,0,1114.7058167820107,0.9999999999472295
2021-11-28,2021-11-28,16.0,16820.0,0.0,16820.0,6,-0.7818314824680299,0.6234898018587334,11,-0.5000000000000004,0.8660254037844384,1,0,0,1,18950.0,17.0,10090.0,12.0,24610.0,28.0,13150.0,13.0,21355.0,5096.996664703611,6730.0,23715.35714285714,6787.56143598372,6730.0,23591.964285714286,7002.108193024825,6730.0,18676.69755538116,-1779.2539947791765,-77.44356060198334,0,66,0,0,1051.249934296879,0.999999999940547
2021-11-29,2021-11-29,22.0,28150.0,0.0,28150.0,0,0.0,1.0,11,-0.5000000000000004,0.8660254037844384,0,0,1,1,16820.0,16.0,22950.0,23.0,31350.0,28.0,24480.0,24.0,22097.85714285714,5710.24507438372,5200.0,23486.785714285714,6560.779329629105,5200.0,23723.035714285714,7053.507315025743,5200.0,17744.72592329527,-1398.287927939117,11803.562004643845,0,0,0,0,1279.5453963843001,0.999999999964476
2021-11-30,2021-11-30,13.0,14100.0,0.0,14100.0,1,0.7818314824680298,0.6234898018587336,11,-0.5000000000000004,0.8660254037844384,0,0,0,1,28150.0,22.0,27220.0,21.0,23655.0,26.0,30710.0,25.0,20223.571428571428,5898.87186551073,-13120.0,22804.285714285714,7022.6660117143865,-13120.0,23129.821428571428,7142.037586911534,-13120.0,17114.84888653394,-797.3395818569045,-2217.5093046770344,0,11,0,0,1084.6153011834385,0.999999999929078
2021-12-01,2021-12-01,24.0,31400.0,0.0,31400.0,2,0.9749279121818236,-0.22252093395631434,12,-2.4492935982947064e-16,1.0,0,0,0,1,14100.0,13.0,14865.0,17.0,26740.0,26.0,27380.0,28.0,22585.714285714286,6657.331440206476,16535.0,23137.14285714286,7327.384021150193,16535.0,23273.39285714286,7269.9014275210775,16535.0,16719.717472982462,296.0060885295257,14384.276438488014,0,24,0,0,1308.3332788194466,0.9999999999681528
2021-12-02,2021-12-02,21.0,16630.0,0.0,16630.0,3,0.43388373911755823,-0.900968867902419,12,-2.4492935982947064e-16,1.0,0,0,0,1,31400.0,24.0,28380.0,25.0,26430.0,25.0,32175.0,34.0,20907.14285714286,6430.318069597352,-11750.0,22437.14285714286,7455.5979779486315,-11750.0,22718.214285714286,7157.631024180198,-11750.0,16556.380845456093,1362.9399547345922,-1289.320800190686,0,36,0,0,791.904724195013,0.9999999999398677
2021-12-03,2021-12-03,23.0,19050.0,0.0,19050.0,4,-0.433883739117558,-0.9009688679024191,12,-2.4492935982947064e-16,1.0,0,1,0,1,16630.0,21.0,20300.0,20.0,33105.0,27.0,21180.0,24.0,20728.571428571428,6467.239051742304,-1250.0,21433.214285714286,6828.5406727777945,-1250.0,22642.14285714286,7185.847900763699,-1250.0,16554.58246177324,2056.88726966749,438.5302685592724,0,48,1,0,828.2608335538768,0.9999999999475065
2021-12-04,2021-12-04,12.0,11550.0,0.0,11550.0,5,-0.9749279121818236,-0.2225209339563146,12,-2.4492935982947064e-16,1.0,1,0,0,1,19050.0,23.0,18950.0,17.0,31160.0,27.0,11290.0,9.0,19671.428571428572,7350.862599204308,-7400.0,20032.5,6689.694356016823,-7400.0,22651.428571428572,7170.787298211437,-7400.0,16853.470374989916,-506.64078675956745,-4796.829588230348,0,60,0,0,962.4999197916734,0.9999999999134199
2021-12-05,2021-12-05,15.0,16550.0,0.0,16550.0,6,-0.7818314824680299,0.6234898018587334,12,-2.4492935982947064e-16,1.0,1,0,0,1,11550.0,12.0,16820.0,16.0,10090.0,12.0,8565.0,10.0,19632.85714285714,7369.00426173873,-270.0,20493.928571428572,6152.359203081089,-270.0,22936.60714285714,6735.390094778177,-270.0,17507.425217369862,-1830.4183932922153,872.9931759223546,0,72,0,0,1103.3332597777828,0.999999999939577
2021-12-06,2021-12-06,20.0,16635.0,0.0,16635.0,0,0.0,1.0,12,-2.4492935982947064e-16,1.0,0,0,1,1,16550.0,15.0,28150.0,22.0,22950.0,23.0,17140.0,17.0,17987.85714285714,6368.105328603654,-11515.0,20042.85714285714,6189.820027918601,-11515.0,22918.571428571428,6752.142164492971,-11515.0,18312.263968422194,-765.5385704936127,-911.7253979285815,0,0,0,0,831.749958412502,0.9999999999398858
2021-12-07,2021-12-07,19.0,19950.0,0.0,19950.0,1,0.7818314824680298,0.6234898018587336,12,-2.4492935982947064e-16,1.0,0,0,0,1,16635.0,20.0,14100.0,13.0,27220.0,21.0,17350.0,16.0,18823.571428571428,6153.078304316254,5850.0,19523.571428571428,5836.242016839353,5850.0,23011.428571428572,6690.320378912117,5850.0,19127.555722019963,-1065.5332036246366,1887.9774816046738,0,12,0,0,1049.999944736845,0.9999999999498747
2021-12-08,2021-12-08,21.0,22100.0,0.0,22100.0,2,0.9749279121818236,-0.22252093395631434,12,-2.4492935982947064e-16,1.0,0,0,0,1,19950.0,19.0,31400.0,24.0,14865.0,17.0,28000.0,28.0,17495.0,3350.9936337350914,-9300.0,20040.35714285714,5710.982154614907,-9300.0,22800.714285714286,6619.925270122812,-9300.0,19887.727978108964,1773.3975103798955,438.87451151114146,0,24,0,0,1052.380902267576,0.9999999999547511
2021-12-09,2021-12-09,22.0,18950.0,0.0,18950.0,3,0.43388373911755823,-0.900968867902419,12,-2.4492935982947064e-16,1.0,0,0,0,1,22100.0,21.0,16630.0,21.0,28380.0,25.0,32570.0,30.0,17826.428571428572,3365.878679589337,2320.0,19366.785714285714,5183.454300851043,2320.0,22314.285714285714,6371.219970723341,2320.0,20566.306645842476,477.96245244594087,-2094.269098288416,0,36,0,0,861.3635972107455,0.9999999999472295
2021-12-10,2021-12-10,25.0,25350.0,0.0,25350.0,4,-0.433883739117558,-0.9009688679024191,12,-2.4492935982947064e-16,1.0,0,1,0,1,18950.0,22.0,19050.0,23.0,20300.0,20.0,27780.0,25.0,18726.428571428572,4423.645474686465,6300.0,19727.5,5423.54509026652,6300.0,22227.5,6310.269774710876,6300.0,21120.800437258393,1694.6774105625036,2534.5221521791027,0,48,1,0,1013.9999594400016,0.9999999999605522
2021-12-11,2021-12-11,24.0,23700.0,0.0,23700.0,5,-0.9749279121818236,-0.2225209339563146,12,-2.4492935982947064e-16,1.0,1,0,0,1,25350.0,25.0,11550.0,12.0,18950.0,17.0,25330.0,21.0,20462.14285714286,3404.8542028781294,12150.0,20066.785714285714,5518.9016490682425,12150.0,22169.285714285714,6288.067729215056,12150.0,21490.3169896287,-800.3360525450844,3010.0190629163844,0,60,0,0,987.4999588541683,0.9999999999578059
2021-12-12,2021-12-12,14.0,17850.0,0.0,17850.0,6,-0.7818314824680299,0.6234898018587334,12,-2.4492935982947064e-16,1.0,1,0,0,1,23700.0,24.0,16550.0,15.0,16820.0,16.0,24610.0,28.0,20647.85714285714,3184.2108613475216,1300.0,20140.35714285714,5479.011162990644,1300.0,21927.85714285714,6320.576542585957,1300.0,21679.559614771577,-1621.6545770833036,-2207.9050376882733,0,72,0,0,1274.999908928578,0.9999999999439776
2021-12-13,2021-12-13,24.0,23700.0,0.0,23700.0,0,0.0,1.0,12,-2.4492935982947064e-16,1.0,0,0,1,1,17850.0,14.0,16635.0,20.0,28150.0,22.0,31350.0,28.0,21657.14285714286,2796.341146842334,7065.0,19822.5,5094.163609918277,7065.0,21654.64285714286,6058.098945270525,7065.0,21744.25471456639,623.3018239859588,1332.4434614476522,0,0,0,0,987.4999588541683,0.9999999999578059
2021-12-14,2021-12-14,22.0,20830.0,0.0,20830.0,1,0.7818314824680298,0.6234898018587336,12,-2.4492935982947064e-16,1.0,0,0,0,1,23700.0,24.0,19950.0,19.0,14100.0,13.0,23655.0,26.0,21782.85714285714,2725.690825495468,880.0,20303.214285714286,4822.937026950937,880.0,21553.75,6047.064734079517,880.0,21801.72526423392,-1395.5225413545536,423.7972771206332,0,12,0,0,946.8181387809936,0.9999999999519923
2021-12-15,2021-12-15,21.0,23035.0,0.0,23035.0,2,0.9749279121818236,-0.22252093395631434,12,-2.4492935982947064e-16,1.0,0,0,0,1,20830.0,22.0,22100.0,21.0,31400.0,24.0,26740.0,26.0,21916.428571428572,2766.427772244796,935.0,19705.714285714286,3738.7296573234157,935.0,21421.428571428572,5969.414149730718,935.0,21836.660387604283,233.27388450802562,965.0657278876934,0,24,0,0,1096.9047096712043,0.9999999999565878
2021-12-16,2021-12-16,23.0,21620.0,0.0,21620.0,3,0.43388373911755823,-0.900968867902419,12,-2.4492935982947064e-16,1.0,0,0,0,1,23035.0,21.0,18950.0,22.0,16630.0,21.0,26430.0,25.0,22297.85714285714,2455.8940278827495,2670.0,20062.14285714286,3659.9830360503147,2670.0,21249.64285714286,5888.604174758579,2670.0,21816.34780013514,1171.2564742981378,-1367.6042744332772,0,36,0,0,939.9999591304365,0.9999999999537466
2021-12-17,2021-12-17,23.0,20000.0,0.0,20000.0,4,-0.433883739117558,-0.9009688679024191,12,-2.4492935982947064e-16,1.0,0,1,0,1,21620.0,23.0,25350.0,25.0,19050.0,23.0,33105.0,27.0,21533.571428571428,2162.7195732180926,-5350.0,20130.0,3648.5629415513445,-5350.0,20781.60714285714,5413.020320310582,-5350.0,21848.96695281684,1455.6763813136447,-3304.6433341304873,0,48,1,0,869.5651795841226,0.99999999995
2021-12-18,2021-12-18,19.0,21335.0,0.0,21335.0,5,-0.9749279121818236,-0.2225209339563146,12,-2.4492935982947064e-16,1.0,1,0,0,1,20000.0,23.0,23700.0,24.0,11550.0,12.0,31160.0,27.0,21195.714285714286,1941.2676884177881,-2365.0,20828.928571428572,2689.7634858645943,-2365.0,20430.714285714286,5019.476827224891,-2365.0,22042.961636798107,-602.5995980883329,-105.3620387097726,0,60,0,0,1122.8946777423853,0.9999999999531286
2021-12-19,2021-12-19,21.0,22950.0,0.0,22950.0,6,-0.7818314824680299,0.6234898018587334,12,-2.4492935982947064e-16,1.0,1,0,0,1,21335.0,19.0,17850.0,14.0,16550.0,15.0,10090.0,12.0,21924.285714285714,1340.343328440489,5100.0,21286.071428571428,2438.7379921807697,5100.0,20890.0,4609.888726864685,5100.0,22434.01916861079,-1987.569303551966,2503.550134941175,0,72,0,0,1092.857090816329,0.999999999956427
2021-12-20,2021-12-20,21.0,24300.0,0.0,24300.0,0,0.0,1.0,12,-2.4492935982947064e-16,1.0,0,0,1,1,22950.0,21.0,23700.0,24.0,16635.0,20.0,22950.0,23.0,22010.0,1484.281532144881,600.0,21833.571428571428,2158.5513558969164,600.0,20938.214285714286,4639.198568695717,600.0,23011.585735499524,1920.5475965886558,-632.1333320881786,0,0,0,0,1157.1428020408189,0.9999999999588477
2021-12-21,2021-12-21,17.0,16550.0,0.0,16550.0,1,0.7818314824680298,0.6234898018587336,12,-2.4492935982947064e-16,1.0,0,0,0,1,24300.0,21.0,20830.0,22.0,19950.0,19.0,27220.0,21.0,21398.571428571428,2550.1907024862508,-4280.0,21590.714285714286,2543.6805988589485,-4280.0,20557.14285714286,4541.28376134527,-4280.0,23705.978223469323,-1032.4707840368953,-6123.507439432429,0,12,0,0,973.5293544982732,0.999999999939577
2021-12-22,2021-12-22,22.0,21800.0,0.0,21800.0,2,0.9749279121818236,-0.22252093395631434,12,-2.4492935982947064e-16,1.0,0,0,0,1,16550.0,17.0,23035.0,21.0,22100.0,21.0,14865.0,17.0,21222.14285714286,2459.20694727457,-1235.0,21569.285714285714,2540.3216461571346,-1235.0,20804.821428571428,4406.453701809485,-1235.0,24370.833485203555,-1307.3893363017673,-1263.4441489017881,0,24,0,0,990.9090458677706,0.9999999999541285
2021-12-23,2021-12-23,26.0,29590.0,0.0,29590.0,3,0.43388373911755823,-0.900968867902419,12,-2.4492935982947064e-16,1.0,0,0,0,1,21800.0,22.0,21620.0,23.0,18950.0,22.0,28380.0,25.0,22360.714285714286,4022.3235703709356,7970.0,22329.285714285714,3201.884575553179,7970.0,20848.035714285714,4488.66171165084,7970.0,24851.33078287468,2819.665518906818,1919.003698218501,0,36,0,0,1138.0768793047353,0.9999999999662048
2021-12-24,2021-12-24,25.0,28600.0,0.0,28600.0,4,-0.433883739117558,-0.9009688679024191,12,-2.4492935982947064e-16,1.0,0,1,0,1,29590.0,26.0,20000.0,23.0,25350.0,25.0,20300.0,20.0,23589.285714285714,4469.610747939346,8600.0,22561.428571428572,3537.9211782820735,8600.0,21144.464285714286,4719.269077760549,8600.0,25148.789103145456,390.56183835977015,3060.649058494775,0,48,1,0,1143.9999542400017,0.999999999965035
2021-12-25,2021-12-25,19.0,25120.0,0.0,25120.0,5,-0.9749279121818236,-0.2225209339563146,12,-2.4492935982947064e-16,1.0,1,0,0,1,28600.0,25.0,21335.0,19.0,23700.0,24.0,18950.0,17.0,24130.0,4379.482465619236,3785.0,22662.85714285714,3592.9999862370532,3785.0,21364.821428571428,4756.90579523171,3785.0,25164.662073872103,-1477.7179549743132,1433.0558811022092,0,60,0,0,1322.1051935734108,0.9999999999601911
2021-12-26,2021-12-26,10.0,13520.0,0.0,13520.0,6,-0.7818314824680299,0.6234898018587334,12,-2.4492935982947064e-16,1.0,1,0,0,1,25120.0,19.0,22950.0,21.0,17850.0,14.0,16820.0,16.0,22782.85714285714,5965.949810621677,-9430.0,22353.571428571428,4177.913275866298,-9430.0,21246.964285714286,4912.029892553988,-9430.0,24755.853484927455,-2026.4647138251164,-9209.388771102338,0,72,0,0,1351.9998648000137,0.9999999999260355
2021-12-27,2021-12-27,24.0,29350.0,0.0,29350.0,0,0.0,1.0,12,-2.4492935982947064e-16,1.0,0,0,1,1,13520.0,10.0,24300.0,21.0,23700.0,24.0,28150.0,22.0,23504.285714285714,6464.489815246695,5050.0,22757.14285714286,4572.252733056828,5050.0,21289.821428571428,4979.26394273046,5050.0,23758.701051554788,2229.8072106552313,3361.49173778998,0,0,0,0,1222.9166157118077,0.9999999999659285
2021-12-28,2021-12-28,20.0,23570.0,0.0,23570.0,1,0.7818314824680298,0.6234898018587336,12,-2.4492935982947064e-16,1.0,0,0,0,1,29350.0,24.0,16550.0,17.0,20830.0,22.0,14100.0,13.0,24507.14285714286,5705.8441218505795,7020.0,22952.85714285714,4541.958538190102,7020.0,21628.035714285714,4790.869661114607,7020.0,22456.466536564745,-423.90433193515713,1537.4377953704134,0,12,0,0,1178.4999410750029,0.9999999999575732
2021-12-29,2021-12-29,23.0,29400.0,0.0,29400.0,2,0.9749279121818236,-0.22252093395631434,12,-2.4492935982947064e-16,1.0,0,0,0,1,23570.0,20.0,21800.0,22.0,23035.0,21.0,31400.0,24.0,25592.85714285714,5826.66203552172,7600.0,23407.5,4858.356302448301,7600.0,21556.60714285714,4652.697157557874,7600.0,20969.79050181992,-2020.9380855128584,10451.147583692938,0,24,0,0,1278.2608139886602,0.9999999999659864
2021-12-30,2021-12-30,21.0,24455.0,0.0,24455.0,3,0.43388373911755823,-0.900968867902419,12,-2.4492935982947064e-16,1.0,0,0,0,1,29400.0,23.0,29590.0,26.0,21620.0,23.0,16630.0,21.0,24859.285714285714,5556.53701251312,-5135.0,23610.0,4837.1570639725105,-5135.0,21836.071428571428,4580.261062659685,-5135.0,19354.140526422427,4076.2298449374825,1024.6296286400902,0,36,0,0,1164.5237540702974,0.9999999999591086
2021-12-31,2021-12-31,12.0,10460.0,0.0,10460.0,4,-0.433883739117558,-0.9009688679024191,12,-2.4492935982947064e-16,1.0,0,1,0,1,24455.0,21.0,28600.0,25.0,20000.0,23.0,19050.0,23.0,22267.85714285714,7434.027540720454,-18140.0,22928.571428571428,5932.730085191543,-18140.0,21529.285714285714,5038.536257589862,-18140.0,17686.588701900786,761.4637005325262,-7988.052402433312,0,48,1,0,871.6665940277838,0.9999999999043977
2022-01-01,2022-01-01,12.0,11106.666666666666,0.0,11106.666666666666,5,-0.9749279121818236,-0.2225209339563146,1,0.49999999999999994,0.8660254037844387,1,0,0,0,10460.0,12.0,25120.0,19.0,21335.0,19.0,11550.0,12.0,20265.952380952378,8366.328227835244,-14013.333333333334,22197.97619047619,6721.434783318107,-14013.333333333334,21513.452380952378,5071.64488882127,-14013.333333333334,16044.449597548606,-2780.9349797128734,-2156.8479511690675,0,5,0,0,925.5554784259324,0.9999999999099639
2022-01-02,2022-01-02,12.0,11753.333333333334,0.0,11753.333333333334,6,-0.7818314824680299,0.6234898018587334,1,0.49999999999999994,0.8660254037844387,1,0,0,0,11106.666666666666,12.0,13520.0,10.0,22950.0,21.0,16550.0,15.0,20013.571428571428,8626.35133957934,-1766.666666666666,21398.214285714286,7268.902516071918,-1766.666666666666,21342.14285714286,5320.41860062081,-1766.666666666666,14569.990763521166,-3183.0177020074716,366.3602718196398,0,6,0,0,979.4443628240809,0.9999999999149177
2022-01-03,2022-01-03,12.0,12400.0,0.0,12400.0,0,0.0,1.0,1,0.49999999999999994,0.8660254037844387,0,0,1,0,11753.333333333334,12.0,29350.0,24.0,24300.0,21.0,16635.0,20.0,17592.14285714286,7918.732871552441,-16950.0,20548.214285714286,7592.064527396784,-16950.0,21190.89285714286,5515.799668586599,-16950.0,13503.017319028013,2451.566344773826,-3554.583663801839,0,0,0,0,1033.3332472222294,0.9999999999193548
2022-01-04,2022-01-04,15.0,12800.0,0.0,12800.0,1,0.7818314824680298,0.6234898018587336,1,0.49999999999999994,0.8660254037844387,0,0,0,0,12400.0,12.0,23570.0,20.0,16550.0,17.0,19950.0,19.0,16053.57142857143,7603.698931037601,-10770.0,20280.35714285714,7807.084613463779,-10770.0,20935.535714285714,5736.4678313180875,-10770.0,12968.612648800412,1396.3486620975052,-1564.9613108979174,0,1,0,0,853.3332764444483,0.9999999999218749
2022-01-05,2022-01-05,10.0,9600.0,0.0,9600.0,2,0.9749279121818236,-0.22252093395631434,1,0.49999999999999994,0.8660254037844387,0,0,0,0,12800.0,15.0,29400.0,23.0,21800.0,22.0,22100.0,21.0,13225.0,5073.01913540134,-19800.0,19408.928571428572,8290.340522919345,-19800.0,20489.10714285714,6116.307108921747,-19800.0,12931.630149621215,-2567.1081613556817,-764.5219882655329,0,2,0,0,959.9999040000097,0.9999999998958333
2022-01-06,2022-01-06,14.0,17100.0,0.0,17100.0,3,0.43388373911755823,-0.900968867902419,1,0.49999999999999994,0.8660254037844387,0,0,0,0,9600.0,10.0,24455.0,21.0,29590.0,26.0,18950.0,22.0,12174.285714285714,2435.4281046481524,-7355.0,18516.785714285714,7765.905609908121,-7355.0,20423.035714285714,6143.481055235991,-7355.0,13375.30815793259,4373.007249629679,-648.3154075622679,0,3,0,0,1221.4284841836798,0.9999999999415204
2022-01-07,2022-01-07,13.0,13200.0,0.0,13200.0,4,-0.433883739117558,-0.9009688679024191,1,0.49999999999999994,0.8660254037844387,0,1,0,0,17100.0,14.0,10460.0,12.0,28600.0,25.0,25350.0,25.0,12565.714285714286,2331.9755686777853,2740.0,17416.785714285714,7304.781201619986,2740.0,19989.10714285714,6211.3061236552985,2740.0,14058.720279128423,1549.1734848349874,-2407.8937639634114,0,4,0,0,1015.3845372781126,0.9999999999242424
2022-01-08,2022-01-08,13.0,11850.0,0.0,11850.0,5,-0.9749279121818236,-0.2225209339563146,1,0.49999999999999994,0.8660254037844387,1,0,0,0,13200.0,13.0,11106.666666666666,12.0,25120.0,19.0,23700.0,24.0,12671.904761904761,2270.5782075994257,743.3333333333339,16468.928571428572,7086.006241000401,743.3333333333339,19565.89285714286,6351.226162069637,743.3333333333339,14855.110244431142,-3729.0710205380683,723.9607761069256,0,5,0,0,911.5383914201238,0.9999999999156118
2022-01-09,2022-01-09,17.0,21350.0,0.0,21350.0,6,-0.7818314824680299,0.6234898018587334,1,0.49999999999999994,0.8660254037844387,1,0,0,0,11850.0,13.0,11753.333333333334,12.0,13520.0,10.0,17850.0,14.0,14042.857142857143,3920.9297974065353,9596.666666666666,17028.214285714286,7144.114141380941,9596.666666666666,19690.89285714286,6350.646632481349,9596.666666666666,15750.950049593912,-5146.331050744644,10745.381001150732,0,6,0,0,1255.8822790657482,0.9999999999531616
2022-01-10,2022-01-10,19.0,19800.0,0.0,19800.0,0,0.0,1.0,1,0.49999999999999994,0.8660254037844387,0,0,1,0,21350.0,17.0,12400.0,12.0,29350.0,24.0,23700.0,24.0,15100.0,4375.404743182808,7400.0,16346.07142857143,6280.866536354409,7400.0,19551.60714285714,6302.042560029604,7400.0,16579.51942745193,3220.3165892501993,0.16398329786898103,0,0,0,0,1042.1052083102522,0.999999999949495
2022-01-11,2022-01-11,22.0,21550.0,0.0,21550.0,1,0.7818314824680298,0.6234898018587336,1,0.49999999999999994,0.8660254037844387,0,0,0,0,19800.0,19.0,12800.0,15.0,23570.0,20.0,20830.0,22.0,16350.0,4834.597535817561,8750.0,16201.785714285714,6123.378713184333,8750.0,19577.321428571428,6308.917154830909,8750.0,17325.26061218078,2536.0418917931493,1688.6974960260704,0,1,0,0,979.5454100206631,0.9999999999535962
2022-01-12,2022-01-12,14.0,16800.0,0.0,16800.0,2,0.9749279121818236,-0.22252093395631434,1,0.49999999999999994,0.8660254037844387,0,0,0,0,21550.0,22.0,9600.0,10.0,29400.0,23.0,23035.0,21.0,17378.571428571428,3818.2519061800367,7200.0,15301.785714285714,4821.984663584913,7200.0,19354.64285714286,6292.368497478045,7200.0,18002.15808415754,-2801.112426348874,1598.9543421913331,0,2,0,0,1199.9999142857205,0.9999999999404762
2022-01-13,2022-01-13,19.0,22050.0,0.0,22050.0,3,0.43388373911755823,-0.900968867902419,1,0.49999999999999994,0.8660254037844387,0,0,0,0,16800.0,14.0,17100.0,14.0,24455.0,21.0,21620.0,23.0,18085.714285714286,4197.590011513957,4950.0,15130.0,4503.1090873962785,4950.0,19370.0,6298.623714716454,4950.0,18507.768974686707,4169.566515508699,-627.3354901954044,0,3,0,0,1160.5262547091445,0.9999999999546485
2022-01-14,2022-01-14,20.0,24150.0,0.0,24150.0,4,-0.433883739117558,-0.9009688679024191,1,0.49999999999999994,0.8660254037844387,0,1,0,0,22050.0,19.0,13200.0,13.0,10460.0,12.0,20000.0,23.0,19650.0,4112.886253391053,10950.0,16107.857142857143,4881.507684841529,10950.0,19518.214285714286,6362.500817443519,10950.0,18764.28760361326,2216.7114442366415,3169.0009521501015,0,4,0,0,1207.499939625003,0.9999999999585921
2022-01-15,2022-01-15,13.0,12000.0,0.0,12000.0,5,-0.9749279121818236,-0.2225209339563146,1,0.49999999999999994,0.8660254037844387,1,0,0,0,24150.0,20.0,11850.0,13.0,11106.666666666666,12.0,21335.0,19.0,19671.428571428572,4065.5931448003234,150.0,16171.666666666666,4816.5109104440935,150.0,19184.821428571428,6506.716936839141,150.0,18945.420899385397,-3748.5986768384632,-3196.8222225469344,0,5,0,0,923.0768520710114,0.9999999999166667
2022-01-16,2022-01-16,12.0,12150.0,0.0,12150.0,6,-0.7818314824680299,0.6234898018587334,1,0.49999999999999994,0.8660254037844387,1,0,0,0,12000.0,13.0,21350.0,17.0,11753.333333333334,12.0,22950.0,21.0,18357.14285714286,4844.8794766079545,-9200.0,16200.0,4789.61215709417,-9200.0,18799.10714285714,6594.765858218226,-9200.0,19188.659809389486,-6867.2187552327805,-171.44105415670492,0,6,0,0,1012.4999156250071,0.9999999999176954
2022-01-17,2022-01-17,13.0,13500.0,0.0,13500.0,0,0.0,1.0,1,0.49999999999999994,0.8660254037844387,0,0,1,0,12150.0,12.0,19800.0,19.0,12400.0,12.0,24300.0,21.0,17457.14285714286,5110.074083891252,-6300.0,16278.57142857143,4731.145343755138,-6300.0,18413.39285714286,6576.924564317335,-6300.0,19465.4759331336,4223.92471339622,-10189.400646529819,0,0,0,0,1038.461458579888,0.9999999999259259
2022-01-18,2022-01-18,22.0,23550.0,0.0,23550.0,1,0.7818314824680298,0.6234898018587336,1,0.49999999999999994,0.8660254037844387,0,0,0,0,13500.0,13.0,21550.0,22.0,12800.0,15.0,16550.0,17.0,17742.85714285714,5423.362162243731,2000.0,17046.428571428572,4988.504642819164,2000.0,18663.39285714286,6636.243894027483,2000.0,19736.958783740494,2535.6504352680245,1277.3907809914817,0,1,0,0,1070.4544967975228,0.9999999999575372
2022-01-19,2022-01-19,11.0,12600.0,0.0,12600.0,2,0.9749279121818236,-0.22252093395631434,1,0.49999999999999994,0.8660254037844387,0,0,0,0,23550.0,22.0,16800.0,14.0,9600.0,10.0,21800.0,22.0,17142.85714285714,5766.529037719053,-4200.0,17260.714285714286,4700.130054314704,-4200.0,18334.821428571428,6702.615197170021,-4200.0,20037.869585269105,-2076.074211600473,-5361.795373668632,0,2,0,0,1145.4544413223236,0.9999999999206349
2022-01-20,2022-01-20,21.0,24600.0,0.0,24600.0,3,0.43388373911755823,-0.900968867902419,1,0.49999999999999994,0.8660254037844387,0,0,0,0,12600.0,11.0,22050.0,19.0,17100.0,14.0,29590.0,26.0,17507.14285714286,6192.9683628173825,2550.0,17796.428571428572,5091.5263045466045,2550.0,18156.60714285714,6453.998162401064,2550.0,20334.711820447494,3436.46442417106,828.823755381447,0,3,0,0,1171.428515646261,0.9999999999593496
2022-01-21,2022-01-21,27.0,24600.0,0.0,24600.0,4,-0.433883739117558,-0.9009688679024191,1,0.49999999999999994,0.8660254037844387,0,1,0,0,24600.0,21.0,24150.0,20.0,13200.0,13.0,28600.0,25.0,17571.428571428572,6275.2063141951085,450.0,18610.714285714286,5210.0929628288495,450.0,18013.75,6255.49216507912,450.0,20666.289129968856,2555.3411900634137,1378.369679967731,0,4,0,0,911.1110773662564,0.9999999999593496
2022-01-22,2022-01-22,17.0,19815.0,0.0,19815.0,5,-0.9749279121818236,-0.2225209339563146,1,0.49999999999999994,0.8660254037844387,1,0,0,0,24600.0,27.0,12000.0,13.0,11850.0,13.0,25120.0,19.0,18687.85714285714,5795.647689676881,7815.0,19179.64285714286,4836.538997880828,7815.0,17824.285714285714,6110.957143322557,7815.0,20972.48681564922,-3332.4111065285992,2174.9242908793785,0,5,0,0,1165.5881667301078,0.9999999999495331
2022-01-23,2022-01-23,8.0,7150.0,0.0,7150.0,6,-0.7818314824680299,0.6234898018587334,1,0.49999999999999994,0.8660254037844387,1,0,0,0,19815.0,17.0,12150.0,12.0,21350.0,17.0,13520.0,10.0,17973.571428571428,6932.343707990402,-5000.0,18165.35714285714,5749.223514222026,-5000.0,17596.785714285714,6389.362831512245,-5000.0,21199.933598649128,-7549.570977085574,-6500.362621563554,0,6,0,0,893.749888281264,0.9999999998601398
2022-01-24,2022-01-24,25.0,28200.0,0.0,28200.0,0,0.0,1.0,1,0.49999999999999994,0.8660254037844387,0,0,1,0,7150.0,8.0,13500.0,13.0,19800.0,19.0,29350.0,24.0,20073.571428571428,7550.2906755776,14700.0,18765.35714285714,6340.822703320532,14700.0,17555.714285714286,6314.268746269641,14700.0,21317.240517339837,4979.674194082605,1903.0852885775603,0,0,0,0,1127.9999548800017,0.999999999964539
2022-01-25,2022-01-25,20.0,22350.0,0.0,22350.0,1,0.7818314824680298,0.6234898018587336,1,0.49999999999999994,0.8660254037844387,0,0,0,0,28200.0,25.0,23550.0,22.0,21550.0,22.0,23570.0,20.0,19902.14285714286,7471.414333501852,-1200.0,18822.5,6371.379137626693,-1200.0,17512.14285714286,6275.31941142931,-1200.0,21351.409175413173,2339.1882112130747,-1340.5973866262466,0,1,0,0,1117.4999441250027,0.9999999999552572
2022-01-26,2022-01-26,17.0,20650.0,0.0,20650.0,2,0.9749279121818236,-0.22252093395631434,1,0.49999999999999994,0.8660254037844387,0,0,0,0,22350.0,20.0,12600.0,11.0,16800.0,14.0,29400.0,23.0,21052.14285714286,6744.29008936623,8050.0,19097.5,6360.44651008814,8050.0,17199.64285714286,5865.911363366217,8050.0,21276.678878934916,-1407.375220903636,780.6963419687199,0,2,0,0,1214.7058108996582,0.9999999999515738
2022-01-27,2022-01-27,21.0,25700.0,0.0,25700.0,3,0.43388373911755823,-0.900968867902419,1,0.49999999999999994,0.8660254037844387,0,0,0,0,20650.0,17.0,24600.0,21.0,22050.0,19.0,24455.0,21.0,21209.285714285714,6852.67735303229,1100.0,19358.214285714286,6562.379847147061,1100.0,17244.10714285714,5927.341673744931,1100.0,21167.165634287332,1872.3535022305982,2660.4808634820693,0,3,0,0,1223.8094655328825,0.9999999999610895
2022-01-28,2022-01-28,18.0,21450.0,0.0,21450.0,4,-0.433883739117558,-0.9009688679024191,1,0.49999999999999994,0.8660254037844387,0,1,0,0,25700.0,21.0,24600.0,27.0,24150.0,20.0,10460.0,12.0,20759.285714285714,6694.507965844961,-3150.0,19165.35714285714,6449.427065873531,-3150.0,17636.60714285714,5824.447491099272,-3150.0,21087.45541298662,2108.7872389850177,-1746.2426519716355,0,4,0,0,1191.6666004629665,0.99999999995338
2022-01-29,2022-01-29,15.0,16850.0,0.0,16850.0,5,-0.9749279121818236,-0.2225209339563146,1,0.49999999999999994,0.8660254037844387,1,0,0,0,21450.0,18.0,19815.0,17.0,12000.0,13.0,11106.666666666666,12.0,20335.714285714286,6856.062662935265,-2965.0,19511.785714285714,6158.6385880519,-2965.0,17841.72619047619,5685.438361152604,-2965.0,20932.859236911383,-2338.0239241908253,-1744.8353127205592,0,5,0,0,1123.3332584444495,0.9999999999406528
2022-01-30,2022-01-30,13.0,16150.0,0.0,16150.0,6,-0.7818314824680299,0.6234898018587334,1,0.49999999999999994,0.8660254037844387,1,0,0,0,16850.0,15.0,7150.0,8.0,12150.0,12.0,11753.333333333334,12.0,21621.428571428572,4361.178848933012,9000.0,19797.5,5877.189526531319,9000.0,17998.75,5570.61297661085,9000.0,20661.9240329379,-6909.550208789303,2397.6261758514047,0,6,0,0,1242.3075967455695,0.9999999999380804
2022-01-31,2022-01-31,23.0,25250.0,0.0,25250.0,0,0.0,1.0,1,0.49999999999999994,0.8660254037844387,0,0,1,0,16150.0,13.0,28200.0,25.0,13500.0,13.0,12400.0,12.0,21200.0,3714.049900939189,-2950.0,20636.785714285714,5746.218022833313,-2950.0,18457.678571428572,5621.368207339453,-2950.0,20387.298803763926,4838.128802624834,24.57239361124084,0,0,0,0,1097.8260392249547,0.999999999960396
2022-02-01,2022-02-01,15.0,21200.0,0.0,21200.0,1,0.7818314824680298,0.6234898018587336,2,0.8660254037844386,0.5000000000000001,0,0,0,0,25250.0,23.0,22350.0,20.0,23550.0,22.0,12800.0,15.0,21035.714285714286,3679.981237012173,-1150.0,20468.928571428572,5688.606757428363,-1150.0,18757.678571428572,5531.67670685421,-1150.0,20063.07360608593,2075.024111337736,-938.097717423665,0,2,0,0,1413.3332391111176,0.9999999999528302
2022-02-02,2022-02-02,21.0,25150.0,0.0,25150.0,2,0.9749279121818236,-0.22252093395631434,2,0.8660254037844386,0.5000000000000001,0,0,0,0,21200.0,15.0,20650.0,17.0,12600.0,11.0,9600.0,10.0,21678.571428571428,3982.028078636228,4500.0,21365.35714285714,5330.791709235428,4500.0,19313.035714285714,5356.02107346657,4500.0,19676.00313749553,-907.7791117728888,6381.77597427736,0,4,0,0,1197.618990589572,0.9999999999602386
2022-02-03,2022-02-03,16.0,17750.0,0.0,17750.0,3,0.43388373911755823,-0.900968867902419,2,0.8660254037844386,0.5000000000000001,0,0,0,0,25150.0,21.0,25700.0,21.0,24600.0,21.0,17100.0,14.0,20542.85714285714,3772.093646264662,-7950.0,20876.071428571428,5325.423124601867,-7950.0,19336.25,5347.475802068084,-7950.0,19297.930310885877,394.7984918714185,-1942.728802757294,0,6,0,0,1109.3749306640668,0.999999999943662
2022-02-04,2022-02-04,23.0,20320.0,0.0,20320.0,4,-0.433883739117558,-0.9009688679024191,2,0.8660254037844386,0.5000000000000001,0,1,0,0,17750.0,16.0,21450.0,18.0,24600.0,27.0,13200.0,13.0,20381.428571428572,3750.921791468605,-1130.0,20570.35714285714,5216.945932500899,-1130.0,19590.535714285714,5212.4570056465955,-1130.0,18856.157425482637,2139.17728335817,-675.3347088408082,0,8,0,0,883.4782224574685,0.9999999999507874
2022-02-05,2022-02-05,17.0,22270.0,0.0,22270.0,5,-0.9749279121818236,-0.2225209339563146,2,0.8660254037844386,0.5000000000000001,1,0,0,0,20320.0,23.0,16850.0,15.0,19815.0,17.0,11850.0,13.0,21155.714285714286,3447.597507167608,5420.0,20745.714285714286,5230.844488792837,5420.0,19962.678571428572,5007.283672985386,5420.0,18331.953743357124,-2239.8974093784686,6177.943666021343,0,10,0,0,1309.999922941181,0.9999999999550965
2022-02-06,2022-02-06,9.0,11150.0,0.0,11150.0,6,-0.7818314824680299,0.6234898018587334,2,0.8660254037844386,0.5000000000000001,1,0,0,0,22270.0,17.0,16150.0,13.0,7150.0,8.0,21350.0,17.0,20441.428571428572,4878.546329155238,-5000.0,21031.428571428572,4487.538055793864,-5000.0,19598.39285714286,5266.9161427501285,-5000.0,17815.640757619283,-5634.694425639768,-1030.946331979514,0,12,0,0,1238.8887512345832,0.9999999999103139
2022-02-07,2022-02-07,21.0,15570.0,0.0,15570.0,0,0.0,1.0,2,0.8660254037844386,0.5000000000000001,0,0,1,0,11150.0,9.0,25250.0,23.0,28200.0,25.0,19800.0,19.0,19058.571428571428,4655.170704250715,-9680.0,20129.285714285714,4195.590110297552,-9680.0,19447.321428571428,5321.303182447304,-9680.0,17352.000795954184,4605.315086133024,-6387.315882087209,0,0,0,0,741.4285361224506,0.9999999999357739
2022-02-08,2022-02-08,19.0,22900.0,0.0,22900.0,1,0.7818314824680298,0.6234898018587336,2,0.8660254037844386,0.5000000000000001,0,0,0,0,15570.0,21.0,21200.0,15.0,22350.0,20.0,21550.0,22.0,19301.428571428572,4826.69116673601,1700.0,20168.571428571428,4220.484582354302,1700.0,19495.535714285714,5347.113679582747,1700.0,17035.958155928176,1468.5646725228607,4395.477171548962,0,2,0,0,1205.263094459837,0.9999999999563318
2022-02-09,2022-02-09,14.0,14700.0,0.0,14700.0,2,0.9749279121818236,-0.22252093395631434,2,0.8660254037844386,0.5000000000000001,0,0,0,0,22900.0,19.0,25150.0,21.0,20650.0,17.0,16800.0,14.0,17808.571428571428,4304.042396675573,-10450.0,19743.571428571428,4461.0030040561505,-10450.0,19420.535714285714,5400.780523029658,-10450.0,16953.303711508677,-1003.157758535682,-1250.1459529729946,0,4,0,0,1049.9999250000053,0.9999999999319727
2022-02-10,2022-02-10,12.0,13650.0,0.0,13650.0,3,0.43388373911755823,-0.900968867902419,2,0.8660254037844386,0.5000000000000001,0,0,0,0,14700.0,14.0,17750.0,16.0,25700.0,21.0,22050.0,19.0,17222.85714285714,4583.258354365051,-4100.0,18882.85714285714,4385.185600091839,-4100.0,19120.535714285714,5481.999557353631,-4100.0,17031.640928459998,-686.8480182500431,-2694.792910209955,0,6,0,0,1137.4999052083413,0.9999999999267399
2022-02-11,2022-02-11,17.0,19100.0,0.0,19100.0,4,-0.433883739117558,-0.9009688679024191,2,0.8660254037844386,0.5000000000000001,0,1,0,0,13650.0,12.0,20320.0,23.0,21450.0,18.0,24150.0,20.0,17048.571428571428,4467.592299257045,-1220.0,18715.0,4323.909822584902,-1220.0,18940.178571428572,5392.747956514079,-1220.0,17350.16612025394,3818.6854781581073,-2068.8515984120477,0,8,0,0,1123.5293456747443,0.999999999947644
2022-02-12,2022-02-12,16.0,14100.0,0.0,14100.0,5,-0.9749279121818236,-0.2225209339563146,2,0.8660254037844386,0.5000000000000001,1,0,0,0,19100.0,17.0,22270.0,17.0,16850.0,15.0,12000.0,13.0,15881.42857142857,3908.35612745916,-8170.0,18518.571428571428,4474.976333659565,-8170.0,19015.178571428572,5306.566421816789,-8170.0,17944.794255551828,-2332.210366659757,-1512.5838888920698,0,10,0,0,881.2499449218784,0.999999999929078
2022-02-13,2022-02-13,13.0,14450.0,0.0,14450.0,6,-0.7818314824680299,0.6234898018587334,2,0.8660254037844386,0.5000000000000001,1,0,0,0,14100.0,16.0,11150.0,9.0,16150.0,13.0,12150.0,12.0,16352.857142857143,3409.7493274712147,3300.0,18397.14285714286,4566.323935696446,3300.0,19097.321428571428,5213.343720177004,3300.0,18728.23290035553,-4736.27766369965,458.0447633441181,0,12,0,0,1111.5383760355096,0.9999999999307958
2022-02-14,2022-02-14,23.0,26450.0,0.0,26450.0,0,0.0,1.0,2,0.8660254037844386,0.5000000000000001,0,0,1,0,14450.0,13.0,15570.0,21.0,25250.0,23.0,13500.0,13.0,17907.14285714286,5069.3053905695015,10880.0,18482.85714285714,4713.736764575881,10880.0,19559.821428571428,5272.479998757851,10880.0,19582.29770867356,4275.254225978687,2592.448065347755,0,0,0,0,1149.9999500000022,0.9999999999621928
2022-02-15,2022-02-15,17.0,19700.0,0.0,19700.0,1,0.7818314824680298,0.6234898018587336,2,0.8660254037844386,0.5000000000000001,0,0,0,0,26450.0,23.0,22900.0,19.0,21200.0,15.0,23550.0,22.0,17450.0,4672.7935969824175,-3200.0,18375.714285714286,4664.010677989019,-3200.0,19422.321428571428,5214.449206051084,-3200.0,20439.707132013016,1004.055255918434,-1743.7623879314488,0,2,0,0,1158.8234612456786,0.9999999999492386
2022-02-16,2022-02-16,18.0,19400.0,0.0,19400.0,2,0.9749279121818236,-0.22252093395631434,2,0.8660254037844386,0.5000000000000001,0,0,0,0,19700.0,17.0,14700.0,14.0,25150.0,21.0,12600.0,11.0,18121.428571428572,4547.788578241167,4700.0,17965.0,4256.990179060238,4700.0,19665.178571428572,5040.384957767291,4700.0,21152.39474916574,-2580.5504219637833,828.1556727980424,0,4,0,0,1077.7777179012378,0.9999999999484536
2022-02-17,2022-02-17,19.0,23250.0,0.0,23250.0,3,0.43388373911755823,-0.900968867902419,2,0.8660254037844386,0.5000000000000001,0,0,0,0,19400.0,18.0,13650.0,12.0,17750.0,16.0,24600.0,21.0,19492.85714285714,4420.35335799341,9600.0,18357.85714285714,4483.386732527831,9600.0,19616.964285714286,4997.708241318606,9600.0,21625.32109951723,-866.9997277276715,2491.6786282104404,0,6,0,0,1223.684146121887,0.9999999999569892
2022-02-18,2022-02-18,30.0,29885.0,0.0,29885.0,4,-0.433883739117558,-0.9009688679024191,2,0.8660254037844386,0.5000000000000001,0,1,0,0,23250.0,19.0,19100.0,17.0,20320.0,23.0,24600.0,27.0,21033.571428571428,5894.387665600278,10785.0,19041.071428571428,5433.513588607513,10785.0,19805.714285714286,5284.44865800091,10785.0,21836.665794732355,5940.297633164315,2108.0365721033304,0,8,0,0,996.1666334611122,0.9999999999665384
2022-02-19,2022-02-19,17.0,19420.0,0.0,19420.0,5,-0.9749279121818236,-0.2225209339563146,2,0.8660254037844386,0.5000000000000001,1,0,0,0,29885.0,30.0,14100.0,16.0,22270.0,17.0,19815.0,17.0,21793.571428571428,5146.986751396134,5320.0,18837.5,5356.070154506946,5320.0,19791.60714285714,5284.95016507767,5320.0,21804.456484767445,-3085.6080053194346,701.15152055199,0,10,0,0,1142.3528739792425,0.9999999999485066
2022-02-20,2022-02-20,13.0,17900.0,0.0,17900.0,6,-0.7818314824680299,0.6234898018587334,2,0.8660254037844386,0.5000000000000001,1,0,0,0,19420.0,17.0,14450.0,13.0,11150.0,9.0,7150.0,8.0,22286.428571428572,4443.728459193621,3450.0,19319.64285714286,4894.770547103442,3450.0,20175.535714285714,4689.505884751792,3450.0,21607.320750282855,-3983.6404211123836,276.31967082952906,0,12,0,0,1376.9229710059253,0.999999999944134
2022-02-21,2022-02-21,21.0,25600.0,0.0,25600.0,0,0.0,1.0,2,0.8660254037844386,0.5000000000000001,0,0,1,0,17900.0,13.0,26450.0,23.0,15570.0,21.0,28200.0,25.0,22165.0,4320.9094335953205,-850.0,20036.071428571428,5035.729333232936,-850.0,20082.678571428572,4548.344933445338,-850.0,21274.570172166077,4405.076521344948,-79.64669351102566,0,0,0,0,1219.0475609977352,0.9999999999609375
2022-02-22,2022-02-22,21.0,20750.0,0.0,20750.0,1,0.7818314824680298,0.6234898018587336,2,0.8660254037844386,0.5000000000000001,0,0,0,0,25600.0,21.0,19700.0,17.0,22900.0,19.0,22350.0,20.0,22315.0,4238.514873553357,1050.0,19882.5,4974.077707320396,1050.0,20025.535714285714,4528.813379717349,1050.0,20819.170954552406,-263.23155823452606,194.0606036821191,0,2,0,0,988.0951910430861,0.9999999999518072
2022-02-23,2022-02-23,14.0,15900.0,0.0,15900.0,2,0.9749279121818236,-0.22252093395631434,2,0.8660254037844386,0.5000000000000001,0,0,0,0,20750.0,21.0,19400.0,18.0,14700.0,14.0,20650.0,17.0,21815.0,4807.89368296205,-3500.0,19968.214285714286,4887.487795437412,-3500.0,19855.89285714286,4593.063823243863,-3500.0,20328.901232502438,-3858.722795634839,-570.1784368675981,0,4,0,0,1135.7142045918426,0.9999999999371069
2022-02-24,2022-02-24,16.0,18500.0,0.0,18500.0,3,0.43388373911755823,-0.900968867902419,2,0.8660254037844386,0.5000000000000001,0,0,0,0,15900.0,14.0,23250.0,19.0,13650.0,12.0,25700.0,21.0,21136.428571428572,4905.810087951568,-4750.0,20314.64285714286,4566.547452054821,-4750.0,19598.75,4453.179393754867,-4750.0,19836.606330033934,591.1966972380768,-1927.8030272720098,0,6,0,0,1156.2499277343795,0.9999999999459459
2022-02-25,2022-02-25,22.0,28150.0,0.0,28150.0,4,-0.433883739117558,-0.9009688679024191,2,0.8660254037844386,0.5000000000000001,0,1,0,0,18500.0,16.0,29885.0,30.0,19100.0,17.0,21450.0,18.0,20888.571428571428,4408.788301303891,-1735.0,20961.071428571428,5001.237607821734,-1735.0,19838.035714285714,4727.87367821897,-1735.0,19332.381645553076,7106.085829836632,1711.5325246102911,0,8,0,0,1279.5453963843001,0.999999999964476
2022-02-26,2022-02-26,15.0,14900.0,0.0,14900.0,5,-0.9749279121818236,-0.2225209339563146,2,0.8660254037844386,0.5000000000000001,1,0,0,0,28150.0,22.0,19420.0,17.0,14100.0,16.0,16850.0,15.0,20242.85714285714,4956.681397486656,-4520.0,21018.214285714286,4920.736970735704,-4520.0,19768.39285714286,4787.504386144675,-4520.0,18854.110744420825,-3434.109008456515,-520.0017359643098,0,10,0,0,993.3332671111156,0.9999999999328859
2022-02-27,2022-02-27,12.0,15000.0,0.0,15000.0,6,-0.7818314824680299,0.6234898018587334,2,0.8660254037844386,0.5000000000000001,1,0,0,0,14900.0,15.0,17900.0,13.0,14450.0,13.0,16150.0,13.0,19828.571428571428,5294.7975364862405,-2900.0,21057.5,4866.157364903067,-2900.0,19727.321428571428,4824.485864402559,-2900.0,18487.653200931407,-4114.3489778560925,626.6957769246837,0,12,0,0,1249.9998958333422,0.9999999999333333
2022-02-28,2022-02-28,18.0,22300.0,0.0,22300.0,0,0.0,1.0,2,0.8660254037844386,0.5000000000000001,0,0,1,0,15000.0,12.0,25600.0,21.0,26450.0,23.0,25250.0,23.0,19357.14285714286,4820.998217125126,-3300.0,20761.071428571428,4633.223740040517,-3300.0,19621.964285714286,4730.714521884209,-3300.0,18239.159675111132,3090.558107726169,970.2822171626976,0,0,0,0,1238.888820061732,0.999999999955157
2022-03-01,2022-03-01,16.0,17350.0,0.0,17350.0,1,0.7818314824680298,0.6234898018587336,3,1.0,6.123233995736766e-17,0,0,0,1,22300.0,18.0,20750.0,21.0,19700.0,17.0,21200.0,15.0,18871.428571428572,4828.548534744246,-3400.0,20593.214285714286,4716.44406760617,-3400.0,19484.464285714286,4739.093001847373,-3400.0,18294.604297848284,990.5109874655276,-1935.115285313812,0,3,0,0,1084.3749322265667,0.9999999999423631
2022-03-02,2022-03-02,10.0,11700.0,0.0,11700.0,2,0.9749279121818236,-0.22252093395631434,3,1.0,6.123233995736766e-17,0,0,0,1,17350.0,16.0,15900.0,14.0,19400.0,18.0,25150.0,21.0,18271.428571428572,5476.758252139749,-4200.0,20043.214285714286,5281.41502278105,-4200.0,19004.10714285714,4824.443367157508,-4200.0,18115.4668573524,-4149.402258038855,-2266.064599313544,0,6,0,0,1169.9998830000118,0.9999999999145299
2022-03-03,2022-03-03,30.0,30550.0,0.0,30550.0,3,0.43388373911755823,-0.900968867902419,3,1.0,6.123233995736766e-17,0,0,0,1,11700.0,10.0,18500.0,16.0,23250.0,19.0,17750.0,16.0,19992.85714285714,7187.224114788009,12050.0,20564.64285714286,5941.484683751447,12050.0,19461.25,5285.603372299067,12050.0,18174.055175575795,1455.0035180777288,10920.941306346474,0,9,0,0,1018.3332993888899,0.9999999999672667
2022-03-04,2022-03-04,25.0,26300.0,0.0,26300.0,4,-0.433883739117558,-0.9009688679024191,3,1.0,6.123233995736766e-17,0,1,0,1,30550.0,30.0,28150.0,22.0,29885.0,30.0,20320.0,23.0,19728.571428571428,6864.028041345749,-1850.0,20308.571428571428,5574.8292242113685,-1850.0,19674.821428571428,5440.142883836862,-1850.0,18229.232694260307,6794.04947255951,1276.7178331801842,0,12,0,1,1051.9999579200016,0.9999999999619772
2022-03-05,2022-03-05,29.0,37600.0,0.0,37600.0,5,-0.9749279121818236,-0.2225209339563146,3,1.0,6.123233995736766e-17,1,0,0,1,26300.0,25.0,14900.0,15.0,19420.0,17.0,22270.0,17.0,22971.428571428572,9175.595218788114,22700.0,21607.14285714286,7225.059412661182,22700.0,20222.321428571428,6398.069946554608,22700.0,18299.520947614328,-4092.3146690304725,23392.793721416143,1,15,0,0,1296.5516794292523,0.9999999999734043
2022-03-06,2022-03-06,27.0,26350.0,0.0,26350.0,6,-0.7818314824680299,0.6234898018587334,3,1.0,6.123233995736766e-17,1,0,0,1,37600.0,29.0,15000.0,12.0,17900.0,13.0,11150.0,9.0,24592.85714285714,8510.94533387391,11350.0,22210.714285714286,7244.472125257084,11350.0,20765.178571428572,6242.75305515699,11350.0,18378.64174624861,-4492.114139792424,12463.472393543812,0,18,0,0,975.9258897805225,0.9999999999620494
2022-03-07,2022-03-07,21.0,20350.0,0.0,20350.0,0,0.0,1.0,3,1.0,6.123233995736766e-17,0,0,1,1,26350.0,27.0,22300.0,18.0,25600.0,21.0,15570.0,21.0,24314.285714285714,8629.586427214314,-1950.0,21835.714285714286,7191.218698776087,-1950.0,20935.89285714286,6160.235543472195,-1950.0,18577.501329416613,1193.2785310829827,579.2201395004049,0,0,0,0,969.0475729024964,0.99999999995086
2022-03-08,2022-03-08,9.0,7500.0,0.0,7500.0,1,0.7818314824680298,0.6234898018587336,3,1.0,6.123233995736766e-17,0,0,0,1,20350.0,21.0,17350.0,16.0,20750.0,21.0,22900.0,19.0,22907.14285714286,10544.96043028091,-9850.0,20889.285714285714,8152.729098789073,-9850.0,20385.89285714286,6646.65065382717,-9850.0,18693.93765206139,2312.686171390744,-13506.623823452135,0,3,0,0,833.3332407407511,0.9999999998666667
2022-03-09,2022-03-09,17.0,16000.0,0.0,16000.0,2,0.9749279121818236,-0.22252093395631434,3,1.0,6.123233995736766e-17,0,0,0,1,7500.0,9.0,11700.0,10.0,15900.0,14.0,14700.0,14.0,23521.428571428572,9888.076032224228,4300.0,20896.428571428572,8148.064052411354,4300.0,20432.321428571428,6609.901030544848,4300.0,18532.319295784124,-1853.8050493747573,-678.514246409366,0,6,0,0,941.1764152249167,0.9999999999375
2022-03-10,2022-03-10,23.0,22950.0,0.0,22950.0,3,0.43388373911755823,-0.900968867902419,3,1.0,6.123233995736766e-17,0,0,0,1,16000.0,17.0,30550.0,30.0,18500.0,16.0,13650.0,12.0,22435.714285714286,9392.53756472454,-7600.0,21214.285714285714,8134.173603985877,-7600.0,20764.464285714286,6489.025684338947,-7600.0,18090.78359348666,1917.3096019484951,2941.9068045648455,0,9,0,0,997.8260435727807,0.999999999956427
2022-03-11,2022-03-11,21.0,20150.0,0.0,20150.0,4,-0.433883739117558,-0.9009688679024191,3,1.0,6.123233995736766e-17,0,1,0,1,22950.0,23.0,26300.0,25.0,28150.0,22.0,19100.0,17.0,21557.14285714286,9257.493747024093,-6150.0,20642.85714285714,7886.694177850777,-6150.0,20801.964285714286,6482.080761505306,-6150.0,17994.67199913218,5852.367261563978,-3697.0392606961577,0,12,0,1,959.5237638322017,0.9999999999503721
2022-03-12,2022-03-12,17.0,14450.0,0.0,14450.0,5,-0.9749279121818236,-0.2225209339563146,3,1.0,6.123233995736766e-17,1,0,0,1,20150.0,21.0,37600.0,29.0,14900.0,15.0,14100.0,16.0,18250.0,6201.948618512293,-23150.0,20610.714285714286,7912.773961022901,-23150.0,20814.464285714286,6469.002347274855,-23150.0,17838.55996089954,-5168.806234392464,1780.246273492925,0,15,0,0,849.9999500000029,0.9999999999307958
2022-03-13,2022-03-13,13.0,12050.0,0.0,12050.0,6,-0.7818314824680299,0.6234898018587334,3,1.0,6.123233995736766e-17,1,0,0,1,14450.0,17.0,26350.0,27.0,15000.0,12.0,14450.0,13.0,16207.142857142857,5391.384220172385,-14300.0,20400.0,8110.487038396662,-14300.0,20728.75,6571.542130445652,-14300.0,17649.19526379318,-5378.852085715762,-220.34317807741536,0,18,0,0,926.9230056213073,0.9999999999170124
2022-03-14,2022-03-14,14.0,13900.0,0.0,13900.0,0,0.0,1.0,3,1.0,6.123233995736766e-17,0,0,1,1,12050.0,13.0,20350.0,21.0,22300.0,18.0,26450.0,23.0,15285.714285714286,5109.1188318628165,-6450.0,19800.0,8268.289749677111,-6450.0,20280.535714285714,6594.817036083561,-6450.0,17488.19205837873,5.524440499387671,-3593.716498878117,0,0,0,0,992.8570719387807,0.9999999999280575
2022-03-15,2022-03-15,23.0,26050.0,0.0,26050.0,1,0.7818314824680298,0.6234898018587336,3,1.0,6.123233995736766e-17,0,0,0,1,13900.0,14.0,7500.0,9.0,17350.0,16.0,19700.0,17.0,17935.714285714286,5207.5837555845865,18550.0,20421.428571428572,8395.940280088553,18550.0,20507.321428571428,6682.711592324665,18550.0,17428.548515722137,2965.3410876440403,5656.110396633823,0,3,0,0,1132.6086464083196,0.9999999999616123
2022-03-16,2022-03-16,29.0,33850.0,0.0,33850.0,2,0.9749279121818236,-0.22252093395631434,3,1.0,6.123233995736766e-17,0,0,0,1,26050.0,23.0,16000.0,17.0,11700.0,10.0,19400.0,18.0,20485.714285714286,7817.859590158187,17850.0,22003.571428571428,8707.25745671867,17850.0,21023.39285714286,7136.569366399273,17850.0,17483.704934693327,594.617436401542,15771.677628905134,0,6,0,0,1167.2413390606434,0.9999999999704579
2022-03-17,2022-03-17,17.0,17800.0,0.0,17800.0,3,0.43388373911755823,-0.900968867902419,3,1.0,6.123233995736766e-17,0,0,0,1,33850.0,29.0,22950.0,23.0,30550.0,30.0,23250.0,19.0,19750.0,7789.576368455464,-5150.0,21092.85714285714,8406.175777890418,-5150.0,20828.75,7147.904332221617,-5150.0,17630.56648864139,2142.419252464298,-1972.9857411056892,0,9,0,0,1047.0587619377197,0.9999999999438202
2022-03-18,2022-03-18,23.0,24200.0,0.0,24200.0,4,-0.433883739117558,-0.9009688679024191,3,1.0,6.123233995736766e-17,0,1,0,1,17800.0,17.0,20150.0,21.0,26300.0,25.0,29885.0,30.0,20328.571428571428,7972.497368184831,4050.0,20942.85714285714,8324.450943845115,4050.0,20625.714285714286,6959.389835201564,4050.0,17829.617017374614,6660.096384097056,-289.7134014716721,0,12,0,1,1052.1738672967883,0.9999999999586777
2022-03-19,2022-03-19,11.0,9900.0,0.0,9900.0,5,-0.9749279121818236,-0.2225209339563146,3,1.0,6.123233995736766e-17,1,0,0,1,24200.0,23.0,14450.0,17.0,37600.0,29.0,19420.0,17.0,19678.571428571428,8685.277636267447,-4550.0,18964.285714285714,7288.199856127519,-4550.0,20285.714285714286,7247.079324124906,-4550.0,18141.554022116547,-6344.375312513086,-1897.1787096034604,0,15,0,0,899.9999181818257,0.9999999998989899
2022-03-20,2022-03-20,12.0,13300.0,0.0,13300.0,6,-0.7818314824680299,0.6234898018587334,3,1.0,6.123233995736766e-17,1,0,0,1,9900.0,11.0,12050.0,13.0,26350.0,27.0,17900.0,13.0,19857.14285714286,8513.441752675019,1250.0,18032.14285714286,7103.103523835872,1250.0,20121.428571428572,7354.507670047196,1250.0,18684.204189597778,-6800.373359277646,1416.1691696798698,0,18,0,0,1108.33324097223,0.999999999924812
2022-03-21,2022-03-21,16.0,18350.0,0.0,18350.0,0,0.0,1.0,3,1.0,6.123233995736766e-17,0,0,1,1,13300.0,12.0,13900.0,14.0,20350.0,21.0,25600.0,21.0,20492.85714285714,8152.986598553334,4450.0,17889.285714285714,7072.948970751664,4450.0,19862.5,7281.745631676818,4450.0,19072.758159794495,-848.6914962252263,125.93333643073129,0,0,0,0,1146.874928320317,0.999999999945504
2022-03-22,2022-03-22,21.0,21150.0,0.0,21150.0,1,0.7818314824680298,0.6234898018587336,3,1.0,6.123233995736766e-17,0,0,0,1,18350.0,16.0,26050.0,23.0,7500.0,9.0,20750.0,21.0,19792.85714285714,7799.007873410799,-4900.0,18864.285714285714,6443.4351973816865,-4900.0,19876.785714285714,7283.943301979705,-4900.0,19498.749024198576,3637.9181061533664,-1986.6671303519433,0,3,0,0,1007.1428091836757,0.9999999999527187
2022-03-23,2022-03-23,22.0,26150.0,0.0,26150.0,2,0.9749279121818236,-0.22252093395631434,3,1.0,6.123233995736766e-17,0,0,0,1,21150.0,21.0,33850.0,29.0,16000.0,17.0,15900.0,14.0,18692.85714285714,5763.20430051926,-7700.0,19589.285714285714,6663.6262526619075,-7700.0,20242.85714285714,7334.074637856556,-7700.0,19896.948519110618,2758.1560837505135,3494.895397138869,0,6,0,0,1188.6363096074404,0.999999999961759
2022-03-24,2022-03-24,22.0,22300.0,0.0,22300.0,3,0.43388373911755823,-0.900968867902419,3,1.0,6.123233995736766e-17,0,0,0,1,26150.0,22.0,17800.0,17.0,22950.0,23.0,18500.0,16.0,19335.714285714286,5896.447679585996,4500.0,19542.85714285714,6640.6341548094715,4500.0,20378.571428571428,7335.78782877361,4500.0,20276.416096918147,1137.7836841259002,885.800218955952,0,9,0,0,1013.6363175619855,0.999999999955157
2022-03-25,2022-03-25,17.0,17450.0,0.0,17450.0,4,-0.433883739117558,-0.9009688679024191,3,1.0,6.123233995736766e-17,0,1,0,1,22300.0,22.0,24200.0,23.0,20150.0,21.0,28150.0,22.0,18371.428571428572,5507.484085531329,-6750.0,19350.0,6660.821155198401,-6750.0,19996.428571428572,7193.270113142902,-6750.0,20531.66316060345,8180.250524163702,-11261.91368476715,0,12,0,1,1026.4705278546749,0.9999999999426934
2022-03-26,2022-03-26,15.0,13150.0,0.0,13150.0,5,-0.9749279121818236,-0.2225209339563146,3,1.0,6.123233995736766e-17,1,0,0,1,17450.0,17.0,9900.0,11.0,14450.0,17.0,14900.0,15.0,18835.714285714286,4760.664719493324,3250.0,19257.14285714286,6742.940956826838,3250.0,19933.928571428572,7246.596309218767,3250.0,20639.61995526829,-6811.979309384954,-677.6406458833335,0,15,0,0,876.6666082222262,0.9999999999239544
2022-03-27,2022-03-27,12.0,10900.0,0.0,10900.0,6,-0.7818314824680299,0.6234898018587334,3,1.0,6.123233995736766e-17,1,0,0,1,13150.0,15.0,13300.0,12.0,12050.0,13.0,15000.0,12.0,18492.85714285714,5283.498570346833,-2400.0,19175.0,6843.7436336465,-2400.0,19787.5,7389.991041441971,-2400.0,20719.07434317373,-8274.739768867965,-1544.3345743057653,0,18,0,0,908.3332576388952,0.9999999999082568
2022-03-28,2022-03-28,21.0,22900.0,0.0,22900.0,0,0.0,1.0,3,1.0,6.123233995736766e-17,0,0,1,1,10900.0,12.0,18350.0,16.0,13900.0,14.0,22300.0,18.0,19142.85714285714,5536.803272303463,4550.0,19817.85714285714,6731.916150320445,4550.0,19808.928571428572,7398.411410709491,4550.0,20778.41157826741,-970.0231764996018,3091.6115982321935,0,0,0,0,1090.4761385487552,0.9999999999563318
2022-03-29,2022-03-29,21.0,23250.0,0.0,23250.0,1,0.7818314824680298,0.6234898018587336,3,1.0,6.123233995736766e-17,0,0,0,1,22900.0,21.0,21150.0,21.0,26050.0,23.0,17350.0,16.0,19442.85714285714,5717.6210504186365,2100.0,19617.85714285714,6572.220299893319,2100.0,20019.64285714286,7409.795059965411,2100.0,20888.894500037713,1339.1629285893596,1021.9425713729288,0,3,0,0,1107.1428044217712,0.9999999999569892
2022-03-30,2022-03-30,17.0,20000.0,0.0,20000.0,2,0.9749279121818236,-0.22252093395631434,3,1.0,6.123233995736766e-17,0,0,0,1,23250.0,21.0,26150.0,22.0,33850.0,29.0,11700.0,10.0,18564.285714285714,4934.041133266097,-6150.0,18628.571428571428,5154.636235979677,-6150.0,20316.071428571428,7228.442452631499,-6150.0,21096.651841608,4739.650923303561,-5836.302764911561,0,6,0,0,1176.4705190311458,0.99999999995
2022-03-31,2022-03-31,16.0,20700.0,0.0,20700.0,3,0.43388373911755823,-0.900968867902419,3,1.0,6.123233995736766e-17,0,0,0,1,20000.0,17.0,22300.0,22.0,17800.0,17.0,30550.0,30.0,18335.714285714286,4766.350305851966,-1600.0,18835.714285714286,5176.999003411022,-1600.0,19964.285714285714,6946.113450231867,-1600.0,21309.550579554845,1884.4108600636014,-2493.961439618448,0,9,0,0,1293.74991914063,0.9999999999516908
2022-04-01,2022-04-01,29.0,34450.0,0.0,34450.0,4,-0.433883739117558,-0.9009688679024191,4,0.8660254037844387,-0.4999999999999998,0,1,0,0,20700.0,16.0,17450.0,17.0,24200.0,23.0,26300.0,25.0,20764.285714285714,7680.15376830189,17000.0,19567.85714285714,6539.483840571751,17000.0,20255.35714285714,7378.727423224372,17000.0,21521.452177596424,9324.754300900317,3603.7935215032594,0,16,0,0,1187.9309935196209,0.9999999999709724
2022-04-02,2022-04-02,13.0,14750.0,0.0,14750.0,5,-0.9749279121818236,-0.2225209339563146,4,0.8660254037844387,-0.4999999999999998,1,0,0,0,34450.0,29.0,13150.0,15.0,9900.0,11.0,37600.0,29.0,20992.85714285714,7435.692557490769,1600.0,19914.285714285714,6101.747182677998,1600.0,19439.285714285714,6613.277289509077,1600.0,21737.258214274094,-5517.467793329919,-1469.7904209441767,0,20,0,0,1134.6152973372848,0.9999999999322033
2022-04-03,2022-04-03,10.0,14800.0,0.0,14800.0,6,-0.7818314824680299,0.6234898018587334,4,0.8660254037844387,-0.4999999999999998,1,0,0,0,14750.0,13.0,10900.0,12.0,13300.0,12.0,26350.0,27.0,21550.0,6658.95387179296,3900.0,20021.428571428572,5988.79448141774,3900.0,19026.785714285714,6525.895456405698,3900.0,21981.99191103568,-10443.386247307535,3261.3943362718564,0,24,0,0,1479.999852000015,0.9999999999324324
2022-04-04,2022-04-04,14.0,19100.0,0.0,19100.0,0,0.0,1.0,4,0.8660254037844387,-0.4999999999999998,0,0,1,0,14800.0,10.0,22900.0,21.0,18350.0,16.0,20350.0,21.0,21007.14285714286,6685.396309084721,-3800.0,20075.0,5976.0338661382275,-3800.0,18982.14285714286,6520.781796540599,-3800.0,22297.94084538363,-1940.5059598321618,-1257.434885551469,0,0,0,0,1364.2856168367418,0.999999999947644
2022-04-05,2022-04-05,13.0,21000.0,0.0,21000.0,1,0.7818314824680298,0.6234898018587336,4,0.8660254037844387,-0.4999999999999998,0,0,0,0,19100.0,14.0,23250.0,21.0,21150.0,21.0,7500.0,9.0,20685.714285714286,6613.289290367921,-2250.0,20064.285714285714,5974.092418081634,-2250.0,19464.285714285714,6127.591774292814,-2250.0,22561.749167050704,266.4677009436518,-1828.216867994357,0,4,0,0,1615.38449112427,0.999999999952381
2022-04-06,2022-04-06,22.0,31300.0,0.0,31300.0,2,0.9749279121818236,-0.22252093395631434,4,0.8660254037844387,-0.4999999999999998,0,0,0,0,21000.0,13.0,20000.0,17.0,26150.0,22.0,16000.0,17.0,22300.0,7706.7611009208285,11300.0,20432.14285714286,6511.989154417646,11300.0,20010.714285714286,6479.31690991015,11300.0,22738.766997931387,4772.741878661446,3788.491123407166,0,8,0,0,1422.727208057854,0.9999999999680511
2022-04-07,2022-04-07,21.0,26200.0,0.0,26200.0,3,0.43388373911755823,-0.900968867902419,4,0.8660254037844387,-0.4999999999999998,0,0,0,0,31300.0,22.0,20700.0,16.0,22300.0,22.0,22950.0,23.0,23085.714285714286,7796.297961517483,5500.0,20710.714285714286,6679.307269799462,5500.0,20126.785714285714,6562.498425295855,5500.0,22901.67891973441,3944.495902934563,-646.1748226689742,0,12,0,0,1247.6189882086196,0.9999999999618321
2022-04-08,2022-04-08,27.0,31800.0,0.0,31800.0,4,-0.433883739117558,-0.9009688679024191,4,0.8660254037844387,-0.4999999999999998,0,1,0,0,26200.0,21.0,34450.0,29.0,17450.0,17.0,20150.0,21.0,22707.14285714286,7193.540422457051,-2650.0,21735.714285714286,7219.642772204333,-2650.0,20542.85714285714,6923.413232911263,-2650.0,23062.76302075015,9575.408456360901,-838.1714771110492,0,16,0,0,1177.7777341563801,0.9999999999685535
2022-04-09,2022-04-09,20.0,20550.0,0.0,20550.0,5,-0.9749279121818236,-0.2225209339563146,4,0.8660254037844387,-0.4999999999999998,1,0,0,0,31800.0,27.0,14750.0,13.0,13150.0,15.0,14450.0,17.0,23535.714285714286,6416.301783070083,5800.0,22264.285714285714,6801.4825468544295,5800.0,20760.714285714286,6819.788162546587,5800.0,23167.82683412583,-3345.5761995606003,727.7493654347709,0,20,0,0,1027.4999486250026,0.9999999999513381
2022-04-10,2022-04-10,8.0,8980.0,0.0,8980.0,6,-0.7818314824680299,0.6234898018587334,4,0.8660254037844387,-0.4999999999999998,1,0,0,0,20550.0,20.0,14800.0,10.0,10900.0,12.0,12050.0,13.0,22704.285714285714,7934.426795391607,-5820.0,22127.14285714286,7062.599683240927,-5820.0,20651.071428571428,6987.631580572926,-5820.0,23168.64844569135,-12070.714511922692,-2117.933933768658,0,24,0,0,1122.4998596875178,0.9999999998886414
2022-04-11,2022-04-11,24.0,24150.0,0.0,24150.0,0,0.0,1.0,4,0.8660254037844387,-0.4999999999999998,0,0,1,0,8980.0,8.0,19100.0,14.0,22900.0,21.0,13900.0,14.0,23425.714285714286,7780.175356084741,5050.0,22216.428571428572,7080.999068083428,5050.0,21017.14285714286,6888.643825646216,5050.0,23047.54684261973,-4723.804014356089,5826.257171736361,0,0,0,0,1006.2499580729184,0.9999999999585921
2022-04-12,2022-04-12,22.0,23950.0,0.0,23950.0,1,0.7818314824680298,0.6234898018587336,4,0.8660254037844387,-0.4999999999999998,0,0,0,0,24150.0,24.0,21000.0,13.0,23250.0,21.0,26050.0,23.0,23847.14285714286,7706.429597605942,2950.0,22266.428571428572,7091.322549038795,2950.0,20942.14285714286,6843.100530295083,2950.0,22843.708983007324,-71.43158823259769,1177.7226052252736,0,4,0,0,1088.6363141528948,0.9999999999582463
2022-04-13,2022-04-13,24.0,26750.0,0.0,26750.0,2,0.9749279121818236,-0.22252093395631434,4,0.8660254037844387,-0.4999999999999998,0,0,0,0,23950.0,22.0,31300.0,22.0,20000.0,17.0,33850.0,29.0,23197.14285714286,7144.442395516735,-4550.0,22748.571428571428,7154.5594468926965,-4550.0,20688.571428571428,6468.369600680319,-4550.0,22606.300751446124,4908.059539293093,-764.360290739216,0,8,0,0,1114.583286892363,0.9999999999626168
2022-04-14,2022-04-14,25.0,30250.0,0.0,30250.0,3,0.43388373911755823,-0.900968867902419,4,0.8660254037844387,-0.4999999999999998,0,0,0,0,26750.0,24.0,26200.0,21.0,20700.0,16.0,17800.0,17.0,23775.714285714286,7578.926610769386,4050.0,23430.714285714286,7395.428384415046,4050.0,21133.214285714286,6686.681097564701,4050.0,22300.667247030473,5916.785018053738,2032.5477349157882,0,12,0,0,1209.9999516000019,0.9999999999669421
2022-04-15,2022-04-15,24.0,26350.0,0.0,26350.0,4,-0.433883739117558,-0.9009688679024191,4,0.8660254037844387,-0.4999999999999998,0,1,0,0,30250.0,25.0,31800.0,27.0,34450.0,29.0,24200.0,23.0,22997.14285714286,6863.373112121345,-5450.0,22852.14285714286,6756.26111734256,-5450.0,21210.0,6735.369879034662,-5450.0,22005.101685085854,9477.1911793919,-5132.292864477753,0,16,0,0,1097.9166209201408,0.9999999999620494
2022-04-16,2022-04-16,22.0,22440.0,0.0,22440.0,5,-0.9749279121818236,-0.2225209339563146,4,0.8660254037844387,-0.4999999999999998,1,0,0,0,26350.0,24.0,20550.0,20.0,14750.0,13.0,9900.0,11.0,23267.14285714286,6787.819272504995,1890.0,23401.428571428572,6347.0948619674755,1890.0,21657.85714285714,6362.043904713533,1890.0,21837.040407458655,-1007.7004207170282,1610.6600132583735,0,20,0,0,1019.9999536363657,0.9999999999554368
2022-04-17,2022-04-17,10.0,7600.0,0.0,7600.0,6,-0.7818314824680299,0.6234898018587334,4,0.8660254037844387,-0.4999999999999998,1,0,0,0,22440.0,22.0,8980.0,8.0,14800.0,10.0,13300.0,12.0,23070.0,7274.5194572104265,-1380.0,22887.14285714286,7315.477195194259,-1380.0,21454.285714285714,6720.478614223304,-1380.0,21850.48928575078,-12581.278029787203,-1669.2112559635789,0,24,0,0,759.9999240000077,0.999999999868421
2022-04-18,2022-04-18,11.0,12450.0,0.0,12450.0,0,0.0,1.0,4,0.8660254037844387,-0.4999999999999998,0,0,1,0,7600.0,10.0,24150.0,24.0,19100.0,14.0,18350.0,16.0,21398.571428571428,8262.103099032798,-11700.0,22412.14285714286,7781.355605223659,-11700.0,21243.571428571428,6911.20357974173,-11700.0,21935.795789606116,-7693.85572625701,-1791.940063349106,0,0,0,0,1131.8180789256294,0.9999999999196787
2022-04-19,2022-04-19,21.0,19350.0,0.0,19350.0,1,0.7818314824680298,0.6234898018587336,4,0.8660254037844387,-0.4999999999999998,0,0,0,0,12450.0,11.0,23950.0,22.0,21000.0,13.0,21150.0,21.0,20741.428571428572,8208.106620025963,-4600.0,22294.285714285714,7816.804102293147,-4600.0,21179.285714285714,6920.4714721488,-4600.0,21985.443365032166,966.6771660547702,-3602.1205310869373,0,4,0,0,921.4285275510224,0.9999999999483205
2022-04-20,2022-04-20,23.0,28100.0,0.0,28100.0,2,0.9749279121818236,-0.22252093395631434,4,0.8660254037844387,-0.4999999999999998,0,0,0,0,19350.0,21.0,26750.0,24.0,31300.0,22.0,26150.0,22.0,20934.285714285714,8386.729313112968,1350.0,22065.714285714286,7576.296755504834,1350.0,21248.928571428572,6981.885206142108,1350.0,22043.497770644077,3291.4296794612505,2765.072549894674,0,8,0,0,1221.7390773156922,0.9999999999644128
2022-04-21,2022-04-21,23.0,32050.0,0.0,32050.0,3,0.43388373911755823,-0.900968867902419,4,0.8660254037844387,-0.4999999999999998,0,0,0,0,28100.0,23.0,30250.0,25.0,26200.0,21.0,22300.0,22.0,21191.428571428572,8740.109512226609,1800.0,22483.571428571428,7972.803393790955,1800.0,21597.14285714286,7273.301689076113,1800.0,22176.912473463828,6323.395037753843,3549.6924887823297,0,12,0,0,1393.4782002835564,0.9999999999687987
2022-04-22,2022-04-22,28.0,35100.0,0.0,35100.0,4,-0.433883739117558,-0.9009688679024191,4,0.8660254037844387,-0.4999999999999998,0,1,0,0,32050.0,23.0,26350.0,24.0,31800.0,27.0,17450.0,17.0,22441.428571428572,10117.946808470946,8750.0,22719.285714285714,8311.036651331822,8750.0,22227.5,7655.371691873668,8750.0,22310.995881167335,9292.467148175485,3496.53697065718,0,16,0,0,1253.571383801022,0.99999999997151
2022-04-23,2022-04-23,23.0,20670.0,0.0,20670.0,5,-0.9749279121818236,-0.2225209339563146,4,0.8660254037844387,-0.4999999999999998,1,0,0,0,35100.0,28.0,22440.0,22.0,20550.0,20.0,13150.0,15.0,22188.571428571428,10140.081243217304,-1770.0,22727.85714285714,8308.688852012758,-1770.0,22496.071428571428,7454.385902265468,-1770.0,22447.7843986697,1142.8825350424484,-2920.6669337121493,0,20,0,0,898.6956131001907,0.9999999999516207
2022-04-24,2022-04-24,11.0,9050.0,0.0,9050.0,6,-0.7818314824680299,0.6234898018587334,4,0.8660254037844387,-0.4999999999999998,1,0,0,0,20670.0,23.0,7600.0,10.0,8980.0,8.0,10900.0,12.0,22395.714285714286,9801.554055595556,1450.0,22732.85714285714,8299.795575398664,1450.0,22430.0,7568.30183017251,1450.0,22522.66234014767,-10861.37481079149,-2611.287529356181,0,24,0,0,822.7271979338911,0.9999999998895027
2022-04-25,2022-04-25,22.0,28050.0,0.0,28050.0,0,0.0,1.0,4,0.8660254037844387,-0.4999999999999998,0,0,1,0,9050.0,11.0,12450.0,11.0,24150.0,24.0,22900.0,21.0,24624.285714285714,8894.855923777612,15600.0,23011.428571428572,8415.659265863938,15600.0,22613.928571428572,7642.36357626003,15600.0,22467.581246976533,-9211.791644416213,14794.210397439678,0,0,0,0,1274.9999420454571,0.9999999999643494
2022-04-26,2022-04-26,23.0,26300.0,0.0,26300.0,1,0.7818314824680298,0.6234898018587336,4,0.8660254037844387,-0.4999999999999998,0,0,0,0,28050.0,22.0,19350.0,21.0,23950.0,22.0,23250.0,21.0,25617.14285714286,8590.695963823706,6950.0,23179.285714285714,8459.143859467431,6950.0,22722.85714285714,7673.4384861715125,6950.0,22275.31827099484,1411.4149095285318,2613.2668194766266,0,4,0,0,1143.4782111531213,0.9999999999619772
2022-04-27,2022-04-27,18.0,21600.0,0.0,21600.0,2,0.9749279121818236,-0.22252093395631434,4,0.8660254037844387,-0.4999999999999998,0,0,0,0,26300.0,23.0,28100.0,23.0,26750.0,24.0,20000.0,17.0,24688.571428571428,8628.803371212452,-6500.0,22811.428571428572,8403.71791085799,-6500.0,22780.0,7658.353463883586,-6500.0,22045.610788534585,1387.3729486257948,-1832.983737160379,0,8,0,0,1199.999933333337,0.9999999999537037
2022-04-28,2022-04-28,22.0,26800.0,0.0,26800.0,3,0.43388373911755823,-0.900968867902419,4,0.8660254037844387,-0.4999999999999998,0,0,0,0,21600.0,18.0,32050.0,23.0,30250.0,25.0,20700.0,16.0,23938.571428571428,8093.901878516158,-5250.0,22565.0,8217.328547742209,-5250.0,22997.85714285714,7683.713587670642,-5250.0,21841.69476738323,4580.023717056896,378.2815155598764,0,12,0,0,1218.1817628099197,0.9999999999626865
2022-04-29,2022-04-29,27.0,32400.0,0.0,32400.0,4,-0.433883739117558,-0.9009688679024191,4,0.8660254037844387,-0.4999999999999998,0,1,0,0,26800.0,22.0,35100.0,28.0,26350.0,24.0,34450.0,29.0,23552.85714285714,7517.139780274825,-2700.0,22997.14285714286,8582.651937817061,-2700.0,22924.64285714286,7579.611776505419,-2700.0,21511.32459445813,9367.809689356576,1520.865716185297,0,16,0,0,1199.999955555557,0.9999999999691358
2022-04-30,2022-04-30,23.0,27900.0,0.0,27900.0,5,-0.9749279121818236,-0.2225209339563146,4,0.8660254037844387,-0.4999999999999998,1,0,0,0,32400.0,27.0,20670.0,23.0,22440.0,22.0,14750.0,13.0,24585.714285714286,7551.639683192099,7230.0,23387.14285714286,8678.90052286089,7230.0,23394.285714285714,7460.804955365777,7230.0,20806.62098911264,2433.8942641617064,4659.484746725655,0,20,0,0,1213.043425519851,0.9999999999641577
2022-05-01,2022-05-01,9.0,13660.0,0.0,13660.0,6,-0.7818314824680299,0.6234898018587334,5,0.49999999999999994,-0.8660254037844387,1,0,0,0,27900.0,23.0,9050.0,11.0,7600.0,10.0,14800.0,10.0,25244.285714285714,6015.817642246286,4610.0,23820.0,7951.600709678185,4610.0,23353.571428571428,7512.374095468389,4610.0,19755.27290060953,-7578.047133221603,1482.7742326120751,0,30,0,0,1517.7776091358214,0.9999999999267936
2022-05-02,2022-05-02,5.0,5150.0,0.0,5150.0,0,0.0,1.0,5,0.49999999999999994,-0.8660254037844387,0,0,1,0,13660.0,9.0,28050.0,22.0,12450.0,11.0,19100.0,14.0,21972.85714285714,9470.418354514415,-22900.0,23298.571428571428,8933.295418431417,-22900.0,22855.35714285714,8232.93453021679,-22900.0,18644.366301727285,-9158.351042321472,-4336.015259405813,0,0,0,0,1029.9997940000412,0.9999999998058252
2022-05-03,2022-05-03,16.0,21950.0,0.0,21950.0,1,0.7818314824680298,0.6234898018587336,5,0.49999999999999994,-0.8660254037844387,0,0,0,0,5150.0,5.0,26300.0,23.0,19350.0,21.0,21000.0,13.0,21351.428571428572,9279.961258129297,-4350.0,23484.285714285714,8871.707592363284,-4350.0,22889.285714285714,8226.960614490683,-4350.0,17617.55405799426,733.8029547554004,3598.6429872503395,0,5,0,0,1371.8749142578179,0.9999999999544419
2022-05-04,2022-05-04,16.0,15400.0,0.0,15400.0,2,0.9749279121818236,-0.22252093395631434,5,0.49999999999999994,-0.8660254037844387,0,0,0,0,21950.0,16.0,21600.0,18.0,28100.0,23.0,31300.0,22.0,20465.714285714286,9544.390773543115,-6200.0,22577.14285714286,9011.632165468965,-6200.0,22321.428571428572,8173.4850059724895,-6200.0,16635.26473065437,-534.5171263420312,-700.7476043123388,0,10,0,0,962.4999398437537,0.9999999999350649
2022-05-05,2022-05-05,10.0,12450.0,0.0,12450.0,3,0.43388373911755823,-0.900968867902419,5,0.49999999999999994,-0.8660254037844387,0,0,0,0,15400.0,16.0,26800.0,22.0,32050.0,23.0,26200.0,21.0,18415.714285714286,9498.099559285263,-14350.0,21177.14285714286,8949.033835750482,-14350.0,21830.35714285714,8343.122464660184,-14350.0,15705.089595681296,2899.86960507189,-6154.959200753186,0,15,0,0,1244.9998755000126,0.9999999999196787
2022-05-06,2022-05-06,22.0,20150.0,0.0,20150.0,4,-0.433883739117558,-0.9009688679024191,5,0.49999999999999994,-0.8660254037844387,0,1,0,0,12450.0,10.0,32400.0,27.0,35100.0,28.0,31800.0,27.0,16665.714285714286,7385.722391079624,-12250.0,20109.285714285714,8001.69353640526,-12250.0,21414.285714285714,8114.893225637169,-12250.0,15004.419914525515,8505.262138770495,-3359.68205329601,0,20,0,0,915.9090492768613,0.9999999999503721
2022-05-07,2022-05-07,15.0,16900.0,0.0,16900.0,5,-0.9749279121818236,-0.2225209339563146,5,0.49999999999999994,-0.8660254037844387,1,0,0,0,20150.0,22.0,27900.0,23.0,20670.0,23.0,20550.0,20.0,15094.285714285714,5535.542301475822,-11000.0,19840.0,8044.693425339,-11000.0,21283.928571428572,8158.490845959064,-11000.0,14609.157297517535,2983.191971284976,-692.3492688025108,0,25,0,0,1126.6665915555607,0.9999999999408283
2022-05-08,2022-05-08,7.0,10500.0,0.0,10500.0,6,-0.7818314824680299,0.6234898018587334,5,0.49999999999999994,-0.8660254037844387,1,0,0,0,16900.0,15.0,13660.0,9.0,9050.0,11.0,8980.0,8.0,14642.857142857143,5794.7841900733,-3160.0,19943.571428571428,7903.181060757821,-3160.0,21338.214285714286,8078.252035705554,-3160.0,14513.052956207783,-3987.2644946250693,-25.788461582713353,0,30,0,0,1499.9997857143162,0.9999999999047618
2022-05-09,2022-05-09,6.0,8400.0,0.0,8400.0,0,0.0,1.0,5,0.49999999999999994,-0.8660254037844387,0,0,1,0,10500.0,7.0,5150.0,5.0,28050.0,22.0,24150.0,24.0,15107.142857142857,4980.414019890663,3250.0,18540.0,8095.312983924239,3250.0,20775.714285714286,8416.47873434694,3250.0,14711.784091077383,-7382.677248172535,1070.8931570951518,0,0,0,0,1399.9997666667055,0.9999999998809523
2022-05-10,2022-05-10,5.0,10900.0,0.0,10900.0,1,0.7818314824680298,0.6234898018587336,5,0.49999999999999994,-0.8660254037844387,0,0,0,0,8400.0,6.0,21950.0,16.0,26300.0,23.0,23950.0,22.0,13528.57142857143,4128.3428013809535,-11050.0,17440.0,8005.551919665592,-11050.0,20309.64285714286,8593.652904213388,-11050.0,15260.988352154645,-545.2154109201533,-3815.7729412344925,0,5,0,0,2179.999564000087,0.9999999999082568
2022-05-11,2022-05-11,12.0,15050.0,0.0,15050.0,2,0.9749279121818236,-0.22252093395631434,5,0.49999999999999994,-0.8660254037844387,0,0,0,0,10900.0,5.0,15400.0,16.0,21600.0,18.0,26750.0,24.0,13478.57142857143,4103.946996780124,-350.0,16972.14285714286,7934.817315110391,-350.0,19891.785714285714,8553.25411480221,-350.0,15923.1457798335,-2386.8552441872507,1513.709464353753,0,10,0,0,1254.1665621527866,0.9999999999335548
2022-05-12,2022-05-12,16.0,17100.0,0.0,17100.0,3,0.43388373911755823,-0.900968867902419,5,0.49999999999999994,-0.8660254037844387,0,0,0,0,15050.0,12.0,12450.0,10.0,26800.0,22.0,30250.0,25.0,14142.857142857143,4282.175125975521,4650.0,16279.285714285714,7417.267239132149,4650.0,19422.14285714286,8321.315493021011,4650.0,16434.392887888065,1828.2020801911563,-1162.5949680792219,0,15,0,0,1068.749933203129,0.9999999999415204
2022-05-13,2022-05-13,20.0,25500.0,0.0,25500.0,4,-0.433883739117558,-0.9009688679024191,5,0.49999999999999994,-0.8660254037844387,0,1,0,0,17100.0,16.0,20150.0,22.0,32400.0,27.0,26350.0,24.0,14907.142857142857,5756.621446316419,5350.0,15786.42857142857,6426.80397558997,5350.0,19391.785714285714,8296.619594336096,5350.0,16785.70130475505,7208.140954486647,1506.1577407583027,0,20,0,0,1274.9999362500032,0.9999999999607843
2022-05-14,2022-05-14,9.0,7550.0,0.0,7550.0,5,-0.9749279121818236,-0.2225209339563146,5,0.49999999999999994,-0.8660254037844387,1,0,0,0,25500.0,20.0,16900.0,15.0,27900.0,23.0,22440.0,22.0,13571.42857142857,6278.2599196789615,-9350.0,14332.857142857143,5741.00959838866,-9350.0,18860.0,8566.803284686679,-9350.0,17116.94320982586,2350.2969186046157,-11917.240128430474,0,25,0,0,838.8887956790228,0.9999999998675496
2022-05-15,2022-05-15,10.0,17050.0,0.0,17050.0,6,-0.7818314824680299,0.6234898018587334,5,0.49999999999999994,-0.8660254037844387,1,0,0,0,7550.0,9.0,10500.0,7.0,13660.0,9.0,7600.0,10.0,14507.142857142857,6232.13637603699,6550.0,14575.0,5781.7933736328005,6550.0,19197.5,8288.39511114899,6550.0,17412.520578548552,-2084.70786767108,1722.1872891225285,0,30,0,0,1704.999829500017,0.9999999999413489
2022-05-16,2022-05-16,15.0,15050.0,0.0,15050.0,0,0.0,1.0,5,0.49999999999999994,-0.8660254037844387,0,0,1,0,17050.0,10.0,8400.0,6.0,5150.0,5.0,12450.0,11.0,15457.142857142857,5623.124025799491,6650.0,15282.142857142857,5106.3537775107725,6650.0,19290.35714285714,8224.31781799734,6650.0,17680.3714054435,-4265.314074214796,1634.9426687712948,0,0,0,0,1003.333266444449,0.9999999999335548
2022-05-17,2022-05-17,11.0,14400.0,0.0,14400.0,1,0.7818314824680298,0.6234898018587336,5,0.49999999999999994,-0.8660254037844387,0,0,0,0,15050.0,15.0,10900.0,5.0,21950.0,16.0,19350.0,21.0,15957.142857142857,5296.4947977749225,3500.0,14742.857142857143,4733.020548918321,3500.0,19113.571428571428,8276.027054663595,3500.0,17896.746099953907,-1873.9278096149317,-1622.8182903389752,0,5,0,0,1309.0907900826555,0.9999999999305555
2022-05-18,2022-05-18,10.0,12100.0,0.0,12100.0,2,0.9749279121818236,-0.22252093395631434,5,0.49999999999999994,-0.8660254037844387,0,0,0,0,14400.0,11.0,15050.0,12.0,15400.0,16.0,28100.0,23.0,15535.714285714286,5494.369412234211,-2950.0,14507.142857142857,4779.719059287254,-2950.0,18542.14285714286,8184.430275944619,-2950.0,18039.10356964104,-2099.576749767324,-3839.526819873716,0,10,0,0,1209.9998790000122,0.9999999999173553
2022-05-19,2022-05-19,16.0,24400.0,0.0,24400.0,3,0.43388373911755823,-0.900968867902419,5,0.49999999999999994,-0.8660254037844387,0,0,0,0,12100.0,10.0,17100.0,16.0,12450.0,10.0,32050.0,23.0,16578.571428571428,6450.378357304371,7300.0,15360.714285714286,5409.613187203359,7300.0,18268.928571428572,7837.125483655395,7300.0,18084.9591869442,1354.920082822133,4960.120730233666,0,15,0,0,1524.999904687506,0.9999999999590163
2022-05-20,2022-05-20,17.0,22350.0,0.0,22350.0,4,-0.433883739117558,-0.9009688679024191,5,0.49999999999999994,-0.8660254037844387,0,1,0,0,24400.0,16.0,25500.0,20.0,20150.0,22.0,35100.0,28.0,16128.57142857143,5801.498164472745,-3150.0,15517.857142857143,5588.436107880971,-3150.0,17813.571428571428,7164.518651886357,-3150.0,18119.45813345366,6676.829962175809,-2446.2880956294684,0,20,0,0,1314.7058050173055,0.9999999999552572
2022-05-21,2022-05-21,19.0,19500.0,0.0,19500.0,5,-0.9749279121818236,-0.2225209339563146,5,0.49999999999999994,-0.8660254037844387,1,0,0,0,22350.0,17.0,7550.0,9.0,16900.0,15.0,20670.0,23.0,17835.714285714286,4459.4202057474085,11950.0,15703.57142857143,5680.346152971852,11950.0,17771.785714285714,7150.640506701805,11950.0,18173.02467406711,588.2283647216691,738.7469612112218,0,25,0,0,1026.3157354570665,0.9999999999487179
2022-05-22,2022-05-22,13.0,17650.0,0.0,17650.0,6,-0.7818314824680299,0.6234898018587334,5,0.49999999999999994,-0.8660254037844387,1,0,0,0,19500.0,19.0,17050.0,10.0,10500.0,7.0,9050.0,11.0,17921.428571428572,4447.551493317866,600.0,16214.285714285714,5494.907732529342,600.0,18078.928571428572,6943.845310662723,600.0,18367.143747319235,-2198.8319569759506,1481.688209656717,0,30,0,0,1357.692203254446,0.9999999999433428
2022-05-23,2022-05-23,15.0,16250.0,0.0,16250.0,0,0.0,1.0,5,0.49999999999999994,-0.8660254037844387,0,0,1,0,17650.0,13.0,15050.0,15.0,8400.0,6.0,28050.0,22.0,18092.85714285714,4340.260031709717,1200.0,16775.0,5015.8115379881665,1200.0,17657.5,6668.912191265888,1200.0,18575.11280682083,-2494.694591518017,169.5817846971877,0,0,0,0,1083.333261111116,0.9999999999384616
2022-05-24,2022-05-24,17.0,16700.0,0.0,16700.0,1,0.7818314824680298,0.6234898018587336,5,0.49999999999999994,-0.8660254037844387,0,0,0,0,16250.0,15.0,14400.0,11.0,10900.0,5.0,26300.0,23.0,18421.428571428572,4094.1886806033554,2300.0,17189.285714285714,4724.289876284554,2300.0,17314.64285714286,6451.359593796148,2300.0,19265.433306710987,-895.8258112138324,-1669.6074954971555,0,5,0,0,982.3528833910068,0.9999999999401198
2022-05-25,2022-05-25,30.0,37650.0,0.0,37650.0,2,0.9749279121818236,-0.22252093395631434,5,0.49999999999999994,-0.8660254037844387,0,0,0,0,16700.0,17.0,12100.0,10.0,15050.0,12.0,21600.0,18.0,22071.428571428572,7495.490707911034,25550.0,18803.571428571428,7166.8431062700265,25550.0,17887.85714285714,7477.629529887354,25550.0,19859.607145318274,-2014.5265789015482,19804.919433583273,0,10,0,0,1254.999958166668,0.9999999999734396
2022-05-26,2022-05-26,17.0,17700.0,0.0,17700.0,3,0.43388373911755823,-0.900968867902419,5,0.49999999999999994,-0.8660254037844387,0,0,0,0,37650.0,30.0,24400.0,16.0,17100.0,16.0,26800.0,22.0,21114.285714285714,7575.933071560335,-6700.0,18846.428571428572,7157.660347372719,-6700.0,17562.85714285714,7270.832066675652,-6700.0,20499.138372399313,1833.5144400906029,-4632.652812489916,0,15,0,0,1041.176409342564,0.9999999999435029
2022-05-27,2022-05-27,22.0,33250.0,0.0,33250.0,4,-0.433883739117558,-0.9009688679024191,5,0.49999999999999994,-0.8660254037844387,0,1,0,0,17700.0,17.0,22350.0,17.0,25500.0,20.0,32400.0,27.0,22671.428571428572,8880.167844831576,10900.0,19400.0,7965.888815153321,10900.0,17593.214285714286,7336.551846025351,10900.0,21109.127549827223,5706.207905141164,6434.664545031614,0,20,0,0,1511.3635676652923,0.9999999999699248
2022-05-28,2022-05-28,7.0,8500.0,0.0,8500.0,5,-0.9749279121818236,-0.2225209339563146,5,0.49999999999999994,-0.8660254037844387,1,0,0,0,33250.0,22.0,19500.0,19.0,7550.0,9.0,27900.0,23.0,21100.0,10381.31334016397,-11000.0,19467.85714285714,7860.529614738182,-11000.0,16900.35714285714,7242.595443390011,-11000.0,21671.902201057725,-379.87751386593607,-12792.024687191788,0,25,0,0,1214.2855408163514,0.9999999998823529
2022-05-29,2022-05-29,14.0,19150.0,0.0,19150.0,6,-0.7818314824680299,0.6234898018587334,5,0.49999999999999994,-0.8660254037844387,1,0,0,0,8500.0,7.0,17650.0,13.0,17050.0,10.0,13660.0,9.0,21314.285714285714,10313.490933631298,1500.0,19617.85714285714,7830.821922251978,1500.0,17096.428571428572,7225.916942601517,1500.0,22261.78540584523,-3550.8941859384713,439.1087800932437,0,30,0,0,1367.8570451530684,0.9999999999477807
2022-05-30,2022-05-30,16.0,20550.0,0.0,20550.0,0,0.0,1.0,5,0.49999999999999994,-0.8660254037844387,0,0,1,0,19150.0,14.0,16250.0,15.0,15050.0,15.0,5150.0,5.0,21928.571428571428,10087.155906682221,4300.0,20010.714285714286,7721.228941925411,4300.0,17646.428571428572,6859.744738953329,4300.0,22737.085658568034,-1698.366675505515,-488.7189830625175,0,0,0,0,1284.3749197265674,0.9999999999513381
2022-05-31,2022-05-31,19.0,27550.0,0.0,27550.0,1,0.7818314824680298,0.6234898018587336,5,0.49999999999999994,-0.8660254037844387,0,0,0,0,20550.0,16.0,16700.0,17.0,14400.0,11.0,21950.0,16.0,23478.571428571428,9982.896087093866,10850.0,20950.0,7785.761165298951,10850.0,17846.428571428572,7068.32958122236,10850.0,22662.82472110878,953.3081562326607,3933.8671226585575,0,5,0,0,1449.9999236842145,0.9999999999637024
2022-06-01,2022-06-01,20.0,24050.0,0.0,24050.0,2,0.9749279121818236,-0.22252093395631434,6,1.2246467991473532e-16,-1.0,0,0,0,0,27550.0,19.0,37650.0,30.0,12100.0,10.0,15400.0,16.0,21535.714285714286,7863.667204603818,-13600.0,21803.571428571428,7385.653043510868,-13600.0,18155.35714285714,7146.047072096135,-13600.0,22168.136708439666,-1499.0667094222893,3380.930000982622,0,12,0,0,1202.4999398750028,0.9999999999584199
2022-06-02,2022-06-02,14.0,24100.0,0.0,24100.0,3,0.43388373911755823,-0.900968867902419,6,1.2246467991473532e-16,-1.0,0,0,0,0,24050.0,20.0,17700.0,17.0,24400.0,16.0,12450.0,10.0,22450.0,7714.002419842314,6400.0,21782.14285714286,7377.971556309684,6400.0,18571.428571428572,7140.707877704352,6400.0,21445.28014356099,1349.8040972547822,1304.9157591842268,0,18,0,0,1721.4284484693967,0.9999999999585062
2022-06-03,2022-06-03,21.0,23800.0,0.0,23800.0,4,-0.433883739117558,-0.9009688679024191,6,1.2246467991473532e-16,-1.0,0,1,0,0,24100.0,14.0,33250.0,22.0,22350.0,17.0,20150.0,22.0,21100.0,6184.119446884338,-9450.0,21885.714285714286,7396.709990348354,-9450.0,18701.785714285714,7203.631827622544,-9450.0,20679.459754325002,5182.151183450226,-2061.610937775229,0,24,0,0,1133.3332793650818,0.9999999999579832
2022-06-04,2022-06-04,11.0,16300.0,0.0,16300.0,5,-0.9749279121818236,-0.2225209339563146,6,1.2246467991473532e-16,-1.0,1,0,0,0,23800.0,21.0,8500.0,7.0,19500.0,19.0,16900.0,15.0,22214.285714285714,3764.938499466046,7800.0,21657.14285714286,7524.443683572439,7800.0,18680.35714285714,7210.079612311712,7800.0,19952.832513026286,-977.9576835260762,-2674.874829500208,0,30,0,0,1481.8180471074504,0.9999999999386503
2022-06-05,2022-06-05,8.0,12000.0,0.0,12000.0,6,-0.7818314824680299,0.6234898018587334,6,1.2246467991473532e-16,-1.0,1,0,0,0,16300.0,11.0,19150.0,14.0,17650.0,13.0,10500.0,7.0,21192.85714285714,5364.810385856167,-7150.0,21253.571428571428,7898.136690815978,-7150.0,18733.928571428572,7152.389571835526,-7150.0,19283.097362546992,-5091.313206766545,-2191.7841557804495,0,36,0,0,1499.9998125000236,0.9999999999166667
2022-06-06,2022-06-06,11.0,19200.0,0.0,19200.0,0,0.0,1.0,6,1.2246467991473532e-16,-1.0,0,0,1,0,12000.0,8.0,20550.0,16.0,16250.0,15.0,8400.0,6.0,21000.0,5415.7948016272785,-1350.0,21464.285714285714,7793.03013476267,-1350.0,19119.64285714286,6859.6827926568885,-1350.0,18810.60669867549,-1231.8802080425892,1621.2735093671,0,0,0,0,1745.4543867768741,0.9999999999479167
2022-06-07,2022-06-07,13.0,20100.0,0.0,20100.0,1,0.7818314824680298,0.6234898018587336,6,1.2246467991473532e-16,-1.0,0,0,0,0,19200.0,11.0,27550.0,19.0,16700.0,17.0,10900.0,5.0,19935.714285714286,4581.913199901137,-7450.0,21707.14285714286,7685.3721481100365,-7450.0,19448.214285714286,6669.075705612868,-7450.0,18603.527356364633,2459.9512734615023,-963.4786298261351,0,6,0,0,1546.1537272189441,0.9999999999502487
2022-06-08,2022-06-08,11.0,13700.0,0.0,13700.0,2,0.9749279121818236,-0.22252093395631434,6,1.2246467991473532e-16,-1.0,0,0,0,0,20100.0,13.0,24050.0,20.0,37650.0,30.0,15050.0,12.0,18457.14285714286,4701.367582188913,-10350.0,19996.428571428572,6425.982842686846,-10350.0,19400.0,6706.823501590115,-10350.0,18538.301688917003,-376.93359948146366,-4461.36808943554,0,12,0,0,1245.4544322314152,0.9999999999270073
2022-06-09,2022-06-09,17.0,21250.0,0.0,21250.0,3,0.43388373911755823,-0.900968867902419,6,1.2246467991473532e-16,-1.0,0,0,0,0,13700.0,11.0,24100.0,14.0,17700.0,17.0,17100.0,16.0,18050.0,4231.134599607967,-2850.0,20250.0,6398.37719810508,-2850.0,19548.214285714286,6699.965203652831,-2850.0,18564.10518034209,629.2315098288767,2056.663309829033,0,18,0,0,1249.9999264705925,0.9999999999529412
2022-06-10,2022-06-10,21.0,23600.0,0.0,23600.0,4,-0.433883739117558,-0.9009688679024191,6,1.2246467991473532e-16,-1.0,0,1,0,0,21250.0,17.0,23800.0,21.0,33250.0,22.0,25500.0,20.0,18021.428571428572,4186.272919003326,-200.0,19560.714285714286,5318.913226598839,-200.0,19480.35714285714,6646.864190836802,-200.0,18622.873235837298,4928.56639758716,48.560366575540684,0,24,0,0,1123.8094702947872,0.9999999999576271
2022-06-11,2022-06-11,17.0,22750.0,0.0,22750.0,5,-0.9749279121818236,-0.2225209339563146,6,1.2246467991473532e-16,-1.0,1,0,0,0,23600.0,21.0,16300.0,11.0,8500.0,7.0,7550.0,9.0,18942.85714285714,4446.012124311346,6450.0,20578.571428571428,4306.601117681261,6450.0,20023.214285714286,6244.960666822388,6450.0,18627.609791866696,-1448.571925961247,5570.962134094549,0,30,0,0,1338.2352153979284,0.9999999999560439
2022-06-12,2022-06-12,10.0,12700.0,0.0,12700.0,6,-0.7818314824680299,0.6234898018587334,6,1.2246467991473532e-16,-1.0,1,0,0,0,22750.0,17.0,12000.0,8.0,19150.0,14.0,17050.0,10.0,19042.85714285714,4268.140556439478,700.0,20117.85714285714,4789.154700701678,700.0,19867.85714285714,6374.431191555291,700.0,18559.140297753802,-5388.486480507893,-470.6538172459077,0,36,0,0,1269.9998730000127,0.9999999999212598
2022-06-13,2022-06-13,12.0,15250.0,0.0,15250.0,0,0.0,1.0,6,1.2246467991473532e-16,-1.0,0,0,1,0,12700.0,10.0,19200.0,11.0,20550.0,16.0,15050.0,15.0,18478.571428571428,4498.782904191677,-3950.0,19739.285714285714,4958.8374324350325,-3950.0,19875.0,6368.942292557369,-3950.0,18299.064272743923,-428.2643076525556,-2620.799965091366,0,0,0,0,1270.8332274305644,0.9999999999344262
2022-06-14,2022-06-14,19.0,22300.0,0.0,22300.0,1,0.7818314824680298,0.6234898018587336,6,1.2246467991473532e-16,-1.0,0,0,0,0,15250.0,12.0,20100.0,13.0,27550.0,19.0,14400.0,11.0,18792.85714285714,4703.139782052357,2200.0,19364.285714285714,4500.018314981059,2200.0,20157.14285714286,6291.936554707589,2200.0,17832.992513379166,2229.2507467281976,2237.7567398926367,0,6,0,0,1173.6841487534657,0.999999999955157
2022-06-15,2022-06-15,18.0,19450.0,0.0,19450.0,2,0.9749279121818236,-0.22252093395631434,6,1.2246467991473532e-16,-1.0,0,0,0,0,22300.0,19.0,13700.0,11.0,24050.0,20.0,12100.0,10.0,19614.285714285714,4132.968493882849,5750.0,19035.714285714286,4294.828221308688,5750.0,20419.64285714286,6093.53542221582,5750.0,17490.787458313804,-639.3353222787973,2598.5478639649955,0,12,0,0,1080.5554955246946,0.9999999999485861
2022-06-16,2022-06-16,12.0,15100.0,0.0,15100.0,3,0.43388373911755823,-0.900968867902419,6,1.2246467991473532e-16,-1.0,0,0,0,0,19450.0,18.0,21250.0,17.0,24100.0,14.0,24400.0,16.0,18735.714285714286,4373.948853316446,-6150.0,18392.85714285714,4149.599477561159,-6150.0,20087.5,6121.934228959316,-6150.0,17312.879885913233,258.72503752530065,-2471.6049234385337,0,18,0,0,1258.333228472231,0.9999999999337749
2022-06-17,2022-06-17,10.0,11100.0,0.0,11100.0,4,-0.433883739117558,-0.9009688679024191,6,1.2246467991473532e-16,-1.0,0,1,0,0,15100.0,12.0,23600.0,21.0,23800.0,21.0,22350.0,17.0,16950.0,4602.716589145985,-12500.0,17485.714285714286,4263.23408167611,-12500.0,19685.714285714286,6333.462822402237,-12500.0,17075.702517920505,4593.610064664668,-10569.312582585173,0,24,0,0,1109.999889000011,0.9999999999099098
2022-06-18,2022-06-18,10.0,11300.0,0.0,11300.0,5,-0.9749279121818236,-0.2225209339563146,6,1.2246467991473532e-16,-1.0,1,0,0,0,11100.0,10.0,22750.0,17.0,16300.0,11.0,19500.0,19.0,15314.285714285714,4216.309038099736,-11450.0,17128.571428571428,4568.694237193697,-11450.0,19392.85714285714,6528.934379129883,-11450.0,16810.913248938028,-149.9856117929875,-5360.927637145041,0,30,0,0,1129.9998870000113,0.9999999999115043
2022-06-19,2022-06-19,18.0,19350.0,0.0,19350.0,6,-0.7818314824680299,0.6234898018587334,6,1.2246467991473532e-16,-1.0,1,0,0,0,11300.0,10.0,12700.0,10.0,12000.0,8.0,17650.0,13.0,16264.285714285714,4277.822098306748,6650.0,17653.571428571428,4351.14769500372,6650.0,19453.571428571428,6520.025115996678,6650.0,16548.23326815811,-5722.73591526188,8524.50264710377,0,36,0,0,1074.999940277781,0.9999999999483205
2022-06-20,2022-06-20,15.0,18600.0,0.0,18600.0,0,0.0,1.0,6,1.2246467991473532e-16,-1.0,0,0,1,0,19350.0,18.0,15250.0,12.0,19200.0,11.0,16250.0,15.0,16742.85714285714,4332.477021619018,3350.0,17610.714285714286,4337.678330248016,3350.0,19537.5,6492.326310801538,3350.0,16300.807046790627,270.0468392172923,2029.1461139920812,0,0,0,0,1239.999917333339,0.9999999999462366
2022-06-21,2022-06-21,15.0,17650.0,0.0,17650.0,1,0.7818314824680298,0.6234898018587336,6,1.2246467991473532e-16,-1.0,0,0,0,0,18600.0,15.0,22300.0,19.0,20100.0,13.0,16700.0,17.0,16078.57142857143,3639.466208898487,-4650.0,17435.714285714286,4278.5434514486315,-4650.0,19571.428571428572,6479.417963278578,-4650.0,16266.49625719639,940.2233988664973,443.2803439371146,0,6,0,0,1176.6665882222276,0.9999999999433428
2022-06-22,2022-06-22,12.0,14200.0,0.0,14200.0,2,0.9749279121818236,-0.22252093395631434,6,1.2246467991473532e-16,-1.0,0,0,0,0,17650.0,15.0,19450.0,18.0,13700.0,11.0,37650.0,30.0,15328.57142857143,3359.0496104871554,-5250.0,17471.428571428572,4246.93166550022,-5250.0,18733.928571428572,5497.188735591035,-5250.0,16449.52382166969,-115.63385841048647,-2133.889963259202,0,12,0,0,1183.3332347222306,0.9999999999295774
2022-06-23,2022-06-23,15.0,15150.0,0.0,15150.0,3,0.43388373911755823,-0.900968867902419,6,1.2246467991473532e-16,-1.0,0,0,0,0,14200.0,12.0,15100.0,12.0,21250.0,17.0,17700.0,17.0,15335.714285714286,3358.5356786494813,50.0,17035.714285714286,4141.043559085271,50.0,18642.85714285714,5535.938380854119,50.0,16478.87091087748,59.33141598418793,-1388.2023268616667,0,18,0,0,1009.9999326666712,0.9999999999339934
2022-06-24,2022-06-24,19.0,22650.0,0.0,22650.0,4,-0.433883739117558,-0.9009688679024191,6,1.2246467991473532e-16,-1.0,0,1,0,0,15150.0,15.0,11100.0,10.0,23600.0,21.0,33250.0,22.0,16985.714285714286,3745.632377150961,11550.0,16967.85714285714,4031.5394627313626,11550.0,18264.285714285714,4815.6161319356315,11550.0,16363.95470617295,4060.4481437402364,2225.5971500868145,0,24,0,0,1192.1052004155158,0.9999999999558499
2022-06-25,2022-06-25,14.0,18050.0,0.0,18050.0,5,-0.9749279121818236,-0.2225209339563146,6,1.2246467991473532e-16,-1.0,1,0,0,0,22650.0,19.0,11300.0,10.0,22750.0,17.0,8500.0,7.0,17950.0,2783.133725377386,6750.0,16632.14285714286,3694.6222427310913,6750.0,18605.35714285714,4420.414327943456,6750.0,16299.29976262686,648.144626250859,1102.5556111222813,0,30,0,0,1289.2856221938841,0.9999999999445983
2022-06-26,2022-06-26,10.0,11150.0,0.0,11150.0,6,-0.7818314824680299,0.6234898018587334,6,1.2246467991473532e-16,-1.0,1,0,0,0,18050.0,14.0,19350.0,18.0,12700.0,10.0,19150.0,14.0,16778.571428571428,3677.618924301511,-8200.0,16521.428571428572,3841.8101846011714,-8200.0,18319.64285714286,4637.135515989451,-8200.0,16267.744474502879,-6155.991098493475,1038.246623990597,0,36,0,0,1114.9998885000111,0.9999999999103139
2022-06-27,2022-06-27,12.0,15550.0,0.0,15550.0,0,0.0,1.0,6,1.2246467991473532e-16,-1.0,0,0,1,0,11150.0,10.0,18600.0,15.0,15250.0,12.0,20550.0,16.0,16342.857142857143,3605.831916426978,-3050.0,16542.85714285714,3835.003617632263,-3050.0,18141.071428571428,4644.332539283734,-3050.0,16191.60380097861,1365.7206083366793,-2007.3244093152898,0,0,0,0,1295.8332253472313,0.9999999999356913
2022-06-28,2022-06-28,9.0,9200.0,0.0,9200.0,1,0.7818314824680298,0.6234898018587336,6,1.2246467991473532e-16,-1.0,0,0,0,0,15550.0,12.0,17650.0,15.0,22300.0,19.0,27550.0,19.0,15135.714285714286,4418.211769267614,-8450.0,15607.142857142857,3919.47097798318,-8450.0,17485.714285714286,4561.409324589823,-8450.0,16018.7855584194,188.18890541173752,-7006.974463831139,0,6,0,0,1022.222108641988,0.9999999998913043
2022-06-29,2022-06-29,17.0,18400.0,0.0,18400.0,2,0.9749279121818236,-0.22252093395631434,6,1.2246467991473532e-16,-1.0,0,0,0,0,9200.0,9.0,14200.0,12.0,19450.0,18.0,24050.0,20.0,15735.714285714286,4553.0863420426,4200.0,15532.142857142857,3849.705640238379,4200.0,17283.928571428572,4381.697066194118,4200.0,15796.564753199866,99.09736297323742,2504.337883826898,0,12,0,0,1082.3528775086543,0.9999999999456521
2022-06-30,2022-06-30,14.0,18850.0,0.0,18850.0,3,0.43388373911755823,-0.900968867902419,6,1.2246467991473532e-16,-1.0,0,0,0,0,18400.0,17.0,15150.0,15.0,15100.0,12.0,24100.0,14.0,16264.285714285714,4686.568955155596,3700.0,15800.0,3946.566180286898,3700.0,17096.428571428572,4187.236527287382,3700.0,15571.832662750923,-81.0208576810352,3359.1881949301132,0,18,0,0,1346.4284752551089,0.9999999999469495
2022-07-01,2022-07-01,18.0,15900.0,0.0,15900.0,4,-0.433883739117558,-0.9009688679024191,7,-0.4999999999999997,-0.8660254037844388,0,1,0,0,18850.0,14.0,22650.0,19.0,11100.0,10.0,23800.0,21.0,15300.0,3755.662391642734,-6750.0,16142.857142857143,3708.1436960195347,-6750.0,16814.285714285714,3979.830099269009,-6750.0,15377.038374645681,3393.726357588466,-2870.7647322341472,0,28,0,0,883.333284259262,0.9999999999371069
2022-07-02,2022-07-02,11.0,17200.0,0.0,17200.0,5,-0.9749279121818236,-0.2225209339563146,7,-0.4999999999999997,-0.8660254037844388,1,0,0,0,15900.0,18.0,18050.0,14.0,11300.0,10.0,16300.0,11.0,15178.57142857143,3664.5664981068685,-850.0,16564.285714285714,3441.065832839276,-850.0,16846.428571428572,3979.157005722497,-850.0,15199.15990660478,1956.1348665760704,44.705226819149175,0,35,0,0,1563.6362214876162,0.9999999999418604
2022-07-03,2022-07-03,6.0,6300.0,0.0,6300.0,6,-0.7818314824680299,0.6234898018587334,7,-0.4999999999999997,-0.8660254037844388,1,0,0,0,17200.0,11.0,11150.0,10.0,19350.0,18.0,12000.0,8.0,14485.714285714286,4827.241645573744,-4850.0,15632.142857142857,4290.983711084312,-4850.0,16642.85714285714,4363.521222627136,-4850.0,14981.333500221403,-7057.516337768724,-1623.8171624526785,0,42,0,0,1049.9998250000292,0.9999999998412697
2022-07-04,2022-07-04,16.0,20400.0,0.0,20400.0,0,0.0,1.0,7,-0.4999999999999997,-0.8660254037844388,0,0,1,0,6300.0,6.0,15550.0,12.0,18600.0,15.0,19200.0,11.0,15178.57142857143,5327.58991343308,4850.0,15760.714285714286,4412.010642789477,4850.0,16685.714285714286,4395.343856747452,4850.0,14718.983200384499,1462.6795543800463,4218.337245235454,0,0,0,0,1274.9999203125049,0.9999999999509803
2022-07-05,2022-07-05,14.0,14250.0,0.0,14250.0,1,0.7818314824680298,0.6234898018587336,7,-0.4999999999999997,-0.8660254037844388,0,0,0,0,20400.0,16.0,9200.0,9.0,17650.0,15.0,20100.0,13.0,15900.0,4686.416541452501,5050.0,15517.857142857143,4393.553281748169,5050.0,16476.785714285714,4365.977090226299,5050.0,14495.499131553908,-165.12484441588398,-80.37428713802365,0,7,0,0,1017.8570701530665,0.9999999999298246
2022-07-06,2022-07-06,14.0,12100.0,0.0,12100.0,2,0.9749279121818236,-0.22252093395631434,7,-0.4999999999999997,-0.8660254037844388,0,0,0,0,14250.0,14.0,18400.0,17.0,14200.0,12.0,13700.0,11.0,15000.0,4731.01469031746,-6300.0,15367.857142857143,4477.061499502695,-6300.0,16419.64285714286,4413.874154629921,-6300.0,14347.908845172678,783.2518150333265,-3031.1606602060056,0,14,0,0,864.2856525510249,0.9999999999173553
2022-07-07,2022-07-07,14.0,14400.0,0.0,14400.0,3,0.43388373911755823,-0.900968867902419,7,-0.4999999999999997,-0.8660254037844388,0,0,0,0,12100.0,14.0,18850.0,14.0,15150.0,15.0,21250.0,17.0,14364.285714285714,4415.947830092067,-4450.0,15314.285714285714,4484.350076030555,-4450.0,16175.0,4325.173942124128,-4450.0,14225.879878689584,-427.11961170662505,601.2397330170406,0,21,0,0,1028.571355102046,0.9999999999305555
2022-07-08,2022-07-08,17.0,16600.0,0.0,16600.0,4,-0.433883739117558,-0.9009688679024191,7,-0.4999999999999997,-0.8660254037844388,0,1,0,0,14400.0,14.0,15900.0,18.0,22650.0,19.0,23600.0,21.0,14464.285714285714,4464.182855957872,700.0,14882.142857142857,3986.9791505916282,700.0,15925.0,4075.184612950629,700.0,14086.619813329191,3281.4292789343954,-768.0490922635872,0,28,0,0,976.4705307958511,0.999999999939759
2022-07-09,2022-07-09,15.0,18300.0,0.0,18300.0,5,-0.9749279121818236,-0.2225209339563146,7,-0.4999999999999997,-0.8660254037844388,1,0,0,0,16600.0,17.0,17200.0,11.0,18050.0,14.0,22750.0,17.0,14621.42857142857,4594.004892507251,1100.0,14900.0,4002.787490275656,1100.0,15766.07142857143,3881.3193053734303,1100.0,13885.419533349539,2411.8446387696376,2002.7358278808224,0,35,0,0,1219.999918666672,0.9999999999453552
2022-07-10,2022-07-10,12.0,17750.0,0.0,17750.0,6,-0.7818314824680299,0.6234898018587334,7,-0.4999999999999997,-0.8660254037844388,1,0,0,0,18300.0,15.0,6300.0,6.0,11150.0,10.0,12700.0,10.0,16257.142857142857,2841.4240225967874,11450.0,15371.42857142857,3914.849161339886,11450.0,15946.42857142857,3850.7798289444218,11450.0,13668.031937654856,-7809.0830683946815,11891.051130739825,0,42,0,0,1479.1665434027882,0.999999999943662
2022-07-11,2022-07-11,10.0,13900.0,0.0,13900.0,0,0.0,1.0,7,-0.4999999999999997,-0.8660254037844388,0,0,1,0,17750.0,12.0,20400.0,16.0,15550.0,12.0,15250.0,12.0,15328.57142857143,2265.6597903731936,-6500.0,15253.57142857143,3933.850349394116,-6500.0,15898.214285714286,3868.2344078225624,-6500.0,13513.045724072494,1522.7351804768075,-1135.7809045493013,0,0,0,0,1389.999861000014,0.9999999999280575
2022-07-12,2022-07-12,11.0,14100.0,0.0,14100.0,1,0.7818314824680298,0.6234898018587336,7,-0.4999999999999997,-0.8660254037844388,0,0,0,0,13900.0,10.0,14250.0,14.0,9200.0,9.0,22300.0,19.0,15307.142857142857,2278.2355327877667,-150.0,15603.57142857143,3553.4092127092135,-150.0,15605.357142857143,3670.9908664826276,-150.0,13381.883785311298,224.76164088092236,493.35457380777916,0,7,0,0,1281.8180652892668,0.999999999929078
2022-07-13,2022-07-13,14.0,16100.0,0.0,16100.0,2,0.9749279121818236,-0.22252093395631434,7,-0.4999999999999997,-0.8660254037844388,0,0,0,0,14100.0,11.0,12100.0,14.0,18400.0,17.0,19450.0,18.0,15878.57142857143,1788.8211068691528,4000.0,15439.285714285714,3466.275909577647,4000.0,15485.714285714286,3594.848607095497,4000.0,13230.084603514262,695.9150846448324,2174.000311840906,0,14,0,0,1149.9999178571488,0.9999999999378881
2022-07-14,2022-07-14,6.0,8550.0,0.0,8550.0,3,0.43388373911755823,-0.900968867902419,7,-0.4999999999999997,-0.8660254037844388,0,0,0,0,16100.0,14.0,14400.0,14.0,18850.0,14.0,15100.0,12.0,15042.857142857143,3312.4045359109477,-5850.0,14703.57142857143,3766.730079857736,-5850.0,15251.785714285714,3826.5273431580795,-5850.0,13186.27545903618,-983.8163749358612,-3652.459084100319,0,21,0,0,1424.9997625000397,0.9999999998830409
2022-07-15,2022-07-15,16.0,17000.0,0.0,17000.0,4,-0.433883739117558,-0.9009688679024191,7,-0.4999999999999997,-0.8660254037844388,0,1,0,0,8550.0,6.0,16600.0,17.0,15900.0,18.0,11100.0,10.0,15100.0,3347.0135942358543,400.0,14782.142857142857,3804.8858844131155,400.0,15462.5,3751.1387159989954,400.0,13350.097364318766,4672.20365418971,-1022.3010185084768,0,28,0,0,1062.4999335937541,0.9999999999411765
2022-07-16,2022-07-16,14.0,14750.0,0.0,14750.0,5,-0.9749279121818236,-0.2225209339563146,7,-0.4999999999999997,-0.8660254037844388,1,0,0,0,17000.0,16.0,18300.0,15.0,17200.0,11.0,11300.0,10.0,14592.857142857143,3035.817925401667,-3550.0,14607.142857142857,3740.9304243142506,-3550.0,15585.714285714286,3665.0212758428675,-3550.0,13720.699033580917,1854.7913909244078,-825.490424505324,0,35,0,0,1053.5713533163319,0.9999999999322033
2022-07-17,2022-07-17,7.0,6150.0,0.0,6150.0,6,-0.7818314824680299,0.6234898018587334,7,-0.4999999999999997,-0.8660254037844388,1,0,0,0,14750.0,14.0,17750.0,12.0,6300.0,6.0,19350.0,18.0,12935.714285714286,4028.8247134155813,-11600.0,14596.42857142857,3766.6790252317014,-11600.0,15114.285714285714,3996.824136061417,-11600.0,14195.324364702328,-7625.226265723059,-420.0980989792679,0,42,0,0,878.5713030612424,0.9999999998373983
2022-07-18,2022-07-18,13.0,13750.0,0.0,13750.0,0,0.0,1.0,7,-0.4999999999999997,-0.8660254037844388,0,0,1,0,6150.0,7.0,13900.0,10.0,20400.0,16.0,18600.0,15.0,12914.285714285714,4023.2360819902356,-150.0,14121.42857142857,3377.7390187994665,-150.0,14941.07142857143,3944.922981256065,-150.0,14738.102758515748,1750.3662400501314,-2738.468998565879,0,0,0,0,1057.6922263313672,0.9999999999272727
2022-07-19,2022-07-19,15.0,18400.0,0.0,18400.0,1,0.7818314824680298,0.6234898018587336,7,-0.4999999999999997,-0.8660254037844388,0,0,0,0,13750.0,13.0,14100.0,11.0,14250.0,14.0,17650.0,15.0,13528.57142857143,4530.715280436471,4300.0,14417.857142857143,3566.705393305831,4300.0,14967.857142857143,3966.4849231407093,4300.0,15333.536150354448,-653.1674332556557,3719.631282901206,0,7,0,0,1226.6665848888945,0.9999999999456521
2022-07-20,2022-07-20,11.0,17200.0,0.0,17200.0,2,0.9749279121818236,-0.22252093395631434,7,-0.4999999999999997,-0.8660254037844388,0,0,0,0,18400.0,15.0,16100.0,14.0,12100.0,14.0,14200.0,12.0,13685.714285714286,4652.214014648813,1100.0,14782.142857142857,3572.200740701412,1100.0,15075.0,3985.448067193476,1100.0,15950.225082236013,436.33636264580934,813.4385551181786,0,14,0,0,1563.6362214876162,0.9999999999418604
2022-07-21,2022-07-21,14.0,15150.0,0.0,15150.0,3,0.43388373911755823,-0.900968867902419,7,-0.4999999999999997,-0.8660254037844388,0,0,0,0,17200.0,11.0,8550.0,6.0,14400.0,14.0,15150.0,15.0,14628.57142857143,4070.304773893542,6600.0,14835.714285714286,3571.6527402174597,6600.0,15075.0,3985.448067193476,6600.0,16444.789511064257,-831.9257112080029,-462.86379985625354,0,21,0,0,1082.1427798469444,0.9999999999339934
2022-07-22,2022-07-22,19.0,24450.0,0.0,24450.0,4,-0.433883739117558,-0.9009688679024191,7,-0.4999999999999997,-0.8660254037844388,0,1,0,0,15150.0,14.0,17000.0,16.0,16600.0,17.0,22650.0,19.0,15692.857142857143,5512.29146026013,7450.0,15396.42857142857,4391.927222219692,7450.0,15139.285714285714,4124.258791832844,7450.0,16778.189522108638,5547.218767137846,2124.591710753517,0,28,0,0,1286.8420375346295,0.9999999999591002
2022-07-23,2022-07-23,14.0,18450.0,0.0,18450.0,5,-0.9749279121818236,-0.2225209339563146,7,-0.4999999999999997,-0.8660254037844388,1,0,0,0,24450.0,19.0,14750.0,14.0,18300.0,15.0,18050.0,14.0,16221.42857142857,5583.7455427082205,3700.0,15407.142857142857,4399.731510289806,3700.0,15153.57142857143,4135.392152380252,3700.0,16978.100460801717,160.8142633100406,1311.085275888243,0,35,0,0,1317.8570487244965,0.9999999999457995
2022-07-24,2022-07-24,6.0,8800.0,0.0,8800.0,6,-0.7818314824680299,0.6234898018587334,7,-0.4999999999999997,-0.8660254037844388,1,0,0,0,18450.0,14.0,6150.0,7.0,17750.0,12.0,11150.0,10.0,16600.0,4825.453346577878,2650.0,14767.857142857143,4674.752446874596,2650.0,15069.642857142857,4242.1242775575665,2650.0,17047.50585641561,-5929.204542355125,-2318.3013140604853,0,42,0,0,1466.666422222263,0.9999999998863636
2022-07-25,2022-07-25,17.0,21550.0,0.0,21550.0,0,0.0,1.0,7,-0.4999999999999997,-0.8660254037844388,0,0,1,0,8800.0,6.0,13750.0,13.0,13900.0,10.0,15550.0,12.0,17714.285714285714,4956.453224981372,7800.0,15314.285714285714,5001.208645126451,7800.0,15283.92857142857,4415.294410959439,7800.0,17097.906915339758,2027.5134334373943,2424.579651222848,0,0,0,0,1267.6469842560596,0.9999999999535962
2022-07-26,2022-07-26,11.0,13550.0,0.0,13550.0,1,0.7818314824680298,0.6234898018587336,7,-0.4999999999999997,-0.8660254037844388,0,0,0,0,21550.0,17.0,18400.0,15.0,14100.0,11.0,9200.0,9.0,17021.428571428572,5178.630541534503,-4850.0,15275.0,5013.625664894811,-4850.0,15439.285714285714,4267.34710596071,-4850.0,17299.165959526654,-1891.6238319082408,-1857.5421276184134,0,7,0,0,1231.818069834721,0.9999999999261993
2022-07-27,2022-07-27,14.0,15050.0,0.0,15050.0,2,0.9749279121818236,-0.22252093395631434,7,-0.4999999999999997,-0.8660254037844388,0,0,0,0,13550.0,11.0,17200.0,11.0,16100.0,14.0,18400.0,17.0,16714.285714285714,5229.779654832016,-2150.0,15200.0,5008.185607275623,-2150.0,15319.642857142857,4228.044361993385,-2150.0,17571.13480751661,-377.2506648834979,-2143.884142633111,0,14,0,0,1074.9999232142914,0.9999999999335548
2022-07-28,2022-07-28,17.0,18750.0,0.0,18750.0,3,0.43388373911755823,-0.900968867902419,7,-0.4999999999999997,-0.8660254037844388,0,0,0,0,15050.0,14.0,15150.0,14.0,8550.0,6.0,18850.0,14.0,17228.571428571428,5227.320628427207,3600.0,15928.57142857143,4698.719722750734,3600.0,15316.07142857143,4224.9929557563055,3600.0,17828.472554960255,733.223837863387,188.3036071763563,0,21,0,0,1102.9411115916992,0.9999999999466667
2022-07-29,2022-07-29,12.0,11900.0,0.0,11900.0,4,-0.433883739117558,-0.9009688679024191,7,-0.4999999999999997,-0.8660254037844388,0,1,0,0,18750.0,17.0,24450.0,19.0,17000.0,16.0,15900.0,18.0,15435.714285714286,4428.949676627048,-12550.0,15564.285714285714,4805.742901484066,-12550.0,15173.214285714286,4271.882275367979,-12550.0,18150.4092944025,5780.499101596543,-12030.908395999042,0,28,0,0,991.6665840277848,0.9999999999159663
2022-07-30,2022-07-30,14.0,16850.0,0.0,16850.0,5,-0.9749279121818236,-0.2225209339563146,7,-0.4999999999999997,-0.8660254037844388,1,0,0,0,11900.0,12.0,18450.0,14.0,14750.0,14.0,17200.0,11.0,15207.142857142857,4286.454301189978,-1600.0,15714.285714285714,4811.142059021703,-1600.0,15160.714285714286,4266.240368088371,-1600.0,18530.935647489634,-1321.4554366289992,-359.48021086063454,0,35,0,0,1203.571342602047,0.9999999999406528
2022-07-31,2022-07-31,13.0,18850.0,0.0,18850.0,6,-0.7818314824680299,0.6234898018587334,7,-0.4999999999999997,-0.8660254037844388,1,0,0,0,16850.0,14.0,8800.0,6.0,6150.0,7.0,6300.0,6.0,16642.85714285714,3367.2972063941907,10050.0,16621.428571428572,3997.5816865524,10050.0,15608.92857142857,3948.254503491202,10050.0,18873.67858052544,-3479.672436376971,3455.9938558515314,0,42,0,0,1449.999888461547,0.9999999999469495
2022-08-01,2022-08-01,8.0,10300.0,0.0,10300.0,0,0.0,1.0,8,-0.8660254037844384,-0.5000000000000004,0,0,1,0,18850.0,13.0,21550.0,17.0,13750.0,13.0,20400.0,16.0,15035.714285714286,3319.226100277215,-11250.0,16375.0,4284.262345626561,-11250.0,15248.214285714286,3955.6916832738134,-11250.0,19171.62184529305,1836.3781153339175,-10707.999960626968,0,0,0,0,1287.4998390625203,0.9999999999029126
2022-08-02,2022-08-02,11.0,13600.0,0.0,13600.0,1,0.7818314824680298,0.6234898018587336,8,-0.8660254037844384,-0.5000000000000004,0,0,0,0,10300.0,8.0,13550.0,11.0,18400.0,15.0,14250.0,14.0,15042.857142857143,3315.54778925847,50.0,16032.142857142857,4301.770974434045,50.0,15225.0,3963.6659985609367,50.0,19347.240842975007,-2870.8479375399093,-2876.3929054350956,0,8,0,0,1236.3635239669525,0.9999999999264706
2022-08-03,2022-08-03,15.0,20700.0,0.0,20700.0,2,0.9749279121818236,-0.22252093395631434,8,-0.8660254037844384,-0.5000000000000004,0,0,0,0,13600.0,11.0,15050.0,14.0,17200.0,11.0,12100.0,14.0,15850.0,3945.4615277133657,5650.0,16282.142857142857,4473.150977815238,5650.0,15532.142857142857,4044.914829614575,5650.0,19344.742281746214,-1613.1792680044389,2968.4369862582244,0,16,0,0,1379.9999080000061,0.9999999999516908
2022-08-04,2022-08-04,16.0,22400.0,0.0,22400.0,3,0.43388373911755823,-0.900968867902419,8,-0.8660254037844384,-0.5000000000000004,0,0,0,0,20700.0,15.0,18750.0,17.0,15150.0,14.0,14400.0,14.0,16371.42857142857,4582.380853411676,3650.0,16800.0,4743.497573602103,3650.0,15817.857142857143,4239.829099580635,3650.0,19265.6521355473,1422.8647942858274,1711.4830701668725,0,24,0,0,1399.9999125000054,0.9999999999553572
2022-08-05,2022-08-05,18.0,24350.0,0.0,24350.0,4,-0.433883739117558,-0.9009688679024191,8,-0.8660254037844384,-0.5000000000000004,0,1,0,0,22400.0,16.0,11900.0,12.0,24450.0,19.0,16600.0,17.0,18150.0,4958.326330527238,12450.0,16792.85714285714,4731.151150490863,12450.0,16094.642857142857,4535.443530226449,12450.0,19157.244760836715,5631.393740300914,-438.63850113762965,0,32,0,0,1352.777702623461,0.9999999999589322
2022-08-06,2022-08-06,9.0,13250.0,0.0,13250.0,5,-0.9749279121818236,-0.2225209339563146,8,-0.8660254037844384,-0.5000000000000004,1,0,0,0,24350.0,18.0,16850.0,14.0,18450.0,14.0,18300.0,15.0,17635.714285714286,5291.1651430878865,-3600.0,16421.428571428572,4794.737270644269,-3600.0,15914.285714285714,4544.896550647175,-3600.0,18992.888603985342,-1707.8937708264248,-4034.9948331589185,0,40,0,0,1472.2220586419935,0.9999999999245283
2022-08-07,2022-08-07,12.0,16900.0,0.0,16900.0,6,-0.7818314824680299,0.6234898018587334,8,-0.8660254037844384,-0.5000000000000004,1,0,0,0,13250.0,9.0,18850.0,13.0,8800.0,6.0,17750.0,12.0,17357.14285714286,5267.860774817118,-1950.0,17000.0,4263.620707621794,-1950.0,15883.92857142857,4535.008954448839,-1950.0,18808.567800937137,-1547.4909034494183,-361.07689748771736,0,48,0,0,1408.333215972232,0.9999999999408283
2022-08-08,2022-08-08,23.0,20850.0,0.0,20850.0,0,0.0,1.0,8,-0.8660254037844384,-0.5000000000000004,0,0,1,0,16900.0,12.0,10300.0,8.0,21550.0,17.0,13900.0,10.0,18864.285714285714,4339.711423366184,10550.0,16950.0,4209.924172531064,10550.0,16132.142857142857,4611.945325189755,10550.0,18664.19602974566,920.7891014156924,1265.014868838647,0,0,0,0,906.5216997164478,0.9999999999520384
2022-08-09,2022-08-09,15.0,18900.0,0.0,18900.0,1,0.7818314824680298,0.6234898018587336,8,-0.8660254037844384,-0.5000000000000004,0,0,0,0,20850.0,23.0,13600.0,11.0,13550.0,11.0,14100.0,11.0,19621.428571428572,3680.4502830107663,5300.0,17332.14285714286,4119.400961998499,5300.0,16303.57142857143,4622.808361035215,5300.0,18562.031411384178,-2429.8951362186726,2767.863724834493,0,8,0,0,1259.9999160000057,0.9999999999470899
2022-08-10,2022-08-10,13.0,13700.0,0.0,13700.0,2,0.9749279121818236,-0.22252093395631434,8,-0.8660254037844384,-0.5000000000000004,0,0,0,0,18900.0,15.0,20700.0,15.0,15050.0,14.0,16100.0,14.0,18621.428571428572,4246.062601875687,-7000.0,17235.714285714286,4192.090930982561,-7000.0,16217.857142857143,4648.898999199902,-7000.0,18349.392673937487,-1852.6830036170184,-2796.7096703204697,0,16,0,0,1053.8460727810714,0.9999999999270073
2022-08-11,2022-08-11,8.0,8450.0,0.0,8450.0,3,0.43388373911755823,-0.900968867902419,8,-0.8660254037844384,-0.5000000000000004,0,0,0,0,13700.0,13.0,22400.0,16.0,18750.0,17.0,8550.0,6.0,16628.571428571428,5315.92396663527,-13950.0,16500.0,4769.897596062503,-13950.0,16214.285714285714,4655.042211346524,-13950.0,17864.82362931992,1335.214015354707,-10750.037644674627,0,24,0,0,1056.2498679687667,0.9999999998816568
2022-08-12,2022-08-12,18.0,23050.0,0.0,23050.0,4,-0.433883739117558,-0.9009688679024191,8,-0.8660254037844384,-0.5000000000000004,0,1,0,0,8450.0,8.0,24350.0,18.0,11900.0,12.0,17000.0,16.0,16442.85714285714,5015.42857685397,-1300.0,17296.428571428572,4872.507816061693,-1300.0,16430.35714285714,4829.986183664658,-1300.0,17231.10709052079,4853.118618825322,965.7742906538879,0,32,0,0,1280.555484413584,0.999999999956616
2022-08-13,2022-08-13,15.0,18750.0,0.0,18750.0,5,-0.9749279121818236,-0.2225209339563146,8,-0.8660254037844384,-0.5000000000000004,1,0,0,0,23050.0,18.0,13250.0,9.0,16850.0,14.0,14750.0,14.0,17228.571428571428,4860.286097791015,5500.0,17432.14285714286,4885.559850717719,5500.0,16573.214285714286,4837.593565806915,5500.0,16574.56707438635,-1604.5380850726206,3779.971010686273,0,40,0,0,1249.9999166666723,0.9999999999466667
2022-08-14,2022-08-14,4.0,2700.0,0.0,2700.0,6,-0.7818314824680299,0.6234898018587334,8,-0.8660254037844384,-0.5000000000000004,1,0,0,0,18750.0,15.0,16900.0,12.0,18850.0,13.0,6150.0,7.0,15200.0,7347.335117805157,-14200.0,16278.57142857143,6243.079685222968,-14200.0,16450.0,5146.951632870769,-14200.0,15936.429744825322,-1026.8217427935704,-12209.608002031751,0,48,0,0,674.9998312500421,0.9999999996296297
2022-08-15,2022-08-15,13.0,13350.0,0.0,13350.0,0,0.0,1.0,8,-0.8660254037844384,-0.5000000000000004,0,0,1,0,2700.0,4.0,20850.0,23.0,10300.0,8.0,13750.0,13.0,14128.57142857143,6920.55255157037,-7500.0,16496.428571428572,6069.199170518986,-7500.0,16435.714285714286,5155.27161232319,-7500.0,15344.119387372377,-1174.4986851738154,-819.620702198561,0,0,0,0,1026.9229979290003,0.9999999999250936
2022-08-16,2022-08-16,13.0,10150.0,0.0,10150.0,1,0.7818314824680298,0.6234898018587336,8,-0.8660254037844384,-0.5000000000000004,0,0,0,0,13350.0,13.0,18900.0,15.0,13600.0,11.0,18400.0,15.0,12878.57142857143,6701.856530274313,-8750.0,16250.0,6262.8022727603375,-8750.0,16141.07142857143,5273.256313024913,-8750.0,14798.782146094685,-268.97174929765606,-4379.810396797029,0,8,0,0,780.7691707100638,0.9999999999014778
2022-08-17,2022-08-17,12.0,12800.0,0.0,12800.0,2,0.9749279121818236,-0.22252093395631434,8,-0.8660254037844384,-0.5000000000000004,0,0,0,0,10150.0,13.0,13700.0,13.0,20700.0,15.0,17200.0,11.0,12750.0,6692.097329437623,-900.0,15685.714285714286,6186.443882561903,-900.0,15983.92857142857,5305.989864215101,-900.0,14268.605399940721,-1185.1418906497922,-283.4635092909284,0,16,0,0,1066.6665777777853,0.9999999999218749
2022-08-18,2022-08-18,12.0,14450.0,0.0,14450.0,3,0.43388373911755823,-0.900968867902419,8,-0.8660254037844384,-0.5000000000000004,0,0,0,0,12800.0,12.0,8450.0,8.0,22400.0,16.0,15150.0,14.0,13607.142857142857,6428.609788245304,6000.0,15117.857142857143,5880.005466469729,6000.0,15958.92857142857,5311.7105700418315,6000.0,13926.379424084671,791.3730043106225,-267.75242839529346,0,24,0,0,1204.1665663194528,0.9999999999307958
2022-08-19,2022-08-19,14.0,17450.0,0.0,17450.0,4,-0.433883739117558,-0.9009688679024191,8,-0.8660254037844384,-0.5000000000000004,0,1,0,0,14450.0,12.0,23050.0,18.0,24350.0,18.0,24450.0,19.0,12807.142857142857,5308.517414764375,-5600.0,14625.0,5308.00375340423,-5600.0,15708.92857142857,5055.837359144017,-5600.0,13967.428858537882,4214.494593806762,-731.923452344643,0,32,0,0,1246.4284823979656,0.9999999999426934
2022-08-20,2022-08-20,9.0,11450.0,0.0,11450.0,5,-0.9749279121818236,-0.2225209339563146,8,-0.8660254037844384,-0.5000000000000004,1,0,0,0,17450.0,14.0,18750.0,15.0,13250.0,9.0,18450.0,14.0,11764.285714285714,4618.686166515468,-7300.0,14496.42857142857,5365.3612784556435,-7300.0,15458.92857142857,5088.24086554676,-7300.0,14309.379036254353,-620.8237383452499,-2238.5552979091026,0,40,0,0,1272.2220808642132,0.9999999999126638
2022-08-21,2022-08-21,10.0,15300.0,0.0,15300.0,6,-0.7818314824680299,0.6234898018587334,8,-0.8660254037844384,-0.5000000000000004,1,0,0,0,11450.0,9.0,2700.0,4.0,16900.0,12.0,8800.0,6.0,13564.285714285714,2437.675512606513,12600.0,14382.142857142857,5327.129662356639,12600.0,15691.07142857143,4918.635266371946,12600.0,14718.404427494635,-1607.274088884612,2188.8696613899774,0,48,0,0,1529.9998470000155,0.9999999999346405
2022-08-22,2022-08-22,11.0,10800.0,0.0,10800.0,0,0.0,1.0,8,-0.8660254037844384,-0.5000000000000004,0,0,1,0,15300.0,10.0,13350.0,13.0,20850.0,23.0,21550.0,17.0,13200.0,2655.811238272186,-2550.0,13664.285714285714,5058.900327884703,-2550.0,15307.142857142857,4863.616134602096,-2550.0,15136.733201981897,-2973.2417020650614,-1363.491499916836,0,0,0,0,981.8180925619916,0.9999999999074074
2022-08-23,2022-08-23,17.0,18850.0,0.0,18850.0,1,0.7818314824680298,0.6234898018587336,8,-0.8660254037844384,-0.5000000000000004,0,0,0,0,10800.0,11.0,10150.0,13.0,18900.0,15.0,13550.0,11.0,14442.857142857143,3003.5296696037535,8700.0,13660.714285714286,5054.935842681468,8700.0,15496.42857142857,4895.726189303775,8700.0,15435.02128227306,1573.873585496475,1841.1051322304647,0,8,0,0,1108.823464186855,0.9999999999469495
2022-08-24,2022-08-24,20.0,24300.0,0.0,24300.0,2,0.9749279121818236,-0.22252093395631434,8,-0.8660254037844384,-0.5000000000000004,0,0,0,0,18850.0,17.0,12800.0,12.0,13700.0,13.0,15050.0,14.0,16085.714285714286,4649.347112383435,11500.0,14417.857142857143,5800.185910245129,11500.0,15826.785714285714,5168.950787991426,11500.0,15625.012313132442,-721.9150400060252,9396.902726873583,0,16,0,0,1214.999939250003,0.9999999999588477
2022-08-25,2022-08-25,13.0,15350.0,0.0,15350.0,3,0.43388373911755823,-0.900968867902419,8,-0.8660254037844384,-0.5000000000000004,0,0,0,0,24300.0,20.0,14450.0,12.0,8450.0,8.0,18750.0,17.0,16214.285714285714,4608.842432913952,900.0,14910.714285714286,5541.458381059138,900.0,15705.357142857143,5137.576516249407,900.0,15802.227805179324,26.758646441774275,-478.98645162109824,0,24,0,0,1180.7691399408354,0.9999999999348534
2022-08-26,2022-08-26,18.0,31900.0,0.0,31900.0,4,-0.433883739117558,-0.9009688679024191,8,-0.8660254037844384,-0.5000000000000004,0,1,0,0,15350.0,13.0,17450.0,14.0,23050.0,18.0,11900.0,12.0,18278.571428571428,7551.316504582539,14450.0,15542.857142857143,6883.616478579807,14450.0,16419.64285714286,5919.699368081589,14450.0,15955.63549195115,4118.184244059101,11826.18026398975,0,32,0,0,1772.2221237654376,0.9999999999686521
2022-08-27,2022-08-27,13.0,17500.0,0.0,17500.0,5,-0.9749279121818236,-0.2225209339563146,8,-0.8660254037844384,-0.5000000000000004,1,0,0,0,31900.0,18.0,11450.0,9.0,18750.0,15.0,16850.0,14.0,19142.85714285714,6962.783720815755,6050.0,15453.57142857143,6846.825886881772,6050.0,16442.85714285714,5922.723258236092,6050.0,16014.670294663687,-567.6677272415914,2052.997432577904,0,40,0,0,1346.1537426035584,0.9999999999428572
2022-08-28,2022-08-28,9.0,12600.0,0.0,12600.0,6,-0.7818314824680299,0.6234898018587334,8,-0.8660254037844384,-0.5000000000000004,1,0,0,0,17500.0,13.0,15300.0,10.0,2700.0,4.0,18850.0,13.0,18757.14285714286,7278.760687291269,-2700.0,16160.714285714286,5869.8440082610705,-2700.0,16219.642857142857,5946.3704971980205,-2700.0,15995.143689025284,-2483.021238045844,-912.122450979441,0,48,0,0,1399.9998444444618,0.9999999999206349
2022-08-29,2022-08-29,11.0,11400.0,0.0,11400.0,0,0.0,1.0,8,-0.8660254037844384,-0.5000000000000004,0,0,1,0,12600.0,9.0,10800.0,11.0,13350.0,13.0,10300.0,8.0,18842.85714285714,7172.193328602965,600.0,16021.42857142857,5964.049807797535,600.0,16258.92857142857,5909.3311893834525,600.0,15836.825337436961,-2501.814266892585,-1935.0110705443767,0,0,0,0,1036.363542148769,0.9999999999122807
2022-08-30,2022-08-30,17.0,19200.0,0.0,19200.0,1,0.7818314824680298,0.6234898018587336,8,-0.8660254037844384,-0.5000000000000004,0,0,0,0,11400.0,11.0,18850.0,17.0,10150.0,13.0,13600.0,11.0,18892.85714285714,7173.471298903357,350.0,16667.85714285714,5765.867975984474,350.0,16458.928571428572,5910.772550424952,350.0,15553.842640739225,2641.0950045095583,1005.062354751215,0,8,0,0,1129.4116982699,0.9999999999479167
2022-08-31,2022-08-31,14.0,17100.0,0.0,17100.0,2,0.9749279121818236,-0.22252093395631434,8,-0.8660254037844384,-0.5000000000000004,0,0,0,0,19200.0,17.0,24300.0,20.0,12800.0,12.0,20700.0,15.0,17864.285714285714,6774.013721920086,-7200.0,16975.0,5657.491629552919,-7200.0,16330.357142857143,5853.98470315407,-7200.0,15242.640794537558,-739.1047709810482,2596.4639764434905,0,16,0,0,1221.4284841836798,0.9999999999415204
2022-09-01,2022-09-01,12.0,14750.0,0.0,14750.0,3,0.43388373911755823,-0.900968867902419,9,-1.0,-1.8369701987210297e-16,0,0,0,0,17100.0,14.0,15350.0,13.0,14450.0,12.0,22400.0,16.0,17778.571428571428,6814.803564230397,-600.0,16996.428571428572,5647.7519110130415,-600.0,16057.142857142857,5737.574566379233,-600.0,15071.766588541761,-159.5986537771616,-162.1679347645986,0,27,0,0,1229.1665642361197,0.9999999999322033
2022-09-02,2022-09-02,13.0,17950.0,0.0,17950.0,4,-0.433883739117558,-0.9009688679024191,9,-1.0,-1.8369701987210297e-16,0,1,0,0,14750.0,12.0,31900.0,18.0,17450.0,14.0,24350.0,18.0,15785.714285714286,2928.696280729966,-13950.0,17032.14285714286,5652.419738580878,-13950.0,15828.57142857143,5518.2597325778725,-13950.0,15032.366982439327,3914.8449784176432,-997.2119608569701,0,36,0,0,1380.7691245562212,0.9999999999442897
2022-09-03,2022-09-03,12.0,13350.0,0.0,13350.0,5,-0.9749279121818236,-0.2225209339563146,9,-1.0,-1.8369701987210297e-16,1,0,0,0,17950.0,13.0,17500.0,13.0,11450.0,9.0,13250.0,9.0,15192.857142857143,2943.8394107338945,-4150.0,17167.85714285714,5529.5571926920675,-4150.0,15832.142857142857,5516.561165250235,-4150.0,15085.329927691393,-594.0079927579457,-1141.3219349334468,0,45,0,0,1112.4999072916744,0.9999999999250936
2022-09-04,2022-09-04,7.0,7300.0,0.0,7300.0,6,-0.7818314824680299,0.6234898018587334,9,-1.0,-1.8369701987210297e-16,1,0,0,0,13350.0,12.0,12600.0,9.0,15300.0,10.0,16900.0,12.0,14435.714285714286,4154.486960475563,-5300.0,16596.428571428572,6119.340848292582,-5300.0,15489.285714285714,5741.47285824905,-5300.0,15239.440130021874,-2820.451988951255,-5118.988141070618,0,54,0,0,1042.8569938775722,0.9999999998630137
2022-09-05,2022-09-05,14.0,22000.0,0.0,22000.0,0,0.0,1.0,9,-1.0,-1.8369701987210297e-16,0,0,1,0,7300.0,7.0,11400.0,11.0,10800.0,11.0,20850.0,23.0,15950.0,4752.3678308817425,10600.0,17396.428571428572,6034.7858379473555,10600.0,15530.357142857143,5785.187651582366,10600.0,15464.018402546011,-1761.6213258530674,8297.602923307055,0,0,0,0,1571.4284591836815,0.9999999999545455
2022-09-06,2022-09-06,16.0,20350.0,0.0,20350.0,1,0.7818314824680298,0.6234898018587336,9,-1.0,-1.8369701987210297e-16,0,0,0,0,22000.0,14.0,19200.0,17.0,18850.0,17.0,18900.0,15.0,16114.285714285714,4900.99601150231,1150.0,17503.571428571428,6075.754599722065,1150.0,15582.142857142857,5822.835224605792,1150.0,15805.29028930128,2043.6955670627146,2501.0141436360063,0,9,0,0,1271.8749205078175,0.99999999995086
2022-09-07,2022-09-07,11.0,10900.0,0.0,10900.0,2,0.9749279121818236,-0.22252093395631434,9,-1.0,-1.8369701987210297e-16,0,0,0,0,20350.0,16.0,17100.0,14.0,24300.0,20.0,13700.0,13.0,15228.57142857143,5241.569194339347,-6200.0,16546.428571428572,5977.408246109606,-6200.0,15482.142857142857,5880.117381760363,-6200.0,16264.323670926497,-913.4910138728779,-4450.832657053619,0,18,0,0,990.9090008264545,0.9999999999082568
2022-09-08,2022-09-08,15.0,16350.0,0.0,16350.0,3,0.43388373911755823,-0.900968867902419,9,-1.0,-1.8369701987210297e-16,0,0,0,0,10900.0,11.0,14750.0,12.0,15350.0,13.0,8450.0,8.0,15457.142857142857,5252.097086833356,1600.0,16617.85714285714,5967.978885520772,1600.0,15764.285714285714,5717.48224086469,1600.0,16738.604095179664,45.75608413146357,-434.3601793111284,0,27,0,0,1089.9999273333383,0.9999999999388379
2022-09-09,2022-09-09,19.0,25450.0,0.0,25450.0,4,-0.433883739117558,-0.9009688679024191,9,-1.0,-1.8369701987210297e-16,0,1,0,0,16350.0,15.0,17950.0,13.0,31900.0,18.0,23050.0,18.0,16528.571428571428,6469.34161660834,7500.0,16157.142857142857,4839.813137796844,7500.0,15850.0,5847.269068168104,7500.0,17138.99828451938,3189.126576182085,5121.875139298536,0,36,0,0,1339.473613711915,0.9999999999607072
2022-09-10,2022-09-10,14.0,16950.0,0.0,16950.0,5,-0.9749279121818236,-0.2225209339563146,9,-1.0,-1.8369701987210297e-16,1,0,0,0,25450.0,19.0,13350.0,12.0,17500.0,13.0,18750.0,15.0,17042.85714285714,6315.815371709617,3600.0,16117.857142857143,4830.297297063784,3600.0,15785.714285714286,5824.053843724585,3600.0,17403.45699298014,-66.69977057813303,-386.75722240200776,0,45,0,0,1210.7141992347001,0.999999999941003
2022-09-11,2022-09-11,11.0,16550.0,0.0,16550.0,6,-0.7818314824680299,0.6234898018587334,9,-1.0,-1.8369701987210297e-16,1,0,0,0,16950.0,14.0,7300.0,7.0,12600.0,9.0,2700.0,4.0,18364.285714285714,4698.11258962167,9250.0,16400.0,4723.183411478035,9250.0,16280.357142857143,5229.286108166022,9250.0,17573.896120550995,-2271.55964042318,1247.6635198721851,0,54,0,0,1504.5453177686077,0.999999999939577
2022-09-12,2022-09-12,15.0,18300.0,0.0,18300.0,0,0.0,1.0,9,-1.0,-1.8369701987210297e-16,0,0,1,0,16550.0,11.0,22000.0,14.0,11400.0,11.0,13350.0,13.0,17835.714285714286,4420.851566319353,-3700.0,16892.85714285714,4516.800141303943,-3700.0,16457.14285714286,5210.187923775701,-3700.0,17767.42451170548,-519.156430742539,1051.731919037058,0,0,0,0,1219.999918666672,0.9999999999453552
2022-09-13,2022-09-13,13.0,14000.0,0.0,14000.0,1,0.7818314824680298,0.6234898018587336,9,-1.0,-1.8369701987210297e-16,0,0,0,0,18300.0,15.0,20350.0,16.0,19200.0,17.0,10150.0,13.0,16928.571428571428,4470.165651559305,-6350.0,16521.428571428572,4526.278582035971,-6350.0,16594.64285714286,5086.917484818723,-6350.0,17978.30989217733,732.3485995841058,-4710.658491761436,0,9,0,0,1076.9229940828466,0.9999999999285714
2022-09-14,2022-09-14,18.0,16650.0,0.0,16650.0,2,0.9749279121818236,-0.22252093395631434,9,-1.0,-1.8369701987210297e-16,0,0,0,0,14000.0,13.0,10900.0,11.0,17100.0,14.0,12800.0,12.0,17750.0,3626.4077726219703,5750.0,16489.285714285714,4523.450800313506,5750.0,16732.14285714286,5032.288601762474,5750.0,18153.399697718698,-1159.6298210697887,-343.7698766489084,0,18,0,0,924.999948611114,0.9999999999399399
2022-09-15,2022-09-15,15.0,19350.0,0.0,19350.0,3,0.43388373911755823,-0.900968867902419,9,-1.0,-1.8369701987210297e-16,0,0,0,0,16650.0,18.0,16350.0,15.0,14750.0,12.0,14450.0,12.0,18178.571428571428,3610.6159611688618,3000.0,16817.85714285714,4554.355782479711,3000.0,16907.14285714286,5035.185720318089,3000.0,18447.927259603806,-1.7468670449395631,903.8196074411317,0,27,0,0,1289.999914000006,0.9999999999483205
2022-09-16,2022-09-16,19.0,19450.0,0.0,19450.0,4,-0.433883739117558,-0.9009688679024191,9,-1.0,-1.8369701987210297e-16,0,1,0,0,19350.0,15.0,25450.0,19.0,17950.0,13.0,17450.0,14.0,17321.428571428572,1906.97341854765,-6000.0,16925.0,4600.4493927641915,-6000.0,16978.571428571428,5057.309132471102,-6000.0,18953.867254719735,2111.978376391388,-1615.8456311111222,0,36,0,0,1023.6841566482022,0.9999999999485861
2022-09-17,2022-09-17,8.0,10200.0,0.0,10200.0,5,-0.9749279121818236,-0.2225209339563146,9,-1.0,-1.8369701987210297e-16,1,0,0,0,19450.0,19.0,16950.0,14.0,13350.0,12.0,11450.0,9.0,16357.142857142857,3313.7879347040507,-6750.0,16700.0,4858.537291756069,-6750.0,16933.928571428572,5113.128591646111,-6750.0,19583.240310532856,1004.8792914265887,-10388.119601959444,0,45,0,0,1274.99984062502,0.9999999999019608
2022-09-18,2022-09-18,12.0,19700.0,0.0,19700.0,6,-0.7818314824680299,0.6234898018587334,9,-1.0,-1.8369701987210297e-16,1,0,0,0,10200.0,8.0,16550.0,11.0,7300.0,7.0,15300.0,10.0,16807.14285714286,3549.815555235251,3150.0,17585.714285714286,4081.1682231848686,3150.0,17091.071428571428,5128.642401610571,3150.0,20095.705043724356,-1480.7731174748365,1085.0680737504808,0,54,0,0,1641.6665298611226,0.9999999999492386
2022-09-19,2022-09-19,12.0,18000.0,0.0,18000.0,0,0.0,1.0,9,-1.0,-1.8369701987210297e-16,0,0,1,0,19700.0,12.0,18300.0,15.0,22000.0,14.0,10800.0,11.0,16764.285714285714,3530.5469696297173,-300.0,17300.0,3883.5946869244135,-300.0,17348.214285714286,4979.8758377883605,-300.0,20395.000919712962,404.8506680489515,-2799.851587761914,0,0,0,0,1499.9998750000104,0.9999999999444444
2022-09-20,2022-09-20,19.0,22700.0,0.0,22700.0,1,0.7818314824680298,0.6234898018587336,9,-1.0,-1.8369701987210297e-16,0,0,0,0,18000.0,12.0,14000.0,13.0,20350.0,16.0,18850.0,17.0,18007.14285714286,3906.5573688594664,8700.0,17467.85714285714,4071.788831179012,8700.0,17485.714285714286,5075.118264319105,8700.0,20602.89159989619,-1211.3409497082846,3308.4493498120937,0,9,0,0,1194.73677922438,0.9999999999559471
2022-09-21,2022-09-21,24.0,24950.0,0.0,24950.0,2,0.9749279121818236,-0.22252093395631434,9,-1.0,-1.8369701987210297e-16,0,0,0,0,22700.0,19.0,16650.0,18.0,10900.0,11.0,24300.0,20.0,19192.85714285714,4620.374134510852,8300.0,18471.428571428572,4059.9220476466035,8300.0,17508.928571428572,5108.816880710728,8300.0,20777.42198790183,-1118.5895175043715,5291.167529602539,0,18,0,0,1039.583290017363,0.9999999999599198
2022-09-22,2022-09-22,24.0,33800.0,0.0,33800.0,3,0.43388373911755823,-0.900968867902419,9,-1.0,-1.8369701987210297e-16,0,0,0,0,24950.0,24.0,19350.0,15.0,16350.0,15.0,15350.0,13.0,21257.14285714286,7206.503346019504,14450.0,19717.85714285714,5704.202470475246,14450.0,18167.85714285714,5941.94466056411,14450.0,20731.082929292184,144.1499592749234,12924.767111432891,0,27,0,0,1408.3332746527801,0.9999999999704142
2022-09-23,2022-09-23,15.0,19600.0,0.0,19600.0,4,-0.433883739117558,-0.9009688679024191,9,-1.0,-1.8369701987210297e-16,0,1,0,0,33800.0,24.0,19450.0,19.0,25450.0,19.0,31900.0,18.0,21278.571428571428,7200.454681410574,150.0,19300.0,5461.086113444978,150.0,17728.571428571428,5310.217763746857,150.0,20353.03841626396,1421.4383508349026,-2174.476767098862,0,36,0,0,1306.6665795555614,0.9999999999489796
2022-09-24,2022-09-24,18.0,22500.0,0.0,22500.0,5,-0.9749279121818236,-0.2225209339563146,9,-1.0,-1.8369701987210297e-16,1,0,0,0,19600.0,15.0,10200.0,8.0,16950.0,14.0,17500.0,13.0,23035.714285714286,5295.022370562922,12300.0,19696.428571428572,5478.786512390469,12300.0,17907.14285714286,5385.778844012603,12300.0,19835.50865420981,2245.1067961544886,419.38454963569893,0,45,0,0,1249.9999305555593,0.9999999999555556
2022-09-25,2022-09-25,6.0,5750.0,0.0,5750.0,6,-0.7818314824680299,0.6234898018587334,9,-1.0,-1.8369701987210297e-16,1,0,0,0,22500.0,18.0,19700.0,12.0,16550.0,11.0,12600.0,9.0,21042.85714285714,8446.815404410723,-13950.0,18925.0,6601.24551184792,-13950.0,17662.5,5777.136048763773,-13950.0,19253.612942664302,-1580.0131087745165,-11923.599833889784,0,54,0,0,958.3331736111377,0.9999999998260869
2022-09-26,2022-09-26,17.0,24400.0,0.0,24400.0,0,0.0,1.0,9,-1.0,-1.8369701987210297e-16,0,0,1,0,5750.0,6.0,18000.0,12.0,18300.0,15.0,11400.0,11.0,21957.14285714286,8408.845965778557,6400.0,19360.714285714286,6756.312676971887,6400.0,18126.785714285714,5777.582509673457,6400.0,18577.188153103052,393.01573721140215,5429.796109685547,0,0,0,0,1435.294033217998,0.9999999999590163
2022-09-27,2022-09-27,11.0,13850.0,0.0,13850.0,1,0.7818314824680298,0.6234898018587336,9,-1.0,-1.8369701987210297e-16,0,0,0,0,24400.0,17.0,22700.0,19.0,14000.0,13.0,19200.0,17.0,20692.85714285714,8927.83235036312,-8850.0,19350.0,6765.580309410049,-8850.0,17935.714285714286,5829.012004823882,-8850.0,18077.665910048367,-2608.032573085533,-1619.6333369628337,0,9,0,0,1259.0907946281097,0.9999999999277978
2022-09-28,2022-09-28,13.0,14100.0,0.0,14100.0,2,0.9749279121818236,-0.22252093395631434,9,-1.0,-1.8369701987210297e-16,0,0,0,0,13850.0,11.0,24950.0,24.0,16650.0,18.0,17100.0,14.0,19142.85714285714,9007.054113833421,-10850.0,19167.85714285714,6877.264861703526,-10850.0,17828.571428571428,5872.352493636923,-10850.0,17760.40171387285,-353.6017735119792,-3306.79994036087,0,18,0,0,1084.6153011834385,0.999999999929078
2022-09-29,2022-09-29,14.0,16550.0,0.0,16550.0,3,0.43388373911755823,-0.900968867902419,9,-1.0,-1.8369701987210297e-16,0,0,0,0,14100.0,13.0,33800.0,24.0,19350.0,15.0,14750.0,12.0,16678.571428571428,6273.54612259929,-17250.0,18967.85714285714,6912.185648516715,-17250.0,17892.85714285714,5847.201202691924,-17250.0,17458.42020237816,573.6745869384998,-1482.0947893166613,0,27,0,0,1182.1427727040877,0.999999999939577
2022-09-30,2022-09-30,17.0,19500.0,0.0,19500.0,4,-0.433883739117558,-0.9009688679024191,9,-1.0,-1.8369701987210297e-16,0,1,0,0,16550.0,14.0,19600.0,15.0,19450.0,19.0,17950.0,13.0,16664.285714285714,6265.894075982152,-100.0,18971.428571428572,6912.466839139108,-100.0,17948.214285714286,5855.094049009913,-100.0,17220.420129457696,1434.0508525994255,845.5290179428775,0,36,0,0,1147.0587560553672,0.9999999999487179
2022-10-01,2022-10-01,15.0,20750.0,0.0,20750.0,5,-0.9749279121818236,-0.2225209339563146,10,-0.8660254037844386,0.5000000000000001,1,0,0,0,19500.0,17.0,22500.0,18.0,10200.0,8.0,13350.0,12.0,16414.285714285714,6024.513416431367,-1750.0,19725.0,6441.713520246237,-1750.0,18212.5,5806.663238294687,-1750.0,17262.44655616574,2861.6317514664343,625.921692367825,0,50,0,0,1383.3332411111173,0.9999999999518072
2022-10-02,2022-10-02,13.0,15000.0,0.0,15000.0,6,-0.7818314824680299,0.6234898018587334,10,-0.8660254037844386,0.5000000000000001,1,0,0,0,20750.0,15.0,5750.0,6.0,19700.0,12.0,7300.0,7.0,17735.714285714286,3954.292423611113,9250.0,19389.285714285714,6564.419787220892,9250.0,18487.5,5441.568826753576,9250.0,17584.539437663658,-2999.899833360546,415.3603956968873,0,60,0,0,1153.8460650887644,0.9999999999333333
2022-10-03,2022-10-03,14.0,16400.0,0.0,16400.0,0,0.0,1.0,10,-0.8660254037844386,0.5000000000000001,0,0,1,0,15000.0,13.0,24400.0,17.0,18000.0,12.0,22000.0,14.0,16592.85714285714,2647.235755057865,-8000.0,19275.0,6604.274548176532,-8000.0,18287.5,5410.511460043242,-8000.0,18127.898952484255,1350.487847728718,-3078.386800212973,0,0,0,0,1171.428487755108,0.9999999999390243
2022-10-04,2022-10-04,13.0,14950.0,0.0,14950.0,1,0.7818314824680298,0.6234898018587336,10,-0.8660254037844386,0.5000000000000001,0,0,0,0,16400.0,14.0,13850.0,11.0,22700.0,19.0,20350.0,16.0,16750.0,2484.9547279577646,1100.0,18721.428571428572,6619.891768976818,1100.0,18094.64285714286,5430.475377965341,1100.0,18784.96016256735,-3768.661213729364,-66.29894883798625,0,10,0,0,1149.9999115384685,0.9999999999331104
2022-10-05,2022-10-05,27.0,38400.0,0.0,38400.0,2,0.9749279121818236,-0.22252093395631434,10,-0.8660254037844386,0.5000000000000001,0,0,0,0,14950.0,13.0,14100.0,13.0,24950.0,24.0,10900.0,11.0,20221.428571428572,8310.578456744994,24300.0,19682.14285714286,8344.634553063177,24300.0,19076.785714285714,6468.634897245511,24300.0,19421.80577010926,408.04843570750097,18570.145794183238,0,20,0,0,1422.222169547327,0.9999999999739583
2022-10-06,2022-10-06,14.0,21050.0,0.0,21050.0,3,0.43388373911755823,-0.900968867902419,10,-0.8660254037844386,0.5000000000000001,0,0,0,0,38400.0,27.0,16550.0,14.0,33800.0,24.0,16350.0,15.0,20864.285714285714,8151.774565788011,4500.0,18771.428571428572,7317.910438561897,4500.0,19244.64285714286,6456.2249502682,4500.0,19994.941889260797,1873.41296736834,-818.3548566291392,0,30,0,0,1503.5713211734771,0.999999999952494
2022-10-07,2022-10-07,22.0,23200.0,0.0,23200.0,4,-0.433883739117558,-0.9009688679024191,10,-0.8660254037844386,0.5000000000000001,0,1,0,0,21050.0,14.0,19500.0,17.0,19600.0,15.0,25450.0,19.0,21392.85714285714,8168.508052852955,3700.0,19028.571428571428,7411.9112630568225,3700.0,19164.285714285714,6389.79013657084,3700.0,20584.353316636512,2458.926900400743,156.71978296274392,0,40,0,0,1054.5454066115724,0.9999999999568966
2022-10-08,2022-10-08,17.0,23550.0,0.0,23550.0,5,-0.9749279121818236,-0.2225209339563146,10,-0.8660254037844386,0.5000000000000001,1,0,0,0,23200.0,22.0,20750.0,15.0,22500.0,18.0,16950.0,14.0,21792.85714285714,8200.275837404713,2800.0,19103.571428571428,7454.9277529831115,2800.0,19400.0,6426.709312905992,2800.0,21235.537581409193,1223.3695657037151,1091.09285288709,0,50,0,0,1385.2940361591743,0.9999999999575372
2022-10-09,2022-10-09,13.0,18900.0,0.0,18900.0,6,-0.7818314824680299,0.6234898018587334,10,-0.8660254037844386,0.5000000000000001,1,0,0,0,23550.0,17.0,15000.0,13.0,5750.0,6.0,16550.0,11.0,22350.0,7783.743743640745,3900.0,20042.85714285714,6396.26865815163,3900.0,19483.928571428572,6403.414216208306,3900.0,21871.36689062854,-5986.012329311349,3014.645438682812,0,60,0,0,1453.846042011843,0.9999999999470899
2022-10-10,2022-10-10,22.0,24450.0,0.0,24450.0,0,0.0,1.0,10,-0.8660254037844386,0.5000000000000001,0,0,1,0,18900.0,13.0,16400.0,14.0,24400.0,17.0,18300.0,15.0,23500.0,7340.186192007199,8050.0,20046.428571428572,6398.90207787226,8050.0,19703.571428571428,6466.465182591798,8050.0,22395.984887125276,2093.440107955647,-39.42499508092442,0,0,0,0,1111.3635858471098,0.9999999999591002
2022-10-11,2022-10-11,14.0,16400.0,0.0,16400.0,1,0.7818314824680298,0.6234898018587336,10,-0.8660254037844386,0.5000000000000001,0,0,0,0,24450.0,22.0,14950.0,13.0,13850.0,11.0,14000.0,13.0,23707.14285714286,7074.333217780337,1450.0,20228.571428571428,6243.356909107923,1450.0,19789.285714285714,6403.664418863469,1450.0,22851.997409843272,-3773.870840536014,-2678.1265693072564,0,10,0,0,1171.428487755108,0.9999999999390243
2022-10-12,2022-10-12,23.0,25100.0,0.0,25100.0,2,0.9749279121818236,-0.22252093395631434,10,-0.8660254037844386,0.5000000000000001,0,0,0,0,16400.0,14.0,38400.0,27.0,14100.0,13.0,16650.0,18.0,21807.14285714286,3190.2754023527336,-13300.0,21014.285714285714,6103.354329050073,-13300.0,20091.071428571428,6449.189635735018,-13300.0,23375.40908351668,1902.962865354918,-178.37194887159785,0,20,0,0,1091.3043003780738,0.9999999999601593
2022-10-13,2022-10-13,23.0,29450.0,0.0,29450.0,3,0.43388373911755823,-0.900968867902419,10,-0.8660254037844386,0.5000000000000001,0,0,0,0,25100.0,23.0,21050.0,14.0,16550.0,14.0,19350.0,15.0,23007.14285714286,4258.856318644353,8400.0,21935.714285714286,6346.453539377155,8400.0,20451.785714285714,6684.372074208246,8400.0,24010.064672933313,4386.337203610697,1053.5981234559913,0,30,0,0,1280.4347269376206,0.9999999999660442
2022-10-14,2022-10-14,22.0,26750.0,0.0,26750.0,4,-0.433883739117558,-0.9009688679024191,10,-0.8660254037844386,0.5000000000000001,0,1,0,0,29450.0,23.0,23200.0,22.0,19500.0,17.0,19450.0,19.0,23514.285714285714,4490.704685394974,3550.0,22453.571428571428,6427.688431421431,3550.0,20712.5,6785.450461315225,3550.0,24730.715241310878,3986.9465856738902,-1967.6618269847677,0,40,0,0,1215.9090356404984,0.9999999999626168
2022-10-15,2022-10-15,12.0,13150.0,0.0,13150.0,5,-0.9749279121818236,-0.2225209339563146,10,-0.8660254037844386,0.5000000000000001,1,0,0,0,26750.0,22.0,23550.0,17.0,20750.0,15.0,10200.0,8.0,22028.571428571428,5957.688110252784,-10400.0,21910.714285714286,6887.144617982933,-10400.0,20817.85714285714,6637.466806581079,-10400.0,25539.22853408614,-1287.8389558123813,-11101.38957827376,0,50,0,0,1095.8332420138966,0.9999999999239544
2022-10-16,2022-10-16,11.0,14300.0,0.0,14300.0,6,-0.7818314824680299,0.6234898018587334,10,-0.8660254037844386,0.5000000000000001,1,0,0,0,13150.0,12.0,18900.0,13.0,15000.0,13.0,19700.0,12.0,21371.428571428572,6581.340867866317,-4600.0,21860.714285714286,6943.485562614934,-4600.0,20625.0,6748.669278979158,-4600.0,26342.953214686208,-10630.664190446134,-1412.2890242400717,0,60,0,0,1299.9998818181928,0.9999999999300699
2022-10-17,2022-10-17,26.0,31950.0,0.0,31950.0,0,0.0,1.0,10,-0.8660254037844386,0.5000000000000001,0,0,1,0,14300.0,11.0,24450.0,22.0,16400.0,14.0,18000.0,12.0,22442.85714285714,7684.151903508302,7500.0,22971.428571428572,7240.158155032975,7500.0,21123.214285714286,7055.644996933403,7500.0,26965.852970413616,3518.206305265707,1465.940724320677,0,0,0,0,1228.846106582842,0.999999999968701
2022-10-18,2022-10-18,21.0,26050.0,0.0,26050.0,1,0.7818314824680298,0.6234898018587336,10,-0.8660254037844386,0.5000000000000001,0,0,0,0,31950.0,26.0,16400.0,14.0,14950.0,13.0,22700.0,19.0,23821.428571428572,7274.032418064099,9650.0,23764.285714285714,6893.654511757387,9650.0,21242.85714285714,7111.5544256657695,9650.0,27411.02974814024,-3528.0612424458245,2167.031494305582,0,10,0,0,1240.4761314058985,0.9999999999616123
2022-10-19,2022-10-19,24.0,33050.0,0.0,33050.0,2,0.9749279121818236,-0.22252093395631434,10,-0.8660254037844386,0.5000000000000001,0,0,0,0,26050.0,21.0,25100.0,23.0,38400.0,27.0,24950.0,24.0,24957.14285714286,8082.616561249849,7950.0,23382.14285714286,6125.407589039977,7950.0,21532.14285714286,7425.746181307734,7950.0,27732.19357820897,3765.212194478144,1552.5942273128858,0,20,0,0,1377.0832759548634,0.9999999999697428
2022-10-20,2022-10-20,20.0,21250.0,0.0,21250.0,3,0.43388373911755823,-0.900968867902419,10,-0.8660254037844386,0.5000000000000001,0,0,0,0,33050.0,24.0,29450.0,23.0,21050.0,14.0,33800.0,24.0,23785.714285714286,7915.42346128294,-8200.0,23396.428571428572,6119.780799421451,-8200.0,21083.928571428572,7025.826082593931,-8200.0,27868.322362247276,6021.392335688319,-12639.714697935595,0,30,0,0,1062.4999468750027,0.9999999999529412
2022-10-21,2022-10-21,29.0,34100.0,0.0,34100.0,4,-0.433883739117558,-0.9009688679024191,10,-0.8660254037844386,0.5000000000000001,0,1,0,0,21250.0,20.0,26750.0,22.0,23200.0,22.0,19600.0,15.0,24835.714285714286,8811.011779099403,7350.0,24175.0,6753.425056961873,7350.0,21601.785714285714,7434.8713175102475,7350.0,27959.086922421633,5022.956537804633,1117.9565397737351,0,40,0,0,1175.8620284185506,0.9999999999706745
2022-10-22,2022-10-22,24.0,23750.0,0.0,23750.0,5,-0.9749279121818236,-0.2225209339563146,10,-0.8660254037844386,0.5000000000000001,1,0,0,0,34100.0,29.0,13150.0,12.0,23550.0,17.0,22500.0,18.0,26350.0,7238.496621076315,10600.0,24189.285714285714,6752.212702042706,10600.0,21646.428571428572,7444.211379910105,10600.0,28226.43723892724,-3107.333861240406,-1369.1033776868353,0,50,0,0,989.5832921006961,0.9999999999578947
2022-10-23,2022-10-23,12.0,11850.0,0.0,11850.0,6,-0.7818314824680299,0.6234898018587334,10,-0.8660254037844386,0.5000000000000001,1,0,0,0,23750.0,24.0,14300.0,11.0,18900.0,13.0,5750.0,6.0,26000.0,7943.183660640521,-2450.0,23685.714285714286,7408.062877999622,-2450.0,21864.285714285714,7040.055465149476,-2450.0,28541.6426938416,-15148.408313047206,-1543.2343807943944,0,60,0,0,987.4999177083403,0.9999999999156118
2022-10-24,2022-10-24,25.0,28350.0,0.0,28350.0,0,0.0,1.0,10,-0.8660254037844386,0.5000000000000001,0,0,1,0,11850.0,12.0,31950.0,26.0,24450.0,22.0,24400.0,17.0,25485.714285714286,7602.999094968716,-3600.0,23964.285714285714,7511.61737606463,-3600.0,22005.35714285714,7131.72800323802,-3600.0,28855.120998690163,6169.413627136056,-6674.534625826218,0,0,0,0,1133.9999546400018,0.9999999999647267
2022-10-25,2022-10-25,12.0,13000.0,0.0,13000.0,1,0.7818314824680298,0.6234898018587336,10,-0.8660254037844386,0.5000000000000001,0,0,0,0,28350.0,25.0,26050.0,21.0,16400.0,14.0,13850.0,11.0,23621.428571428572,8926.358773451848,-13050.0,23721.428571428572,7823.478330436765,-13050.0,21975.0,7169.437448875148,-13050.0,29085.79642947662,-2243.0610570544304,-13842.73537242219,0,10,0,0,1083.3332430555631,0.9999999999230769
2022-10-26,2022-10-26,31.0,35000.0,0.0,35000.0,2,0.9749279121818236,-0.22252093395631434,10,-0.8660254037844386,0.5000000000000001,0,0,0,0,13000.0,12.0,33050.0,24.0,25100.0,23.0,14100.0,13.0,23900.0,9292.559747812575,1950.0,24428.571428571428,8384.938747671225,1950.0,22721.428571428572,7403.345447128878,1950.0,29111.3614231737,3490.6992119574024,2397.9393648688965,0,20,0,0,1129.0322216441218,0.9999999999714285
2022-10-27,2022-10-27,24.0,37500.0,0.0,37500.0,3,0.43388373911755823,-0.900968867902419,10,-0.8660254037844386,0.5000000000000001,0,0,0,0,35000.0,31.0,21250.0,20.0,29450.0,23.0,16550.0,14.0,26221.428571428572,10474.765595740755,16250.0,25003.571428571428,9008.59555957778,16250.0,23469.64285714286,7804.323816839953,16250.0,29006.73651851962,6836.2573241188375,1657.0061573615421,0,30,0,0,1562.499934895836,0.9999999999733333
2022-10-28,2022-10-28,32.0,38750.0,0.0,38750.0,4,-0.433883739117558,-0.9009688679024191,10,-0.8660254037844386,0.5000000000000001,0,1,0,0,37500.0,24.0,34100.0,29.0,26750.0,22.0,19500.0,17.0,26885.714285714286,11181.298161279328,4650.0,25860.714285714286,9729.577794844681,4650.0,24157.14285714286,8275.35066153868,4650.0,28924.834141106618,5028.77446976651,4796.391389126871,0,40,0,0,1210.9374621582044,0.9999999999741935
2022-10-29,2022-10-29,12.0,12100.0,0.0,12100.0,5,-0.9749279121818236,-0.2225209339563146,10,-0.8660254037844386,0.5000000000000001,1,0,0,0,38750.0,32.0,23750.0,24.0,13150.0,12.0,20750.0,15.0,25221.428571428572,12513.487961091458,-11650.0,25785.714285714286,9838.53156201188,-11650.0,23848.214285714286,8563.688221343713,-11650.0,28660.459575869583,-4427.165982071216,-12133.293593798368,0,50,0,0,1008.3332493055626,0.9999999999173553
2022-10-30,2022-10-30,11.0,10000.0,0.0,10000.0,6,-0.7818314824680299,0.6234898018587334,10,-0.8660254037844386,0.5000000000000001,1,0,0,0,12100.0,12.0,11850.0,12.0,14300.0,11.0,15000.0,13.0,24957.14285714286,12857.761228515785,-1850.0,25478.571428571428,10281.812065033086,-1850.0,23669.64285714286,8803.790632298942,-1850.0,28015.813527566588,-17850.187302716804,-165.6262248497842,0,60,0,0,909.0908264462886,0.9999999999
2022-10-31,2022-10-31,25.0,36150.0,0.0,36150.0,0,0.0,1.0,10,-0.8660254037844386,0.5000000000000001,0,0,1,0,10000.0,11.0,28350.0,25.0,31950.0,26.0,16400.0,14.0,26071.428571428572,13521.644905571988,7800.0,25778.571428571428,10543.111390960376,7800.0,24375.0,8989.010780659622,7800.0,27248.14608985595,8772.987676655037,128.86623348901412,0,0,0,0,1445.9999421600023,0.9999999999723375
2022-11-01,2022-11-01,16.0,22300.0,0.0,22300.0,1,0.7818314824680298,0.6234898018587336,11,-0.5000000000000004,0.8660254037844384,0,0,0,1,36150.0,25.0,13000.0,12.0,26050.0,21.0,14950.0,13.0,27400.0,12436.605914262405,9300.0,25510.714285714286,10583.244714231985,9300.0,24637.5,8809.10329862955,9300.0,26552.269186864025,-730.6235972991543,-3521.6455895648724,0,11,0,0,1393.7499128906304,0.999999999955157
2022-11-02,2022-11-02,22.0,25600.0,0.0,25600.0,2,0.9749279121818236,-0.22252093395631434,11,-0.5000000000000004,0.8660254037844384,0,0,0,1,22300.0,16.0,35000.0,31.0,33050.0,24.0,38400.0,27.0,26057.14285714286,11978.259075349406,-9400.0,24978.571428571428,10359.93975119316,-9400.0,24180.35714285714,8390.640059522617,-9400.0,26191.146282294376,3048.5880054895124,-3639.734287783889,0,22,0,0,1163.636310743804,0.9999999999609375
2022-11-03,2022-11-03,23.0,32700.0,0.0,32700.0,3,0.43388373911755823,-0.900968867902419,11,-0.5000000000000004,0.8660254037844384,0,0,0,1,25600.0,22.0,37500.0,24.0,21250.0,20.0,21050.0,14.0,25371.428571428572,11334.087860037418,-4800.0,25796.428571428572,10494.036113719287,-4800.0,24596.428571428572,8517.551906280969,-4800.0,26426.150134865464,5939.821834333349,334.0280308011861,0,33,0,0,1421.7390686200404,0.9999999999694189
2022-11-04,2022-11-04,25.0,28850.0,0.0,28850.0,4,-0.433883739117558,-0.9009688679024191,11,-0.5000000000000004,0.8660254037844384,0,1,0,1,32700.0,23.0,38750.0,32.0,34100.0,29.0,23200.0,22.0,23957.14285714286,9915.326039833002,-9900.0,25421.428571428572,10265.80796561156,-9900.0,24798.214285714286,8550.108101361857,-9900.0,27038.810327260166,4721.409136863911,-2910.2194641240785,0,44,0,0,1153.9999538400018,0.999999999965338
2022-11-05,2022-11-05,18.0,22850.0,0.0,22850.0,5,-0.9749279121818236,-0.2225209339563146,11,-0.5000000000000004,0.8660254037844384,1,0,0,1,28850.0,25.0,12100.0,12.0,23750.0,24.0,23550.0,17.0,25492.85714285714,8504.970535488279,10750.0,25357.14285714286,10279.888078237986,10750.0,24773.214285714286,8554.91500642735,10750.0,27693.03961662085,-4748.844115654094,-94.19550096675448,0,55,0,0,1269.444373919757,0.9999999999562363
2022-11-06,2022-11-06,23.0,27850.0,0.0,27850.0,6,-0.7818314824680299,0.6234898018587334,11,-0.5000000000000004,0.8660254037844384,1,0,0,1,22850.0,18.0,10000.0,11.0,11850.0,12.0,18900.0,13.0,28042.85714285714,5066.5100226412105,17850.0,26500.0,9524.3614766798,17850.0,25092.85714285714,8494.330508854178,17850.0,28404.899414801846,-18262.731296477166,17707.831881675324,0,66,0,0,1210.8695125708907,0.9999999999640934
2022-11-07,2022-11-07,34.0,42200.0,0.0,42200.0,0,0.0,1.0,11,-0.5000000000000004,0.8660254037844384,0,0,1,1,27850.0,23.0,36150.0,25.0,28350.0,25.0,24450.0,22.0,28907.14285714286,6873.707670744894,6050.0,27489.285714285714,10409.466449258702,6050.0,25726.785714285714,9086.288837653685,6050.0,29213.084484271192,11479.580496246846,1507.3350194819614,0,0,0,0,1241.1764340830462,0.9999999999763033
2022-11-08,2022-11-08,21.0,34000.0,0.0,34000.0,1,0.7818314824680298,0.6234898018587336,11,-0.5000000000000004,0.8660254037844384,0,0,0,1,42200.0,34.0,22300.0,16.0,13000.0,12.0,16400.0,14.0,30578.571428571428,6405.912447552993,11700.0,28989.285714285714,9646.007116766203,11700.0,26355.35714285714,9025.748550938144,11700.0,29966.46333271291,230.10618020741603,3803.430487079673,0,11,0,0,1619.047541950117,0.9999999999705882
2022-11-09,2022-11-09,25.0,33150.0,0.0,33150.0,2,0.9749279121818236,-0.22252093395631434,11,-0.5000000000000004,0.8660254037844384,0,0,0,1,34000.0,21.0,25600.0,22.0,35000.0,31.0,25100.0,23.0,31657.14285714286,6053.885017864473,7550.0,28857.14285714286,9569.700926579511,7550.0,26642.85714285714,9112.076991001954,7550.0,30598.185536909597,2994.7151878724903,-442.9007247820882,0,22,0,0,1325.999946960002,0.9999999999698341
2022-11-10,2022-11-10,25.0,34300.0,0.0,34300.0,3,0.43388373911755823,-0.900968867902419,11,-0.5000000000000004,0.8660254037844384,0,0,0,1,33150.0,25.0,32700.0,23.0,37500.0,24.0,29450.0,23.0,31885.714285714286,6129.553700835706,1600.0,28628.571428571428,9383.797703523891,1600.0,26816.071428571428,9212.954381692854,1600.0,31037.06777109282,3092.3744860141182,170.55774289305919,0,33,0,0,1371.9999451200022,0.9999999999708454
2022-11-11,2022-11-11,28.0,34300.0,0.0,34300.0,4,-0.433883739117558,-0.9009688679024191,11,-0.5000000000000004,0.8660254037844384,0,1,0,1,34300.0,25.0,28850.0,25.0,38750.0,32.0,26750.0,22.0,32664.285714285714,6024.928373413418,5450.0,28310.714285714286,9085.198837234591,5450.0,27085.714285714286,9320.80366451204,5450.0,31261.411022110107,4286.869898413125,-1248.2809205232334,0,44,0,0,1224.9999562500016,0.9999999999708454
2022-11-12,2022-11-12,18.0,28350.0,0.0,28350.0,5,-0.9749279121818236,-0.2225209339563146,11,-0.5000000000000004,0.8660254037844384,1,0,0,1,34300.0,28.0,22850.0,18.0,12100.0,12.0,13150.0,12.0,33450.0,4756.924776926107,5500.0,29471.428571428572,7802.285520324177,5500.0,27628.571428571428,8912.812547856465,5500.0,31424.719357272832,-5697.221322555804,2622.501965282976,0,55,0,0,1574.9999125000047,0.9999999999647267
2022-11-13,2022-11-13,11.0,10650.0,0.0,10650.0,6,-0.7818314824680299,0.6234898018587334,11,-0.5000000000000004,0.8660254037844384,1,0,0,1,28350.0,18.0,27850.0,23.0,10000.0,11.0,14300.0,11.0,30992.85714285714,9848.749014106168,-17200.0,29517.85714285714,7678.456554213616,-17200.0,27498.214285714286,9138.800899368965,-17200.0,31676.52586119644,-17135.584319855723,-3890.941541340715,0,66,0,0,968.1817301652973,0.9999999999061032
2022-11-14,2022-11-14,21.0,21500.0,0.0,21500.0,0,0.0,1.0,11,-0.5000000000000004,0.8660254037844384,0,0,1,1,10650.0,11.0,42200.0,34.0,36150.0,25.0,31950.0,26.0,28035.714285714286,8993.410285949849,-20700.0,28471.428571428572,7703.313829518102,-20700.0,27125.0,9163.610601682036,-20700.0,31888.492587331162,11523.540015345667,-21912.03260267683,1,0,0,0,1023.8094750566917,0.9999999999534883
2022-11-15,2022-11-15,28.0,34400.0,0.0,34400.0,1,0.7818314824680298,0.6234898018587336,11,-0.5000000000000004,0.8660254037844384,0,0,0,1,21500.0,21.0,34000.0,21.0,22300.0,16.0,26050.0,21.0,28092.85714285714,9038.778889292722,400.0,29335.714285714286,7636.134457338373,400.0,27423.214285714286,9262.663825140491,400.0,32087.792510192998,1290.3231389535135,1021.8843508534883,0,11,0,0,1228.571384693879,0.9999999999709303
2022-11-16,2022-11-16,27.0,36250.0,0.0,36250.0,2,0.9749279121818236,-0.22252093395631434,11,-0.5000000000000004,0.8660254037844384,0,0,0,1,34400.0,28.0,33150.0,25.0,25600.0,22.0,33050.0,24.0,28535.714285714286,9396.706616580897,3100.0,30096.428571428572,7764.749346732543,3100.0,27537.5,9353.95168028129,3100.0,32323.77135100711,4197.510317829169,-271.28166883628,0,22,0,0,1342.5925428669427,0.9999999999724137
2022-11-17,2022-11-17,39.0,48450.0,0.0,48450.0,3,0.43388373911755823,-0.900968867902419,11,-0.5000000000000004,0.8660254037844384,0,0,0,1,36250.0,27.0,34300.0,25.0,32700.0,23.0,21250.0,20.0,30557.14285714286,12003.729579156798,14150.0,31221.428571428572,9182.52341482108,14150.0,28508.928571428572,10062.361603110183,14150.0,32551.226551934353,1666.2438729470562,14232.529575118588,0,33,0,0,1242.3076604536498,0.9999999999793602
2022-11-18,2022-11-18,34.0,39850.0,0.0,39850.0,4,-0.433883739117558,-0.9009688679024191,11,-0.5000000000000004,0.8660254037844384,0,1,0,1,48450.0,39.0,34300.0,28.0,28850.0,25.0,34100.0,29.0,31350.0,12466.521835165844,5550.0,32007.14285714286,9431.246290570922,5550.0,28714.285714285714,10237.837021476118,5550.0,32763.967818618014,3918.452081703187,3167.5800996787984,0,44,0,0,1172.0587890570946,0.9999999999749059
2022-11-19,2022-11-19,20.0,23000.0,0.0,23000.0,5,-0.9749279121818236,-0.2225209339563146,11,-0.5000000000000004,0.8660254037844384,1,0,0,1,39850.0,34.0,28350.0,18.0,22850.0,18.0,23750.0,24.0,30585.714285714286,12839.513045209125,-5350.0,32017.85714285714,9420.121817415433,-5350.0,28687.5,10252.277298962164,-5350.0,32864.6215187624,-6673.177696573378,-3191.4438221890196,0,55,0,0,1149.9999425000028,0.9999999999565218
2022-11-20,2022-11-20,19.0,18200.0,0.0,18200.0,6,-0.7818314824680299,0.6234898018587334,11,-0.5000000000000004,0.8660254037844384,1,0,0,1,23000.0,20.0,10650.0,11.0,27850.0,23.0,11850.0,12.0,31664.285714285714,11082.633347032734,7550.0,31328.571428571428,10078.589535890831,7550.0,28914.285714285714,9931.234464527462,7550.0,32706.343377801302,-14837.578011634538,331.23463383323906,0,66,0,0,957.8946864265954,0.999999999945055
2022-11-21,2022-11-21,33.0,46650.0,0.0,46650.0,0,0.0,1.0,11,-0.5000000000000004,0.8660254037844384,0,0,1,1,18200.0,19.0,21500.0,21.0,42200.0,34.0,28350.0,25.0,35257.142857142855,11312.582543766212,25150.0,31646.428571428572,10508.814327574244,25150.0,29567.85714285714,10479.73542115232,25150.0,32403.05404908146,10133.646518426036,4113.299432492502,0,0,0,0,1413.6363207988995,0.9999999999785638
2022-11-22,2022-11-22,25.0,32200.0,0.0,32200.0,1,0.7818314824680298,0.6234898018587336,11,-0.5000000000000004,0.8660254037844384,0,0,0,1,46650.0,33.0,34400.0,28.0,34000.0,21.0,13000.0,12.0,34942.857142857145,11370.774987199597,-2200.0,31517.85714285714,10488.796351398003,-2200.0,30253.571428571428,9971.328606554607,-2200.0,32044.74655163566,1378.2040282358696,-1222.950579871529,0,11,0,0,1287.999948480002,0.9999999999689441
2022-11-23,2022-11-23,31.0,39350.0,0.0,39350.0,2,0.9749279121818236,-0.22252093395631434,11,-0.5000000000000004,0.8660254037844384,0,0,0,1,32200.0,25.0,36250.0,27.0,33150.0,25.0,35000.0,31.0,35385.71428571428,11489.912760247375,3100.0,31960.714285714286,10691.930432509724,3100.0,30408.928571428572,10081.299644055203,3100.0,31623.27010963925,4764.438857793878,2962.291032566871,0,22,0,0,1269.3547977627484,0.999999999974587
2022-11-24,2022-11-24,20.0,27700.0,0.0,27700.0,3,0.43388373911755823,-0.900968867902419,11,-0.5000000000000004,0.8660254037844384,0,0,0,1,39350.0,31.0,48450.0,39.0,34300.0,25.0,37500.0,24.0,32421.428571428572,10157.052440827229,-20750.0,31489.285714285714,10726.300863754539,-20750.0,30058.928571428572,9995.749592733653,-20750.0,31195.74295943814,1047.6410598308516,-4543.3840192689895,0,33,0,0,1384.9999307500034,0.9999999999638989
2022-11-25,2022-11-25,28.0,34650.0,0.0,34650.0,4,-0.433883739117558,-0.9009688679024191,11,-0.5000000000000004,0.8660254037844384,0,1,0,1,27700.0,20.0,39850.0,34.0,34300.0,28.0,38750.0,32.0,31678.571428571428,9703.214980220782,-5200.0,31514.285714285714,10733.761054431365,-5200.0,29912.5,9893.22275507236,-5200.0,30774.086111902416,3459.778939674304,416.13494842328146,0,44,0,0,1237.499955803573,0.99999999997114
2022-11-26,2022-11-26,16.0,21500.0,0.0,21500.0,5,-0.9749279121818236,-0.2225209339563146,11,-0.5000000000000004,0.8660254037844384,1,0,0,1,34650.0,28.0,23000.0,20.0,28350.0,18.0,12100.0,12.0,31464.285714285714,9940.47761619608,-1500.0,31025.0,11040.82894741853,-1500.0,30248.214285714286,9414.286642620249,-1500.0,30323.242639699925,-6816.995845610479,-2006.2467940894458,0,55,0,0,1343.74991601563,0.9999999999534883
2022-11-27,2022-11-27,19.0,22500.0,0.0,22500.0,6,-0.7818314824680299,0.6234898018587334,11,-0.5000000000000004,0.8660254037844384,1,0,0,1,21500.0,16.0,18200.0,19.0,10650.0,11.0,10000.0,11.0,32078.571428571428,9079.778684107945,4300.0,31871.428571428572,9735.753186574284,4300.0,30694.64285714286,8686.817804664066,4300.0,29883.9429765298,-10771.589080482701,3387.6461039528986,0,66,0,0,1184.2104639889228,0.9999999999555556
2022-11-28,2022-11-28,29.0,35200.0,0.0,35200.0,0,0.0,1.0,11,-0.5000000000000004,0.8660254037844384,0,0,1,1,22500.0,19.0,46650.0,33.0,21500.0,21.0,36150.0,25.0,30442.85714285714,6749.594344071636,-11450.0,32850.0,9291.476656675179,-11450.0,30660.714285714286,8666.55296018205,-11450.0,29546.395079828875,7155.715532304345,-1502.1106121332195,0,0,0,0,1213.7930615933426,0.999999999971591
2022-11-29,2022-11-29,25.0,29600.0,0.0,29600.0,1,0.7818314824680298,0.6234898018587336,11,-0.5000000000000004,0.8660254037844384,0,0,0,1,35200.0,29.0,32200.0,25.0,34400.0,28.0,22300.0,16.0,30071.428571428572,6708.195059207876,-2600.0,32507.14285714286,9318.403155189124,-2600.0,30921.428571428572,8514.186729299263,-2600.0,29214.380006030162,1149.5205905276387,-763.9005965577999,0,11,0,0,1183.9999526400018,0.9999999999662162
2022-11-30,2022-11-30,28.0,34300.0,0.0,34300.0,2,0.9749279121818236,-0.22252093395631434,11,-0.5000000000000004,0.8660254037844384,0,0,0,1,29600.0,25.0,39350.0,31.0,36250.0,27.0,25600.0,22.0,29350.0,5746.665699922577,-5050.0,32367.85714285714,9272.61491504088,-5050.0,31232.14285714286,8471.43582090574,-5050.0,28794.02251125648,4234.548131886362,1271.4293568571593,0,22,0,0,1224.9999562500016,0.9999999999708454
2022-12-01,2022-12-01,25.0,32000.0,0.0,32000.0,3,0.43388373911755823,-0.900968867902419,12,-2.4492935982947064e-16,1.0,0,0,0,1,34300.0,28.0,27700.0,20.0,48450.0,39.0,32700.0,23.0,29964.285714285714,5770.66679319602,4300.0,31192.85714285714,8038.031167826245,4300.0,31207.14285714286,8467.975776808396,4300.0,28251.44582045861,1315.967165151037,2432.587014390352,0,36,0,0,1279.999948800002,0.99999999996875
2022-12-02,2022-12-02,24.0,27750.0,0.0,27750.0,4,-0.433883739117558,-0.9009688679024191,12,-2.4492935982947064e-16,1.0,0,1,0,1,32000.0,25.0,34650.0,28.0,39850.0,34.0,28850.0,25.0,28978.571428571428,5415.245234740614,-6900.0,30328.571428571428,7678.03345930446,-6900.0,31167.85714285714,8481.856608926582,-6900.0,27580.774758923257,3018.6382872949434,-2849.4130462182,0,48,1,0,1156.2499518229185,0.9999999999639639
2022-12-03,2022-12-03,20.0,24700.0,0.0,24700.0,5,-0.9749279121818236,-0.2225209339563146,12,-2.4492935982947064e-16,1.0,1,0,0,1,27750.0,24.0,21500.0,16.0,23000.0,20.0,22850.0,18.0,29435.714285714286,4776.043889883679,3200.0,30450.0,7565.83921828399,3200.0,31233.928571428572,8421.65477681757,3200.0,26816.605782211092,-6134.869043234261,4018.2632610231703,0,60,0,0,1234.999938250003,0.9999999999595142
2022-12-04,2022-12-04,14.0,17950.0,0.0,17950.0,6,-0.7818314824680299,0.6234898018587334,12,-2.4492935982947064e-16,1.0,1,0,0,1,24700.0,20.0,22500.0,19.0,18200.0,19.0,27850.0,23.0,28785.714285714286,6023.890927362636,-4550.0,30432.14285714286,7597.206144945142,-4550.0,30880.35714285714,8769.616521935206,-4550.0,26020.80135754586,-8481.83060592252,411.0292483766607,0,72,0,0,1282.142765561231,0.9999999999442897
2022-12-05,2022-12-05,21.0,27250.0,0.0,27250.0,0,0.0,1.0,12,-2.4492935982947064e-16,1.0,0,0,1,1,17950.0,14.0,35200.0,29.0,46650.0,33.0,42200.0,34.0,27650.0,5321.497283033532,-7950.0,29046.428571428572,6016.338788464567,-7950.0,30346.428571428572,8506.053711060715,-7950.0,25168.067128906736,4624.691967377394,-2542.7590962841314,0,0,0,0,1297.6189858276673,0.9999999999633027
2022-12-06,2022-12-06,24.0,27900.0,0.0,27900.0,1,0.7818314824680298,0.6234898018587336,12,-2.4492935982947064e-16,1.0,0,0,0,1,27250.0,21.0,29600.0,25.0,32200.0,25.0,34000.0,21.0,27407.14285714286,5256.062259542822,-1700.0,28739.285714285714,5952.380860805932,-1700.0,30128.571428571428,8487.108181884176,-1700.0,24309.85975507762,1270.2355755992849,2319.9046693230957,0,12,0,0,1162.499951562502,0.9999999999641577
2022-12-07,2022-12-07,18.0,23250.0,0.0,23250.0,2,0.9749279121818236,-0.22252093395631434,12,-2.4492935982947064e-16,1.0,0,0,0,1,27900.0,24.0,34300.0,28.0,39350.0,31.0,33150.0,25.0,25828.571428571428,4436.295108050652,-11050.0,27589.285714285714,5259.649687494934,-11050.0,29775.0,8562.45573116429,-11050.0,23501.526023693008,2951.0118413470955,-3202.5378650401035,0,24,0,0,1291.6665949074113,0.9999999999569892
2022-12-08,2022-12-08,20.0,25500.0,0.0,25500.0,3,0.43388373911755823,-0.900968867902419,12,-2.4492935982947064e-16,1.0,0,0,0,1,23250.0,18.0,32000.0,25.0,27700.0,20.0,34300.0,25.0,24900.0,3513.545218152148,-6500.0,27432.14285714286,5288.871013118707,-6500.0,29460.714285714286,8551.709349845378,-6500.0,22737.525037792402,2279.502581416104,482.97238079149247,0,36,0,0,1274.9999362500032,0.9999999999607843
2022-12-09,2022-12-09,20.0,24600.0,0.0,24600.0,4,-0.433883739117558,-0.9009688679024191,12,-2.4492935982947064e-16,1.0,0,1,0,1,25500.0,20.0,27750.0,24.0,34650.0,28.0,34300.0,28.0,24450.0,3281.767816284359,-3150.0,26714.285714285714,4901.704121701343,-3150.0,29114.285714285714,8544.8799608288,-3150.0,22084.39153972953,3081.119537573677,-565.5110773032102,0,48,1,0,1229.999938500003,0.9999999999593496
2022-12-10,2022-12-10,15.0,14750.0,0.0,14750.0,5,-0.9749279121818236,-0.2225209339563146,12,-2.4492935982947064e-16,1.0,1,0,0,1,24600.0,20.0,24700.0,20.0,21500.0,16.0,28350.0,18.0,23028.571428571428,4907.55006281621,-9950.0,26232.14285714286,5718.041863020358,-9950.0,28628.571428571428,8966.082473445971,-9950.0,21607.498421227494,-5617.393781152867,-1240.1046400746272,0,60,0,0,983.3332677777822,0.9999999999322033
2022-12-11,2022-12-11,12.0,14750.0,0.0,14750.0,6,-0.7818314824680299,0.6234898018587334,12,-2.4492935982947064e-16,1.0,1,0,0,1,14750.0,15.0,17950.0,14.0,22500.0,19.0,10650.0,11.0,22571.428571428572,5564.53480706585,-3200.0,25678.571428571428,6437.083497675362,-3200.0,28775.0,8690.84767633937,-3200.0,21362.48699814783,-8617.387205296804,2004.900207148974,0,72,0,0,1229.1665642361197,0.9999999999322033
2022-12-12,2022-12-12,11.0,15500.0,0.0,15500.0,0,0.0,1.0,12,-2.4492935982947064e-16,1.0,0,0,1,1,14750.0,12.0,27250.0,21.0,35200.0,29.0,21500.0,21.0,20892.85714285714,5688.836185271714,-11750.0,24271.428571428572,6348.18915081347,-11750.0,28560.714285714286,8947.059905487447,-11750.0,21311.03740455688,5121.408411500887,-10932.445816057767,0,0,0,0,1409.0907809917474,0.9999999999354838
2022-12-13,2022-12-13,16.0,17750.0,0.0,17750.0,1,0.7818314824680298,0.6234898018587336,12,-2.4492935982947064e-16,1.0,0,0,0,1,15500.0,11.0,27900.0,24.0,29600.0,25.0,34400.0,28.0,19442.85714285714,4834.5482873642695,-10150.0,23425.0,6373.0125107,-10150.0,27966.071428571428,9096.642172226186,-10150.0,21255.925934326846,1907.9019086699996,-5413.827842996845,0,12,0,0,1109.3749306640668,0.999999999943662
2022-12-14,2022-12-14,20.0,23550.0,0.0,23550.0,2,0.9749279121818236,-0.22252093395631434,12,-2.4492935982947064e-16,1.0,0,0,0,1,17750.0,16.0,23250.0,18.0,34300.0,28.0,36250.0,27.0,19485.714285714286,4875.082416885711,300.0,22657.14285714286,5557.353311080374,300.0,27512.5,8984.22099304397,300.0,21124.855909923863,1713.4884744776452,711.6556155984908,0,24,0,0,1177.4999411250028,0.9999999999575372
2022-12-15,2022-12-15,12.0,10450.0,0.0,10450.0,3,0.43388373911755823,-0.900968867902419,12,-2.4492935982947064e-16,1.0,0,0,0,1,23550.0,20.0,25500.0,20.0,32000.0,25.0,48450.0,39.0,17335.714285714286,5094.336257527713,-15050.0,21117.85714285714,5751.575273946098,-15050.0,26155.35714285714,8564.605667402055,-15050.0,21034.51937980522,1555.3436532376627,-12139.863033042882,0,36,0,0,870.8332607638949,0.9999999999043062
2022-12-16,2022-12-16,23.0,25450.0,0.0,25450.0,4,-0.433883739117558,-0.9009688679024191,12,-2.4492935982947064e-16,1.0,0,1,0,1,10450.0,12.0,24600.0,20.0,27750.0,24.0,39850.0,34.0,17457.14285714286,5302.234479555769,850.0,20953.571428571428,5577.787826097996,850.0,25641.071428571428,8133.2997901338085,850.0,21011.038927443893,4181.316875567403,257.6441969887019,0,48,1,0,1106.521691020796,0.9999999999607072
2022-12-17,2022-12-17,12.0,17100.0,0.0,17100.0,5,-0.9749279121818236,-0.2225209339563146,12,-2.4492935982947064e-16,1.0,1,0,0,1,25450.0,23.0,14750.0,15.0,24700.0,20.0,23000.0,20.0,17792.85714285714,5175.1351489138315,2350.0,20410.714285714286,5554.9069981631255,2350.0,25430.35714285714,8279.373514563222,2350.0,21125.839856169878,-7043.189419071139,3017.3495629012614,0,60,0,0,1424.99988125001,0.9999999999415204
2022-12-18,2022-12-18,7.0,9050.0,0.0,9050.0,6,-0.7818314824680299,0.6234898018587334,12,-2.4492935982947064e-16,1.0,1,0,0,1,17100.0,12.0,14750.0,12.0,17950.0,14.0,18200.0,19.0,16978.571428571428,6099.580391500755,-5700.0,19775.0,6315.388714511914,-5700.0,25103.571428571428,8742.922307569173,-5700.0,21407.374684332775,-9658.725783720482,-2698.648900612294,0,72,0,0,1292.8569581632917,0.9999999998895027
2022-12-19,2022-12-19,20.0,26000.0,0.0,26000.0,0,0.0,1.0,12,-2.4492935982947064e-16,1.0,0,0,1,1,9050.0,7.0,15500.0,11.0,27250.0,21.0,46650.0,33.0,18478.571428571428,6912.299252230082,10500.0,19685.714285714286,6209.528304005191,10500.0,24366.071428571428,7662.24574916748,10500.0,21606.669619649518,6719.613856180595,-2326.2834758301105,0,0,0,0,1299.9999350000032,0.9999999999615384
2022-12-20,2022-12-20,19.0,25200.0,0.0,25200.0,1,0.7818314824680298,0.6234898018587336,12,-2.4492935982947064e-16,1.0,0,0,0,1,26000.0,20.0,17750.0,16.0,27900.0,24.0,32200.0,25.0,19542.85714285714,7341.629506419092,7450.0,19492.85714285714,5972.174489402326,7450.0,24116.071428571428,7509.858379729813,7450.0,21695.801455656005,1658.0899169848983,1846.1086273590954,0,12,0,0,1326.3157196675936,0.9999999999603174
2022-12-21,2022-12-21,15.0,16650.0,0.0,16650.0,2,0.9749279121818236,-0.22252093395631434,12,-2.4492935982947064e-16,1.0,0,0,0,1,25200.0,19.0,23550.0,20.0,23250.0,18.0,39350.0,31.0,18557.14285714286,7175.271688899551,-6900.0,19021.428571428572,5912.981620836596,-6900.0,23305.35714285714,7013.2459236963605,-6900.0,21806.22458615574,5138.93052797861,-10295.155114134348,0,24,0,0,1109.999926000005,0.9999999999399399
2022-12-22,2022-12-22,17.0,22050.0,0.0,22050.0,3,0.43388373911755823,-0.900968867902419,12,-2.4492935982947064e-16,1.0,0,0,0,1,16650.0,15.0,10450.0,12.0,25500.0,20.0,27700.0,20.0,20214.285714285714,6273.735881017114,11600.0,18775.0,5689.894888849315,11600.0,23103.571428571428,6963.222548071294,11600.0,21978.07366252817,217.88049418536332,-145.95415671353476,0,36,0,0,1297.0587472318384,0.9999999999546485
2022-12-23,2022-12-23,19.0,27550.0,0.0,27550.0,4,-0.433883739117558,-0.9009688679024191,12,-2.4492935982947064e-16,1.0,0,1,0,1,22050.0,17.0,25450.0,23.0,24600.0,20.0,34650.0,28.0,20514.285714285714,6607.175032096667,2100.0,18985.714285714286,5969.9384280882305,2100.0,22850.0,6649.380366564956,2100.0,22227.434284012124,2498.198750006765,2824.3669659811094,0,48,1,0,1449.9999236842145,0.9999999999637024
2022-12-24,2022-12-24,9.0,8900.0,0.0,8900.0,5,-0.9749279121818236,-0.2225209339563146,12,-2.4492935982947064e-16,1.0,1,0,0,1,27550.0,19.0,17100.0,12.0,14750.0,15.0,21500.0,16.0,19342.85714285714,7911.564772082497,-8200.0,18567.85714285714,6472.771583952401,-8200.0,22400.0,7151.521464643696,-8200.0,22379.37946446212,-8814.360894305686,-4665.018570156433,0,60,0,0,988.888779012358,0.9999999998876404
2022-12-25,2022-12-25,11.0,12400.0,0.0,12400.0,6,-0.7818314824680299,0.6234898018587334,12,-2.4492935982947064e-16,1.0,1,0,0,1,8900.0,9.0,9050.0,7.0,14750.0,12.0,22500.0,19.0,19821.428571428572,7259.640552560478,3350.0,18400.0,6608.444481232942,3350.0,22039.285714285714,7396.800573907546,3350.0,22488.928951338035,-10892.265630678023,803.3366793399873,0,72,0,0,1127.2726247933979,0.9999999999193548
2022-12-26,2022-12-26,28.0,34400.0,0.0,34400.0,0,0.0,1.0,12,-2.4492935982947064e-16,1.0,0,0,1,1,12400.0,11.0,26000.0,20.0,15500.0,11.0,35200.0,29.0,21021.428571428572,8948.8759602746,8400.0,19750.0,7794.5000333075,8400.0,22010.714285714286,7345.449046390695,8400.0,22480.05058708347,11306.28656113946,613.6628517770696,0,0,0,0,1228.571384693879,0.9999999999709303
2022-12-27,2022-12-27,35.0,50600.0,0.0,50600.0,1,0.7818314824680298,0.6234898018587336,12,-2.4492935982947064e-16,1.0,0,0,0,1,34400.0,28.0,25200.0,19.0,17750.0,16.0,29600.0,25.0,24650.0,14409.256284300953,25400.0,22096.428571428572,11301.624530702089,25400.0,22760.714285714286,9028.354071960044,25400.0,22358.717288222302,1711.1890361840074,26530.093675593693,1,12,0,0,1445.7142444081646,0.9999999999802371
2022-12-28,2022-12-28,30.0,47250.0,0.0,47250.0,2,0.9749279121818236,-0.22252093395631434,12,-2.4492935982947064e-16,1.0,0,0,0,1,50600.0,35.0,16650.0,15.0,23550.0,20.0,34300.0,28.0,29021.428571428572,16118.076217476482,30600.0,23789.285714285714,13158.547654419419,30600.0,23223.214285714286,9928.228387549521,30600.0,22143.01571793056,7681.077548164149,17425.906733905293,0,24,0,0,1574.9999475000018,0.9999999999788359
2022-12-29,2022-12-29,39.0,54900.0,0.0,54900.0,3,0.43388373911755823,-0.900968867902419,12,-2.4492935982947064e-16,1.0,0,0,0,1,47250.0,30.0,22050.0,17.0,10450.0,12.0,32000.0,25.0,33714.28571428572,18374.31890542056,32850.0,26964.285714285714,14935.057216694382,32850.0,24041.071428571428,11497.246478496572,32850.0,21880.038502841886,-655.1599575247598,33675.12145468287,1,36,0,0,1407.692271597634,0.999999999981785
2022-12-30,2022-12-30,35.0,53250.0,0.0,53250.0,4,-0.433883739117558,-0.9009688679024191,12,-2.4492935982947064e-16,1.0,0,1,0,1,54900.0,39.0,27550.0,19.0,25450.0,23.0,27750.0,24.0,37385.71428571428,19472.13210132442,25700.0,28950.0,16485.82141393958,25700.0,24951.785714285714,12744.23967293734,25700.0,21683.619674392936,369.950901811416,31196.429423795646,1,48,1,0,1521.428527959185,0.9999999999812207
2022-12-31,2022-12-31,12.0,13850.0,0.0,13850.0,5,-0.9749279121818236,-0.2225209339563146,12,-2.4492935982947064e-16,1.0,1,0,0,1,53250.0,35.0,8900.0,9.0,17100.0,12.0,24700.0,20.0,38092.857142857145,18321.10414638969,4950.0,28717.85714285714,16687.17387630461,4950.0,24564.285714285714,12915.973867749235,4950.0,21469.00389551043,-9319.209233179019,1700.2053376685908,0,60,0,0,1154.166570486119,0.9999999999277978
2023-01-01,2023-01-01,7.5,9275.0,0.0,9275.0,6,-0.7818314824680299,0.6234898018587334,1,0.49999999999999994,0.8660254037844387,1,0,0,0,13850.0,12.0,12400.0,11.0,9050.0,7.0,17950.0,14.0,37646.42857142857,19074.101270720847,-3125.0,28733.928571428572,16666.870660381664,-3125.0,24254.464285714286,13181.819785239415,-3125.0,20172.25107891966,-10633.75657995909,-263.49449896057195,0,6,0,0,1236.6665017777998,0.9999999998921832
2023-01-02,2023-01-02,3.0,4700.0,0.0,4700.0,0,0.0,1.0,1,0.49999999999999994,0.8660254037844387,0,0,1,0,9275.0,7.5,34400.0,28.0,26000.0,20.0,27250.0,21.0,33403.57142857143,22846.746798739518,-29700.0,27212.5,17864.76643585617,-29700.0,23449.10714285714,13671.778315984677,-29700.0,19735.12867206712,7973.93617928904,-23009.06485135616,1,0,0,0,1566.6661444446183,0.999999999787234
2023-01-03,2023-01-03,20.0,21700.0,0.0,21700.0,1,0.7818314824680298,0.6234898018587336,1,0.49999999999999994,0.8660254037844387,0,0,0,0,4700.0,3.0,50600.0,35.0,25200.0,19.0,27900.0,24.0,29275.0,21808.957448718174,-28900.0,26962.5,17919.50149010421,-28900.0,23227.678571428572,13647.207249385208,-28900.0,19410.85164887319,2412.4886220281155,-123.34027090130621,0,1,0,0,1084.9999457500026,0.9999999999539171
2023-01-04,2023-01-04,21.0,30450.0,0.0,30450.0,2,0.9749279121818236,-0.22252093395631434,1,0.49999999999999994,0.8660254037844387,0,0,0,0,21700.0,20.0,47250.0,30.0,16650.0,15.0,23250.0,18.0,26875.0,20378.680649149002,-16800.0,27948.214285714286,17686.637894961084,-16800.0,23484.821428571428,13715.30528428024,-16800.0,19228.634619365588,10735.467844256153,485.89753637825925,0,2,0,0,1449.9999309523841,0.9999999999671593
2023-01-05,2023-01-05,15.0,18650.0,0.0,18650.0,3,0.43388373911755823,-0.900968867902419,1,0.49999999999999994,0.8660254037844387,0,0,0,0,30450.0,21.0,54900.0,39.0,22050.0,17.0,25500.0,20.0,21696.428571428572,16259.717790264609,-36250.0,27705.35714285714,17796.85629804903,-36250.0,23240.178571428572,13739.100628426977,-36250.0,18935.19290347607,-630.1804558137882,344.98755233771953,0,3,0,0,1243.33325044445,0.9999999999463807
2023-01-06,2023-01-06,15.0,15600.0,0.0,15600.0,4,-0.433883739117558,-0.9009688679024191,1,0.49999999999999994,0.8660254037844387,0,1,0,0,18650.0,15.0,53250.0,35.0,27550.0,19.0,24600.0,20.0,16317.857142857143,8419.282361115473,-37650.0,26851.785714285714,18089.054447281207,-37650.0,22918.75,13811.198195734218,-37650.0,18774.733199225597,-994.8713958932794,-2179.8618033323182,0,4,0,0,1039.9999306666714,0.9999999999358974
2023-01-07,2023-01-07,6.0,7200.0,0.0,7200.0,5,-0.9749279121818236,-0.2225209339563146,1,0.49999999999999994,0.8660254037844387,1,0,0,0,15600.0,15.0,13850.0,12.0,8900.0,9.0,14750.0,15.0,15367.857142857143,9092.427186557876,-6650.0,26730.35714285714,18224.033631052018,-6650.0,22649.10714285714,14048.254277573236,-6650.0,18789.296767757645,-7313.7712069767895,-4275.525560780856,0,5,0,0,1199.9998000000332,0.9999999998611111
2023-01-08,2023-01-08,9.0,11250.0,0.0,11250.0,6,-0.7818314824680299,0.6234898018587334,1,0.49999999999999994,0.8660254037844387,1,0,0,0,7200.0,6.0,9275.0,7.5,12400.0,11.0,14750.0,12.0,15650.0,8900.46815248125,1975.0,26648.214285714286,18296.044297895383,1975.0,22524.10714285714,14136.437490189013,1975.0,19321.92355914108,-10546.318547016197,2474.394987875119,0,6,0,0,1249.9998611111266,0.9999999999111111
2023-01-09,2023-01-09,4.0,5950.0,0.0,5950.0,0,0.0,1.0,1,0.49999999999999994,0.8660254037844387,0,0,1,0,11250.0,9.0,4700.0,3.0,34400.0,28.0,15500.0,11.0,15828.57142857143,8653.268031157202,1250.0,24616.071428571428,18937.548190197285,1250.0,22183.035714285714,14424.458481348927,1250.0,19725.782252431545,7173.871553938542,-20949.653806370086,1,0,0,0,1487.4996281250928,0.9999999998319327
2023-01-10,2023-01-10,10.0,11400.0,0.0,11400.0,1,0.7818314824680298,0.6234898018587336,1,0.49999999999999994,0.8660254037844387,0,0,0,0,5950.0,4.0,21700.0,20.0,50600.0,35.0,17750.0,16.0,14357.142857142857,8359.197956514134,-10300.0,21816.071428571428,17654.67797873887,-10300.0,21956.25,14546.142458283124,-10300.0,20204.439271199193,2417.574638227777,-11222.01390942697,0,1,0,0,1139.9998860000114,0.9999999999122807
2023-01-11,2023-01-11,11.0,13000.0,0.0,13000.0,2,0.9749279121818236,-0.22252093395631434,1,0.49999999999999994,0.8660254037844387,0,0,0,0,11400.0,10.0,30450.0,21.0,47250.0,30.0,23550.0,20.0,11864.285714285714,4446.320040748463,-17450.0,19369.64285714286,16169.74316720604,-17450.0,21579.464285714286,14639.667468602906,-17450.0,20838.107945374984,7766.6980744658495,-15604.806019840835,0,2,0,0,1181.8180743801752,0.9999999999230769
2023-01-12,2023-01-12,17.0,21200.0,0.0,21200.0,3,0.43388373911755823,-0.900968867902419,1,0.49999999999999994,0.8660254037844387,0,0,0,0,13000.0,11.0,18650.0,15.0,54900.0,39.0,10450.0,12.0,12228.57142857143,5144.564861972987,2550.0,16962.5,12584.517158611376,2550.0,21963.39285714286,14477.041981829409,2550.0,21601.617894670657,-522.9509609243985,121.33306625374098,0,3,0,0,1247.0587501730147,0.9999999999528302
2023-01-13,2023-01-13,15.0,19850.0,0.0,19850.0,4,-0.433883739117558,-0.9009688679024191,1,0.49999999999999994,0.8660254037844387,0,1,0,0,21200.0,17.0,15600.0,15.0,53250.0,35.0,25450.0,23.0,12835.714285714286,5815.76265317755,4250.0,14576.785714285714,7182.687949599222,4250.0,21763.39285714286,14465.768152689123,4250.0,22935.36362512251,-182.5666762657211,-2902.7969488567906,0,4,0,0,1323.333245111117,0.9999999999496222
2023-01-14,2023-01-14,15.0,20050.0,0.0,20050.0,5,-0.9749279121818236,-0.2225209339563146,1,0.49999999999999994,0.8660254037844387,1,0,0,0,19850.0,15.0,7200.0,6.0,13850.0,12.0,17100.0,12.0,14671.42857142857,5768.221645566383,12850.0,15019.642857142857,7324.1708546968275,12850.0,21868.75,14441.267746301593,12850.0,23336.3497164038,-3667.0037884123176,380.65407200851405,0,5,0,0,1336.6665775555616,0.9999999999501247
2023-01-15,2023-01-15,10.0,12700.0,0.0,12700.0,6,-0.7818314824680299,0.6234898018587334,1,0.49999999999999994,0.8660254037844387,1,0,0,0,20050.0,15.0,11250.0,9.0,9275.0,7.5,9050.0,7.0,14878.57142857143,5649.694471300835,1450.0,15264.285714285714,7173.17193467401,1450.0,21999.10714285714,14337.37101098434,1450.0,23715.519221555463,-10972.34382341224,-43.17539814322299,0,6,0,0,1269.9998730000127,0.9999999999212598
2023-01-16,2023-01-16,25.0,29200.0,0.0,29200.0,0,0.0,1.0,1,0.49999999999999994,0.8660254037844387,0,0,1,0,12700.0,10.0,5950.0,4.0,4700.0,3.0,26000.0,20.0,18200.0,6320.271618635788,23250.0,17014.285714285714,7383.099947526401,23250.0,22113.39285714286,14383.124889282168,23250.0,24034.858111089856,5235.9039151859915,-70.76202627584644,0,0,0,0,1167.9999532800018,0.9999999999657534
2023-01-17,2023-01-17,19.0,28700.0,0.0,28700.0,1,0.7818314824680298,0.6234898018587336,1,0.49999999999999994,0.8660254037844387,0,0,0,0,29200.0,25.0,11400.0,10.0,21700.0,20.0,25200.0,19.0,20671.428571428572,6594.559445915555,17300.0,17514.285714285714,7940.800884124866,17300.0,22238.39285714286,14426.087933399325,17300.0,24561.431029976047,1788.6689695250907,2349.900000498863,0,1,0,0,1510.5262362880928,0.9999999999651568
2023-01-18,2023-01-18,21.0,27950.0,0.0,27950.0,2,0.9749279121818236,-0.22252093395631434,1,0.49999999999999994,0.8660254037844387,0,0,0,0,28700.0,19.0,13000.0,11.0,30450.0,21.0,16650.0,15.0,22807.14285714286,6098.184741614262,14950.0,17335.714285714286,7650.324994892182,14950.0,22641.964285714286,14422.020607601591,14950.0,24917.991185398187,5686.2583041752905,-2654.249489573478,0,2,0,0,1330.952317573699,0.9999999999642218
2023-01-19,2023-01-19,24.0,25250.0,0.0,25250.0,3,0.43388373911755823,-0.900968867902419,1,0.49999999999999994,0.8660254037844387,0,0,0,0,27950.0,21.0,21200.0,17.0,18650.0,15.0,22050.0,17.0,23385.714285714286,6112.399575570011,4050.0,17807.14285714286,7935.57852921929,4050.0,22756.25,14429.832820635233,4050.0,25085.47348533411,-1720.769998824833,1885.2965134907208,0,3,0,0,1052.0832894965295,0.999999999960396
2023-01-20,2023-01-20,23.0,31100.0,0.0,31100.0,4,-0.433883739117558,-0.9009688679024191,1,0.49999999999999994,0.8660254037844387,0,1,0,0,25250.0,24.0,19850.0,15.0,15600.0,15.0,27550.0,19.0,24992.85714285714,6494.833111239816,11250.0,18914.285714285714,8652.79920406881,11250.0,22883.035714285714,14488.986963238656,11250.0,25101.10604105213,3996.3337812274344,2002.5601777204356,0,4,0,0,1352.1738542533105,0.9999999999678456
2023-01-21,2023-01-21,17.0,26000.0,0.0,26000.0,5,-0.9749279121818236,-0.2225209339563146,1,0.49999999999999994,0.8660254037844387,1,0,0,0,31100.0,23.0,20050.0,15.0,7200.0,6.0,8900.0,9.0,25842.85714285714,6118.580211905681,5950.0,20257.14285714286,8138.509056966735,5950.0,23493.75,14235.944375717361,5950.0,24984.197227111257,-598.5464366004179,1614.349209489159,0,5,0,0,1529.4116747404896,0.9999999999615384
2023-01-22,2023-01-22,9.0,12000.0,0.0,12000.0,6,-0.7818314824680299,0.6234898018587334,1,0.49999999999999994,0.8660254037844387,1,0,0,0,26000.0,17.0,12700.0,10.0,11250.0,9.0,12400.0,11.0,25742.85714285714,6369.74807007235,-700.0,20310.714285714286,8076.89436153974,-700.0,23479.464285714286,14247.685084179,-700.0,24758.69715943399,-11885.479795574762,-873.2173638592249,0,6,0,0,1333.3331851852017,0.9999999999166667
2023-01-23,2023-01-23,21.0,27050.0,0.0,27050.0,0,0.0,1.0,1,0.49999999999999994,0.8660254037844387,0,0,1,0,12000.0,9.0,29200.0,25.0,5950.0,4.0,34400.0,28.0,25435.714285714286,6225.4661328633465,-2150.0,21817.85714285714,7100.693550710312,-2150.0,23216.964285714286,14106.037014623802,-2150.0,24440.272925761572,2656.8853141688114,-47.1582399303843,0,0,0,0,1288.0951767573724,0.9999999999630315
2023-01-24,2023-01-24,19.0,23150.0,0.0,23150.0,1,0.7818314824680298,0.6234898018587336,1,0.49999999999999994,0.8660254037844387,0,0,0,0,27050.0,21.0,28700.0,19.0,11400.0,10.0,50600.0,35.0,24642.85714285714,6092.442625323366,-5550.0,22657.14285714286,6438.103433789804,-5550.0,22236.60714285714,13046.541478248215,-5550.0,24079.223348318978,272.4176344126974,-1201.6409827316747,0,1,0,0,1218.4209885041585,0.9999999999568034
2023-01-25,2023-01-25,19.0,29400.0,0.0,29400.0,2,0.9749279121818236,-0.22252093395631434,1,0.49999999999999994,0.8660254037844387,0,0,0,0,23150.0,19.0,27950.0,21.0,13000.0,11.0,47250.0,30.0,24850.0,6246.332257146316,1450.0,23828.571428571428,6024.524056711078,1450.0,21599.10714285714,12186.810725319494,1450.0,23778.104848625033,3943.872887771179,1678.022263603787,0,2,0,0,1547.3683396121926,0.9999999999659864
2023-01-26,2023-01-26,18.0,17900.0,0.0,17900.0,3,0.43388373911755823,-0.900968867902419,1,0.49999999999999994,0.8660254037844387,0,0,0,0,29400.0,19.0,25250.0,24.0,21200.0,17.0,54900.0,39.0,23800.0,6764.182631084599,-7350.0,23592.85714285714,6197.358529829713,-7350.0,20277.678571428572,10302.528769239409,-7350.0,23747.337537427127,-398.11946421498703,-5449.2180732121415,0,3,0,0,994.4443891975338,0.999999999944134
2023-01-27,2023-01-27,23.0,32100.0,0.0,32100.0,4,-0.433883739117558,-0.9009688679024191,1,0.49999999999999994,0.8660254037844387,0,1,0,0,17900.0,18.0,31100.0,23.0,19850.0,15.0,53250.0,35.0,23942.85714285714,6952.003822126181,1000.0,24467.85714285714,6486.305311454825,1000.0,19522.321428571428,8394.12090142097,1000.0,23903.176339877456,7715.163319120543,481.66034100199977,0,4,0,0,1395.6521132325167,0.9999999999688474
2023-01-28,2023-01-28,11.0,14000.0,0.0,14000.0,5,-0.9749279121818236,-0.2225209339563146,1,0.49999999999999994,0.8660254037844387,1,0,0,0,32100.0,23.0,26000.0,17.0,20050.0,15.0,13850.0,12.0,22228.571428571428,7789.301270699069,-12000.0,24035.714285714286,6985.601360915665,-12000.0,19527.678571428572,8390.41378511514,-12000.0,24275.20497252597,329.1297326767641,-10604.334705202735,0,5,0,0,1272.727157024804,0.9999999999285714
2023-01-29,2023-01-29,7.0,11100.0,0.0,11100.0,6,-0.7818314824680299,0.6234898018587334,1,0.49999999999999994,0.8660254037844387,1,0,0,0,14000.0,11.0,12000.0,9.0,12700.0,10.0,9275.0,7.5,22100.0,7991.088786892551,-900.0,23921.428571428572,7195.263246526398,-900.0,19592.85714285714,8314.564578315847,-900.0,24998.11997616128,-12093.126535987283,-1804.9934401739956,0,6,0,0,1585.7140591837058,0.9999999999099098
2023-01-30,2023-01-30,28.0,39500.0,0.0,39500.0,0,0.0,1.0,1,0.49999999999999994,0.8660254037844387,0,0,1,0,11100.0,7.0,27050.0,21.0,29200.0,25.0,4700.0,3.0,23878.571428571428,10321.977246909342,12450.0,24657.14285714286,8228.862365125347,12450.0,20835.714285714286,8601.914700108162,12450.0,25860.77211753284,904.350321306388,12734.87756116077,0,0,0,0,1410.7142353316344,0.9999999999746836
2023-01-31,2023-01-31,17.0,24250.0,0.0,24250.0,1,0.7818314824680298,0.6234898018587336,1,0.49999999999999994,0.8660254037844387,0,0,0,0,39500.0,28.0,23150.0,19.0,28700.0,19.0,21700.0,20.0,24035.714285714286,10317.4090047564,1100.0,24339.285714285714,8146.216171455824,1100.0,20926.785714285714,8624.87232479693,1100.0,26659.981799657275,-2502.4716787052803,92.48987904800742,0,1,0,0,1426.4705043252643,0.9999999999587629
2023-02-01,2023-02-01,11.0,14750.0,0.0,14750.0,2,0.9749279121818236,-0.22252093395631434,2,0.8660254037844386,0.5000000000000001,0,0,0,0,24250.0,17.0,29400.0,19.0,27950.0,21.0,30450.0,21.0,21942.85714285714,10531.556887573191,-14650.0,23396.428571428572,8454.231172926078,-14650.0,20366.071428571428,8492.142921672763,-14650.0,27447.168810727595,3123.9644813335235,-15821.133292061118,0,4,0,0,1340.9089690082756,0.9999999999322033
2023-02-02,2023-02-02,12.0,12500.0,0.0,12500.0,3,0.43388373911755823,-0.900968867902419,2,0.8660254037844386,0.5000000000000001,0,0,0,0,14750.0,11.0,17900.0,18.0,25250.0,24.0,18650.0,15.0,21171.428571428572,11061.489394247388,-5400.0,22485.714285714286,8913.460619746991,-5400.0,20146.428571428572,8616.789474424988,-5400.0,28177.57358598743,1255.2642015829022,-16932.83778757033,0,6,0,0,1041.6665798611184,0.99999999992
2023-02-03,2023-02-03,32.0,40300.0,0.0,40300.0,4,-0.433883739117558,-0.9009688679024191,2,0.8660254037844386,0.5000000000000001,0,1,0,0,12500.0,12.0,32100.0,23.0,31100.0,23.0,15600.0,15.0,22342.85714285714,12721.387128618888,8200.0,23142.85714285714,9883.725106356524,8200.0,21028.571428571428,9365.880043792435,8200.0,28876.890244885828,10142.581575899167,1280.5281792150054,0,8,0,0,1259.3749606445326,0.9999999999751861
2023-02-04,2023-02-04,30.0,32050.0,0.0,32050.0,5,-0.9749279121818236,-0.2225209339563146,2,0.8660254037844386,0.5000000000000001,1,0,0,0,40300.0,32.0,14000.0,11.0,26000.0,17.0,7200.0,6.0,24921.428571428572,12576.991464007368,18050.0,23575.0,10147.01073829516,18050.0,21916.071428571428,9182.552432733206,18050.0,29516.783363658255,-5.002646618463089,2538.21928296021,0,10,0,0,1068.3332977222233,0.9999999999687987
2023-02-05,2023-02-05,17.0,19000.0,0.0,19000.0,6,-0.7818314824680299,0.6234898018587334,2,0.8660254037844386,0.5000000000000001,1,0,0,0,32050.0,30.0,11100.0,7.0,12000.0,9.0,11250.0,9.0,26050.0,11432.410069622238,7900.0,24075.0,9695.176239124936,7900.0,22192.85714285714,8963.327696020251,7900.0,29987.323337917456,-11437.839956211266,450.5166182938119,0,12,0,0,1117.6469930795886,0.9999999999473684
2023-02-06,2023-02-06,30.0,27750.0,0.0,27750.0,0,0.0,1.0,2,0.8660254037844386,0.5000000000000001,0,0,1,0,19000.0,17.0,39500.0,28.0,27050.0,21.0,5950.0,4.0,24371.428571428572,9886.5589372161,-11750.0,24125.0,9713.48685710118,-11750.0,22971.428571428572,8431.185811017005,-11750.0,30370.347851642764,-433.97093423533715,-2186.376917407426,0,0,0,0,924.9999691666677,0.9999999999639639
2023-02-07,2023-02-07,18.0,24500.0,0.0,24500.0,1,0.7818314824680298,0.6234898018587336,2,0.8660254037844386,0.5000000000000001,0,0,0,0,27750.0,30.0,24250.0,17.0,23150.0,19.0,11400.0,10.0,24407.14285714286,9886.498730230895,250.0,24221.428571428572,9709.763410840964,250.0,23439.285714285714,8123.130635583277,250.0,30753.772773416516,-3266.0508097087863,-2987.7219637077287,0,2,0,0,1361.1110354938312,0.9999999999591836
2023-02-08,2023-02-08,23.0,32450.0,0.0,32450.0,2,0.9749279121818236,-0.22252093395631434,2,0.8660254037844386,0.5000000000000001,0,0,0,0,24500.0,18.0,14750.0,11.0,29400.0,19.0,13000.0,11.0,26935.714285714286,9247.779656297427,17700.0,24439.285714285714,9867.822193126774,17700.0,24133.928571428572,8028.433885969036,17700.0,31242.202114838765,1988.5324746066922,-780.7345894454556,0,4,0,0,1410.869503875239,0.9999999999691833
2023-02-09,2023-02-09,27.0,36450.0,0.0,36450.0,3,0.43388373911755823,-0.900968867902419,2,0.8660254037844386,0.5000000000000001,0,0,0,0,32450.0,23.0,12500.0,12.0,17900.0,18.0,21200.0,17.0,30357.14285714286,7226.307757736578,23950.0,25764.285714285714,10163.19582860382,23950.0,24678.571428571428,8333.504760141544,23950.0,31816.73418427332,3094.1495484388897,1539.1162672877945,0,6,0,0,1349.9999500000017,0.9999999999725652
2023-02-10,2023-02-10,33.0,43750.0,0.0,43750.0,4,-0.433883739117558,-0.9009688679024191,2,0.8660254037844386,0.5000000000000001,0,1,0,0,36450.0,27.0,40300.0,32.0,32100.0,23.0,19850.0,15.0,30850.0,8084.192394213953,3450.0,26596.428571428572,11150.80997895731,3450.0,25532.14285714286,9016.61238724384,3450.0,32540.773775643,11590.937019515519,-381.71079515852034,0,8,0,0,1325.757535583105,0.9999999999771428
2023-02-11,2023-02-11,26.0,30200.0,0.0,30200.0,5,-0.9749279121818236,-0.2225209339563146,2,0.8660254037844386,0.5000000000000001,1,0,0,0,43750.0,33.0,32050.0,30.0,14000.0,11.0,20050.0,15.0,30585.714285714286,8068.648910325401,-1850.0,27753.571428571428,10568.448403069988,-1850.0,25894.64285714286,8992.047302063072,-1850.0,33439.28406870952,-2080.5803133018203,-1158.7037554077033,0,10,0,0,1161.538416863907,0.9999999999668874
2023-02-12,2023-02-12,18.0,24450.0,0.0,24450.0,6,-0.7818314824680299,0.6234898018587334,2,0.8660254037844386,0.5000000000000001,1,0,0,0,30200.0,26.0,19000.0,17.0,11100.0,7.0,12700.0,10.0,31364.285714285714,6949.743057943125,5450.0,28707.14285714286,9498.337043578083,5450.0,26314.285714285714,8619.947335308501,5450.0,34389.53839651379,-10478.186298323717,538.6479018099271,0,12,0,0,1358.3332578703744,0.9999999999591002
2023-02-13,2023-02-13,23.0,36100.0,0.0,36100.0,0,0.0,1.0,2,0.8660254037844386,0.5000000000000001,0,0,1,0,24450.0,18.0,27750.0,30.0,39500.0,28.0,29200.0,25.0,32557.14285714286,6942.587688284817,8350.0,28464.285714285714,9241.137720736955,8350.0,26560.714285714286,8802.2025562509,8350.0,35255.75790359337,-1395.1245507034105,2239.366647110044,0,0,0,0,1569.5651491493413,0.9999999999722992
2023-02-14,2023-02-14,23.0,31600.0,0.0,31600.0,1,0.7818314824680298,0.6234898018587336,2,0.8660254037844386,0.5000000000000001,0,0,0,0,36100.0,23.0,24500.0,18.0,24250.0,17.0,28700.0,19.0,33571.42857142857,6027.634772643502,7100.0,28989.285714285714,9191.952554177096,7100.0,26664.285714285714,8845.26298357925,7100.0,35927.72403133395,-1798.9831067893394,-2528.7409245446106,0,2,0,0,1373.9129837429136,0.9999999999683544
2023-02-15,2023-02-15,29.0,37850.0,0.0,37850.0,2,0.9749279121818236,-0.22252093395631434,2,0.8660254037844386,0.5000000000000001,0,0,0,0,31600.0,23.0,32450.0,23.0,14750.0,11.0,27950.0,21.0,34342.857142857145,6203.186585096726,5400.0,30639.285714285714,8485.444065516684,5400.0,27017.85714285714,9092.95834887588,5400.0,36397.63482611304,363.3523252653797,1089.0128486215763,0,4,0,0,1305.1723687871597,0.9999999999735799
2023-02-16,2023-02-16,37.0,43850.0,0.0,43850.0,3,0.43388373911755823,-0.900968867902419,2,0.8660254037844386,0.5000000000000001,0,0,0,0,37850.0,29.0,36450.0,27.0,12500.0,12.0,25250.0,24.0,35400.0,7176.350047203678,7400.0,32878.57142857143,7397.107394258884,7400.0,27682.14285714286,9622.987661552492,7400.0,36627.2845342029,3898.6388493404834,3324.0766164566157,0,6,0,0,1185.1351031044567,0.999999999977195
2023-02-17,2023-02-17,40.0,49700.0,0.0,49700.0,4,-0.433883739117558,-0.9009688679024191,2,0.8660254037844386,0.5000000000000001,0,1,0,0,43850.0,37.0,43750.0,33.0,40300.0,32.0,31100.0,23.0,36250.0,8550.925875794597,5950.0,33550.0,8471.195538184418,5950.0,28346.428571428572,10472.184750048738,5950.0,36506.708941064404,12438.426139915651,754.864919019943,0,8,0,0,1242.4999689375009,0.9999999999798793
2023-02-18,2023-02-18,19.0,20650.0,0.0,20650.0,5,-0.9749279121818236,-0.2225209339563146,2,0.8660254037844386,0.5000000000000001,1,0,0,0,49700.0,40.0,30200.0,26.0,32050.0,30.0,26000.0,17.0,34885.71428571428,10266.763295772858,-9550.0,32735.714285714286,9147.391990058251,-9550.0,28155.35714285714,10564.978302599182,-9550.0,35785.98414335696,-3631.5711823346737,-11504.412961022288,0,10,0,0,1086.8420480609448,0.9999999999515738
2023-02-19,2023-02-19,19.0,26150.0,0.0,26150.0,6,-0.7818314824680299,0.6234898018587334,2,0.8660254037844386,0.5000000000000001,1,0,0,0,20650.0,19.0,24450.0,18.0,19000.0,17.0,12000.0,9.0,35128.57142857143,9995.284602537064,1700.0,33246.42857142857,8498.064582500732,1700.0,28660.714285714286,10091.400419855627,1700.0,34599.51734140535,-9639.444183793432,1189.9268423880785,0,12,0,0,1376.3157170360148,0.999999999961759
2023-02-20,2023-02-20,19.0,17700.0,0.0,17700.0,0,0.0,1.0,2,0.8660254037844386,0.5000000000000001,0,0,1,0,26150.0,19.0,36100.0,23.0,27750.0,30.0,27050.0,21.0,32500.0,11929.515217867547,-18400.0,32528.571428571428,9377.093905357444,-18400.0,28326.785714285714,10299.231202365945,-18400.0,33035.04813988636,-2433.8914553187005,-12901.156684567664,0,0,0,0,931.5788983379526,0.9999999999435029
2023-02-21,2023-02-21,28.0,35700.0,0.0,35700.0,1,0.7818314824680298,0.6234898018587336,2,0.8660254037844386,0.5000000000000001,0,0,0,0,17700.0,19.0,31600.0,23.0,24500.0,18.0,23150.0,19.0,33085.71428571428,11978.512508018764,4100.0,33328.57142857143,9113.508871781805,4100.0,28775.0,10338.605285978334,4100.0,31412.826386801218,672.7053898655582,3614.468223333224,0,2,0,0,1274.9999544642874,0.9999999999719887
2023-02-22,2023-02-22,32.0,43100.0,0.0,43100.0,2,0.9749279121818236,-0.22252093395631434,2,0.8660254037844386,0.5000000000000001,0,0,0,0,35700.0,28.0,37850.0,29.0,32450.0,23.0,29400.0,19.0,33835.71428571428,12480.375070676444,5250.0,34089.28571428572,9471.966300847856,5250.0,29264.285714285714,10687.573756668658,5250.0,29940.242668276085,-1078.1362428561943,14237.893574580106,0,4,0,0,1346.8749579101577,0.9999999999767981
2023-02-23,2023-02-23,23.0,28300.0,0.0,28300.0,3,0.43388373911755823,-0.900968867902419,2,0.8660254037844386,0.5000000000000001,0,0,0,0,43100.0,32.0,43850.0,37.0,36450.0,27.0,17900.0,18.0,31614.285714285714,11764.16572639536,-15550.0,33507.142857142855,9565.701091014662,-15550.0,29635.714285714286,10456.212552945772,-15550.0,28537.54243266585,2537.243130907428,-2774.7855635732776,0,6,0,0,1230.4347291115334,0.9999999999646643
2023-02-24,2023-02-24,23.0,30600.0,0.0,30600.0,4,-0.433883739117558,-0.9009688679024191,2,0.8660254037844386,0.5000000000000001,0,1,0,0,28300.0,23.0,49700.0,40.0,43750.0,33.0,32100.0,23.0,28885.714285714286,8681.336028405716,-19100.0,32567.85714285714,9117.683729621695,-19100.0,29582.14285714286,10446.957862049047,-19100.0,27126.852908229586,13325.248548759879,-9852.101456989465,0,8,0,0,1330.4347247637077,0.9999999999673203
2023-02-25,2023-02-25,19.0,18650.0,0.0,18650.0,5,-0.9749279121818236,-0.2225209339563146,2,0.8660254037844386,0.5000000000000001,1,0,0,0,30600.0,23.0,20650.0,19.0,30200.0,26.0,14000.0,11.0,28600.0,9023.718745617014,-2000.0,31742.85714285714,9842.174891425577,-2000.0,29748.214285714286,10224.67496669713,-2000.0,25831.627105118358,-3953.7392756739096,-3227.8878294444476,0,10,0,0,981.5788957063738,0.9999999999463807
2023-02-26,2023-02-26,9.0,13650.0,0.0,13650.0,6,-0.7818314824680299,0.6234898018587334,2,0.8660254037844386,0.5000000000000001,1,0,0,0,18650.0,19.0,26150.0,19.0,24450.0,18.0,11100.0,7.0,26814.285714285714,10675.076669736929,-12500.0,30971.428571428572,10831.306375603968,-12500.0,29839.285714285714,10062.493221924158,-12500.0,24974.694337848887,-8224.53843389827,-3100.1559039506174,0,12,0,0,1516.666498148167,0.9999999999267399
2023-02-27,2023-02-27,16.0,21400.0,0.0,21400.0,0,0.0,1.0,2,0.8660254037844386,0.5000000000000001,0,0,1,0,13650.0,9.0,17700.0,19.0,36100.0,23.0,39500.0,28.0,27342.85714285714,10230.93464985109,3700.0,29921.428571428572,11006.985793746511,3700.0,29192.85714285714,10000.080687505157,3700.0,24700.028656415907,-3746.4643887041807,446.4357322882752,0,0,0,0,1337.4999164062551,0.999999999953271
2023-02-28,2023-02-28,21.0,28850.0,0.0,28850.0,1,0.7818314824680298,0.6234898018587336,2,0.8660254037844386,0.5000000000000001,0,0,0,0,21400.0,16.0,35700.0,28.0,31600.0,23.0,24250.0,17.0,26364.285714285714,9606.92954268402,-6850.0,29725.0,10999.261338835495,-6850.0,29357.14285714286,9953.546867227536,-6850.0,24981.582865319673,3021.269489382043,847.1476452982824,0,2,0,0,1373.8094583900256,0.999999999965338
2023-03-01,2023-03-01,19.0,22400.0,0.0,22400.0,2,0.9749279121818236,-0.22252093395631434,3,1.0,6.123233995736766e-17,0,0,0,1,28850.0,21.0,43100.0,32.0,37850.0,29.0,14750.0,11.0,23407.14285714286,6166.808235183205,-20700.0,28621.428571428572,10895.936332937597,-20700.0,29630.35714285714,9637.728133301354,-20700.0,25366.1221674141,-1836.8262517930575,-1129.2959156210454,0,6,0,0,1178.9473063711944,0.9999999999553572
2023-03-02,2023-03-02,22.0,27550.0,0.0,27550.0,3,0.43388373911755823,-0.900968867902419,3,1.0,6.123233995736766e-17,0,0,0,1,22400.0,19.0,28300.0,23.0,43850.0,37.0,12500.0,12.0,23300.0,6073.43944290764,-750.0,27457.14285714286,9975.505715787805,-750.0,30167.85714285714,9048.646453779838,-750.0,25635.81242762598,1323.1521640479905,591.0354083260281,0,9,0,0,1252.2726703512421,0.9999999999637024
2023-03-03,2023-03-03,26.0,40000.0,0.0,40000.0,4,-0.433883739117558,-0.9009688679024191,3,1.0,6.123233995736766e-17,0,1,0,1,27550.0,22.0,30600.0,23.0,49700.0,40.0,40300.0,32.0,24642.85714285714,8507.811536632486,9400.0,26764.285714285714,8546.241381931739,9400.0,30157.14285714286,9036.374173365,9400.0,25709.057394327014,12153.175475864009,2137.767129808977,0,12,0,1,1538.461479289943,0.999999999975
2023-03-04,2023-03-04,17.0,25400.0,0.0,25400.0,5,-0.9749279121818236,-0.2225209339563146,3,1.0,6.123233995736766e-17,1,0,0,1,40000.0,26.0,18650.0,19.0,20650.0,19.0,32050.0,30.0,25607.14285714286,8087.512419950703,6750.0,27103.571428571428,8377.45289649353,6750.0,29919.64285714286,9072.101509223241,6750.0,25609.336795218536,-3490.7736706087207,3281.4368753901836,0,15,0,0,1494.1175591695553,0.9999999999606299
2023-03-05,2023-03-05,14.0,19550.0,0.0,19550.0,6,-0.7818314824680299,0.6234898018587334,3,1.0,6.123233995736766e-17,1,0,0,1,25400.0,17.0,13650.0,9.0,26150.0,19.0,19000.0,17.0,26450.0,6845.801633117906,5900.0,26632.14285714286,8617.504706273046,5900.0,29939.285714285714,9048.146496739255,5900.0,25366.618722659816,-6698.165481595888,881.5467589360742,0,18,0,0,1396.4284716836808,0.9999999999488491
2023-03-06,2023-03-06,16.0,17550.0,0.0,17550.0,0,0.0,1.0,3,1.0,6.123233995736766e-17,0,0,1,1,19550.0,14.0,21400.0,16.0,17700.0,19.0,27750.0,30.0,25900.0,7447.370900749678,-3850.0,26621.428571428572,8629.549285977897,-3850.0,29575.0,9340.171106371452,-3850.0,25003.126122526763,-4630.012420592961,-2823.113701933802,0,0,0,0,1096.8749314453166,0.9999999999430199
2023-03-07,2023-03-07,23.0,29700.0,0.0,29700.0,1,0.7818314824680298,0.6234898018587336,3,1.0,6.123233995736766e-17,0,0,0,1,17550.0,16.0,28850.0,21.0,35700.0,28.0,24500.0,18.0,26021.428571428572,7510.151859475326,850.0,26192.85714285714,8286.152887216742,850.0,29760.714285714286,9287.07143114532,850.0,24674.811999152855,3438.425232861907,1586.7627679852376,0,3,0,0,1291.304291682422,0.9999999999663299
2023-03-08,2023-03-08,17.0,20650.0,0.0,20650.0,2,0.9749279121818236,-0.22252093395631434,3,1.0,6.123233995736766e-17,0,0,0,1,29700.0,23.0,22400.0,19.0,43100.0,32.0,32450.0,23.0,25771.428571428572,7678.045386189162,-1750.0,24589.285714285714,6801.8995811529285,-1750.0,29339.285714285714,9427.19035500068,-1750.0,24416.749857999137,-1613.9179328157325,-2152.8319251834037,0,6,0,0,1214.7058108996582,0.9999999999515738
2023-03-09,2023-03-09,19.0,24000.0,0.0,24000.0,3,0.43388373911755823,-0.900968867902419,3,1.0,6.123233995736766e-17,0,0,0,1,20650.0,17.0,27550.0,22.0,28300.0,23.0,36450.0,27.0,25264.285714285714,7658.204439559898,-3550.0,24282.14285714286,6718.018456213291,-3550.0,28894.64285714286,9372.836434649209,-3550.0,24132.116546083373,876.677142559796,-1008.7936886431671,0,9,0,0,1263.157828254851,0.9999999999583333
2023-03-10,2023-03-10,13.0,17100.0,0.0,17100.0,4,-0.433883739117558,-0.9009688679024191,3,1.0,6.123233995736766e-17,0,1,0,1,24000.0,19.0,40000.0,26.0,30600.0,23.0,43750.0,33.0,21992.85714285714,4591.425756362607,-22900.0,23317.85714285714,6710.285077712878,-22900.0,27942.85714285714,9159.125325028403,-22900.0,23944.674023820604,10605.30139415077,-17449.975417971375,0,12,0,1,1315.3845142011912,0.9999999999415204
2023-03-11,2023-03-11,21.0,32000.0,0.0,32000.0,5,-0.9749279121818236,-0.2225209339563146,3,1.0,6.123233995736766e-17,1,0,0,1,17100.0,13.0,25400.0,17.0,18650.0,19.0,30200.0,26.0,22935.714285714286,5899.1323010050755,6600.0,24271.428571428572,6940.536287351604,6600.0,28007.14285714286,9181.843136660706,6600.0,23893.529659044743,-3289.6326593205968,11396.103000275853,0,15,0,0,1523.809451247169,0.99999999996875
2023-03-12,2023-03-12,20.0,20650.0,0.0,20650.0,6,-0.7818314824680299,0.6234898018587334,3,1.0,6.123233995736766e-17,1,0,0,1,32000.0,21.0,19550.0,14.0,13650.0,9.0,24450.0,18.0,23092.85714285714,5807.855927637153,1100.0,24771.428571428572,6342.915923893594,1100.0,27871.428571428572,9264.082659023907,1100.0,23914.685529895003,-5764.606824062084,2499.921294167081,0,18,0,0,1032.4999483750025,0.9999999999515738
2023-03-13,2023-03-13,17.0,18850.0,0.0,18850.0,0,0.0,1.0,3,1.0,6.123233995736766e-17,0,0,1,1,20650.0,20.0,17550.0,16.0,21400.0,16.0,36100.0,23.0,23278.571428571428,5618.782277835105,1300.0,24589.285714285714,6482.259179170062,1300.0,27255.35714285714,9270.176586333127,1300.0,23976.528038939254,-3570.4677992105,-1556.0602397287548,0,0,0,0,1108.823464186855,0.9999999999469495
2023-03-14,2023-03-14,18.0,24500.0,0.0,24500.0,1,0.7818314824680298,0.6234898018587336,3,1.0,6.123233995736766e-17,0,0,0,1,18850.0,17.0,29700.0,23.0,28850.0,21.0,31600.0,23.0,22535.714285714286,4929.816957869201,-5200.0,24278.571428571428,6365.523553478577,-5200.0,27001.785714285714,9244.00188052749,-5200.0,24110.43809182236,2539.215533340071,-2149.653625162431,0,3,0,0,1361.1110354938312,0.9999999999591836
2023-03-15,2023-03-15,21.0,26600.0,0.0,26600.0,2,0.9749279121818236,-0.22252093395631434,3,1.0,6.123233995736766e-17,0,0,0,1,24500.0,18.0,20650.0,17.0,22400.0,19.0,37850.0,29.0,23385.714285714286,5061.679092761097,5950.0,24578.571428571428,6369.147820238153,5950.0,26600.0,8996.192610292508,5950.0,24256.762131580348,7.93926589718842,2335.2986025224636,0,6,0,0,1266.6666063492091,0.999999999962406
2023-03-16,2023-03-16,21.0,25650.0,0.0,25650.0,3,0.43388373911755823,-0.900968867902419,3,1.0,6.123233995736766e-17,0,0,0,1,26600.0,21.0,24000.0,19.0,27550.0,22.0,43850.0,37.0,23621.428571428572,5132.969993325553,1650.0,24442.85714285714,6321.022834188318,1650.0,25950.0,8337.02140610938,1650.0,24518.789012580797,1050.9921572008636,80.21883021833855,0,9,0,0,1221.4285132653088,0.9999999999610136
2023-03-17,2023-03-17,25.0,30400.0,0.0,30400.0,4,-0.433883739117558,-0.9009688679024191,3,1.0,6.123233995736766e-17,0,1,0,1,25650.0,21.0,17100.0,13.0,40000.0,26.0,49700.0,40.0,25521.428571428572,4765.051341351317,13300.0,23757.14285714286,4854.017255478586,13300.0,25260.714285714286,6989.666408916568,13300.0,24865.848255941608,7846.2988939709785,-2312.1471499125873,0,12,0,1,1215.999951360002,0.9999999999671052
2023-03-18,2023-03-18,23.0,21150.0,0.0,21150.0,5,-0.9749279121818236,-0.2225209339563146,3,1.0,6.123233995736766e-17,1,0,0,1,30400.0,25.0,32000.0,21.0,25400.0,17.0,20650.0,19.0,23971.428571428572,4011.5309985566055,-10850.0,23453.571428571428,4876.216388116566,-10850.0,25278.571428571428,6978.079813501562,-10850.0,25231.708298419544,-3474.2031079900366,-607.5051904295069,0,15,0,0,919.5651774102097,0.9999999999527187
2023-03-19,2023-03-19,18.0,19400.0,0.0,19400.0,6,-0.7818314824680299,0.6234898018587334,3,1.0,6.123233995736766e-17,1,0,0,1,21150.0,23.0,20650.0,20.0,19550.0,14.0,26150.0,19.0,23792.85714285714,4207.0802000346275,-1250.0,23442.85714285714,4885.609053554749,-1250.0,25037.5,7062.939596282901,-1250.0,25667.815480516354,-5940.722387653397,-327.09309286295684,0,18,0,0,1077.7777179012378,0.9999999999484536
2023-03-20,2023-03-20,22.0,26150.0,0.0,26150.0,0,0.0,1.0,3,1.0,6.123233995736766e-17,0,0,1,1,19400.0,18.0,18850.0,17.0,17550.0,16.0,17700.0,19.0,24835.714285714286,3644.8267317887094,7300.0,24057.14285714286,4621.1827133678735,7300.0,25339.285714285714,6916.825395004103,7300.0,26145.69897124181,-1650.6946857285434,1654.995714486733,0,0,0,0,1188.6363096074404,0.999999999961759
2023-03-21,2023-03-21,23.0,29450.0,0.0,29450.0,1,0.7818314824680298,0.6234898018587336,3,1.0,6.123233995736766e-17,0,0,0,1,26150.0,22.0,24500.0,18.0,29700.0,23.0,35700.0,28.0,25542.85714285714,4028.795164337619,4950.0,24039.285714285714,4598.1258126557805,4950.0,25116.071428571428,6666.403516631811,4950.0,26730.64753201687,1649.847968236526,1069.5044997466066,0,3,0,0,1280.4347269376206,0.9999999999660442
2023-03-22,2023-03-22,25.0,27550.0,0.0,27550.0,2,0.9749279121818236,-0.22252093395631434,3,1.0,6.123233995736766e-17,0,0,0,1,29450.0,23.0,26600.0,21.0,20650.0,17.0,43100.0,32.0,25678.571428571428,4085.9369736182502,950.0,24532.14285714286,4576.638300310458,950.0,24560.714285714286,5688.753641125458,950.0,27427.832718010206,1971.537386276853,-1849.3701042870598,0,6,0,0,1101.9999559200016,0.9999999999637024
2023-03-23,2023-03-23,21.0,27800.0,0.0,27800.0,3,0.43388373911755823,-0.900968867902419,3,1.0,6.123233995736766e-17,0,0,0,1,27550.0,25.0,25650.0,21.0,24000.0,19.0,28300.0,23.0,25985.714285714286,4163.503561276445,2150.0,24803.571428571428,4654.669462185077,2150.0,24542.85714285714,5677.354533350428,2150.0,28157.600623608447,1862.814408252023,-2220.4150318604698,0,9,0,0,1323.809460770978,0.9999999999640288
2023-03-24,2023-03-24,28.0,36350.0,0.0,36350.0,4,-0.433883739117558,-0.9009688679024191,3,1.0,6.123233995736766e-17,0,1,0,1,27800.0,21.0,30400.0,25.0,17100.0,13.0,30600.0,23.0,26835.714285714286,5580.973204089201,5950.0,26178.571428571428,5031.9255484630785,5950.0,24748.214285714286,5999.420992785671,5950.0,28996.459686975304,5223.661682020764,2129.8786310039322,0,12,0,1,1298.2142393494914,0.9999999999724897
2023-03-25,2023-03-25,18.0,18150.0,0.0,18150.0,5,-0.9749279121818236,-0.2225209339563146,3,1.0,6.123233995736766e-17,1,0,0,1,36350.0,28.0,21150.0,23.0,32000.0,21.0,18650.0,19.0,26407.14285714286,6174.033566169707,-3000.0,25189.285714285714,5159.2403499945185,-3000.0,24730.35714285714,6018.956770775627,-3000.0,30024.357760875104,-3825.316000680659,-8049.041760194446,0,15,0,0,1008.3332773148179,0.9999999999449035
2023-03-26,2023-03-26,21.0,23850.0,0.0,23850.0,6,-0.7818314824680299,0.6234898018587334,3,1.0,6.123233995736766e-17,1,0,0,1,18150.0,18.0,19400.0,18.0,20650.0,20.0,13650.0,9.0,27042.85714285714,5527.539278575076,4450.0,25417.85714285714,5011.433356407614,4450.0,25094.64285714286,5618.872618003956,4450.0,31201.962158580292,-7347.113641606595,-4.848516973699589,0,18,0,0,1135.7142316326556,0.9999999999580713
2023-03-27,2023-03-27,26.0,31800.0,0.0,31800.0,0,0.0,1.0,3,1.0,6.123233995736766e-17,0,0,1,1,23850.0,21.0,26150.0,22.0,18850.0,17.0,21400.0,16.0,27850.0,5782.084399245643,5650.0,26342.85714285714,4899.798156865519,5650.0,25466.071428571428,5708.620083169694,5650.0,32507.68648822194,508.99666437467266,-1216.6831525966154,0,0,0,0,1223.0768760355047,0.9999999999685535
2023-03-28,2023-03-28,27.0,32400.0,0.0,32400.0,1,0.7818314824680298,0.6234898018587336,3,1.0,6.123233995736766e-17,0,0,0,1,31800.0,26.0,29450.0,23.0,24500.0,18.0,28850.0,21.0,28271.428571428572,6020.718197943455,2950.0,26907.14285714286,5121.142343374157,2950.0,25592.85714285714,5824.798745302754,2950.0,33851.54462835828,2038.3116781156746,-3489.8563064739537,0,3,0,0,1199.999955555557,0.9999999999691358
2023-03-29,2023-03-29,34.0,39650.0,0.0,39650.0,2,0.9749279121818236,-0.22252093395631434,3,1.0,6.123233995736766e-17,0,0,0,1,32400.0,27.0,27550.0,25.0,26600.0,21.0,22400.0,19.0,30000.0,7365.799345624341,12100.0,27839.285714285714,6146.048717278918,12100.0,26208.928571428572,6362.055537432515,12100.0,35203.86653728147,1882.6437533835854,2563.4897093349427,0,6,0,0,1166.1764362889285,0.9999999999747793
2023-03-30,2023-03-30,35.0,42900.0,0.0,42900.0,3,0.43388373911755823,-0.900968867902419,3,1.0,6.123233995736766e-17,0,0,0,1,39650.0,34.0,27800.0,21.0,25650.0,21.0,27550.0,22.0,32157.14285714286,8703.707474951345,15100.0,29071.428571428572,7295.0909280387195,15100.0,26757.14285714286,7100.400540158835,15100.0,36620.741594859755,2036.4024331344158,4242.855972005826,0,9,0,0,1225.7142506938787,0.99999999997669
2023-03-31,2023-03-31,35.0,40450.0,0.0,40450.0,4,-0.433883739117558,-0.9009688679024191,3,1.0,6.123233995736766e-17,0,1,0,1,42900.0,35.0,36350.0,28.0,30400.0,25.0,40000.0,26.0,32742.85714285714,9158.940466898484,4100.0,29789.285714285714,7904.87139416215,4100.0,26773.214285714286,7131.924603147007,4100.0,37999.50094799075,4573.278696507401,-2122.7796444981577,0,12,0,1,1155.7142526938785,0.9999999999752781
2023-04-01,2023-04-01,39.0,37850.0,0.0,37850.0,5,-0.9749279121818236,-0.2225209339563146,4,0.8660254037844387,-0.4999999999999998,1,0,0,0,40450.0,35.0,18150.0,18.0,21150.0,23.0,25400.0,17.0,35557.142857142855,6595.543228286117,19700.0,30982.14285714286,7759.599690875737,19700.0,27217.85714285714,7425.209989370227,19700.0,38902.87030712648,-3457.147517548407,2404.2772104219257,0,20,0,0,970.5127956278772,0.9999999999735799
2023-04-02,2023-04-02,25.0,30500.0,0.0,30500.0,6,-0.7818314824680299,0.6234898018587334,4,0.8660254037844387,-0.4999999999999998,1,0,0,0,37850.0,39.0,23850.0,21.0,19400.0,18.0,19550.0,14.0,36507.142857142855,4885.474096017457,6650.0,31775.0,7016.649156443336,6650.0,27608.928571428572,7293.592489446912,6650.0,39185.533841212346,-7893.618687028142,-791.9151541842075,0,24,0,0,1219.999951200002,0.9999999999672131
2023-04-03,2023-04-03,41.0,45350.0,0.0,45350.0,0,0.0,1.0,4,0.8660254037844387,-0.4999999999999998,0,0,1,0,30500.0,25.0,31800.0,26.0,26150.0,22.0,17550.0,16.0,38442.857142857145,5369.933935924265,13550.0,33146.42857142857,7677.851870195279,13550.0,28601.785714285714,7751.385564826661,13550.0,38762.60471773611,1112.401992984646,5474.993289279242,0,0,0,0,1106.0975339976212,0.9999999999779493
2023-04-04,2023-04-04,39.0,45150.0,0.0,45150.0,1,0.7818314824680298,0.6234898018587336,4,0.8660254037844387,-0.4999999999999998,0,0,0,0,45350.0,41.0,32400.0,27.0,29450.0,23.0,29700.0,23.0,40264.28571428572,5135.879856924484,12750.0,34267.857142857145,8223.596610291215,12750.0,29153.571428571428,8358.583175300262,12750.0,37924.70024435793,1795.6255228206533,5429.674232821417,0,4,0,0,1157.6922780078903,0.9999999999778516
2023-04-05,2023-04-05,44.0,58250.0,0.0,58250.0,2,0.9749279121818236,-0.22252093395631434,4,0.8660254037844387,-0.4999999999999998,0,0,0,0,45150.0,39.0,39650.0,34.0,27550.0,25.0,20650.0,17.0,42921.42857142857,8484.783298296346,18600.0,36460.71428571428,10159.689928858643,18600.0,30496.428571428572,9832.259155749505,18600.0,36802.786781968716,1829.537767907559,19617.675450123723,0,8,0,0,1323.8636062758271,0.9999999999828326
2023-04-06,2023-04-06,30.0,38050.0,0.0,38050.0,3,0.43388373911755823,-0.900968867902419,4,0.8660254037844387,-0.4999999999999998,0,0,0,0,58250.0,44.0,42900.0,35.0,27800.0,21.0,24000.0,19.0,42228.57142857143,8682.542693188934,-4850.0,37192.857142857145,9852.232412833446,-4850.0,30998.214285714286,9846.94427261251,-4850.0,35604.930982992926,2388.372128254075,56.696888753001986,0,12,0,0,1268.3332910555569,0.9999999999737188
2023-04-07,2023-04-07,35.0,51650.0,0.0,51650.0,4,-0.433883739117558,-0.9009688679024191,4,0.8660254037844387,-0.4999999999999998,0,1,0,0,38050.0,30.0,40450.0,35.0,36350.0,28.0,17100.0,13.0,43828.57142857143,9309.486968627687,11200.0,38285.71428571428,10573.705204810864,11200.0,32232.14285714286,10199.284781439814,11200.0,34219.13201419138,3939.503100982605,13491.364884826013,0,16,0,0,1475.7142435510218,0.9999999999806389
2023-04-08,2023-04-08,22.0,28550.0,0.0,28550.0,5,-0.9749279121818236,-0.2225209339563146,4,0.8660254037844387,-0.4999999999999998,1,0,0,0,51650.0,35.0,37850.0,39.0,18150.0,18.0,32000.0,21.0,42500.0,10842.31678809166,-9300.0,39028.57142857143,9344.079044336891,-9300.0,32108.928571428572,10223.004682354866,-9300.0,32535.078874793635,-2963.9265894952496,-1021.1522852983871,0,20,0,0,1297.7272137396722,0.9999999999649737
2023-04-09,2023-04-09,15.0,12450.0,0.0,12450.0,6,-0.7818314824680299,0.6234898018587334,4,0.8660254037844387,-0.4999999999999998,1,0,0,0,28550.0,22.0,30500.0,25.0,23850.0,21.0,20650.0,20.0,39921.42857142857,15372.021585303877,-18050.0,38214.28571428572,11100.249972435397,-18050.0,31816.071428571428,10671.058588636657,-18050.0,30635.709025844346,-8050.919910195548,-10134.789115648797,0,24,0,0,829.9999446666704,0.9999999999196787
2023-04-10,2023-04-10,24.0,29700.0,0.0,29700.0,0,0.0,1.0,4,0.8660254037844387,-0.4999999999999998,0,0,1,0,12450.0,15.0,45350.0,41.0,31800.0,26.0,18850.0,17.0,37685.71428571428,15587.46061972344,-15650.0,38064.28571428572,11207.268049924553,-15650.0,32203.571428571428,10375.692110528653,-15650.0,28979.87640404563,1178.5313976651755,-458.40780171080405,0,0,0,0,1237.499948437502,0.9999999999663299
2023-04-11,2023-04-11,30.0,30000.0,0.0,30000.0,1,0.7818314824680298,0.6234898018587336,4,0.8660254037844387,-0.4999999999999998,0,0,0,0,29700.0,24.0,45150.0,39.0,32400.0,27.0,24500.0,18.0,35521.42857142857,15429.29727128603,-15150.0,37892.857142857145,11318.379490267891,-15150.0,32400.0,10276.03288491486,-15150.0,27737.574356834622,1694.0566992551292,568.3689439102491,0,4,0,0,999.9999666666678,0.9999999999666667
2023-04-12,2023-04-12,21.0,26400.0,0.0,26400.0,2,0.9749279121818236,-0.22252093395631434,4,0.8660254037844387,-0.4999999999999998,0,0,0,0,30000.0,30.0,58250.0,44.0,39650.0,34.0,26600.0,21.0,30971.428571428572,11902.900806906166,-31850.0,36946.42857142857,11707.434591970914,-31850.0,32392.85714285714,10280.282406101795,-31850.0,26733.98111628938,1803.158934908715,-2137.1400511980937,0,8,0,0,1257.1427972789143,0.9999999999621212
2023-04-13,2023-04-13,18.0,23650.0,0.0,23650.0,3,0.43388373911755823,-0.900968867902419,4,0.8660254037844387,-0.4999999999999998,0,0,0,0,26400.0,21.0,38050.0,30.0,42900.0,35.0,25650.0,21.0,28914.285714285714,11718.564839807028,-14400.0,35571.42857142857,12078.950449275226,-14400.0,32321.428571428572,10335.666659243856,-14400.0,25882.709541671687,2873.1966678867834,-5105.90620955847,0,12,0,0,1313.8888158950658,0.9999999999577167
2023-04-14,2023-04-14,25.0,30150.0,0.0,30150.0,4,-0.433883739117558,-0.9009688679024191,4,0.8660254037844387,-0.4999999999999998,0,1,0,0,23650.0,18.0,51650.0,35.0,40450.0,35.0,30400.0,25.0,25842.85714285714,6357.7661545695255,-21500.0,34835.71428571428,12072.623648496789,-21500.0,32312.5,10337.495801423293,-21500.0,25141.653183621893,4236.125460464621,772.2213559134871,0,16,0,0,1205.999951760002,0.9999999999668325
2023-04-15,2023-04-15,19.0,23100.0,0.0,23100.0,5,-0.9749279121818236,-0.2225209339563146,4,0.8660254037844387,-0.4999999999999998,1,0,0,0,30150.0,25.0,28550.0,22.0,37850.0,39.0,21150.0,23.0,25064.285714285714,6304.476867387792,-5450.0,33782.142857142855,12427.723461662737,-5450.0,32382.14285714286,10265.829820563054,-5450.0,24566.901716983404,-3286.8647459663907,1819.9630289829875,0,20,0,0,1215.7894096952941,0.99999999995671
2023-04-16,2023-04-16,12.0,17000.0,0.0,17000.0,6,-0.7818314824680299,0.6234898018587334,4,0.8660254037844387,-0.4999999999999998,1,0,0,0,23100.0,19.0,12450.0,15.0,30500.0,25.0,19400.0,18.0,25714.285714285714,4855.1273829592965,4550.0,32817.857142857145,13201.625878056753,4550.0,32296.428571428572,10387.536411412115,4550.0,24046.949858058568,-7951.093339062754,904.1434810041865,0,24,0,0,1416.666548611121,0.9999999999411765
2023-04-17,2023-04-17,19.0,23700.0,0.0,23700.0,0,0.0,1.0,4,0.8660254037844387,-0.4999999999999998,0,0,1,0,17000.0,12.0,29700.0,24.0,45350.0,41.0,26150.0,22.0,24857.14285714286,4554.524176704925,-6000.0,31271.428571428572,12884.930289738875,-6000.0,32208.928571428572,10451.351618875688,-6000.0,23474.61275958692,294.8698641019603,-69.48262368888027,0,0,0,0,1247.3683554016654,0.9999999999578059
2023-04-18,2023-04-18,15.0,20650.0,0.0,20650.0,1,0.7818314824680298,0.6234898018587336,4,0.8660254037844387,-0.4999999999999998,0,0,0,0,23700.0,19.0,30000.0,30.0,45150.0,39.0,29450.0,23.0,23521.428571428572,4147.776225768053,-9350.0,29521.428571428572,12513.38843438865,-9350.0,31894.64285714286,10667.468192851687,-9350.0,22827.548238451553,1331.793340606968,-3509.3415790585204,0,4,0,0,1376.6665748888952,0.9999999999515738
2023-04-19,2023-04-19,19.0,25650.0,0.0,25650.0,2,0.9749279121818236,-0.22252093395631434,4,0.8660254037844387,-0.4999999999999998,0,0,0,0,20650.0,15.0,26400.0,21.0,58250.0,44.0,27550.0,25.0,23414.285714285714,4069.9830349475606,-750.0,27192.85714285714,9402.738086136651,-750.0,31826.785714285714,10702.11542036897,-750.0,22194.642198179776,1297.2519600942653,2158.105841725959,0,8,0,0,1349.9999289473722,0.9999999999610136
2023-04-20,2023-04-20,26.0,28950.0,0.0,28950.0,3,0.43388373911755823,-0.900968867902419,4,0.8660254037844387,-0.4999999999999998,0,0,0,0,25650.0,19.0,23650.0,18.0,38050.0,30.0,27800.0,21.0,24171.428571428572,4581.926190920882,5300.0,26542.85714285714,8895.306825314385,5300.0,31867.85714285714,10688.287240104653,5300.0,21685.093483465287,2871.058589674438,4393.847926860275,0,12,0,0,1113.4614956360963,0.9999999999654576
2023-04-21,2023-04-21,17.0,23050.0,0.0,23050.0,4,-0.433883739117558,-0.9009688679024191,4,0.8660254037844387,-0.4999999999999998,0,1,0,0,28950.0,26.0,30150.0,25.0,51650.0,35.0,36350.0,28.0,23157.14285714286,3747.8247659395047,-7100.0,24500.0,5203.918641828496,-7100.0,31392.85714285714,10776.884679082505,-7100.0,21317.158499770405,5916.061296154818,-4183.219795925223,0,16,0,0,1355.8822731833957,0.999999999956616
2023-04-22,2023-04-22,10.0,13400.0,0.0,13400.0,5,-0.9749279121818236,-0.2225209339563146,4,0.8660254037844387,-0.4999999999999998,1,0,0,0,23050.0,17.0,23100.0,19.0,28550.0,22.0,18150.0,18.0,21771.428571428572,5260.454443522902,-9700.0,23417.85714285714,5834.005324977765,-9700.0,31223.214285714286,11027.536931119097,-9700.0,21132.466836771582,-3054.553582107433,-4677.913254664149,0,20,0,0,1339.9998660000135,0.9999999999253731
2023-04-23,2023-04-23,16.0,12250.0,0.0,12250.0,6,-0.7818314824680299,0.6234898018587334,4,0.8660254037844387,-0.4999999999999998,1,0,0,0,13400.0,10.0,17000.0,12.0,12450.0,15.0,23850.0,21.0,21092.85714285714,6200.835197201742,-4750.0,23403.571428571428,5863.100528065213,-4750.0,30808.928571428572,11521.622615691444,-4750.0,21163.073961987124,-7659.195063650093,-1253.8788983370323,0,24,0,0,765.6249521484405,0.9999999999183673
2023-04-24,2023-04-24,14.0,20150.0,0.0,20150.0,0,0.0,1.0,4,0.8660254037844387,-0.4999999999999998,0,0,1,0,12250.0,16.0,23700.0,19.0,29700.0,24.0,31800.0,26.0,20585.714285714286,6096.359178894729,-3550.0,22721.428571428572,5624.900487520308,-3550.0,30392.85714285714,11693.57780599085,-3550.0,21352.171435380784,-761.8609122968566,-440.3105230839283,0,0,0,0,1439.2856114795993,0.9999999999503721
2023-04-25,2023-04-25,20.0,23900.0,0.0,23900.0,1,0.7818314824680298,0.6234898018587336,4,0.8660254037844387,-0.4999999999999998,0,0,0,0,20150.0,14.0,20650.0,15.0,30000.0,30.0,32400.0,27.0,21050.0,6224.4812367510185,3250.0,22285.714285714286,5240.868563196749,3250.0,30089.285714285714,11749.738824070191,3250.0,21615.40964021661,-52.2997938000412,2336.89015358343,0,4,0,0,1194.999940250003,0.999999999958159
2023-04-26,2023-04-26,11.0,14650.0,0.0,14650.0,2,0.9749279121818236,-0.22252093395631434,4,0.8660254037844387,-0.4999999999999998,0,0,0,0,23900.0,20.0,25650.0,19.0,26400.0,21.0,39650.0,34.0,19478.571428571428,6258.051956137225,-11000.0,21446.428571428572,5467.261453616277,-11000.0,29196.428571428572,11944.57050505645,-11000.0,22048.62366750985,1522.3028452668343,-8920.926512776687,0,8,0,0,1331.8180607438128,0.9999999999317406
2023-04-27,2023-04-27,19.0,24650.0,0.0,24650.0,3,0.43388373911755823,-0.900968867902419,4,0.8660254037844387,-0.4999999999999998,0,0,0,0,14650.0,11.0,28950.0,26.0,23650.0,18.0,42900.0,35.0,18864.285714285714,5313.090303338272,-4300.0,21517.85714285714,5504.66959613726,-4300.0,28544.64285714286,11663.732482498064,-4300.0,22484.38250324932,3218.5348012386658,-1052.9173044879863,0,12,0,0,1297.3683527700866,0.999999999959432
2023-04-28,2023-04-28,26.0,34900.0,0.0,34900.0,4,-0.433883739117558,-0.9009688679024191,4,0.8660254037844387,-0.4999999999999998,0,1,0,0,24650.0,19.0,23050.0,17.0,30150.0,25.0,40450.0,35.0,20557.14285714286,8051.264319524973,11850.0,21857.14285714286,6182.321481539077,11850.0,28346.428571428572,11499.92696089067,11850.0,22758.339021072516,7272.328733878221,4869.332245049263,0,16,0,0,1342.3076406804753,0.9999999999713467
2023-04-29,2023-04-29,14.0,21400.0,0.0,21400.0,5,-0.9749279121818236,-0.2225209339563146,4,0.8660254037844387,-0.4999999999999998,1,0,0,0,34900.0,26.0,13400.0,10.0,23100.0,19.0,37850.0,39.0,21700.0,7408.1036709807795,8000.0,21735.714285714286,6172.720026655439,8000.0,27758.928571428572,11416.322408203194,8000.0,22943.700462278954,-3069.9331375504935,1526.232675271538,0,20,0,0,1528.571319387763,0.999999999953271
2023-04-30,2023-04-30,9.0,14300.0,0.0,14300.0,6,-0.7818314824680299,0.6234898018587334,4,0.8660254037844387,-0.4999999999999998,1,0,0,0,21400.0,14.0,12250.0,16.0,17000.0,12.0,30500.0,25.0,21992.85714285714,7001.632462708685,2050.0,21542.85714285714,6371.054047042,2050.0,27180.35714285714,11679.72554286332,2050.0,23046.69131409528,-6633.980074371075,-2112.7112397242054,0,24,0,0,1588.8887123456987,0.9999999999300699
2023-05-01,2023-05-01,6.0,5700.0,0.0,5700.0,0,0.0,1.0,5,0.49999999999999994,-0.8660254037844387,0,0,1,0,14300.0,9.0,20150.0,14.0,23700.0,19.0,45350.0,41.0,19928.571428571428,9366.334090011578,-14450.0,20257.14285714286,7599.9710814950395,-14450.0,25764.285714285714,11798.233210032215,-14450.0,23062.745462460847,-1722.3082279586147,-15640.437234502233,0,0,0,0,949.999841666693,0.9999999998245613
2023-05-02,2023-05-02,17.0,22450.0,0.0,22450.0,1,0.7818314824680298,0.6234898018587336,5,0.49999999999999994,-0.8660254037844387,0,0,0,0,5700.0,6.0,23900.0,20.0,20650.0,15.0,45150.0,39.0,19721.428571428572,9279.496086482623,-1450.0,20385.714285714286,7622.321183194833,-1450.0,24953.571428571428,11180.554618949,-1450.0,23047.374354270447,-741.0414558817442,143.66710161129595,0,5,0,0,1320.5881576124611,0.9999999999554565
2023-05-03,2023-05-03,17.0,23250.0,0.0,23250.0,2,0.9749279121818236,-0.22252093395631434,5,0.49999999999999994,-0.8660254037844387,0,0,0,0,22450.0,17.0,14650.0,11.0,25650.0,19.0,58250.0,44.0,20950.0,9062.92815080565,8600.0,20214.285714285714,7521.135055792641,8600.0,23703.571428571428,9079.136936583116,8600.0,22962.093857683805,1668.4817402319175,-1380.575597915722,0,10,0,0,1367.646978373707,0.9999999999569892
2023-05-04,2023-05-04,20.0,26150.0,0.0,26150.0,3,0.43388373911755823,-0.900968867902419,5,0.49999999999999994,-0.8660254037844387,0,0,0,0,23250.0,17.0,24650.0,19.0,28950.0,26.0,38050.0,30.0,21164.285714285714,9181.943979250478,1500.0,20014.285714285714,7305.093812155736,1500.0,23278.571428571428,8651.13382176676,1500.0,22814.026283769195,1966.632075843718,1369.341640387087,0,15,0,0,1307.499934625003,0.999999999961759
2023-05-05,2023-05-05,23.0,30450.0,0.0,30450.0,4,-0.433883739117558,-0.9009688679024191,5,0.49999999999999994,-0.8660254037844387,0,1,0,0,26150.0,20.0,34900.0,26.0,23050.0,17.0,51650.0,35.0,20528.571428571428,8170.8249860329115,-4450.0,20542.85714285714,7793.065387372841,-4450.0,22521.428571428572,6807.341197552432,-4450.0,22736.20037314978,7956.494214226744,-242.69458737652167,0,20,0,0,1323.9129859168265,0.9999999999671593
2023-05-06,2023-05-06,20.0,20200.0,0.0,20200.0,5,-0.9749279121818236,-0.2225209339563146,5,0.49999999999999994,-0.8660254037844387,1,0,0,0,30450.0,23.0,21400.0,14.0,13400.0,10.0,28550.0,22.0,20357.14285714286,8162.078400108797,-1200.0,21028.571428571428,7520.784387429168,-1200.0,22223.214285714286,6715.742728606107,-1200.0,22689.988634679197,-2783.7323968280853,293.74376214888616,0,25,0,0,1009.9999495000025,0.999999999950495
2023-05-07,2023-05-07,15.0,19300.0,0.0,19300.0,6,-0.7818314824680299,0.6234898018587334,5,0.49999999999999994,-0.8660254037844387,1,0,0,0,20200.0,20.0,14300.0,9.0,12250.0,16.0,12450.0,15.0,21071.428571428572,7752.142560977135,5000.0,21532.14285714286,7112.735250749414,5000.0,22467.85714285714,6466.684053323082,5000.0,22612.790696660235,-5098.650127020382,1785.8594303601458,0,30,0,0,1286.6665808888947,0.9999999999481866
2023-05-08,2023-05-08,15.0,20200.0,0.0,20200.0,0,0.0,1.0,5,0.49999999999999994,-0.8660254037844387,0,0,1,0,19300.0,15.0,5700.0,6.0,20150.0,14.0,29700.0,24.0,23142.85714285714,3979.4711302118476,14500.0,21535.714285714286,7112.00038319389,14500.0,22128.571428571428,6320.754006994072,14500.0,22535.292938809565,-1878.389342117505,-456.9035966920601,0,0,0,0,1346.666576888895,0.999999999950495
2023-05-09,2023-05-09,9.0,17500.0,0.0,17500.0,1,0.7818314824680298,0.6234898018587336,5,0.49999999999999994,-0.8660254037844387,0,0,0,0,20200.0,15.0,22450.0,17.0,23900.0,20.0,30000.0,30.0,22435.714285714286,4525.457093461488,-4950.0,21078.571428571428,7153.904643504286,-4950.0,21682.14285714286,6184.167573039156,-4950.0,22415.29852702804,-1169.2110139214583,-3746.087513106584,0,5,0,0,1944.444228395086,0.9999999999428572
2023-05-10,2023-05-10,19.0,25700.0,0.0,25700.0,2,0.9749279121818236,-0.22252093395631434,5,0.49999999999999994,-0.8660254037844387,0,0,0,0,17500.0,9.0,23250.0,17.0,14650.0,11.0,26400.0,21.0,22785.714285714286,4690.656873483813,2450.0,21867.85714285714,6997.9559417474175,2450.0,21657.14285714286,6165.776426517537,2450.0,22209.496099953616,1794.1347493004448,1696.3691507459407,0,10,0,0,1352.6315077562363,0.9999999999610895
2023-05-11,2023-05-11,22.0,22750.0,0.0,22750.0,3,0.43388373911755823,-0.900968867902419,5,0.49999999999999994,-0.8660254037844387,0,0,0,0,25700.0,19.0,26150.0,20.0,24650.0,19.0,23650.0,18.0,22300.0,4454.305033709783,-3400.0,21732.14285714286,6958.160873912973,-3400.0,21625.0,6157.342801109161,-3400.0,22050.309420749527,443.28362822093436,256.4069510295376,0,15,0,0,1034.090862086779,0.9999999999560439
2023-05-12,2023-05-12,15.0,18550.0,0.0,18550.0,4,-0.433883739117558,-0.9009688679024191,5,0.49999999999999994,-0.8660254037844387,0,1,0,0,22750.0,22.0,30450.0,23.0,34900.0,26.0,30150.0,25.0,20600.0,2782.534815595082,-11900.0,20564.285714285714,5864.148851985446,-11900.0,21210.714285714286,5949.23520050266,-11900.0,21942.64021564146,7224.470261918496,-10617.110477559956,0,20,0,0,1236.6665842222278,0.9999999999460917
2023-05-13,2023-05-13,21.0,19650.0,0.0,19650.0,5,-0.9749279121818236,-0.2225209339563146,5,0.49999999999999994,-0.8660254037844387,1,0,0,0,18550.0,15.0,20200.0,20.0,21400.0,14.0,23100.0,19.0,20521.428571428572,2803.3992971116986,-550.0,20439.285714285714,5863.615928609428,-550.0,21087.5,5944.3814898016735,-550.0,21827.818947717216,-2494.512543806608,316.6935960893934,0,25,0,0,935.7142411564647,0.9999999999491094
2023-05-14,2023-05-14,14.0,18350.0,0.0,18350.0,6,-0.7818314824680299,0.6234898018587334,5,0.49999999999999994,-0.8660254037844387,1,0,0,0,19650.0,21.0,19300.0,15.0,14300.0,9.0,17000.0,12.0,20385.714285714286,2893.9180888132673,-950.0,20728.571428571428,5632.79252665604,-950.0,21135.714285714286,5915.40451550112,-950.0,21677.2321525904,-3733.072522957653,405.84037036725204,0,30,0,0,1310.7141920918434,0.999999999945504
2023-05-15,2023-05-15,15.0,17800.0,0.0,17800.0,0,0.0,1.0,5,0.49999999999999994,-0.8660254037844387,0,0,1,0,18350.0,14.0,20200.0,15.0,5700.0,6.0,23700.0,19.0,20042.85714285714,3057.1539830681018,-2400.0,21592.85714285714,3769.6080771010725,-2400.0,20925.0,5925.752022911312,-2400.0,21411.911120087803,-629.0643530095758,-2982.8467670782265,0,0,0,0,1186.666587555561,0.9999999999438202
2023-05-16,2023-05-16,17.0,23350.0,0.0,23350.0,1,0.7818314824680298,0.6234898018587336,5,0.49999999999999994,-0.8660254037844387,0,0,0,0,17800.0,15.0,17500.0,9.0,22450.0,17.0,20650.0,15.0,20878.571428571428,3045.742539849094,5850.0,21657.14285714286,3792.9518210075007,5850.0,21021.428571428572,5943.054280409581,5850.0,21117.839812069746,-1775.4845635990528,4007.6447515293075,0,5,0,0,1373.5293309688627,0.9999999999571735
2023-05-17,2023-05-17,20.0,23600.0,0.0,23600.0,2,0.9749279121818236,-0.22252093395631434,5,0.49999999999999994,-0.8660254037844387,0,0,0,0,23350.0,17.0,25700.0,19.0,23250.0,17.0,25650.0,19.0,20578.571428571428,2555.689264962854,-2100.0,21682.14285714286,3805.3912738709737,-2100.0,20948.214285714286,5896.365518075672,-2100.0,20952.036185257988,1430.2669660668469,1217.6968486751648,0,10,0,0,1179.999941000003,0.9999999999576271
2023-05-18,2023-05-18,13.0,14300.0,0.0,14300.0,3,0.43388373911755823,-0.900968867902419,5,0.49999999999999994,-0.8660254037844387,0,0,0,0,23600.0,20.0,22750.0,22.0,26150.0,20.0,28950.0,26.0,19371.428571428572,3258.176527708848,-8450.0,20835.714285714286,4045.483168415679,-8450.0,20425.0,5809.371420067476,-8450.0,20828.421290598537,-394.1938588612972,-6134.227431737239,0,15,0,0,1099.999915384622,0.9999999999300699
2023-05-19,2023-05-19,17.0,27300.0,0.0,27300.0,4,-0.433883739117558,-0.9009688679024191,5,0.49999999999999994,-0.8660254037844387,0,1,0,0,14300.0,13.0,18550.0,15.0,30450.0,23.0,23050.0,17.0,20621.428571428572,4376.914547073053,8750.0,20610.714285714286,3523.55690981482,8750.0,20576.785714285714,5934.667174399922,8750.0,20679.42341423273,6249.413063346628,371.16352242064386,0,20,0,0,1605.8822584775141,0.99999999996337
2023-05-20,2023-05-20,15.0,14700.0,0.0,14700.0,5,-0.9749279121818236,-0.2225209339563146,5,0.49999999999999994,-0.8660254037844387,1,0,0,0,27300.0,17.0,19650.0,21.0,20200.0,20.0,13400.0,10.0,19914.285714285714,4925.50456685342,-4950.0,20217.85714285714,3863.1198602872096,-4950.0,20623.214285714286,5881.286741025234,-4950.0,20545.540127803284,-1715.4353688430376,-4130.104758960246,0,25,0,0,979.999934666671,0.9999999999319727
2023-05-21,2023-05-21,13.0,18650.0,0.0,18650.0,6,-0.7818314824680299,0.6234898018587334,5,0.49999999999999994,-0.8660254037844387,1,0,0,0,14700.0,15.0,18350.0,14.0,19300.0,15.0,12250.0,16.0,19957.14285714286,4910.9086541619245,300.0,20171.428571428572,3878.8734628316697,300.0,20851.785714285714,5664.173996576424,300.0,20423.847741229936,-4165.622153596324,2391.774412366387,0,30,0,0,1434.6152742603635,0.9999999999463807
2023-05-22,2023-05-22,16.0,25100.0,0.0,25100.0,0,0.0,1.0,5,0.49999999999999994,-0.8660254037844387,0,0,1,0,18650.0,13.0,17800.0,15.0,20200.0,15.0,20150.0,14.0,21000.0,5145.953102519702,7300.0,20521.428571428572,4096.608085013534,7300.0,21028.571428571428,5718.44689759688,7300.0,20366.245080507844,1302.8041829055433,3430.950736586612,0,0,0,0,1568.749901953131,0.9999999999601593
2023-05-23,2023-05-23,16.0,15900.0,0.0,15900.0,1,0.7818314824680298,0.6234898018587336,5,0.49999999999999994,-0.8660254037844387,0,0,0,0,25100.0,16.0,23350.0,17.0,17500.0,9.0,23900.0,20.0,19935.714285714286,5345.458686719713,-7450.0,20407.14285714286,4208.181461010403,-7450.0,20742.85714285714,5769.294749340025,-7450.0,20295.695006419675,-911.6972373955966,-3483.9977690240776,0,5,0,0,993.7499378906289,0.9999999999371069
2023-05-24,2023-05-24,18.0,20050.0,0.0,20050.0,2,0.9749279121818236,-0.22252093395631434,5,0.49999999999999994,-0.8660254037844387,0,0,0,0,15900.0,16.0,23600.0,20.0,25700.0,19.0,14650.0,11.0,19428.571428571428,5102.765356717168,-3550.0,20003.571428571428,3922.786700103114,-3550.0,20935.714285714286,5647.038836332551,-3550.0,20134.439489861277,407.94361891223036,-492.38310877350887,0,10,0,0,1113.8888270061761,0.9999999999501247
2023-05-25,2023-05-25,21.0,23250.0,0.0,23250.0,3,0.43388373911755823,-0.900968867902419,5,0.49999999999999994,-0.8660254037844387,0,0,0,0,20050.0,18.0,14300.0,13.0,22750.0,22.0,24650.0,19.0,20707.14285714286,4709.691123225518,8950.0,20039.285714285714,3951.882636621028,8950.0,20885.714285714286,5619.062415907382,8950.0,19850.99675038685,-2115.8065407664953,5514.809790379644,0,15,0,0,1107.1428044217712,0.9999999999569892
2023-05-26,2023-05-26,15.0,17250.0,0.0,17250.0,4,-0.433883739117558,-0.9009688679024191,5,0.49999999999999994,-0.8660254037844387,0,1,0,0,23250.0,21.0,27300.0,17.0,18550.0,15.0,34900.0,26.0,19271.428571428572,3811.0428519036886,-10050.0,19946.428571428572,4004.4909541910793,-10050.0,20255.35714285714,4937.335825413395,-10050.0,19452.539314191108,5844.050250264884,-8046.589564455993,0,20,0,0,1149.9999233333385,0.9999999999420289
2023-05-27,2023-05-27,17.0,21200.0,0.0,21200.0,5,-0.9749279121818236,-0.2225209339563146,5,0.49999999999999994,-0.8660254037844387,1,0,0,0,17250.0,15.0,14700.0,15.0,19650.0,21.0,21400.0,14.0,20200.0,3264.1997487896933,6500.0,20057.14285714286,4017.0720844750253,6500.0,20248.214285714286,4935.76295544888,6500.0,19016.795463022685,-1182.2641863267315,3365.468723304046,0,25,0,0,1247.0587501730147,0.9999999999528302
2023-05-28,2023-05-28,8.0,11150.0,0.0,11150.0,6,-0.7818314824680299,0.6234898018587334,5,0.49999999999999994,-0.8660254037844387,1,0,0,0,21200.0,17.0,18650.0,13.0,18350.0,14.0,14300.0,9.0,19128.571428571428,4750.338333815061,-7500.0,19542.85714285714,4661.6214223931365,-7500.0,20135.714285714286,5109.212035044949,-7500.0,18710.56681481064,-3988.218239442884,-3572.348575367758,0,30,0,0,1393.749825781272,0.9999999999103139
2023-05-29,2023-05-29,17.0,21850.0,0.0,21850.0,0,0.0,1.0,5,0.49999999999999994,-0.8660254037844387,0,0,1,0,11150.0,8.0,25100.0,16.0,17800.0,15.0,5700.0,6.0,18664.285714285714,4195.9021959637885,-3250.0,19832.14285714286,4670.801576029293,-3250.0,20712.5,4260.251796592645,-3250.0,18487.691977775925,2257.760412739379,1104.5476094846963,0,0,0,0,1285.2940420415268,0.9999999999542334
2023-05-30,2023-05-30,13.0,17600.0,0.0,17600.0,1,0.7818314824680298,0.6234898018587336,5,0.49999999999999994,-0.8660254037844387,0,0,0,0,21850.0,17.0,15900.0,16.0,23350.0,17.0,22450.0,17.0,18907.14285714286,4056.109442498112,1700.0,19421.428571428572,4589.776024605587,1700.0,20539.285714285714,4285.513002327982,1700.0,18249.205201870373,17.295454667630597,-666.5006565380027,0,5,0,0,1353.8460497041501,0.9999999999431818
2023-05-31,2023-05-31,10.0,14300.0,0.0,14300.0,2,0.9749279121818236,-0.22252093395631434,5,0.49999999999999994,-0.8660254037844387,0,0,0,0,17600.0,13.0,20050.0,18.0,23600.0,20.0,23250.0,17.0,18085.714285714286,4357.150663536932,-5750.0,18757.14285714286,4611.434665083079,-5750.0,20219.64285714286,4407.870471094587,-5750.0,18192.22322107247,-24.319793377491393,-3867.903427694977,0,10,0,0,1429.9998570000143,0.9999999999300699
2023-06-01,2023-06-01,12.0,14800.0,0.0,14800.0,3,0.43388373911755823,-0.900968867902419,6,1.2246467991473532e-16,-1.0,0,0,0,0,14300.0,10.0,23250.0,21.0,14300.0,13.0,26150.0,20.0,16878.571428571428,3826.100837542822,-8450.0,18792.85714285714,4576.0604967952395,-8450.0,19814.285714285714,4363.969844560495,-8450.0,18413.256877502277,-3270.8943218702157,-342.36255563206214,0,18,0,0,1233.3332305555641,0.9999999999324324
2023-06-02,2023-06-02,20.0,25850.0,0.0,25850.0,4,-0.433883739117558,-0.9009688679024191,6,1.2246467991473532e-16,-1.0,0,1,0,0,14800.0,12.0,17250.0,15.0,27300.0,17.0,30450.0,23.0,18107.14285714286,5125.380357546377,8600.0,18689.285714285714,4380.954346830289,8600.0,19650.0,4021.930621719684,8600.0,18727.549423187622,5526.599146551342,1595.8514302610347,0,24,0,0,1292.4999353750031,0.9999999999613153
2023-06-03,2023-06-03,13.0,18250.0,0.0,18250.0,5,-0.9749279121818236,-0.2225209339563146,6,1.2246467991473532e-16,-1.0,1,0,0,0,25850.0,20.0,21200.0,17.0,14700.0,15.0,20200.0,20.0,17685.714285714286,4946.860476244195,-2950.0,18942.85714285714,4232.514125691262,-2950.0,19580.35714285714,4028.9310062236877,-2950.0,18965.422980204683,-13.840725360375096,-701.5822548443066,0,30,0,0,1403.8460458579966,0.9999999999452055
2023-06-04,2023-06-04,16.0,26200.0,0.0,26200.0,6,-0.7818314824680299,0.6234898018587334,6,1.2246467991473532e-16,-1.0,1,0,0,0,18250.0,13.0,11150.0,8.0,18650.0,13.0,19300.0,15.0,19835.714285714286,4903.205948298238,15050.0,19482.14285714286,4652.485156544666,15050.0,19826.785714285714,4217.742114564864,15050.0,19060.7949363834,-4084.1652815398966,11223.370345156494,0,36,0,0,1637.4998976562563,0.9999999999618321
2023-06-05,2023-06-05,20.0,21350.0,0.0,21350.0,0,0.0,1.0,6,1.2246467991473532e-16,-1.0,0,0,1,0,26200.0,16.0,21850.0,17.0,25100.0,16.0,20200.0,15.0,19764.285714285714,4872.517683028684,-500.0,19214.285714285714,4405.565910188073,-500.0,19867.85714285714,4227.099835096583,-500.0,19099.200664036172,1567.1767180670292,683.622617896799,0,0,0,0,1067.4999466250026,0.9999999999531616
2023-06-06,2023-06-06,16.0,24200.0,0.0,24200.0,1,0.7818314824680298,0.6234898018587336,6,1.2246467991473532e-16,-1.0,0,0,0,0,21350.0,20.0,17600.0,13.0,15900.0,16.0,17500.0,9.0,20707.14285714286,5020.244729378829,6600.0,19807.14285714286,4483.038853572175,6600.0,20107.14285714286,4277.432474210329,6600.0,19112.790063098557,512.7406866329148,4574.469250268528,0,6,0,0,1512.4999054687557,0.9999999999586777
2023-06-07,2023-06-07,20.0,20400.0,0.0,20400.0,2,0.9749279121818236,-0.22252093395631434,6,1.2246467991473532e-16,-1.0,0,0,0,0,24200.0,16.0,14300.0,10.0,20050.0,18.0,25700.0,19.0,21578.571428571428,4182.190130268251,6100.0,19832.14285714286,4485.472582205207,6100.0,19917.85714285714,4135.689612559085,6100.0,19027.24895733659,116.29803925530666,1256.4530034081035,0,12,0,0,1019.9999490000025,0.9999999999509803
2023-06-08,2023-06-08,7.0,12100.0,0.0,12100.0,3,0.43388373911755823,-0.900968867902419,6,1.2246467991473532e-16,-1.0,0,0,0,0,20400.0,20.0,14800.0,12.0,23250.0,21.0,22750.0,22.0,21192.85714285714,4963.149921456733,-2700.0,19035.714285714286,4810.062712346228,-2700.0,19537.5,4349.768512359213,-2700.0,18853.653215531136,-4263.152937304159,-2490.5002782269767,0,18,0,0,1728.5711816326882,0.9999999999173553
2023-06-09,2023-06-09,17.0,22900.0,0.0,22900.0,4,-0.433883739117558,-0.9009688679024191,6,1.2246467991473532e-16,-1.0,0,1,0,0,12100.0,7.0,25850.0,20.0,17250.0,15.0,18550.0,15.0,20771.428571428572,4614.818265007453,-2950.0,19439.285714285714,4885.149339163991,-2950.0,19692.85714285714,4390.682775844299,-2950.0,18595.581539375395,5726.661563139173,-1422.243102514567,0,24,0,0,1347.058744290662,0.9999999999563318
2023-06-10,2023-06-10,12.0,18000.0,0.0,18000.0,5,-0.9749279121818236,-0.2225209339563146,6,1.2246467991473532e-16,-1.0,1,0,0,0,22900.0,17.0,18250.0,13.0,21200.0,17.0,19650.0,21.0,20735.714285714286,4638.490620675439,-250.0,19210.714285714286,4871.272877857463,-250.0,19633.928571428572,4402.336365634847,-250.0,18258.822248598255,1050.7886741926002,-1309.6109227908564,0,30,0,0,1499.9998750000104,0.9999999999444444
2023-06-11,2023-06-11,15.0,17000.0,0.0,17000.0,6,-0.7818314824680299,0.6234898018587334,6,1.2246467991473532e-16,-1.0,1,0,0,0,18000.0,12.0,26200.0,16.0,11150.0,8.0,18350.0,14.0,19421.428571428572,4104.860649568945,-9200.0,19628.571428571428,4349.611577959716,-9200.0,19585.714285714286,4424.256730689143,-9200.0,17965.345769661442,-4125.141802251207,3159.7960325897657,0,36,0,0,1133.3332577777828,0.9999999999411765
2023-06-12,2023-06-12,13.0,16300.0,0.0,16300.0,0,0.0,1.0,6,1.2246467991473532e-16,-1.0,0,0,1,0,17000.0,15.0,21350.0,20.0,21850.0,17.0,17800.0,15.0,18700.0,4152.91062589423,-5050.0,19232.14285714286,4384.351857320702,-5050.0,19532.14285714286,4455.650060352365,-5050.0,17774.630752732737,577.9411570042901,-2052.5719097370275,0,0,0,0,1253.8460573964571,0.9999999999386503
2023-06-13,2023-06-13,15.0,18550.0,0.0,18550.0,1,0.7818314824680298,0.6234898018587336,6,1.2246467991473532e-16,-1.0,0,0,0,0,16300.0,13.0,24200.0,16.0,17600.0,13.0,23350.0,17.0,17892.85714285714,3383.59135774238,-5650.0,19300.0,4364.4543231040725,-5650.0,19360.714285714286,4395.249058439677,-5650.0,17638.570232644648,405.0982861761161,506.331481179237,0,6,0,0,1236.6665842222278,0.9999999999460917
2023-06-14,2023-06-14,13.0,24850.0,0.0,24850.0,2,0.9749279121818236,-0.22252093395631434,6,1.2246467991473532e-16,-1.0,0,0,0,0,18550.0,15.0,20400.0,20.0,14300.0,10.0,23600.0,20.0,18528.571428571428,4242.233800610964,4450.0,20053.571428571428,4345.486796034005,4450.0,19405.35714285714,4445.9581995527005,4450.0,17479.58625780787,-57.290763410032724,7427.704505602163,0,12,0,0,1911.5383144970529,0.9999999999597585
2023-06-15,2023-06-15,11.0,11250.0,0.0,11250.0,3,0.43388373911755823,-0.900968867902419,6,1.2246467991473532e-16,-1.0,0,0,0,0,24850.0,13.0,12100.0,7.0,14800.0,12.0,14300.0,13.0,18407.14285714286,4463.316085175795,-850.0,19800.0,4759.484458183751,-850.0,19296.428571428572,4610.011821536858,-850.0,17231.421615882446,-3615.742573757986,-2365.6790421244586,0,18,0,0,1022.7271797520747,0.9999999999111111
2023-06-16,2023-06-16,21.0,24100.0,0.0,24100.0,4,-0.433883739117558,-0.9009688679024191,6,1.2246467991473532e-16,-1.0,0,1,0,0,11250.0,11.0,22900.0,17.0,25850.0,20.0,27300.0,17.0,18578.571428571428,4682.312208625793,1200.0,19675.0,4608.969098816621,1200.0,19182.14285714286,4440.8085326076625,1200.0,16931.054018208088,5742.7306299440015,1426.21535184791,0,24,0,0,1147.618992970524,0.9999999999585062
2023-06-17,2023-06-17,13.0,19600.0,0.0,19600.0,5,-0.9749279121818236,-0.2225209339563146,6,1.2246467991473532e-16,-1.0,1,0,0,0,24100.0,21.0,18000.0,12.0,18250.0,13.0,14700.0,15.0,18807.14285714286,4688.410229085019,1600.0,19771.428571428572,4590.949050775182,1600.0,19357.14285714286,4353.323853267656,1600.0,16686.184200858894,1623.158087826799,1290.6577113143067,0,30,0,0,1507.6921917159852,0.9999999999489796
2023-06-18,2023-06-18,9.0,10700.0,0.0,10700.0,6,-0.7818314824680299,0.6234898018587334,6,1.2246467991473532e-16,-1.0,1,0,0,0,19600.0,13.0,17000.0,15.0,26200.0,16.0,18650.0,13.0,17907.14285714286,5607.690297813256,-6300.0,18664.285714285714,4786.2153255842295,-6300.0,19073.214285714286,4650.278409484199,-6300.0,16544.913913143635,-4528.529059390015,-1316.3848537536196,0,36,0,0,1188.8887567901381,0.999999999906542
2023-06-19,2023-06-19,13.0,15650.0,0.0,15650.0,0,0.0,1.0,6,1.2246467991473532e-16,-1.0,0,0,1,0,10700.0,9.0,16300.0,13.0,21350.0,20.0,25100.0,16.0,17814.285714285714,5644.002294893256,-650.0,18257.14285714286,4782.6150371325875,-650.0,18735.714285714286,4538.250134767245,-650.0,16542.252207354388,717.3236904161313,-1609.575897770519,0,0,0,0,1203.8460612426106,0.9999999999361022
2023-06-20,2023-06-20,11.0,14150.0,0.0,14150.0,1,0.7818314824680298,0.6234898018587336,6,1.2246467991473532e-16,-1.0,0,0,0,0,15650.0,13.0,18550.0,15.0,24200.0,16.0,15900.0,16.0,17185.714285714286,5791.496229078192,-4400.0,17539.285714285714,4571.57516076784,-4400.0,18673.214285714286,4590.499088150167,-4400.0,16788.56431530553,-817.7914893530801,-1820.772825952452,0,6,0,0,1286.3635194214983,0.9999999999293286
2023-06-21,2023-06-21,13.0,15350.0,0.0,15350.0,2,0.9749279121818236,-0.22252093395631434,6,1.2246467991473532e-16,-1.0,0,0,0,0,14150.0,11.0,24850.0,13.0,20400.0,20.0,20050.0,18.0,15828.57142857143,4707.8708158833115,-9500.0,17178.571428571428,4527.510535421387,-9500.0,18505.35714285714,4624.098296199023,-9500.0,17238.33237259609,-297.85118427682124,-1590.4811883192688,0,12,0,0,1180.7691399408354,0.9999999999348534
2023-06-22,2023-06-22,15.0,17700.0,0.0,17700.0,3,0.43388373911755823,-0.900968867902419,6,1.2246467991473532e-16,-1.0,0,0,0,0,15350.0,13.0,11250.0,11.0,12100.0,7.0,23250.0,21.0,16750.0,4273.562136360208,6450.0,17578.571428571428,4285.203266236865,6450.0,18307.14285714286,4531.202814021859,6450.0,17781.56634163065,-1481.7890915812718,1400.2227499506225,0,18,0,0,1179.9999213333385,0.9999999999435029
2023-06-23,2023-06-23,16.0,21650.0,0.0,21650.0,4,-0.433883739117558,-0.9009688679024191,6,1.2246467991473532e-16,-1.0,0,1,0,0,17700.0,15.0,24100.0,21.0,22900.0,17.0,17250.0,15.0,16400.0,3621.9239822684826,-2450.0,17489.285714285714,4177.466041450556,-2450.0,18464.285714285714,4569.31912309459,-2450.0,18405.823092095274,6650.566597810936,-3406.3896899062092,0,24,0,0,1353.1249154296927,0.9999999999538106
2023-06-24,2023-06-24,19.0,22700.0,0.0,22700.0,5,-0.9749279121818236,-0.2225209339563146,6,1.2246467991473532e-16,-1.0,1,0,0,0,21650.0,16.0,19600.0,13.0,18000.0,12.0,21200.0,17.0,16842.85714285714,4218.7506613754085,3100.0,17825.0,4404.357545047345,3100.0,18517.85714285714,4611.18234789119,3100.0,19095.812244976823,2108.9145988348246,1495.273156188352,0,30,0,0,1194.73677922438,0.9999999999559471
2023-06-25,2023-06-25,10.0,14500.0,0.0,14500.0,6,-0.7818314824680299,0.6234898018587334,6,1.2246467991473532e-16,-1.0,1,0,0,0,22700.0,19.0,10700.0,9.0,17000.0,15.0,11150.0,8.0,17385.714285714286,3475.595187124111,3800.0,17646.428571428572,4490.222895174773,3800.0,18637.5,4453.704762454709,3800.0,19814.30011802207,-8114.2881105973565,2799.9879925752866,0,36,0,0,1449.9998550000146,0.9999999999310345
2023-06-26,2023-06-26,13.0,22900.0,0.0,22900.0,0,0.0,1.0,6,1.2246467991473532e-16,-1.0,0,0,1,0,14500.0,10.0,15650.0,13.0,16300.0,13.0,21850.0,17.0,18421.428571428572,3923.5248972124705,7250.0,18117.85714285714,4680.425980895061,7250.0,18675.0,4486.058651224131,7250.0,20469.458456743247,1698.000712300701,732.5408309560516,0,0,0,0,1761.5383260355136,0.9999999999563318
2023-06-27,2023-06-27,18.0,19150.0,0.0,19150.0,1,0.7818314824680298,0.6234898018587336,6,1.2246467991473532e-16,-1.0,0,0,0,0,22900.0,13.0,14150.0,11.0,18550.0,15.0,17600.0,13.0,19135.714285714286,3441.864112864883,5000.0,18160.714285714286,4687.42912034325,5000.0,18730.35714285714,4481.863436978587,5000.0,20970.15756765608,-1848.1305568891714,27.972989233094268,0,6,0,0,1063.888829783954,0.9999999999477807
2023-06-28,2023-06-28,17.0,19200.0,0.0,19200.0,2,0.9749279121818236,-0.22252093395631434,6,1.2246467991473532e-16,-1.0,0,0,0,0,19150.0,18.0,15350.0,13.0,24850.0,13.0,14300.0,10.0,19685.714285714286,3017.547884971157,3850.0,17757.14285714286,4293.9070044235295,3850.0,18905.35714285714,4397.3337731141055,3850.0,21322.37445002899,-892.2574020938596,-1230.1170479351313,0,12,0,0,1129.4116982699,0.9999999999479167
2023-06-29,2023-06-29,17.0,22950.0,0.0,22950.0,3,0.43388373911755823,-0.900968867902419,6,1.2246467991473532e-16,-1.0,0,0,0,0,19200.0,17.0,17700.0,15.0,11250.0,11.0,14800.0,12.0,20435.714285714286,3093.2337832912017,5250.0,18592.85714285714,4062.343826245823,5250.0,19196.428571428572,4385.2431110324715,5250.0,21535.913288317075,1185.4677862049605,228.61892547796378,0,18,0,0,1349.9999205882398,0.999999999956427
2023-06-30,2023-06-30,20.0,31400.0,0.0,31400.0,4,-0.433883739117558,-0.9009688679024191,6,1.2246467991473532e-16,-1.0,0,1,0,0,22950.0,17.0,21650.0,16.0,24100.0,21.0,25850.0,20.0,21828.571428571428,5205.274339780747,9750.0,19114.285714285714,5147.233333453152,9750.0,19394.64285714286,4802.6871198766585,9750.0,21628.7221009952,7298.679056093883,2472.5988429109166,0,24,0,0,1569.999921500004,0.9999999999681528
2023-07-01,2023-07-01,16.0,22300.0,0.0,22300.0,5,-0.9749279121818236,-0.2225209339563146,7,-0.4999999999999997,-0.8660254037844388,1,0,0,0,31400.0,20.0,22700.0,19.0,19600.0,13.0,18250.0,13.0,21771.428571428572,5196.301340284891,-400.0,19307.14285714286,5216.941969821382,-400.0,19539.285714285714,4827.8581468095,-400.0,21660.789020296867,818.5243207100054,-179.3133410068731,0,35,0,0,1393.7499128906304,0.999999999955157
2023-07-02,2023-07-02,5.0,6800.0,0.0,6800.0,6,-0.7818314824680299,0.6234898018587334,7,-0.4999999999999997,-0.8660254037844388,1,0,0,0,22300.0,16.0,14500.0,10.0,10700.0,9.0,26200.0,16.0,20671.428571428572,7357.64099099567,-7700.0,19028.571428571428,5785.084079094966,-7700.0,18846.428571428572,5213.24752294099,-7700.0,21650.272749489675,-8834.407143841321,-6015.865605648354,0,42,0,0,1359.9997280000543,0.9999999998529411
2023-07-03,2023-07-03,22.0,28950.0,0.0,28950.0,0,0.0,1.0,7,-0.4999999999999997,-0.8660254037844388,0,0,1,0,6800.0,5.0,22900.0,13.0,15650.0,13.0,21350.0,20.0,21535.714285714286,7991.126030672657,6050.0,19978.571428571428,6260.1214747895465,6050.0,19117.85714285714,5536.264522918452,6050.0,21581.457604851585,1731.8814089761381,5636.660986172279,0,0,0,0,1315.909031095044,0.9999999999654576
2023-07-04,2023-07-04,17.0,19300.0,0.0,19300.0,1,0.7818314824680298,0.6234898018587336,7,-0.4999999999999997,-0.8660254037844388,0,0,0,0,28950.0,22.0,19150.0,18.0,14150.0,11.0,24200.0,16.0,21557.14285714286,7983.860207288371,150.0,20346.428571428572,6038.672303314165,150.0,18942.85714285714,5446.383684436478,150.0,21377.79845600284,-2348.369599299518,270.5711432966782,0,7,0,0,1135.2940508650559,0.9999999999481866
2023-07-05,2023-07-05,14.0,21100.0,0.0,21100.0,2,0.9749279121818236,-0.22252093395631434,7,-0.4999999999999997,-0.8660254037844388,0,0,0,0,19300.0,17.0,19200.0,17.0,15350.0,13.0,20400.0,20.0,21828.571428571428,7922.428980582905,1900.0,20757.14285714286,5865.769578431565,1900.0,18967.85714285714,5454.9198705069375,1900.0,20853.815360425982,-192.01295821687006,438.1975977908878,0,14,0,0,1507.1427494898037,0.9999999999526066
2023-07-06,2023-07-06,23.0,24050.0,0.0,24050.0,3,0.43388373911755823,-0.900968867902419,7,-0.4999999999999997,-0.8660254037844388,0,0,0,0,21100.0,14.0,22950.0,17.0,17700.0,15.0,12100.0,7.0,21985.714285714286,7959.204016195811,1100.0,21210.714285714286,5856.691720765951,1100.0,19394.64285714286,5364.411867347647,1100.0,20080.83996180842,2884.8629098054766,1084.2971283861043,0,21,0,0,1045.6521284499074,0.9999999999584199
2023-07-07,2023-07-07,18.0,27500.0,0.0,27500.0,4,-0.433883739117558,-0.9009688679024191,7,-0.4999999999999997,-0.8660254037844388,0,1,0,0,24050.0,23.0,31400.0,20.0,21650.0,16.0,22900.0,17.0,21428.571428571428,7299.535210252306,-3900.0,21628.571428571428,6094.313689059657,-3900.0,19558.928571428572,5543.198260722101,-3900.0,19275.512220788445,7593.945743984629,630.5420352269248,0,28,0,0,1527.777692901239,0.9999999999636363
2023-07-08,2023-07-08,22.0,30150.0,0.0,30150.0,5,-0.9749279121818236,-0.2225209339563146,7,-0.4999999999999997,-0.8660254037844388,1,0,0,0,27500.0,18.0,22300.0,16.0,22700.0,19.0,18000.0,12.0,22550.0,8022.8839370058,7850.0,22160.714285714286,6506.392672164527,7850.0,19992.85714285714,5881.85713752416,7850.0,18487.164364358265,-1196.2690965337433,12859.104732175478,0,35,0,0,1370.4544831611597,0.9999999999668325
2023-07-09,2023-07-09,15.0,26750.0,0.0,26750.0,6,-0.7818314824680299,0.6234898018587334,7,-0.4999999999999997,-0.8660254037844388,1,0,0,0,30150.0,22.0,6800.0,5.0,14500.0,10.0,17000.0,15.0,25400.0,4060.3776507445746,19950.0,23035.714285714286,6214.048246062816,19950.0,20341.071428571428,5985.801929186283,19950.0,17760.035706849736,-9452.69363484454,18442.657927994802,0,42,0,0,1783.3332144444526,0.9999999999626168
2023-07-10,2023-07-10,13.0,15600.0,0.0,15600.0,0,0.0,1.0,7,-0.4999999999999997,-0.8660254037844388,0,0,1,0,26750.0,15.0,28950.0,22.0,22900.0,13.0,16300.0,13.0,23492.85714285714,5113.660509803417,-13350.0,22514.285714285714,6524.817373554792,-13350.0,20316.071428571428,6004.736611416629,-13350.0,17146.89423250623,1933.3822000280943,-3480.276432534325,0,0,0,0,1199.9999076923148,0.9999999999358974
2023-07-11,2023-07-11,10.0,13700.0,0.0,13700.0,1,0.7818314824680298,0.6234898018587336,7,-0.4999999999999997,-0.8660254037844388,0,0,0,0,15600.0,13.0,19300.0,17.0,19150.0,18.0,18550.0,15.0,22692.85714285714,6201.305546107974,-5600.0,22125.0,6893.161326773349,-5600.0,20142.85714285714,6126.289951628887,-5600.0,16577.948392643793,-2549.7986196379115,-328.1497730058818,0,7,0,0,1369.9998630000139,0.9999999999270073
2023-07-12,2023-07-12,13.0,15950.0,0.0,15950.0,2,0.9749279121818236,-0.22252093395631434,7,-0.4999999999999997,-0.8660254037844388,0,0,0,0,13700.0,10.0,21100.0,14.0,19200.0,17.0,24850.0,13.0,21957.14285714286,6706.677553716352,-5150.0,21892.85714285714,7052.137077697651,-5150.0,19825.0,6103.861861938732,-5150.0,16148.807836073007,1359.3351121364874,-1558.1429482094936,0,14,0,0,1226.922982544386,0.999999999937304
2023-07-13,2023-07-13,17.0,19350.0,0.0,19350.0,3,0.43388373911755823,-0.900968867902419,7,-0.4999999999999997,-0.8660254037844388,0,0,0,0,15950.0,13.0,24050.0,23.0,22950.0,17.0,11250.0,11.0,21285.714285714286,6697.494200925256,-4700.0,21635.714285714286,7076.217714489691,-4700.0,20114.285714285714,5869.867452962156,-4700.0,16268.412247138449,3999.7435932065664,-918.1558403450163,0,21,0,0,1138.2352271626337,0.9999999999483205
2023-07-14,2023-07-14,16.0,24100.0,0.0,24100.0,4,-0.433883739117558,-0.9009688679024191,7,-0.4999999999999997,-0.8660254037844388,0,1,0,0,19350.0,17.0,27500.0,18.0,31400.0,20.0,24100.0,21.0,20800.0,6282.117477411482,-3400.0,21114.285714285714,6550.819930225701,-3400.0,20114.285714285714,5869.867452962156,-3400.0,16960.17125636332,6878.892597045712,260.93614659096784,0,28,0,0,1506.2499058593808,0.9999999999585062
2023-07-15,2023-07-15,12.0,14500.0,0.0,14500.0,5,-0.9749279121818236,-0.2225209339563146,7,-0.4999999999999997,-0.8660254037844388,1,0,0,0,24100.0,16.0,30150.0,22.0,22300.0,16.0,19600.0,13.0,18564.285714285714,5067.355842852736,-15650.0,20557.14285714286,6770.236251498121,-15650.0,19932.14285714286,5964.77645859916,-15650.0,17848.277079083546,-2528.108157171802,-820.1689219117434,0,35,0,0,1208.3332326388972,0.9999999999310345
2023-07-16,2023-07-16,10.0,9900.0,0.0,9900.0,6,-0.7818314824680299,0.6234898018587334,7,-0.4999999999999997,-0.8660254037844388,1,0,0,0,14500.0,12.0,26750.0,15.0,6800.0,5.0,10700.0,9.0,16157.142857142857,4501.33578057914,-16850.0,20778.571428571428,6321.505245701298,-16850.0,19903.571428571428,6012.362704545179,-16850.0,18741.20106650585,-9466.166991164751,624.9659246588999,0,42,0,0,989.99990100001,0.9999999998989899
2023-07-17,2023-07-17,15.0,20400.0,0.0,20400.0,0,0.0,1.0,7,-0.4999999999999997,-0.8660254037844388,0,0,1,0,9900.0,10.0,15600.0,13.0,28950.0,22.0,15650.0,13.0,16842.85714285714,4760.464663194351,4800.0,20167.85714285714,5868.088639899253,4800.0,20073.214285714286,5954.635327063059,4800.0,19569.895440490993,2017.7470795039535,-1187.642519994948,0,0,0,0,1359.9999093333395,0.9999999999509803
2023-07-18,2023-07-18,11.0,17200.0,0.0,17200.0,1,0.7818314824680298,0.6234898018587336,7,-0.4999999999999997,-0.8660254037844388,0,0,0,0,20400.0,15.0,13700.0,10.0,19300.0,17.0,14150.0,11.0,17342.85714285714,4554.707141283126,3500.0,20017.85714285714,5918.601938050849,3500.0,20182.14285714286,5869.557593993507,3500.0,20367.001084118714,-2699.3301704408173,-467.67091367789544,0,7,0,0,1563.6362214876162,0.9999999999418604
2023-07-19,2023-07-19,19.0,26550.0,0.0,26550.0,2,0.9749279121818236,-0.22252093395631434,7,-0.4999999999999997,-0.8660254037844388,0,0,0,0,17200.0,11.0,15950.0,13.0,21100.0,14.0,15350.0,13.0,18857.14285714286,5645.826524332439,10600.0,20407.14285714286,6169.180756696274,10600.0,20582.14285714286,5909.553067730073,10600.0,21129.48960260482,1954.4112539052405,3466.0991434899406,0,14,0,0,1397.368347506929,0.9999999999623352
2023-07-20,2023-07-20,21.0,27700.0,0.0,27700.0,3,0.43388373911755823,-0.900968867902419,7,-0.4999999999999997,-0.8660254037844388,0,0,0,0,26550.0,19.0,19350.0,17.0,24050.0,23.0,17700.0,15.0,20050.0,6573.24120963157,8350.0,20667.85714285714,6407.495824989135,8350.0,20939.285714285714,6029.869434475826,8350.0,21843.829832803305,4513.729237270131,1342.4409299265644,0,21,0,0,1319.0475562358306,0.9999999999638989
2023-07-21,2023-07-21,21.0,27610.0,0.0,27610.0,4,-0.433883739117558,-0.9009688679024191,7,-0.4999999999999997,-0.8660254037844388,0,1,0,0,27700.0,21.0,24100.0,16.0,27500.0,18.0,21650.0,16.0,20551.428571428572,7050.24923571593,3510.0,20675.714285714286,6416.579144067995,3510.0,21152.14285714286,6159.685151371097,3510.0,22483.755380359726,5306.347253838614,-180.1026341983379,0,28,0,0,1314.761842154198,0.9999999999637812
2023-07-22,2023-07-22,13.0,17800.0,0.0,17800.0,5,-0.9749279121818236,-0.2225209339563146,7,-0.4999999999999997,-0.8660254037844388,1,0,0,0,27610.0,21.0,14500.0,12.0,30150.0,22.0,22700.0,19.0,21022.85714285714,6678.709242275485,3300.0,19793.571428571428,5836.592271236675,3300.0,20977.14285714286,6183.640218286214,3300.0,22988.582552181266,-2497.592902931005,-2690.9896492502594,0,35,0,0,1369.2306639053336,0.9999999999438202
2023-07-23,2023-07-23,12.0,15800.0,0.0,15800.0,6,-0.7818314824680299,0.6234898018587334,7,-0.4999999999999997,-0.8660254037844388,1,0,0,0,17800.0,13.0,9900.0,10.0,26750.0,15.0,14500.0,10.0,21865.714285714286,5263.369824053869,5900.0,19011.428571428572,5559.799189985847,5900.0,21023.571428571428,6137.918101794699,5900.0,23336.25873886726,-9210.451108780368,1674.1923699131112,0,42,0,0,1316.6665569444538,0.9999999999367088
2023-07-24,2023-07-24,22.0,28000.0,0.0,28000.0,0,0.0,1.0,7,-0.4999999999999997,-0.8660254037844388,0,0,1,0,15800.0,12.0,20400.0,15.0,15600.0,13.0,22900.0,13.0,22951.428571428572,5678.1464950322215,7600.0,19897.14285714286,5948.63582108272,7600.0,21205.714285714286,6269.915486802084,7600.0,23494.897503007993,3245.002375530944,1260.1001214610624,0,0,0,0,1272.7272148760355,0.9999999999642857
2023-07-25,2023-07-25,19.0,21400.0,0.0,21400.0,1,0.7818314824680298,0.6234898018587336,7,-0.4999999999999997,-0.8660254037844388,0,0,0,0,28000.0,22.0,17200.0,11.0,13700.0,10.0,19150.0,18.0,23551.428571428572,5168.108708129771,4200.0,20447.14285714286,5681.552372603617,4200.0,21286.071428571428,6256.998061007382,4200.0,23423.44643544723,-2246.911932232507,223.46549678527663,0,7,0,0,1126.3157301939088,0.999999999953271
2023-07-26,2023-07-26,20.0,25800.0,0.0,25800.0,2,0.9749279121818236,-0.22252093395631434,7,-0.4999999999999997,-0.8660254037844388,0,0,0,0,21400.0,19.0,26550.0,19.0,15950.0,13.0,19200.0,17.0,23444.285714285714,5102.946394462815,-750.0,21150.714285714286,5691.688223643786,-750.0,21521.785714285714,6299.673156466711,-750.0,23165.511074906746,1141.2301826151797,1493.2587424780722,0,14,0,0,1289.9999355000032,0.9999999999612403
2023-07-27,2023-07-27,21.0,27100.0,0.0,27100.0,3,0.43388373911755823,-0.900968867902419,7,-0.4999999999999997,-0.8660254037844388,0,0,0,0,25800.0,20.0,27700.0,21.0,19350.0,17.0,22950.0,17.0,23358.571428571428,5023.977270952441,-600.0,21704.285714285714,5876.945457641113,-600.0,21670.0,6382.790519421359,-600.0,22737.589175551966,4121.290602551149,241.1202218968865,0,21,0,0,1290.4761290249462,0.9999999999630996
2023-07-28,2023-07-28,28.0,38400.0,0.0,38400.0,4,-0.433883739117558,-0.9009688679024191,7,-0.4999999999999997,-0.8660254037844388,0,1,0,0,27100.0,21.0,27610.0,21.0,24100.0,16.0,31400.0,20.0,24900.0,7560.643711571961,10790.0,22725.714285714286,7376.685428570791,10790.0,21920.0,6894.577579518584,10790.0,22214.899091737832,3541.754357349789,12643.346550912378,0,28,0,0,1371.4285224489813,0.9999999999739583
2023-07-29,2023-07-29,19.0,23200.0,0.0,23200.0,5,-0.9749279121818236,-0.2225209339563146,7,-0.4999999999999997,-0.8660254037844388,1,0,0,0,38400.0,28.0,17800.0,13.0,14500.0,12.0,22300.0,16.0,25671.428571428572,6967.714662573879,5400.0,23347.14285714286,6986.566702302004,5400.0,21952.14285714286,6898.511571691552,5400.0,21707.129152115234,-863.9835819633803,2356.8544298481465,0,35,0,0,1221.0525673130228,0.9999999999568966
2023-07-30,2023-07-30,8.0,7700.0,0.0,7700.0,6,-0.7818314824680299,0.6234898018587334,7,-0.4999999999999997,-0.8660254037844388,1,0,0,0,23200.0,19.0,15800.0,12.0,9900.0,10.0,6800.0,5.0,24514.285714285714,9196.453767880377,-8100.0,23190.0,7328.6539849258825,-8100.0,21984.285714285714,6827.023335176756,-8100.0,21264.72285006755,-9044.405606175438,-4520.31724389211,0,42,0,0,962.4998796875151,0.9999999998701298
2023-07-31,2023-07-31,18.0,25600.0,0.0,25600.0,0,0.0,1.0,7,-0.4999999999999997,-0.8660254037844388,0,0,1,0,7700.0,8.0,28000.0,22.0,20400.0,15.0,28950.0,22.0,24171.428571428572,9088.951953830918,-2400.0,23561.428571428572,7308.118622614074,-2400.0,21864.64285714286,6729.080330174951,-2400.0,20851.578000544192,4150.297820369399,598.1241790864078,0,0,0,0,1422.2221432098809,0.9999999999609375
2023-08-01,2023-08-01,11.0,16000.0,0.0,16000.0,1,0.7818314824680298,0.6234898018587336,8,-0.8660254037844384,-0.5000000000000004,0,0,0,0,25600.0,18.0,21400.0,19.0,17200.0,11.0,19300.0,17.0,23400.0,9579.317999384532,-5400.0,23475.714285714286,7394.989690829416,-5400.0,21746.785714285714,6804.143102536035,-5400.0,20497.133136150725,-484.2113088524318,-4012.9218272982944,0,8,0,0,1454.5453223140617,0.9999999999375
2023-08-02,2023-08-02,14.0,18950.0,0.0,18950.0,2,0.9749279121818236,-0.22252093395631434,8,-0.8660254037844384,-0.5000000000000004,0,0,0,0,16000.0,11.0,25800.0,20.0,26550.0,19.0,21100.0,14.0,22421.428571428572,9642.95326230749,-6850.0,22932.85714285714,7430.816735907171,-6850.0,21670.0,6823.815593878517,-6850.0,20343.189156263717,-731.4864121100378,-661.7027441536811,0,16,0,0,1353.571331887762,0.9999999999472295
2023-08-03,2023-08-03,16.0,25050.0,0.0,25050.0,3,0.43388373911755823,-0.900968867902419,8,-0.8660254037844384,-0.5000000000000004,0,0,0,0,18950.0,14.0,27100.0,21.0,27700.0,21.0,24050.0,23.0,22128.571428571428,9507.359304895337,-2050.0,22743.571428571428,7333.1519166704675,-2050.0,21705.714285714286,6839.332558171901,-2050.0,20426.453377311118,2974.3940704765823,1649.152552212301,0,24,0,0,1565.6249021484434,0.9999999999600798
2023-08-04,2023-08-04,18.0,22550.0,0.0,22550.0,4,-0.433883739117558,-0.9009688679024191,8,-0.8660254037844384,-0.5000000000000004,0,1,0,0,25050.0,16.0,38400.0,28.0,27610.0,21.0,27500.0,18.0,19864.285714285714,6349.12817412181,-15850.0,22382.14285714286,7198.306615577639,-15850.0,21528.928571428572,6747.368946368138,-15850.0,20592.172398043185,2023.2292216302963,-65.40161967348104,0,32,0,0,1252.7777081790161,0.9999999999556541
2023-08-05,2023-08-05,15.0,20800.0,0.0,20800.0,5,-0.9749279121818236,-0.2225209339563146,8,-0.8660254037844384,-0.5000000000000004,1,0,0,0,22550.0,18.0,23200.0,19.0,17800.0,13.0,30150.0,22.0,19521.428571428572,6202.073386030918,-2400.0,22596.428571428572,7095.325229324644,-2400.0,21195.0,6532.865346050691,-2400.0,20730.28354702049,573.7097602697816,-503.99330729027133,0,40,0,0,1386.6665742222285,0.999999999951923
2023-08-06,2023-08-06,13.0,12150.0,0.0,12150.0,6,-0.7818314824680299,0.6234898018587334,8,-0.8660254037844384,-0.5000000000000004,1,0,0,0,20800.0,15.0,7700.0,8.0,15800.0,12.0,26750.0,15.0,20157.14285714286,4874.37419670696,4450.0,22335.714285714286,7423.72570187665,4450.0,20673.571428571428,6654.589179119743,4450.0,20776.074878806656,-8265.752722451734,-360.3221563549232,0,48,0,0,934.615312721899,0.9999999999176954
2023-08-07,2023-08-07,21.0,27200.0,0.0,27200.0,0,0.0,1.0,8,-0.8660254037844384,-0.5000000000000004,0,0,1,0,12150.0,13.0,25600.0,18.0,28000.0,22.0,15600.0,13.0,20385.714285714286,5198.8551853359095,1600.0,22278.571428571428,7379.720504549979,1600.0,21087.85714285714,6688.030965916545,1600.0,20864.27987114128,3676.1691144983865,2659.551014360335,0,0,0,0,1295.2380335600935,0.9999999999632353
2023-08-08,2023-08-08,21.0,25050.0,0.0,25050.0,1,0.7818314824680298,0.6234898018587336,8,-0.8660254037844384,-0.5000000000000004,0,0,0,0,27200.0,21.0,16000.0,11.0,21400.0,19.0,13700.0,10.0,21678.571428571428,5049.575654024134,9050.0,22539.285714285714,7410.703760087898,9050.0,21493.214285714286,6566.527947531684,9050.0,21101.99365381546,2225.156788874092,1722.8495573104483,0,8,0,0,1192.8570860544244,0.9999999999600798
2023-08-09,2023-08-09,8.0,16050.0,0.0,16050.0,2,0.9749279121818236,-0.22252093395631434,8,-0.8660254037844384,-0.5000000000000004,0,0,0,0,25050.0,21.0,18950.0,14.0,25800.0,20.0,15950.0,13.0,21264.285714285714,5416.388271233963,-2900.0,21842.85714285714,7537.747499262493,-2900.0,21496.785714285714,6563.4278835080495,-2900.0,21314.888691271277,-2464.461651370368,-2800.4270399009074,0,16,0,0,2006.2497492187815,0.9999999999376947
2023-08-10,2023-08-10,14.0,19200.0,0.0,19200.0,3,0.43388373911755823,-0.900968867902419,8,-0.8660254037844384,-0.5000000000000004,0,0,0,0,16050.0,8.0,25050.0,16.0,27100.0,21.0,19350.0,17.0,20428.571428571428,5181.1241655693275,-5850.0,21278.571428571428,7408.511588439644,-5850.0,21491.428571428572,6565.305958448753,-5850.0,21385.873083398503,2217.6959271136634,-4403.569010512165,0,24,0,0,1371.428473469395,0.9999999999479167
2023-08-11,2023-08-11,27.0,32350.0,0.0,32350.0,4,-0.433883739117558,-0.9009688679024191,8,-0.8660254037844384,-0.5000000000000004,0,1,0,0,19200.0,14.0,22550.0,18.0,38400.0,28.0,24100.0,16.0,21828.571428571428,6891.592531414391,9800.0,20846.428571428572,6447.046559523192,9800.0,21786.071428571428,6864.996204194014,9800.0,21293.293882104124,841.89704380017,10214.809074095705,0,32,0,0,1198.1481037722924,0.9999999999690881
2023-08-12,2023-08-12,17.0,25400.0,0.0,25400.0,5,-0.9749279121818236,-0.2225209339563146,8,-0.8660254037844384,-0.5000000000000004,1,0,0,0,32350.0,27.0,20800.0,15.0,23200.0,19.0,14500.0,12.0,22485.714285714286,6995.695955711694,4600.0,21003.571428571428,6535.037645872251,4600.0,22175.35714285714,6744.520674368524,4600.0,21135.75009769549,548.9364199229417,3715.313482381567,0,40,0,0,1494.1175591695553,0.9999999999606299
2023-08-13,2023-08-13,13.0,19600.0,0.0,19600.0,6,-0.7818314824680299,0.6234898018587334,8,-0.8660254037844384,-0.5000000000000004,1,0,0,0,25400.0,17.0,12150.0,13.0,7700.0,8.0,9900.0,10.0,23550.0,5585.845206113917,7450.0,21853.571428571428,5335.348892265472,7450.0,22521.785714285714,6326.83529430553,7450.0,20986.618827891154,-7155.098085078441,5768.479257187286,0,48,0,0,1507.6921917159852,0.9999999999489796
2023-08-14,2023-08-14,18.0,20800.0,0.0,20800.0,0,0.0,1.0,8,-0.8660254037844384,-0.5000000000000004,0,0,1,0,19600.0,13.0,27200.0,21.0,25600.0,18.0,20400.0,15.0,22635.714285714286,5409.845521956024,-6400.0,21510.714285714286,5229.25125436895,-6400.0,22536.071428571428,6322.316933064706,-6400.0,20945.150693724867,2333.9695747930377,-2479.120268517905,0,0,0,0,1155.5554913580281,0.999999999951923
2023-08-15,2023-08-15,16.0,15400.0,0.0,15400.0,1,0.7818314824680298,0.6234898018587336,8,-0.8660254037844384,-0.5000000000000004,0,0,0,0,20800.0,18.0,25050.0,21.0,16000.0,11.0,17200.0,11.0,21257.14285714286,5899.465270360478,-9650.0,21467.85714285714,5280.1007836702165,-9650.0,22471.785714285714,6387.400244098313,-9650.0,20886.671655064118,4614.798850860184,-10101.470505924302,0,8,0,0,962.4999398437537,0.9999999999350649
2023-08-16,2023-08-16,14.0,18500.0,0.0,18500.0,2,0.9749279121818236,-0.22252093395631434,8,-0.8660254037844384,-0.5000000000000004,0,0,0,0,15400.0,16.0,16050.0,8.0,18950.0,14.0,26550.0,19.0,21607.14285714286,5604.345677792319,2450.0,21435.714285714286,5297.946938035743,2450.0,22184.285714285714,6378.199809055305,2450.0,20526.78101648981,-2021.5026332835378,-5.278383206274157,0,16,0,0,1321.428477040823,0.9999999999459459
2023-08-17,2023-08-17,16.0,22650.0,0.0,22650.0,3,0.43388373911755823,-0.900968867902419,8,-0.8660254037844384,-0.5000000000000004,0,0,0,0,18500.0,14.0,19200.0,14.0,25050.0,16.0,27700.0,21.0,22100.0,5508.251386178045,3450.0,21264.285714285714,5210.102190472406,3450.0,22003.928571428572,6287.205314078426,3450.0,20038.878698746554,1437.1469756051736,1173.9743256482725,0,24,0,0,1415.624911523443,0.9999999999558499
2023-08-18,2023-08-18,14.0,18850.0,0.0,18850.0,4,-0.433883739117558,-0.9009688679024191,8,-0.8660254037844384,-0.5000000000000004,0,1,0,0,22650.0,16.0,32350.0,27.0,22550.0,18.0,27610.0,21.0,20171.428571428572,3201.8038070822613,-13500.0,21000.0,5233.655877697191,-13500.0,21691.071428571428,6215.4534647511555,-13500.0,19740.48221886198,-81.85925861933376,-808.6229602426465,0,32,0,0,1346.4284752551089,0.9999999999469495
2023-08-19,2023-08-19,13.0,16950.0,0.0,16950.0,5,-0.9749279121818236,-0.2225209339563146,8,-0.8660254037844384,-0.5000000000000004,1,0,0,0,18850.0,14.0,25400.0,17.0,20800.0,15.0,17800.0,13.0,18964.285714285714,2392.6474677145065,-8450.0,20725.0,5344.938295678992,-8450.0,21660.714285714286,6237.199590373801,-8450.0,19721.03864640575,-523.5431271575881,-2247.495519248161,0,40,0,0,1303.8460535503036,0.999999999941003
2023-08-20,2023-08-20,8.0,10750.0,0.0,10750.0,6,-0.7818314824680299,0.6234898018587334,8,-0.8660254037844384,-0.5000000000000004,1,0,0,0,16950.0,13.0,19600.0,13.0,12150.0,13.0,15800.0,12.0,17700.0,3877.9290005532544,-8850.0,20625.0,5527.683824310044,-8850.0,21480.35714285714,6481.18843819781,-8850.0,19851.494224034515,-5501.657692575714,-3599.836531458801,0,48,0,0,1343.7498320312711,0.9999999999069767
2023-08-21,2023-08-21,20.0,22250.0,0.0,22250.0,0,0.0,1.0,8,-0.8660254037844384,-0.5000000000000004,0,0,1,0,10750.0,8.0,20800.0,18.0,27200.0,21.0,28000.0,22.0,17907.14285714286,4103.294263091846,1450.0,20271.428571428572,5224.782449858755,1450.0,21275.0,6356.864181514548,1450.0,20053.48621278048,591.7751159753952,1604.738671244122,0,0,0,0,1112.4999443750028,0.9999999999550562
2023-08-22,2023-08-22,22.0,28300.0,0.0,28300.0,1,0.7818314824680298,0.6234898018587336,8,-0.8660254037844384,-0.5000000000000004,0,0,0,0,22250.0,20.0,15400.0,16.0,25050.0,21.0,21400.0,19.0,19750.0,5461.608432198838,12900.0,20503.571428571428,5517.436148099231,12900.0,21521.428571428572,6494.148770544809,12900.0,20311.854529405748,6234.76154792453,1753.3839226697237,0,8,0,0,1286.3635778925645,0.9999999999646643
2023-08-23,2023-08-23,24.0,31250.0,0.0,31250.0,2,0.9749279121818236,-0.22252093395631434,8,-0.8660254037844384,-0.5000000000000004,0,0,0,0,28300.0,22.0,18500.0,14.0,16050.0,8.0,25800.0,20.0,21571.428571428572,6909.405253158906,12750.0,21589.285714285714,6044.042794082769,12750.0,21716.071428571428,6705.374483030186,12750.0,20587.833031801714,-1251.5847004356845,11913.75166863397,0,16,0,0,1302.0832790798634,0.999999999968
2023-08-24,2023-08-24,17.0,21800.0,0.0,21800.0,3,0.43388373911755823,-0.900968867902419,8,-0.8660254037844384,-0.5000000000000004,0,0,0,0,31250.0,24.0,22650.0,16.0,19200.0,14.0,27100.0,21.0,21450.0,6894.744375246911,-850.0,21775.0,6004.797761277788,-850.0,21526.785714285714,6622.051854764968,-850.0,20869.717457185387,1576.7476770025494,-646.4651341879362,0,24,0,0,1282.352865743949,0.9999999999541285
2023-08-25,2023-08-25,15.0,20750.0,0.0,20750.0,4,-0.433883739117558,-0.9009688679024191,8,-0.8660254037844384,-0.5000000000000004,0,1,0,0,21800.0,17.0,18850.0,14.0,32350.0,27.0,38400.0,28.0,21721.428571428572,6812.235141203404,1900.0,20946.428571428572,5176.554552302865,1900.0,20896.428571428572,5737.35208913567,1900.0,21120.85937318491,-23.169156261118637,-347.690216923791,0,32,0,0,1383.3332411111173,0.9999999999518072
2023-08-26,2023-08-26,16.0,21000.0,0.0,21000.0,5,-0.9749279121818236,-0.2225209339563146,8,-0.8660254037844384,-0.5000000000000004,1,0,0,0,20750.0,15.0,16950.0,13.0,25400.0,17.0,23200.0,19.0,22300.0,6504.485631726179,4050.0,20632.14285714286,5016.457804178099,4050.0,20817.85714285714,5719.673881627323,4050.0,21268.635748896497,-2489.1785084404464,2220.5427595439505,0,40,0,0,1312.499917968755,0.999999999952381
2023-08-27,2023-08-27,13.0,17300.0,0.0,17300.0,6,-0.7818314824680299,0.6234898018587334,8,-0.8660254037844384,-0.5000000000000004,1,0,0,0,21000.0,16.0,10750.0,8.0,19600.0,13.0,7700.0,8.0,23235.714285714286,4818.688815929179,6550.0,20467.85714285714,5089.982890361838,6550.0,21160.714285714286,5165.059914013034,6550.0,21321.908789104826,-5217.485432028035,1195.5766429232099,0,48,0,0,1330.769128402375,0.9999999999421965
2023-08-28,2023-08-28,14.0,16450.0,0.0,16450.0,0,0.0,1.0,8,-0.8660254037844384,-0.5000000000000004,0,0,1,0,17300.0,13.0,22250.0,20.0,20800.0,18.0,25600.0,18.0,22407.14285714286,5470.940547674547,-5800.0,20157.14285714286,5199.735834372083,-5800.0,20833.928571428572,5163.243553688848,-5800.0,21380.80764972099,234.90020470971174,-5165.707854430702,0,0,0,0,1174.9999160714347,0.9999999999392097
2023-08-29,2023-08-29,22.0,26900.0,0.0,26900.0,1,0.7818314824680298,0.6234898018587336,8,-0.8660254037844384,-0.5000000000000004,0,0,0,0,16450.0,14.0,28300.0,22.0,15400.0,16.0,16000.0,11.0,22207.14285714286,5240.342591490508,-1400.0,20978.571428571428,5297.848412534874,-1400.0,21223.214285714286,5196.089736039396,-1400.0,21555.730717530718,6502.778566036499,-1158.5092835672149,0,8,0,0,1222.7272171487627,0.9999999999628253
2023-08-30,2023-08-30,21.0,23200.0,0.0,23200.0,2,0.9749279121818236,-0.22252093395631434,8,-0.8660254037844384,-0.5000000000000004,0,0,0,0,26900.0,22.0,31250.0,24.0,18500.0,14.0,18950.0,14.0,21057.14285714286,3528.978673240938,-8050.0,21314.285714285714,5277.580614529508,-8050.0,21375.0,5189.296319954826,-8050.0,21861.679371986826,-634.1895052192942,1972.5101332324703,0,16,0,0,1104.7618521541974,0.9999999999568966
2023-08-31,2023-08-31,16.0,24150.0,0.0,24150.0,3,0.43388373911755823,-0.900968867902419,8,-0.8660254037844384,-0.5000000000000004,0,0,0,0,23200.0,21.0,21800.0,17.0,22650.0,16.0,25050.0,16.0,21392.85714285714,3718.134452857068,2350.0,21421.428571428572,5321.824234866623,2350.0,21342.85714285714,5168.435437124592,2350.0,22206.93997031439,2735.1465088263444,-792.086479140733,0,24,0,0,1509.3749056640684,0.9999999999585921
2023-09-01,2023-09-01,30.0,37500.0,0.0,37500.0,4,-0.433883739117558,-0.9009688679024191,9,-1.0,-1.8369701987210297e-16,0,1,0,0,24150.0,16.0,20750.0,15.0,18850.0,14.0,22550.0,18.0,23785.714285714286,7093.348661816528,16750.0,22753.571428571428,6766.70196584024,16750.0,21876.785714285714,6002.645746034102,16750.0,22546.898956875993,264.22203577099003,14688.879007353018,0,36,0,0,1249.9999583333347,0.9999999999733333
2023-09-02,2023-09-02,11.0,16000.0,0.0,16000.0,5,-0.9749279121818236,-0.2225209339563146,9,-1.0,-1.8369701987210297e-16,1,0,0,0,37500.0,30.0,21000.0,16.0,16950.0,13.0,20800.0,15.0,23071.428571428572,7650.4823999784485,-5000.0,22685.714285714286,6833.808167188681,-5000.0,21705.35714285714,6102.251243442505,-5000.0,22947.87771483792,-3863.9517071259465,-3083.9260077119725,0,45,0,0,1454.5453223140617,0.9999999999375
2023-09-03,2023-09-03,14.0,21050.0,0.0,21050.0,6,-0.7818314824680299,0.6234898018587334,9,-1.0,-1.8369701987210297e-16,1,0,0,0,16000.0,11.0,17300.0,13.0,10750.0,8.0,12150.0,13.0,23607.14285714286,7302.364261629441,3750.0,23421.428571428572,5946.871002911989,3750.0,22023.214285714286,5810.932897355335,3750.0,23353.334278340873,-5632.934024003132,3329.599745662257,0,54,0,0,1503.5713211734771,0.999999999952494
2023-09-04,2023-09-04,19.0,25150.0,0.0,25150.0,0,0.0,1.0,9,-1.0,-1.8369701987210297e-16,0,0,1,0,21050.0,14.0,16450.0,14.0,22250.0,20.0,27200.0,21.0,24850.0,6586.476043125477,8700.0,23628.571428571428,5953.431921870981,8700.0,21950.0,5755.94700513532,8700.0,23667.50362163168,418.2940360089182,1064.2023423594,0,0,0,0,1323.6841408587293,0.9999999999602386
2023-09-05,2023-09-05,20.0,30350.0,0.0,30350.0,1,0.7818314824680298,0.6234898018587336,9,-1.0,-1.8369701987210297e-16,0,0,0,0,25150.0,19.0,26900.0,22.0,28300.0,22.0,25050.0,21.0,25342.85714285714,6887.635574674593,3450.0,23775.0,6100.559558194452,3450.0,22139.285714285714,5945.68559954843,3450.0,23866.276145304273,5467.609931835611,1016.1139228601169,0,9,0,0,1517.4999241250036,0.999999999967051
2023-09-06,2023-09-06,15.0,21600.0,0.0,21600.0,2,0.9749279121818236,-0.22252093395631434,9,-1.0,-1.8369701987210297e-16,0,0,0,0,30350.0,20.0,23200.0,21.0,31250.0,24.0,16050.0,8.0,25114.285714285714,6996.291534669952,-1600.0,23085.714285714286,5724.590296775374,-1600.0,22337.5,5826.482087719726,-1600.0,23978.60191738266,-267.5567703669787,-2111.0451470156804,0,18,0,0,1439.9999040000064,0.9999999999537037
2023-09-07,2023-09-07,7.0,10250.0,0.0,10250.0,3,0.43388373911755823,-0.900968867902419,9,-1.0,-1.8369701987210297e-16,0,0,0,0,21600.0,15.0,24150.0,16.0,21800.0,17.0,19200.0,14.0,23128.571428571428,9000.965556671128,-13900.0,22260.714285714286,6677.147553450505,-13900.0,22017.85714285714,6236.083978447028,-13900.0,23986.111231607847,4484.059041147805,-18220.17027275565,0,27,0,0,1464.2855051020706,0.999999999902439
2023-09-08,2023-09-08,18.0,26350.0,0.0,26350.0,4,-0.433883739117558,-0.9009688679024191,9,-1.0,-1.8369701987210297e-16,0,1,0,0,10250.0,7.0,37500.0,30.0,20750.0,15.0,32350.0,27.0,21535.714285714286,6735.274944011381,-11150.0,22660.714285714286,6747.055727427456,-11150.0,21803.571428571428,5965.09800253898,-11150.0,23953.220749194123,321.1239578485968,2075.655292957279,0,36,0,0,1463.8888075617328,0.9999999999620494
2023-09-09,2023-09-09,18.0,19950.0,0.0,19950.0,5,-0.9749279121818236,-0.2225209339563146,9,-1.0,-1.8369701987210297e-16,1,0,0,0,26350.0,18.0,16000.0,11.0,21000.0,16.0,25400.0,17.0,22100.0,6348.556266322733,3950.0,22585.714285714286,6772.723249903312,3950.0,21608.928571428572,5932.226076013252,3950.0,23932.28811048352,-4487.247518443528,504.9594079600065,0,45,0,0,1108.3332717592625,0.9999999999498747
2023-09-10,2023-09-10,9.0,12450.0,0.0,12450.0,6,-0.7818314824680299,0.6234898018587334,9,-1.0,-1.8369701987210297e-16,1,0,0,0,19950.0,18.0,21050.0,14.0,17300.0,13.0,19600.0,13.0,20871.428571428572,7340.291612216768,-8600.0,22239.285714285714,7175.926061155134,-8600.0,21353.571428571428,6170.988404104992,-8600.0,23961.097247289803,-6247.731733845451,-5263.365513444351,0,54,0,0,1383.3331796296468,0.9999999999196787
2023-09-11,2023-09-11,19.0,25300.0,0.0,25300.0,0,0.0,1.0,9,-1.0,-1.8369701987210297e-16,0,0,1,0,12450.0,9.0,25150.0,19.0,16450.0,14.0,20800.0,18.0,20892.85714285714,7355.067899722117,150.0,22871.428571428572,7014.701986260331,150.0,21514.285714285714,6214.482147354575,150.0,24039.14997552248,945.7670754421871,315.0829490353317,0,0,0,0,1331.5788772853223,0.9999999999604743
2023-09-12,2023-09-12,20.0,28900.0,0.0,28900.0,1,0.7818314824680298,0.6234898018587336,9,-1.0,-1.8369701987210297e-16,0,0,0,0,25300.0,19.0,30350.0,20.0,26900.0,22.0,15400.0,16.0,20685.714285714286,7058.783788403456,-1450.0,23014.285714285714,7122.59213217487,-1450.0,21996.428571428572,6246.15331359482,-1450.0,24201.475799779306,4364.015098314612,334.5091019060819,0,9,0,0,1444.9999277500035,0.9999999999653979
2023-09-13,2023-09-13,16.0,23950.0,0.0,23950.0,2,0.9749279121818236,-0.22252093395631434,9,-1.0,-1.8369701987210297e-16,0,0,0,0,28900.0,20.0,21600.0,15.0,23200.0,21.0,18500.0,14.0,21021.428571428572,7164.60380056333,2350.0,23067.85714285714,7126.915589802963,2350.0,22191.071428571428,6218.015247998267,2350.0,24502.28953010237,813.1359309939852,-1365.4254610963544,0,18,0,0,1496.8749064453182,0.9999999999582463
2023-09-14,2023-09-14,25.0,31850.0,0.0,31850.0,3,0.43388373911755823,-0.900968867902419,9,-1.0,-1.8369701987210297e-16,0,0,0,0,23950.0,16.0,10250.0,7.0,24150.0,16.0,22650.0,16.0,24107.14285714286,6358.355957021404,21600.0,23617.85714285714,7503.9888660031775,21600.0,22519.64285714286,6480.688396300765,21600.0,24952.721005967578,4585.071680952762,2312.20731307966,0,27,0,0,1273.999949040002,0.9999999999686028
2023-09-15,2023-09-15,20.0,23100.0,0.0,23100.0,4,-0.433883739117558,-0.9009688679024191,9,-1.0,-1.8369701987210297e-16,0,1,0,0,31850.0,25.0,26350.0,18.0,37500.0,30.0,18850.0,14.0,23642.85714285714,6285.527594630081,-3250.0,22589.285714285714,6353.502322203275,-3250.0,22671.428571428572,6441.207451957569,-3250.0,25529.470922701712,385.15670957343053,-2814.6276322751437,0,36,0,0,1154.9999422500027,0.99999999995671
2023-09-16,2023-09-16,19.0,20300.0,0.0,20300.0,5,-0.9749279121818236,-0.2225209339563146,9,-1.0,-1.8369701987210297e-16,1,0,0,0,23100.0,20.0,19950.0,18.0,16000.0,11.0,16950.0,13.0,23692.85714285714,6252.561379908468,350.0,22896.428571428572,6109.716860042762,350.0,22791.071428571428,6361.618906050596,350.0,26125.309488385177,-3821.533828398696,-2003.7756599864806,0,45,0,0,1068.4209963988949,0.9999999999507388
2023-09-17,2023-09-17,16.0,21100.0,0.0,21100.0,6,-0.7818314824680299,0.6234898018587334,9,-1.0,-1.8369701987210297e-16,1,0,0,0,20300.0,19.0,12450.0,9.0,21050.0,14.0,10750.0,8.0,24928.571428571428,4167.318996554833,8650.0,22900.0,6108.569012838937,8650.0,23160.714285714286,5921.529412407814,8650.0,26649.949144757782,-7041.817548154215,1491.868403396431,0,54,0,0,1318.7499175781302,0.9999999999526066
2023-09-18,2023-09-18,22.0,30150.0,0.0,30150.0,0,0.0,1.0,9,-1.0,-1.8369701987210297e-16,0,0,1,0,21100.0,16.0,25300.0,19.0,25150.0,19.0,22250.0,20.0,25621.428571428572,4618.157744423654,4850.0,23257.14285714286,6389.921666272569,4850.0,23442.85714285714,6063.0440082109635,4850.0,27118.102013215444,814.8500505400996,2217.0479362444567,0,0,0,0,1370.4544831611597,0.9999999999668325
2023-09-19,2023-09-19,23.0,30200.0,0.0,30200.0,1,0.7818314824680298,0.6234898018587336,9,-1.0,-1.8369701987210297e-16,0,0,0,0,30150.0,22.0,28900.0,20.0,30350.0,20.0,28300.0,22.0,25807.14285714286,4794.739180552268,1300.0,23246.428571428572,6377.2270404365745,1300.0,23510.714285714286,6129.684257816982,1300.0,27357.59398901293,2749.2055809894,93.20042999766883,0,9,0,0,1313.043421172025,0.9999999999668874
2023-09-20,2023-09-20,23.0,30650.0,0.0,30650.0,2,0.9749279121818236,-0.22252093395631434,9,-1.0,-1.8369701987210297e-16,0,0,0,0,30200.0,23.0,23950.0,16.0,21600.0,15.0,31250.0,24.0,26764.285714285714,5025.411615456111,6700.0,23892.85714285714,6650.328422857694,6700.0,23489.285714285714,6102.615667844258,6700.0,27277.060644544865,2301.000904600385,1071.9384508547519,0,18,0,0,1332.6086377126678,0.9999999999673735
2023-09-21,2023-09-21,13.0,19700.0,0.0,19700.0,3,0.43388373911755823,-0.900968867902419,9,-1.0,-1.8369701987210297e-16,0,0,0,0,30650.0,23.0,31850.0,25.0,10250.0,7.0,21800.0,17.0,25028.571428571428,5074.1055979400735,-12150.0,24567.85714285714,5547.161683893267,-12150.0,23414.285714285714,6136.953296807464,-12150.0,27036.125887214414,4438.211730805485,-11774.337618019897,0,27,0,0,1515.3844988165772,0.9999999999492386
2023-09-22,2023-09-22,20.0,28450.0,0.0,28450.0,4,-0.433883739117558,-0.9009688679024191,9,-1.0,-1.8369701987210297e-16,0,1,0,0,19700.0,13.0,23100.0,20.0,26350.0,18.0,20750.0,15.0,25792.85714285714,5137.722304308564,5350.0,24717.85714285714,5626.879417405604,5350.0,23689.285714285714,6185.47218388106,5350.0,26703.578041676148,279.95800955891383,1466.4639487649365,0,36,0,0,1422.4999288750034,0.9999999999648506
2023-09-23,2023-09-23,18.0,27250.0,0.0,27250.0,5,-0.9749279121818236,-0.2225209339563146,9,-1.0,-1.8369701987210297e-16,1,0,0,0,28450.0,20.0,20300.0,19.0,19950.0,18.0,21000.0,16.0,26785.714285714286,4535.573676110649,6950.0,25239.285714285714,5487.579632204085,6950.0,23912.5,6197.589510506558,6950.0,26227.463916957327,-3150.5297536042754,4173.065836646947,0,45,0,0,1513.8888047839553,0.9999999999633027
2023-09-24,2023-09-24,12.0,15600.0,0.0,15600.0,6,-0.7818314824680299,0.6234898018587334,9,-1.0,-1.8369701987210297e-16,1,0,0,0,27250.0,18.0,21100.0,16.0,12450.0,9.0,17300.0,13.0,26000.0,5942.7827376293935,-5500.0,25464.285714285714,4962.297411924897,-5500.0,23851.785714285714,6272.64021060035,-5500.0,25598.359675453354,-5704.83146231085,-4293.528213142505,0,54,0,0,1299.9998916666757,0.9999999999358974
2023-09-25,2023-09-25,19.0,22750.0,0.0,22750.0,0,0.0,1.0,9,-1.0,-1.8369701987210297e-16,0,0,1,0,15600.0,12.0,30150.0,22.0,25300.0,19.0,16450.0,14.0,24942.85714285714,5736.101214488489,-7400.0,25282.14285714286,5015.307611658665,-7400.0,24076.785714285714,6108.137895052281,-7400.0,24822.178106033487,318.8184429333676,-2390.996548966854,0,0,0,0,1197.3683580332442,0.9999999999560439
2023-09-26,2023-09-26,25.0,25700.0,0.0,25700.0,1,0.7818314824680298,0.6234898018587336,9,-1.0,-1.8369701987210297e-16,0,0,0,0,22750.0,19.0,30200.0,23.0,28900.0,20.0,26900.0,22.0,24300.0,5282.991576748834,-4500.0,25053.571428571428,4909.545815031264,-4500.0,24033.928571428572,6091.7833789006245,-4500.0,23984.10323333479,679.2278537110537,1036.6689129541555,0,9,0,0,1027.9999588800017,0.9999999999610895
2023-09-27,2023-09-27,20.0,30450.0,0.0,30450.0,2,0.9749279121818236,-0.22252093395631434,9,-1.0,-1.8369701987210297e-16,0,0,0,0,25700.0,25.0,30650.0,23.0,23950.0,16.0,23200.0,21.0,24271.428571428572,5243.317742839937,-200.0,25517.85714285714,5100.7769823995195,-200.0,24292.85714285714,6207.995356732035,-200.0,23254.00309259206,2983.69919874488,4212.2977086630635,0,18,0,0,1522.4999238750038,0.9999999999671593
2023-09-28,2023-09-28,17.0,24100.0,0.0,24100.0,3,0.43388373911755823,-0.900968867902419,9,-1.0,-1.8369701987210297e-16,0,0,0,0,30450.0,20.0,19700.0,13.0,31850.0,25.0,24150.0,16.0,24900.0,4853.177653180698,4400.0,24964.285714285714,4770.559899869472,4400.0,24291.071428571428,6208.045162162554,4400.0,22692.654758339064,2308.4259088391564,-901.0806671782193,0,27,0,0,1417.6469754325308,0.9999999999585062
2023-09-29,2023-09-29,16.0,20200.0,0.0,20200.0,4,-0.433883739117558,-0.9009688679024191,9,-1.0,-1.8369701987210297e-16,0,1,0,0,24100.0,17.0,28450.0,20.0,23100.0,20.0,37500.0,30.0,23721.428571428572,4849.128542227635,-8250.0,24757.14285714286,4918.405665021456,-8250.0,23673.214285714286,5683.463376532055,-8250.0,22326.36955211935,1608.2114312913875,-3734.5809834107386,0,36,0,0,1262.499921093755,0.999999999950495
2023-09-30,2023-09-30,14.0,17050.0,0.0,17050.0,5,-0.9749279121818236,-0.2225209339563146,9,-1.0,-1.8369701987210297e-16,1,0,0,0,20200.0,16.0,27250.0,18.0,20300.0,19.0,16000.0,11.0,22264.285714285714,5136.123236913312,-10200.0,24525.0,5212.844712822438,-10200.0,23710.714285714286,5634.2102726846815,-10200.0,22200.47776022589,-1872.3887053625485,-3278.0890548633433,0,45,0,0,1217.8570558673532,0.9999999999413489
2023-10-01,2023-10-01,11.0,20300.0,0.0,20300.0,6,-0.7818314824680299,0.6234898018587334,10,-0.8660254037844386,0.5000000000000001,1,0,0,0,17050.0,14.0,15600.0,12.0,21100.0,16.0,21050.0,14.0,22935.714285714286,4369.755359829762,4700.0,24467.85714285714,5257.471136131286,4700.0,23683.928571428572,5649.091266996607,4700.0,22270.213840143624,-5601.869051273321,3631.6552111296987,0,60,0,0,1845.4543776859657,0.9999999999507388
2023-10-02,2023-10-02,18.0,22750.0,0.0,22750.0,0,0.0,1.0,10,-0.8660254037844386,0.5000000000000001,0,0,1,0,20300.0,11.0,22750.0,19.0,30150.0,22.0,25150.0,19.0,22935.714285714286,4369.755359829762,0.0,23939.285714285714,5008.3460563125045,0.0,23598.214285714286,5644.228158742054,0.0,22558.540636079742,2074.7024372215274,-1883.2430733012698,0,0,0,0,1263.8888186728434,0.9999999999560439
2023-10-03,2023-10-03,15.0,19250.0,0.0,19250.0,1,0.7818314824680298,0.6234898018587336,10,-0.8660254037844386,0.5000000000000001,0,0,0,0,22750.0,18.0,25700.0,25.0,30200.0,23.0,30350.0,20.0,22014.285714285714,4369.755359829754,-6450.0,23157.14285714286,4806.360255026629,-6450.0,23201.785714285714,5541.317568667729,-6450.0,23148.83004732785,-989.0581543757753,-2909.7718929520743,0,10,0,0,1283.3332477777835,0.9999999999480519
2023-10-04,2023-10-04,19.0,24300.0,0.0,24300.0,2,0.9749279121818236,-0.22252093395631434,10,-0.8660254037844386,0.5000000000000001,0,0,0,0,19250.0,15.0,30450.0,20.0,30650.0,23.0,21600.0,15.0,21135.714285714286,2684.168754896156,-6150.0,22703.571428571428,4319.876435453117,-6150.0,23298.214285714286,5535.901046516784,-6150.0,24030.241018860263,2591.5814121459753,-2321.8224310062396,0,20,0,0,1278.9473011080368,0.9999999999588477
2023-10-05,2023-10-05,19.0,26450.0,0.0,26450.0,3,0.43388373911755823,-0.900968867902419,10,-0.8660254037844386,0.5000000000000001,0,0,0,0,24300.0,19.0,24100.0,17.0,19700.0,13.0,10250.0,7.0,21471.428571428572,3211.808569281985,2350.0,23185.714285714286,4335.516497108971,2350.0,23876.785714285714,4935.706676538384,2350.0,25053.925362253816,-167.43409849071503,1563.5087362368977,0,30,0,0,1392.1051898892003,0.9999999999621928
2023-10-06,2023-10-06,21.0,30600.0,0.0,30600.0,4,-0.433883739117558,-0.9009688679024191,10,-0.8660254037844386,0.5000000000000001,0,1,0,0,26450.0,19.0,20200.0,16.0,28450.0,20.0,26350.0,18.0,22957.14285714286,4621.63648608616,10400.0,23339.285714285714,4568.166547357524,10400.0,24028.571428571428,5077.882844246641,10400.0,26062.572831910777,2940.1228870447503,1597.3042810444713,0,40,0,0,1457.1427877551052,0.9999999999673203
2023-10-07,2023-10-07,18.0,25800.0,0.0,25800.0,5,-0.9749279121818236,-0.2225209339563146,10,-0.8660254037844386,0.5000000000000001,1,0,0,0,30600.0,21.0,17050.0,14.0,27250.0,18.0,19950.0,18.0,24207.14285714286,3881.733780523372,8750.0,23235.714285714286,4488.422224561189,8750.0,24237.5,5023.917333154532,8750.0,27028.08952556317,-1217.363192321075,-10.72633324209528,0,50,0,0,1433.3332537037081,0.9999999999612403
2023-10-08,2023-10-08,8.0,9400.0,0.0,9400.0,6,-0.7818314824680299,0.6234898018587334,10,-0.8660254037844386,0.5000000000000001,1,0,0,0,25800.0,18.0,20300.0,11.0,15600.0,12.0,12450.0,9.0,22650.0,6799.754897543415,-10900.0,22792.85714285714,5493.172585578007,-10900.0,24128.571428571428,5313.669105719657,-10900.0,28055.443117824503,-5178.808646853501,-13476.634470971003,0,60,0,0,1174.9998531250185,0.999999999893617
2023-10-09,2023-10-09,17.0,22850.0,0.0,22850.0,0,0.0,1.0,10,-0.8660254037844386,0.5000000000000001,0,0,1,0,9400.0,8.0,22750.0,18.0,22750.0,19.0,25300.0,19.0,22664.285714285714,6800.105041205434,100.0,22800.0,5493.177586788972,100.0,24041.071428571428,5313.836822154681,100.0,29068.572154170277,4666.434483203078,-10885.006637373353,0,0,0,0,1344.117567993084,0.9999999999562363
2023-10-10,2023-10-10,18.0,27600.0,0.0,27600.0,1,0.7818314824680298,0.6234898018587336,10,-0.8660254037844386,0.5000000000000001,0,0,0,0,22850.0,17.0,19250.0,15.0,25700.0,25.0,28900.0,20.0,23857.14285714286,6833.644011520468,8350.0,22935.714285714286,5592.901702207019,8350.0,23994.64285714286,5275.3504234266065,8350.0,29923.726132480842,-3102.387275023738,778.6611425428964,0,10,0,0,1533.3332481481527,0.9999999999637681
2023-10-11,2023-10-11,25.0,32550.0,0.0,32550.0,2,0.9749279121818236,-0.22252093395631434,10,-0.8660254037844386,0.5000000000000001,0,0,0,0,27600.0,18.0,24300.0,19.0,30450.0,20.0,23950.0,16.0,25035.714285714286,7592.085477967242,8250.0,23085.714285714286,5832.944518700867,8250.0,24301.785714285714,5517.455165919943,8250.0,30690.657094041195,1647.9684524289794,211.37445352982468,0,20,0,0,1301.9999479200021,0.999999999969278
2023-10-12,2023-10-12,23.0,26950.0,0.0,26950.0,3,0.43388373911755823,-0.900968867902419,10,-0.8660254037844386,0.5000000000000001,0,0,0,0,32550.0,25.0,26450.0,19.0,24100.0,17.0,31850.0,25.0,25107.14285714286,7609.94024130214,500.0,23289.285714285714,5920.147430967944,500.0,24126.785714285714,5344.164039933136,500.0,31457.096623814483,-2658.592552487621,-1848.5040713268609,0,30,0,0,1171.7390794896053,0.9999999999628942
2023-10-13,2023-10-13,18.0,25200.0,0.0,25200.0,4,-0.433883739117558,-0.9009688679024191,10,-0.8660254037844386,0.5000000000000001,0,1,0,0,26950.0,23.0,30600.0,21.0,20200.0,16.0,23100.0,20.0,24335.714285714286,7224.248189587691,-5400.0,23646.428571428572,5870.049937073537,-5400.0,24201.785714285714,5343.9561247723805,-5400.0,32188.87082128782,5596.501501686821,-12585.37232297464,0,40,0,0,1399.9999222222264,0.9999999999603174
2023-10-14,2023-10-14,23.0,35350.0,0.0,35350.0,5,-0.9749279121818236,-0.2225209339563146,10,-0.8660254037844386,0.5000000000000001,1,0,0,0,25200.0,18.0,25800.0,18.0,17050.0,14.0,20300.0,19.0,25700.0,8359.425817602501,9550.0,24953.571428571428,6309.256456427169,9550.0,24739.285714285714,5683.086621280171,9550.0,32748.42225734457,-1440.7277486084647,4042.3054912638945,0,50,0,0,1536.9564549149368,0.9999999999717114
2023-10-15,2023-10-15,17.0,24950.0,0.0,24950.0,6,-0.7818314824680299,0.6234898018587334,10,-0.8660254037844386,0.5000000000000001,1,0,0,0,35350.0,23.0,9400.0,8.0,20300.0,11.0,21100.0,16.0,27921.428571428572,4464.849488211267,15550.0,25285.714285714286,6166.205308947215,15550.0,24876.785714285714,5638.171527596805,15550.0,33073.05880163536,-5052.117650184733,-3070.9411514506246,0,60,0,0,1467.6469724913545,0.9999999999599198
2023-10-16,2023-10-16,35.0,43400.0,0.0,43400.0,0,0.0,1.0,10,-0.8660254037844386,0.5000000000000001,0,0,1,0,24950.0,17.0,22850.0,17.0,22750.0,18.0,30150.0,22.0,30857.14285714286,6747.1863624420175,20550.0,26760.714285714286,7773.356333098316,20550.0,25350.0,6575.304527520358,20550.0,33297.09464501308,7443.829043844052,2659.076311142868,0,0,0,0,1239.9999645714297,0.9999999999769585
2023-10-17,2023-10-17,24.0,30700.0,0.0,30700.0,1,0.7818314824680298,0.6234898018587336,10,-0.8660254037844386,0.5000000000000001,0,0,0,0,43400.0,35.0,27600.0,18.0,19250.0,15.0,30200.0,23.0,31300.0,6597.853186201284,3100.0,27578.571428571428,7520.579823332902,3100.0,25367.85714285714,6589.627290726533,3100.0,33561.70098636727,-5579.737278065806,2718.0362916985323,0,10,0,0,1279.1666133680578,0.9999999999674267
2023-10-18,2023-10-18,25.0,27050.0,0.0,27050.0,2,0.9749279121818236,-0.22252093395631434,10,-0.8660254037844386,0.5000000000000001,0,0,0,0,30700.0,24.0,32550.0,25.0,24300.0,19.0,30650.0,23.0,30514.285714285714,6749.920634454029,-5500.0,27775.0,7464.061330030899,-5500.0,25239.285714285714,6517.4744759740815,-5500.0,33759.49505014158,1666.1616632185076,-8375.656713360087,0,20,0,0,1081.9999567200016,0.9999999999630315
2023-10-19,2023-10-19,22.0,29200.0,0.0,29200.0,3,0.43388373911755823,-0.900968867902419,10,-0.8660254037844386,0.5000000000000001,0,0,0,0,27050.0,25.0,26950.0,23.0,26450.0,19.0,19700.0,13.0,30835.714285714286,6603.894954602799,2250.0,27971.428571428572,7462.694767094142,2250.0,25578.571428571428,6465.498585389376,2250.0,33845.499150848875,-4902.7118491065285,257.21269825765194,0,30,0,0,1327.2726669421515,0.9999999999657534
2023-10-20,2023-10-20,34.0,38750.0,0.0,38750.0,4,-0.433883739117558,-0.9009688679024191,10,-0.8660254037844386,0.5000000000000001,0,1,0,0,29200.0,22.0,25200.0,18.0,30600.0,21.0,28450.0,20.0,32771.42857142857,6662.26044865511,13550.0,28553.571428571428,7983.2387943962185,13550.0,25946.428571428572,6912.481043727657,13550.0,33958.91195475857,8917.437730880936,-4126.349685639507,0,40,0,0,1139.705848832181,0.9999999999741935
2023-10-21,2023-10-21,24.0,30900.0,0.0,30900.0,5,-0.9749279121818236,-0.2225209339563146,10,-0.8660254037844386,0.5000000000000001,1,0,0,0,38750.0,34.0,35350.0,23.0,25800.0,18.0,27250.0,18.0,32135.714285714286,6587.090549306405,-4450.0,28917.85714285714,7964.2616911874175,-4450.0,26076.785714285714,6972.133449760542,-4450.0,34143.001495183016,-1638.7086683922066,-1604.29282679081,0,50,0,0,1287.4999463541687,0.9999999999676376
2023-10-22,2023-10-22,27.0,31700.0,0.0,31700.0,6,-0.7818314824680299,0.6234898018587334,10,-0.8660254037844386,0.5000000000000001,1,0,0,0,30900.0,24.0,24950.0,17.0,9400.0,8.0,15600.0,12.0,33100.0,5807.825181023724,6750.0,30510.714285714286,5655.874365221185,6750.0,26651.785714285714,6735.9934533988935,6750.0,34532.511633972426,-5304.822682266917,2472.3110482944903,0,60,0,0,1174.0740305898507,0.9999999999684542
2023-10-23,2023-10-23,35.0,43500.0,0.0,43500.0,0,0.0,1.0,10,-0.8660254037844386,0.5000000000000001,0,0,1,0,31700.0,27.0,43400.0,35.0,22850.0,17.0,22750.0,19.0,33114.28571428572,5837.430533898897,100.0,31985.714285714286,6173.34308419403,100.0,27392.85714285714,7399.570987135044,100.0,35244.2108189223,8305.384608575754,-49.59542749805405,0,0,0,0,1242.85710734694,0.9999999999770115
2023-10-24,2023-10-24,22.0,24100.0,0.0,24100.0,1,0.7818314824680298,0.6234898018587336,10,-0.8660254037844386,0.5000000000000001,0,0,0,0,43500.0,35.0,30700.0,24.0,27600.0,18.0,25700.0,25.0,32171.428571428572,6753.50878820638,-6600.0,31735.714285714286,6430.140223720218,-6600.0,27335.714285714286,7419.27990344846,-6600.0,36131.35408225465,-7776.004669027463,-4255.349413227188,0,10,0,0,1095.4544956611592,0.9999999999585062
2023-10-25,2023-10-25,26.0,40150.0,0.0,40150.0,2,0.9749279121818236,-0.22252093395631434,10,-0.8660254037844386,0.5000000000000001,0,0,0,0,24100.0,22.0,27050.0,25.0,32550.0,25.0,30450.0,20.0,34042.857142857145,6911.0074381036375,13100.0,32278.571428571428,6813.553074168201,13100.0,27682.14285714286,7787.409285907814,13100.0,36989.06528456218,2207.6763937353394,953.2583217024803,0,20,0,0,1544.2307098372803,0.9999999999750934
2023-10-26,2023-10-26,36.0,45250.0,0.0,45250.0,3,0.43388373911755823,-0.900968867902419,10,-0.8660254037844386,0.5000000000000001,0,0,0,0,40150.0,26.0,29200.0,22.0,26950.0,23.0,24100.0,17.0,36335.71428571428,7658.530879881299,16050.0,33585.71428571428,7439.30384903341,16050.0,28437.5,8426.596178063119,16050.0,37681.12591671564,-6597.538404286866,14166.41248757123,0,30,0,0,1256.944409529322,0.9999999999779006
2023-10-27,2023-10-27,41.0,53900.0,0.0,53900.0,4,-0.433883739117558,-0.9009688679024191,10,-0.8660254037844386,0.5000000000000001,0,1,0,0,45250.0,36.0,38750.0,34.0,25200.0,18.0,20200.0,16.0,38500.0,10180.086771077496,15150.0,35635.71428571428,8783.626125472874,15150.0,29641.071428571428,9539.63518957954,15150.0,38242.435109056685,12356.137102336375,3301.4277886069394,0,40,0,0,1314.634114277217,0.9999999999814471
2023-10-28,2023-10-28,23.0,35550.0,0.0,35550.0,5,-0.9749279121818236,-0.2225209339563146,10,-0.8660254037844386,0.5000000000000001,1,0,0,0,53900.0,41.0,30900.0,24.0,35350.0,23.0,17050.0,14.0,39164.28571428572,9743.874754844486,4650.0,35650.0,8783.288327622835,4650.0,30301.785714285714,9272.185428422325,4650.0,38825.21660260762,-2653.435688394692,-621.7809142129336,0,50,0,0,1545.6521067107778,0.9999999999718706
2023-10-29,2023-10-29,13.0,15650.0,0.0,15650.0,6,-0.7818314824680299,0.6234898018587334,10,-0.8660254037844386,0.5000000000000001,1,0,0,0,35550.0,23.0,31700.0,27.0,24950.0,17.0,20300.0,11.0,36871.42857142857,13102.571539678047,-16050.0,34985.71428571428,9931.426974923765,-16050.0,30135.714285714286,9496.879186644104,-16050.0,39542.130437928616,-4688.1471951258045,-19203.98324280281,0,60,0,0,1203.8460612426106,0.9999999999361022
2023-10-30,2023-10-30,24.0,31850.0,0.0,31850.0,0,0.0,1.0,10,-0.8660254037844386,0.5000000000000001,0,0,1,0,15650.0,13.0,43500.0,35.0,43400.0,35.0,22750.0,18.0,35207.142857142855,12857.890851257725,-11650.0,34160.71428571428,9654.55609009057,-11650.0,30460.714285714286,9389.871978211173,-11650.0,40234.84439728494,6414.736912537033,-14799.581309821973,0,0,0,0,1327.0832780381968,0.9999999999686028
2023-10-31,2023-10-31,22.0,31950.0,0.0,31950.0,1,0.7818314824680298,0.6234898018587336,10,-0.8660254037844386,0.5000000000000001,0,0,0,0,31850.0,24.0,24100.0,22.0,30700.0,24.0,19250.0,15.0,36328.57142857143,12044.288312406885,7850.0,34250.0,9625.82663782909,7850.0,30914.285714285714,9131.466325222738,7850.0,40707.116795851995,-8135.148661871918,-621.9681339800736,0,10,0,0,1452.2726612603335,0.999999999968701
2023-11-01,2023-11-01,29.0,43900.0,0.0,43900.0,2,0.9749279121818236,-0.22252093395631434,11,-0.5000000000000004,0.8660254037844384,0,0,0,1,31950.0,22.0,40150.0,26.0,27050.0,25.0,24300.0,19.0,36864.28571428572,12322.767353078425,3750.0,35453.57142857143,9709.382145551454,3750.0,31614.285714285714,9354.181647034327,3750.0,41053.98107106777,3158.7527450075204,-312.73381607529154,0,22,0,0,1513.7930512485154,0.999999999977221
2023-11-02,2023-11-02,25.0,33800.0,0.0,33800.0,3,0.43388373911755823,-0.900968867902419,11,-0.5000000000000004,0.8660254037844384,0,0,0,1,43900.0,29.0,45250.0,36.0,29200.0,22.0,26450.0,19.0,35228.57142857143,11771.74785743594,-11450.0,35782.142857142855,9558.134013717192,-11450.0,31876.785714285714,9306.901880811207,-11450.0,41537.996975713846,-6621.883674404237,-1116.1133013096114,0,33,0,0,1351.9999459200021,0.9999999999704142
2023-11-03,2023-11-03,39.0,58000.0,0.0,58000.0,4,-0.433883739117558,-0.9009688679024191,11,-0.5000000000000004,0.8660254037844384,0,1,0,1,33800.0,25.0,53900.0,41.0,38750.0,34.0,30600.0,21.0,35814.28571428572,12903.220343700843,4100.0,37157.142857142855,11252.381921224533,4100.0,32855.357142857145,10528.051939722853,4100.0,41650.52248250391,14046.585216915955,2302.8923005801335,0,44,0,0,1487.179449046681,0.9999999999827586
2023-11-04,2023-11-04,33.0,41950.0,0.0,41950.0,5,-0.9749279121818236,-0.2225209339563146,11,-0.5000000000000004,0.8660254037844384,1,0,0,1,58000.0,39.0,35550.0,23.0,30900.0,24.0,25800.0,18.0,36728.57142857143,13106.51419278652,6400.0,37946.42857142857,11166.940636844769,6400.0,33432.142857142855,10569.516039638178,6400.0,41597.37057851931,-4347.086461584735,4699.71588306543,0,55,0,0,1271.212082690543,0.9999999999761621
2023-11-05,2023-11-05,25.0,36250.0,0.0,36250.0,6,-0.7818314824680299,0.6234898018587334,11,-0.5000000000000004,0.8660254037844384,1,0,0,1,41950.0,33.0,15650.0,13.0,31700.0,27.0,9400.0,8.0,39671.42857142857,9362.9080749011,20600.0,38271.42857142857,11036.61239632955,20600.0,34391.07142857143,9469.141436807451,20600.0,41414.25188011452,-4506.697893028972,-657.55398708555,0,66,0,0,1449.9999420000022,0.9999999999724137
2023-11-06,2023-11-06,38.0,45250.0,0.0,45250.0,0,0.0,1.0,11,-0.5000000000000004,0.8660254037844384,0,0,1,1,36250.0,25.0,31850.0,24.0,43500.0,35.0,22850.0,17.0,41585.71428571428,8853.234544773039,13400.0,38396.42857142857,11110.052002331375,13400.0,35191.07142857143,9403.989042987778,13400.0,39862.10138816471,4311.507260203486,1076.3913516318062,0,0,0,0,1190.7894423476464,0.9999999999779006
2023-11-07,2023-11-07,48.0,63100.0,0.0,63100.0,1,0.7818314824680298,0.6234898018587336,11,-0.5000000000000004,0.8660254037844384,0,0,0,1,45250.0,38.0,31950.0,22.0,24100.0,22.0,27600.0,18.0,46035.71428571428,10814.177202701547,31150.0,41182.142857142855,12095.352049807949,31150.0,36458.92857142857,10652.803956839547,31150.0,39229.10884367559,-6227.98297885659,30098.874135180995,1,11,0,0,1314.583305946181,0.9999999999841521
2023-11-08,2023-11-08,13.0,16200.0,0.0,16200.0,2,0.9749279121818236,-0.22252093395631434,11,-0.5000000000000004,0.8660254037844384,0,0,0,1,63100.0,48.0,43900.0,29.0,40150.0,26.0,32550.0,25.0,42078.57142857143,15693.280333284321,-27700.0,39471.42857142857,13822.886739107711,-27700.0,35875.0,11303.256659525623,-27700.0,38670.63615423671,4020.548540573441,-26491.184694810152,1,22,0,0,1246.1537502958654,0.9999999999382716
2023-11-09,2023-11-09,20.0,26600.0,0.0,26600.0,3,0.43388373911755823,-0.900968867902419,11,-0.5000000000000004,0.8660254037844384,0,0,0,1,16200.0,13.0,33800.0,25.0,45250.0,36.0,26950.0,23.0,41050.0,16539.447794087144,-7200.0,38139.28571428572,14118.661662596034,-7200.0,35862.5,11313.68087759237,-7200.0,37968.34343919957,-5050.923323217061,-6317.42011598251,0,33,0,0,1329.9999335000032,0.999999999962406
2023-11-10,2023-11-10,28.0,37800.0,0.0,37800.0,4,-0.433883739117558,-0.9009688679024191,11,-0.5000000000000004,0.8660254037844384,0,1,0,1,26600.0,20.0,58000.0,39.0,53900.0,41.0,25200.0,18.0,38164.28571428572,14755.16051775657,-20200.0,36989.28571428572,13372.117641562312,-20200.0,36312.5,11122.846233466169,-20200.0,37195.86573935264,13327.35870395117,-12723.224443303807,0,44,0,0,1349.999951785716,0.9999999999735449
2023-11-11,2023-11-11,21.0,28800.0,0.0,28800.0,5,-0.9749279121818236,-0.2225209339563146,11,-0.5000000000000004,0.8660254037844384,1,0,0,1,37800.0,28.0,41950.0,33.0,35550.0,23.0,35350.0,23.0,36285.71428571428,15027.439188744996,-13150.0,36507.142857142855,13548.52897412258,-13150.0,36078.57142857143,11212.356184893986,-13150.0,36424.92351642617,-6194.331138126744,-1430.5923782994287,0,55,0,0,1371.428506122452,0.9999999999652778
2023-11-12,2023-11-12,23.0,32250.0,0.0,32250.0,6,-0.7818314824680299,0.6234898018587334,11,-0.5000000000000004,0.8660254037844384,1,0,0,1,28800.0,21.0,36250.0,25.0,15650.0,13.0,24950.0,17.0,35714.28571428572,15104.875434930344,-4000.0,37692.857142857145,12246.614243927268,-4000.0,36339.28571428572,11027.351157235029,-4000.0,36908.905271374395,-5522.320505290264,863.4152339158682,0,66,0,0,1402.1738520793976,0.9999999999689922
2023-11-13,2023-11-13,28.0,38050.0,0.0,38050.0,0,0.0,1.0,11,-0.5000000000000004,0.8660254037844384,0,0,1,1,32250.0,23.0,45250.0,38.0,31850.0,24.0,43400.0,35.0,34685.71428571428,14583.458502864196,-7200.0,38135.71428571428,12130.626031334483,-7200.0,36148.21428571428,10946.532362679744,-7200.0,37378.893149620955,1803.63568515857,-1132.5288347795286,0,0,0,0,1358.9285228954097,0.9999999999737188
2023-11-14,2023-11-14,24.0,33300.0,0.0,33300.0,1,0.7818314824680298,0.6234898018587336,11,-0.5000000000000004,0.8660254037844384,0,0,0,1,38050.0,28.0,63100.0,48.0,31950.0,22.0,30700.0,24.0,30428.571428571428,7569.118021212734,-29800.0,38232.142857142855,12082.944227662107,-29800.0,36241.07142857143,10909.569818482203,-29800.0,37884.48549504922,-2979.4180863454494,-1605.0674087037696,0,11,0,0,1387.4999421875023,0.9999999999699699
2023-11-15,2023-11-15,31.0,43300.0,0.0,43300.0,2,0.9749279121818236,-0.22252093395631434,11,-0.5000000000000004,0.8660254037844384,0,0,0,1,33300.0,24.0,16200.0,13.0,43900.0,29.0,27050.0,25.0,34300.0,5803.08825827537,27100.0,38189.28571428572,12062.340928746813,27100.0,36821.42857142857,10834.49078065922,27100.0,38525.003367768244,4149.491556784546,625.5050754472104,0,22,0,0,1396.7741484911564,0.9999999999769053
2023-11-16,2023-11-16,33.0,39950.0,0.0,39950.0,3,0.43388373911755823,-0.900968867902419,11,-0.5000000000000004,0.8660254037844384,0,0,0,1,43300.0,31.0,26600.0,20.0,33800.0,25.0,29200.0,22.0,36207.142857142855,4987.102412843634,13350.0,38628.57142857143,12002.030505866001,13350.0,37205.357142857145,10744.510564708446,13350.0,39370.48559001807,1130.2013756790582,-550.6869656971248,0,33,0,0,1210.6060239210296,0.9999999999749687
2023-11-17,2023-11-17,41.0,51000.0,0.0,51000.0,4,-0.433883739117558,-0.9009688679024191,11,-0.5000000000000004,0.8660254037844384,0,1,0,1,39950.0,33.0,37800.0,28.0,58000.0,39.0,38750.0,34.0,38092.857142857145,7534.665916694049,13200.0,38128.57142857143,11255.540760096763,13200.0,37642.857142857145,11054.659770680495,13200.0,40198.62724656094,10891.802110895705,-90.42935745664727,0,44,0,0,1243.9024086853071,0.9999999999803921
2023-11-18,2023-11-18,26.0,32300.0,0.0,32300.0,5,-0.9749279121818236,-0.2225209339563146,11,-0.5000000000000004,0.8660254037844384,1,0,0,1,51000.0,41.0,28800.0,21.0,41950.0,33.0,30900.0,24.0,38592.857142857145,6905.036119349728,3500.0,37439.28571428572,11298.913810482187,3500.0,37692.857142857145,11026.161770364268,3500.0,41045.5350830682,-9133.483430303011,387.94834723480744,0,55,0,0,1242.307644526629,0.9999999999690402
2023-11-19,2023-11-19,36.0,44250.0,0.0,44250.0,6,-0.7818314824680299,0.6234898018587334,11,-0.5000000000000004,0.8660254037844384,1,0,0,1,32300.0,26.0,32250.0,23.0,36250.0,25.0,31700.0,27.0,40307.142857142855,6548.245857443391,12000.0,38010.71428571428,11435.608667858367,12000.0,38141.07142857143,11028.60803119864,12000.0,40920.403175922154,-6868.183006626775,10197.779830704618,0,66,0,0,1229.1666325231492,0.9999999999774011
2023-11-20,2023-11-20,35.0,41800.0,0.0,41800.0,0,0.0,1.0,11,-0.5000000000000004,0.8660254037844384,0,0,1,1,44250.0,36.0,38050.0,28.0,45250.0,38.0,43500.0,35.0,40842.857142857145,6485.9096362441405,3750.0,37764.28571428572,11304.022915136711,3750.0,38080.357142857145,11002.66246638537,3750.0,41732.84990621063,-2016.8690805119404,2084.019174301313,0,0,0,0,1194.2856801632663,0.9999999999760766
2023-11-21,2023-11-21,33.0,42700.0,0.0,42700.0,1,0.7818314824680298,0.6234898018587336,11,-0.5000000000000004,0.8660254037844384,0,0,0,1,41800.0,35.0,33300.0,24.0,63100.0,48.0,24100.0,22.0,42185.71428571428,5572.754726174137,9400.0,36307.142857142855,8831.27870223136,9400.0,38744.642857142855,10684.215939323496,9400.0,41440.85379558159,335.62075918943117,923.5254452289737,0,11,0,0,1293.9393547291106,0.9999999999765807
2023-11-22,2023-11-22,19.0,16450.0,0.0,16450.0,2,0.9749279121818236,-0.22252093395631434,11,-0.5000000000000004,0.8660254037844384,0,0,0,1,42700.0,33.0,43300.0,31.0,16200.0,13.0,40150.0,26.0,38350.0,11138.746189166317,-26850.0,36325.0,8787.63882700284,-26850.0,37898.21428571428,11478.050567987097,-26850.0,41255.88160031242,4311.657699170479,-29117.5392994829,1,22,0,0,865.7894281163458,0.9999999999392097
2023-11-23,2023-11-23,25.0,29600.0,0.0,29600.0,3,0.43388373911755823,-0.900968867902419,11,-0.5000000000000004,0.8660254037844384,0,0,0,1,16450.0,19.0,39950.0,33.0,26600.0,20.0,45250.0,36.0,36871.42857142857,11569.567016633822,-10350.0,36539.28571428572,8566.037109319774,-10350.0,37339.28571428572,11487.830575123853,-10350.0,41168.24569085411,8340.402555663011,-19908.648246517125,0,33,0,0,1183.9999526400018,0.9999999999662162
2023-11-24,2023-11-24,31.0,37400.0,0.0,37400.0,4,-0.433883739117558,-0.9009688679024191,11,-0.5000000000000004,0.8660254037844384,0,1,0,1,29600.0,25.0,51000.0,41.0,37800.0,28.0,53900.0,41.0,34928.57142857143,9809.59806952937,-13600.0,36510.71428571428,8562.174835407743,-13600.0,36750.0,11020.55318904599,-13600.0,40993.18347953417,7704.25796678445,-11297.441446318622,0,44,0,0,1206.451573985433,0.999999999973262
2023-11-25,2023-11-25,24.0,27650.0,0.0,27650.0,5,-0.9749279121818236,-0.2225209339563146,11,-0.5000000000000004,0.8660254037844384,1,0,0,1,37400.0,31.0,32300.0,26.0,28800.0,21.0,35550.0,23.0,34264.28571428572,10168.157579986088,-4650.0,36428.57142857143,8646.936191189756,-4650.0,36467.857142857145,11152.746002050011,-4650.0,40728.71343179084,-11988.567607258943,-1090.1458245319009,0,55,0,0,1152.083285329863,0.9999999999638336
2023-11-26,2023-11-26,24.0,31100.0,0.0,31100.0,6,-0.7818314824680299,0.6234898018587334,11,-0.5000000000000004,0.8660254037844384,1,0,0,1,27650.0,24.0,44250.0,36.0,32250.0,23.0,15650.0,13.0,32385.714285714286,9182.806138181742,-13150.0,36346.42857142857,8695.013254418143,-13150.0,37019.642857142855,10444.32629323576,-13150.0,40791.35119106085,-8462.213820823248,-1229.1373702376004,0,66,0,0,1295.83327934028,0.9999999999678456
2023-11-27,2023-11-27,24.0,32200.0,0.0,32200.0,0,0.0,1.0,11,-0.5000000000000004,0.8660254037844384,0,0,1,1,31100.0,24.0,41800.0,35.0,38050.0,28.0,31850.0,24.0,31014.285714285714,8207.553141553704,-9600.0,35928.57142857143,8747.257026891755,-9600.0,37032.142857142855,10438.117595706519,-9600.0,41017.20706515514,-4513.688215923062,-4303.518849232081,0,0,0,0,1341.6666107638912,0.9999999999689441
2023-11-28,2023-11-28,30.0,45400.0,0.0,45400.0,1,0.7818314824680298,0.6234898018587336,11,-0.5000000000000004,0.8660254037844384,0,0,0,1,32200.0,24.0,42700.0,33.0,33300.0,24.0,31950.0,22.0,31400.0,8883.833631940637,2700.0,36792.857142857145,9059.755836896353,2700.0,37512.5,10504.845663188322,2700.0,41242.00245385946,2124.9376943132033,2033.05985182734,0,11,0,0,1513.3332828888906,0.9999999999779735
2023-11-29,2023-11-29,29.0,44050.0,0.0,44050.0,2,0.9749279121818236,-0.22252093395631434,11,-0.5000000000000004,0.8660254037844384,0,0,0,1,45400.0,30.0,16450.0,19.0,43300.0,31.0,43900.0,29.0,35342.857142857145,7085.573875336932,27600.0,36846.42857142857,9103.305914415394,27600.0,37517.857142857145,10508.261426185461,27600.0,41449.9559860254,3265.733529452068,-665.6895154774684,0,22,0,0,1518.9654648632597,0.9999999999772985
2023-11-30,2023-11-30,45.0,58800.0,0.0,58800.0,3,0.43388373911755823,-0.900968867902419,11,-0.5000000000000004,0.8660254037844384,0,0,0,1,44050.0,29.0,29600.0,25.0,39950.0,33.0,33800.0,25.0,39514.28571428572,10775.61731741756,29200.0,38192.857142857145,10828.23689645346,29200.0,38410.71428571428,11218.737279104327,29200.0,41625.728747737216,13261.128379536634,3913.142872726152,0,33,0,0,1306.6666376296303,0.9999999999829932
2023-12-01,2023-12-01,36.0,45850.0,0.0,45850.0,4,-0.433883739117558,-0.9009688679024191,12,-2.4492935982947064e-16,1.0,0,1,0,1,58800.0,45.0,37400.0,31.0,51000.0,41.0,58000.0,39.0,40721.42857142857,10970.82711645063,8450.0,37825.0,10440.209804847436,8450.0,37976.78571428572,10653.728978041689,8450.0,41790.4266518646,2537.9357199636625,1521.6376281717312,0,48,1,0,1273.6110757330257,0.9999999999781898
2023-12-02,2023-12-02,39.0,59750.0,0.0,59750.0,5,-0.9749279121818236,-0.2225209339563146,12,-2.4492935982947064e-16,1.0,1,0,0,1,45850.0,36.0,27650.0,24.0,32300.0,26.0,41950.0,33.0,45307.142857142855,11300.273911555943,32100.0,39785.71428571428,11810.46518610041,32100.0,38612.5,11404.227814150156,32100.0,41416.794424921936,-3066.53913587717,21399.74471095523,1,60,0,0,1532.0512427679168,0.9999999999832636
2023-12-03,2023-12-03,26.0,46100.0,0.0,46100.0,6,-0.7818314824680299,0.6234898018587334,12,-2.4492935982947064e-16,1.0,1,0,0,1,59750.0,39.0,31100.0,24.0,44250.0,36.0,36250.0,25.0,47450.0,9423.552055002137,15000.0,39917.857142857145,11874.432895654783,15000.0,38964.28571428572,11480.320175097482,15000.0,40893.29427194341,-10517.678112708656,15724.383840765251,0,72,0,0,1773.0768548816593,0.999999999978308
2023-12-04,2023-12-04,34.0,53400.0,0.0,53400.0,0,0.0,1.0,12,-2.4492935982947064e-16,1.0,0,0,1,1,46100.0,26.0,32200.0,24.0,41800.0,35.0,45250.0,38.0,50478.57142857143,6726.245680346725,21200.0,40746.42857142857,12408.565036447128,21200.0,39255.357142857145,11745.837239648625,21200.0,40204.18557224345,-7327.542847367373,20523.357275123926,0,0,0,0,1570.5881891003476,0.9999999999812734
2023-12-05,2023-12-05,28.0,40350.0,0.0,40350.0,1,0.7818314824680298,0.6234898018587336,12,-2.4492935982947064e-16,1.0,0,0,0,1,53400.0,34.0,45400.0,30.0,42700.0,33.0,63100.0,48.0,49757.142857142855,7578.556842138598,-5050.0,40578.57142857143,12395.993681051197,-5050.0,38442.857142857145,10782.691156266492,-5050.0,39427.85577929213,1772.143321074468,-849.9991003665928,0,12,0,0,1441.0713771045937,0.9999999999752168
2023-12-06,2023-12-06,39.0,55800.0,0.0,55800.0,2,0.9749279121818236,-0.22252093395631434,12,-2.4492935982947064e-16,1.0,0,0,0,1,40350.0,28.0,44050.0,29.0,16450.0,19.0,16200.0,13.0,51435.71428571428,7403.023835215178,11750.0,43389.28571428572,10871.596347494657,11750.0,39857.142857142855,10345.357827133263,11750.0,38527.19719472323,1896.5965041867119,15376.20630109006,0,24,0,0,1430.7691940828413,0.9999999999820789
2023-12-07,2023-12-07,28.0,56450.0,0.0,56450.0,3,0.43388373911755823,-0.900968867902419,12,-2.4492935982947064e-16,1.0,0,0,0,1,55800.0,39.0,58800.0,45.0,29600.0,25.0,26600.0,20.0,51100.0,7058.682596632469,-2350.0,45307.142857142855,10617.236659588802,-2350.0,40923.21428571428,10465.92780604131,-2350.0,37654.59983522719,15378.825148588596,3416.575016184208,0,36,0,0,2016.07135656888,0.9999999999822852
2023-12-08,2023-12-08,20.0,32950.0,0.0,32950.0,4,-0.433883739117558,-0.9009688679024191,12,-2.4492935982947064e-16,1.0,0,1,0,1,56450.0,28.0,45850.0,36.0,37400.0,31.0,37800.0,28.0,49257.142857142855,9806.776083038658,-12900.0,44989.28571428572,10934.053695669429,-12900.0,40750.0,10559.25081517513,-12900.0,37159.843046212976,-61.98484491871849,-4147.858201294257,0,48,1,0,1647.499917625004,0.9999999999696509
2023-12-09,2023-12-09,16.0,21350.0,0.0,21350.0,5,-0.9749279121818236,-0.2225209339563146,12,-2.4492935982947064e-16,1.0,1,0,0,1,32950.0,20.0,59750.0,39.0,27650.0,24.0,28800.0,21.0,43771.42857142857,13134.523755573153,-38400.0,44539.28571428572,11798.06337712048,-38400.0,40483.92857142857,10957.857434291771,-38400.0,36858.54537156791,1066.7439050325154,-16575.289276600426,0,60,0,0,1334.3749166015675,0.9999999999531616
2023-12-10,2023-12-10,15.0,23900.0,0.0,23900.0,6,-0.7818314824680299,0.6234898018587334,12,-2.4492935982947064e-16,1.0,1,0,0,1,21350.0,16.0,46100.0,26.0,31100.0,24.0,32250.0,23.0,40600.0,15022.98239365276,-22200.0,44025.0,12561.2001815114,-22200.0,40185.71428571428,11298.564782199774,-22200.0,36588.13886790163,-10984.785317486117,-1703.3535504155152,0,72,0,0,1593.3332271111183,0.999999999958159
2023-12-11,2023-12-11,16.0,28000.0,0.0,28000.0,0,0.0,1.0,12,-2.4492935982947064e-16,1.0,0,0,1,1,23900.0,15.0,53400.0,34.0,32200.0,24.0,38050.0,28.0,36971.42857142857,14473.506173432246,-25400.0,43725.0,12910.635895678077,-25400.0,39826.78571428572,11526.26213979809,-25400.0,36485.63830189699,-8756.583879880433,270.9455779834461,0,0,0,0,1749.9998906250066,0.9999999999642857
2023-12-12,2023-12-12,19.0,26000.0,0.0,26000.0,1,0.7818314824680298,0.6234898018587336,12,-2.4492935982947064e-16,1.0,0,0,0,1,28000.0,16.0,40350.0,28.0,45400.0,30.0,33300.0,24.0,34921.42857142857,14924.444633521469,-14350.0,42339.28571428572,13732.011710029874,-14350.0,39566.07142857143,11759.559181485338,-14350.0,36687.67392418238,508.71756660687157,-11196.391490789254,0,12,0,0,1368.420980609422,0.9999999999615384
2023-12-13,2023-12-13,19.0,39100.0,0.0,39100.0,2,0.9749279121818236,-0.22252093395631434,12,-2.4492935982947064e-16,1.0,0,0,0,1,26000.0,19.0,55800.0,39.0,44050.0,29.0,43300.0,31.0,32535.714285714286,12097.786102069604,-16700.0,41985.71428571428,13748.292601285128,-16700.0,39416.07142857143,11736.93168916772,-16700.0,37061.94182680212,488.17425780688677,1549.883915390994,0,24,0,0,2057.8946285318616,0.9999999999744246
2023-12-14,2023-12-14,28.0,47150.0,0.0,47150.0,3,0.43388373911755823,-0.900968867902419,12,-2.4492935982947064e-16,1.0,0,0,0,1,39100.0,19.0,56450.0,28.0,58800.0,45.0,39950.0,33.0,31207.14285714286,9196.622050669303,-9300.0,41153.57142857143,12983.591186951784,-9300.0,39673.21428571428,11827.584535837395,-9300.0,37538.11467922369,13315.305527913997,-3703.420207137686,0,36,0,0,1683.9285112882674,0.9999999999787911
2023-12-15,2023-12-15,33.0,49000.0,0.0,49000.0,4,-0.433883739117558,-0.9009688679024191,12,-2.4492935982947064e-16,1.0,0,1,0,1,47150.0,28.0,32950.0,20.0,45850.0,36.0,51000.0,41.0,33500.0,11432.519407374735,16050.0,41378.57142857143,13098.028540522942,16050.0,39601.78571428572,11762.506993289937,16050.0,37930.158088782,-1894.3993192253579,12964.241230443353,0,48,1,0,1484.8484398530777,0.9999999999795919
2023-12-16,2023-12-16,29.0,49950.0,0.0,49950.0,5,-0.9749279121818236,-0.2225209339563146,12,-2.4492935982947064e-16,1.0,1,0,0,1,49000.0,33.0,21350.0,16.0,59750.0,39.0,32300.0,26.0,37585.71428571428,11477.104537793015,28600.0,40678.57142857143,12276.802927060939,28600.0,40232.142857142855,11829.453309788432,28600.0,38259.58499309688,10743.263647747859,947.1513591552575,0,60,0,0,1722.4137337098712,0.99999999997998
2023-12-17,2023-12-17,21.0,31500.0,0.0,31500.0,6,-0.7818314824680299,0.6234898018587334,12,-2.4492935982947064e-16,1.0,1,0,0,1,49950.0,29.0,23900.0,15.0,46100.0,26.0,44250.0,36.0,38671.42857142857,10261.816649715658,7600.0,39635.71428571428,12400.332324508228,7600.0,39776.78571428572,11914.156551042553,7600.0,38628.08451749064,-12177.701437606724,5049.616920116081,0,72,0,0,1499.9999285714318,0.999999999968254
2023-12-18,2023-12-18,18.0,29100.0,0.0,29100.0,0,0.0,1.0,12,-2.4492935982947064e-16,1.0,0,0,1,1,31500.0,21.0,28000.0,16.0,53400.0,34.0,41800.0,35.0,38828.57142857143,10077.940312999553,1100.0,37900.0,12020.35133237993,1100.0,39323.21428571428,12074.939476444068,1100.0,39093.72840075186,-6662.914177880827,-3330.814222871035,0,0,0,0,1616.6665768518567,0.9999999999656357
2023-12-19,2023-12-19,26.0,40300.0,0.0,40300.0,1,0.7818314824680298,0.6234898018587336,12,-2.4492935982947064e-16,1.0,0,0,0,1,29100.0,18.0,26000.0,19.0,40350.0,28.0,42700.0,33.0,40871.42857142857,8344.352238832867,14300.0,37896.42857142857,12019.574808262994,14300.0,39237.5,12058.588648145525,14300.0,39667.45717657864,-307.33193639084567,939.8747598122063,0,12,0,0,1549.9999403846175,0.9999999999751861
2023-12-20,2023-12-20,24.0,37600.0,0.0,37600.0,2,0.9749279121818236,-0.22252093395631434,12,-2.4492935982947064e-16,1.0,0,0,0,1,40300.0,26.0,39100.0,19.0,55800.0,39.0,16450.0,19.0,40657.142857142855,8416.374346644636,-1500.0,36596.42857142857,10862.78871061342,-1500.0,39992.857142857145,11210.929804879968,-1500.0,40316.08625235311,329.3527579207723,-3045.4390102738835,0,24,0,0,1566.6666013888916,0.9999999999734043
2023-12-21,2023-12-21,14.0,23850.0,0.0,23850.0,3,0.43388373911755823,-0.900968867902419,12,-2.4492935982947064e-16,1.0,0,0,0,1,37600.0,24.0,47150.0,28.0,56450.0,28.0,29600.0,25.0,37328.57142857143,9897.636803081567,-23300.0,34267.857142857145,9712.79107360815,-23300.0,39787.5,11458.286868592611,-23300.0,40954.4779278656,12278.692822553605,-29383.1707504192,1,36,0,0,1703.571306887764,0.9999999999580713
2023-12-22,2023-12-22,23.0,41300.0,0.0,41300.0,4,-0.433883739117558,-0.9009688679024191,12,-2.4492935982947064e-16,1.0,0,1,0,1,23850.0,14.0,49000.0,33.0,32950.0,20.0,37400.0,31.0,36228.57142857143,8745.087056116017,-7700.0,34864.28571428572,9880.56422733799,-7700.0,39926.78571428572,11451.891984578528,-7700.0,41726.81988022264,-1336.405681728218,909.5858015055783,0,48,1,0,1795.6520958412132,0.9999999999757869
2023-12-23,2023-12-23,26.0,43900.0,0.0,43900.0,5,-0.9749279121818236,-0.2225209339563146,12,-2.4492935982947064e-16,1.0,1,0,0,1,41300.0,23.0,49950.0,29.0,21350.0,16.0,27650.0,24.0,35364.28571428572,7350.777412725051,-6050.0,36475.0,9330.75456590905,-6050.0,40507.142857142855,11216.016278698067,-6050.0,42730.98459013743,3788.550856569157,-2619.5354467065845,0,60,0,0,1688.4614735207124,0.999999999977221
2023-12-24,2023-12-24,19.0,31400.0,0.0,31400.0,6,-0.7818314824680299,0.6234898018587334,12,-2.4492935982947064e-16,1.0,1,0,0,1,43900.0,26.0,31500.0,21.0,23900.0,15.0,31100.0,24.0,35350.0,7359.63087842501,-100.0,37010.71428571428,8750.498415946051,-100.0,40517.857142857145,11206.83665584034,-100.0,43925.71694357469,-12844.217901302702,318.5009577280143,0,72,0,0,1652.6314919667634,0.9999999999681528
2023-12-25,2023-12-25,30.0,48650.0,0.0,48650.0,0,0.0,1.0,12,-2.4492935982947064e-16,1.0,0,0,1,1,31400.0,19.0,29100.0,18.0,28000.0,16.0,32200.0,24.0,38142.857142857145,8248.35481431647,19550.0,38485.71428571428,8854.582224680522,19550.0,41105.357142857145,11185.799026789444,19550.0,44548.50109151389,-3184.4198661345154,7285.918774620623,0,0,0,0,1621.666612611113,0.999999999979445
2023-12-26,2023-12-26,29.0,43500.0,0.0,43500.0,1,0.7818314824680298,0.6234898018587336,12,-2.4492935982947064e-16,1.0,0,0,0,1,48650.0,30.0,40300.0,26.0,26000.0,19.0,45400.0,30.0,38600.0,8473.438892602417,3200.0,39735.71428571428,8164.756074632217,3200.0,41037.5,11164.524048172454,3200.0,45263.288891235534,2000.6508500117916,-3763.9397412473263,0,12,0,0,1499.9999482758637,0.9999999999770115
2023-12-27,2023-12-27,33.0,51350.0,0.0,51350.0,2,0.9749279121818236,-0.22252093395631434,12,-2.4492935982947064e-16,1.0,0,0,0,1,43500.0,29.0,37600.0,24.0,39100.0,19.0,44050.0,29.0,40564.28571428572,9706.944004410592,13750.0,40610.71428571428,8728.339752505444,13750.0,41298.21428571428,11321.607350081382,13750.0,45844.18717882376,752.0368593994592,4753.775961776781,0,24,0,0,1556.0605589072559,0.9999999999805258
2023-12-28,2023-12-28,39.0,61450.0,0.0,61450.0,3,0.43388373911755823,-0.900968867902419,12,-2.4492935982947064e-16,1.0,0,0,0,1,51350.0,33.0,23850.0,14.0,47150.0,28.0,58800.0,45.0,45935.71428571428,9311.539180219532,37600.0,41632.142857142855,10255.572727937917,37600.0,41392.857142857145,11483.254428738006,37600.0,46121.028658109986,11464.377864973927,3864.5934769160885,0,36,0,0,1575.640985239975,0.9999999999837266
2023-12-29,2023-12-29,49.0,76700.0,0.0,76700.0,4,-0.433883739117558,-0.9009688679024191,12,-2.4492935982947064e-16,1.0,0,1,0,1,61450.0,39.0,41300.0,23.0,49000.0,33.0,45850.0,36.0,50992.857142857145,14526.740531729498,35400.0,43610.71428571428,13834.074133922342,35400.0,42494.642857142855,13268.029936137546,35400.0,43142.67004053388,388.11239489819,33169.21756456794,1,48,1,0,1565.3060905039574,0.9999999999869623
2023-12-30,2023-12-30,46.0,74300.0,0.0,74300.0,5,-0.9749279121818236,-0.2225209339563146,12,-2.4492935982947064e-16,1.0,1,0,0,1,76700.0,49.0,43900.0,26.0,49950.0,29.0,59750.0,39.0,55335.71428571428,16467.384792515313,30400.0,45350.0,16046.21930069996,30400.0,43014.28571428572,14219.664638586279,30400.0,41053.3377639003,-447.5437079480123,33694.20594404772,1,60,0,0,1615.2173561909271,0.9999999999865411
2023-12-31,2023-12-31,39.5,63312.5,0.0,63312.5,6,-0.7818314824680299,0.6234898018587334,12,-2.4492935982947064e-16,1.0,1,0,0,1,74300.0,46.0,31400.0,19.0,31500.0,21.0,46100.0,26.0,59894.642857142855,12729.705779246971,31912.5,47622.32142857143,16185.928553491716,31912.5,43629.017857142855,14721.216836833675,31912.5,39276.52451592513,-14926.200238006613,38962.17572208148,1,72,0,0,1602.848060687391,0.9999999999842053
2024-01-01,2024-01-01,33.0,52325.0,0.0,52325.0,0,0.0,1.0,1,0.49999999999999994,0.8660254037844387,0,0,1,0,63312.5,39.5,48650.0,30.0,29100.0,18.0,53400.0,34.0,60419.642857142855,12255.614906082592,3675.0,49281.25,15307.880975233811,3675.0,43590.625,14696.17085465974,3675.0,37452.35885060417,713.7102127280447,14158.930936667784,0,0,0,0,1585.6060125573936,0.9999999999808886
2024-01-02,2024-01-02,26.5,41337.5,0.0,41337.5,1,0.7818314824680298,0.6234898018587336,1,0.49999999999999994,0.8660254037844387,0,0,0,0,52325.0,33.0,43500.0,29.0,40300.0,26.0,40350.0,28.0,60110.71428571428,12769.667079506493,-2162.5,49355.357142857145,15263.504199218562,-2162.5,43625.892857142855,14689.289263973475,-2162.5,30992.5065531754,3068.7849569244954,7276.208489900106,0,1,0,0,1559.905601512996,0.9999999999758089
2024-01-03,2024-01-03,20.0,30350.0,0.0,30350.0,2,0.9749279121818236,-0.22252093395631434,1,0.49999999999999994,0.8660254037844387,0,0,0,0,41337.5,26.5,51350.0,33.0,37600.0,24.0,55800.0,39.0,57110.71428571428,16952.563149017657,-21000.0,48837.5,15806.352179765305,-21000.0,42716.96428571428,14695.475657322977,-21000.0,29885.074812641225,1064.2877149377437,-599.3625275789709,0,2,0,0,1517.4999241250036,0.999999999967051
2024-01-04,2024-01-04,20.0,39250.0,0.0,39250.0,3,0.43388373911755823,-0.900968867902419,1,0.49999999999999994,0.8660254037844387,0,0,0,0,30350.0,20.0,61450.0,39.0,23850.0,14.0,56450.0,28.0,53939.28571428572,18046.728161121922,-22200.0,49937.5,14407.623516202026,-22200.0,42102.67857142857,14457.72507411805,-22200.0,29625.298433003634,10787.113093973421,-1162.4115269770555,0,3,0,0,1962.4999018750048,0.9999999999745223
2024-01-05,2024-01-05,18.0,30800.0,0.0,30800.0,4,-0.433883739117558,-0.9009688679024191,1,0.49999999999999994,0.8660254037844387,0,1,0,0,39250.0,20.0,76700.0,49.0,41300.0,23.0,32950.0,20.0,47382.142857142855,16685.87204472271,-45900.0,49187.5,15146.204144933548,-45900.0,42025.892857142855,14513.736679918784,-45900.0,29587.298992803473,2268.143031386808,-1055.4420241902808,0,4,0,0,1711.111016049388,0.9999999999675324
2024-01-06,2024-01-06,17.0,25600.0,0.0,25600.0,5,-0.9749279121818236,-0.2225209339563146,1,0.49999999999999994,0.8660254037844387,1,0,0,0,30800.0,18.0,74300.0,46.0,43900.0,26.0,21350.0,16.0,40425.0,13426.266622433335,-48700.0,47880.357142857145,16377.25741507297,-48700.0,42177.67857142857,14310.295745329018,-48700.0,29618.72250261429,-3965.2991015161006,-53.42340109818906,0,5,0,0,1505.8822643598667,0.9999999999609375
2024-01-07,2024-01-07,9.0,12400.0,0.0,12400.0,6,-0.7818314824680299,0.6234898018587334,1,0.49999999999999994,0.8660254037844387,1,0,0,0,25600.0,17.0,63312.5,39.5,31400.0,19.0,23900.0,15.0,33151.78571428572,12733.507365271695,-50912.5,46523.21428571428,18497.93573276836,-50912.5,41766.96428571428,15002.588208143301,-50912.5,29753.342059468636,-17284.90992587397,-68.43213359466608,0,6,0,0,1377.7776246913752,0.9999999999193548
2024-01-08,2024-01-08,20.0,32700.0,0.0,32700.0,0,0.0,1.0,1,0.49999999999999994,0.8660254037844387,0,0,1,0,12400.0,9.0,52325.0,33.0,48650.0,30.0,28000.0,16.0,30348.214285714286,9577.970678668218,-19625.0,45383.92857142857,18844.79844868155,-19625.0,41934.82142857143,14868.545268211543,-19625.0,29917.264716494767,4255.650376184438,-1472.9150926792026,0,0,0,0,1634.999918250004,0.9999999999694189
2024-01-09,2024-01-09,29.0,52450.0,0.0,52450.0,1,0.7818314824680298,0.6234898018587336,1,0.49999999999999994,0.8660254037844387,0,0,0,0,32700.0,20.0,41337.5,26.5,43500.0,29.0,26000.0,19.0,31935.714285714286,12250.90861547672,11112.5,46023.21428571428,18927.599187139742,11112.5,42879.46428571428,14657.387063720224,11112.5,30139.93288672588,4758.187833489467,17551.879279784654,0,1,0,0,1808.6206272889438,0.9999999999809343
2024-01-10,2024-01-10,19.0,32000.0,0.0,32000.0,2,0.9749279121818236,-0.22252093395631434,1,0.49999999999999994,0.8660254037844387,0,0,0,0,52450.0,29.0,30350.0,20.0,51350.0,33.0,39100.0,19.0,32171.428571428572,12231.171146666513,1650.0,44641.07142857143,19213.04358908411,1650.0,42625.892857142855,14786.043112764766,1650.0,30440.130088916943,376.99558378395875,1182.8743272990978,0,2,0,0,1684.2104376731347,0.99999999996875
2024-01-11,2024-01-11,23.0,38650.0,0.0,38650.0,3,0.43388373911755823,-0.900968867902419,1,0.49999999999999994,0.8660254037844387,0,0,0,0,32000.0,19.0,39250.0,20.0,61450.0,39.0,47150.0,28.0,32085.714285714286,12175.272559773013,-600.0,43012.5,18636.30658357297,-600.0,42322.32142857143,14776.97249678139,-600.0,30697.23029544867,6945.772507872602,1006.9971966787307,0,3,0,0,1680.434709546317,0.9999999999741268
2024-01-12,2024-01-12,22.0,35350.0,0.0,35350.0,4,-0.433883739117558,-0.9009688679024191,1,0.49999999999999994,0.8660254037844387,0,1,0,0,38650.0,23.0,30800.0,18.0,76700.0,49.0,49000.0,33.0,32735.714285714286,12216.577340022934,4550.0,40058.92857142857,15973.03273412024,4550.0,41834.82142857143,14773.673076477417,4550.0,30838.8420013514,3983.319256212619,527.8387424359789,0,4,0,0,1606.818108780995,0.9999999999717114
2024-01-13,2024-01-13,15.0,24350.0,0.0,24350.0,5,-0.9749279121818236,-0.2225209339563146,1,0.49999999999999994,0.8660254037844387,1,0,0,0,35350.0,22.0,25600.0,17.0,74300.0,46.0,49950.0,29.0,32557.14285714286,12346.707677603385,-1250.0,36491.07142857143,13046.94503419389,-1250.0,40920.53571428572,15042.551226024294,-1250.0,30900.53328265562,-4411.514345481059,-2139.0189371745582,0,5,0,0,1623.3332251111185,0.9999999999589322
2024-01-14,2024-01-14,17.0,27800.0,0.0,27800.0,6,-0.7818314824680299,0.6234898018587334,1,0.49999999999999994,0.8660254037844387,1,0,0,0,24350.0,15.0,12400.0,9.0,63312.5,39.5,31500.0,21.0,34757.142857142855,9102.079825120043,15400.0,33954.46428571428,10666.123591980237,15400.0,40788.392857142855,15144.279466589627,15400.0,30916.413344861074,-15068.47333374043,11952.059988879359,0,6,0,0,1635.2940214532928,0.9999999999640288
2024-01-15,2024-01-15,27.0,39900.0,0.0,39900.0,0,0.0,1.0,1,0.49999999999999994,0.8660254037844387,0,0,1,0,27800.0,17.0,32700.0,20.0,52325.0,33.0,29100.0,18.0,35785.71428571428,9236.689264635294,7200.0,33066.96428571428,9469.8149085647,7200.0,41174.107142857145,14972.114097954507,7200.0,30947.784483520474,3913.1276688433213,5039.087847636205,0,0,0,0,1477.7777230452696,0.9999999999749374
2024-01-16,2024-01-16,24.0,35300.0,0.0,35300.0,1,0.7818314824680298,0.6234898018587336,1,0.49999999999999994,0.8660254037844387,0,0,0,0,39900.0,27.0,52450.0,29.0,41337.5,26.5,40300.0,26.0,33335.71428571428,5663.017032003511,-17150.0,32635.714285714286,9197.772066593774,-17150.0,40995.53571428572,15012.68800352784,-17150.0,31005.986825112406,5696.466058684915,-1402.4528837973194,0,1,0,0,1470.8332720486137,0.9999999999716713
2024-01-17,2024-01-17,17.0,28200.0,0.0,28200.0,2,0.9749279121818236,-0.22252093395631434,1,0.49999999999999994,0.8660254037844387,0,0,0,0,35300.0,24.0,32000.0,19.0,30350.0,20.0,37600.0,24.0,32792.857142857145,5985.359121182595,-3800.0,32482.14285714286,9256.631866747495,-3800.0,40659.82142857143,15195.420833882223,-3800.0,30885.76201862771,-407.39886171096924,-2278.363156916741,0,2,0,0,1658.8234318339157,0.999999999964539
2024-01-18,2024-01-18,28.0,45350.0,0.0,45350.0,3,0.43388373911755823,-0.900968867902419,1,0.49999999999999994,0.8660254037844387,0,0,0,0,28200.0,17.0,38650.0,23.0,39250.0,20.0,23850.0,14.0,33750.0,7437.629550692435,6700.0,32917.857142857145,9731.108070806531,6700.0,41427.67857142857,14853.906752106106,6700.0,30735.85562959543,3817.884633133695,10796.259737270873,0,3,0,0,1619.6427992984713,0.9999999999779493
2024-01-19,2024-01-19,25.0,38400.0,0.0,38400.0,4,-0.433883739117558,-0.9009688679024191,1,0.49999999999999994,0.8660254037844387,0,1,0,0,45350.0,28.0,35350.0,22.0,30800.0,18.0,41300.0,23.0,34185.71428571428,7633.736213115349,3050.0,33460.71428571428,9815.493611386366,3050.0,41324.107142857145,14864.936265985058,3050.0,30656.993826314283,4922.49190565023,2820.514268035484,0,4,0,0,1535.9999385600024,0.9999999999739583
2024-01-20,2024-01-20,9.0,14850.0,0.0,14850.0,5,-0.9749279121818236,-0.2225209339563146,1,0.49999999999999994,0.8660254037844387,1,0,0,0,38400.0,25.0,24350.0,15.0,25600.0,17.0,43900.0,26.0,32828.57142857143,10114.999470376366,-9500.0,32692.85714285714,10844.297635568331,-9500.0,40286.607142857145,15670.442411654594,-9500.0,30521.7190169281,-2534.2685733356548,-13137.450443592443,0,5,0,0,1649.9998166666871,0.9999999999326599
2024-01-21,2024-01-21,3.0,2900.0,0.0,2900.0,6,-0.7818314824680299,0.6234898018587334,1,0.49999999999999994,0.8660254037844387,1,0,0,0,14850.0,9.0,27800.0,17.0,12400.0,9.0,31400.0,19.0,29271.428571428572,15251.990502413564,-24900.0,32014.285714285714,12397.74217303347,-24900.0,39268.75,17126.946868247618,-24900.0,30428.938271024505,-13683.617921187628,-13845.320349836875,0,6,0,0,966.6663444445518,0.9999999996551725
2024-01-22,2024-01-22,19.0,28900.0,0.0,28900.0,0,0.0,1.0,1,0.49999999999999994,0.8660254037844387,0,0,1,0,2900.0,3.0,39900.0,27.0,32700.0,20.0,48650.0,30.0,27700.0,14523.687548277781,-11000.0,31742.85714285714,12423.146157055471,-11000.0,38563.392857142855,17132.97088373494,-11000.0,30523.87894234187,3571.251226577069,-5195.130168918939,0,0,0,0,1521.05255152355,0.9999999999653979
2024-01-23,2024-01-23,23.0,36700.0,0.0,36700.0,1,0.7818314824680298,0.6234898018587336,1,0.49999999999999994,0.8660254037844387,0,0,0,0,28900.0,19.0,35300.0,24.0,52450.0,29.0,43500.0,29.0,27900.0,14654.834242210512,1400.0,30617.85714285714,11039.85101527924,1400.0,38320.53571428572,17108.58067090168,1400.0,30582.0757889341,4445.5940385525755,1672.3301725133242,0,1,0,0,1595.652104536865,0.999999999972752
2024-01-24,2024-01-24,23.0,30500.0,0.0,30500.0,2,0.9749279121818236,-0.22252093395631434,1,0.49999999999999994,0.8660254037844387,0,0,0,0,36700.0,23.0,28200.0,17.0,32000.0,19.0,51350.0,33.0,28228.571428571428,14688.426769139713,2300.0,30510.714285714286,11032.681844471012,2300.0,37575.892857142855,16973.68706009453,2300.0,31425.146127837732,-624.81364177988,-300.3324860578505,0,2,0,0,1326.086898865787,0.9999999999672131
2024-01-25,2024-01-25,18.0,29550.0,0.0,29550.0,3,0.43388373911755823,-0.900968867902419,1,0.49999999999999994,0.8660254037844387,0,0,0,0,30500.0,23.0,45350.0,28.0,38650.0,23.0,61450.0,39.0,25971.428571428572,12698.02665583829,-15800.0,29860.714285714286,10781.468762711334,-15800.0,36436.607142857145,16371.793907429752,-15800.0,31493.788915867557,1108.2191359373357,-3052.0080518048926,0,3,0,0,1641.666575462968,0.9999999999661591
2024-01-26,2024-01-26,22.0,33850.0,0.0,33850.0,4,-0.433883739117558,-0.9009688679024191,1,0.49999999999999994,0.8660254037844387,0,1,0,0,29550.0,18.0,38400.0,25.0,35350.0,22.0,76700.0,49.0,25321.428571428572,12056.010158936482,-4550.0,29753.571428571428,10730.052410183107,-4550.0,34906.25,14346.164920168256,-4550.0,32762.770198698094,5514.255937191161,-4427.026135889257,0,4,0,0,1538.6362936983503,0.9999999999704579
2024-01-27,2024-01-27,22.0,33350.0,0.0,33350.0,5,-0.9749279121818236,-0.2225209339563146,1,0.49999999999999994,0.8660254037844387,1,0,0,0,33850.0,22.0,14850.0,9.0,24350.0,15.0,74300.0,46.0,27964.285714285714,11387.116780442171,18500.0,30396.428571428572,10650.721613070285,18500.0,33443.75,12091.627182338465,18500.0,34152.01408259643,-691.3503005986861,-110.66378199774772,0,5,0,0,1515.9090220041353,0.999999999970015
2024-01-28,2024-01-28,14.0,24900.0,0.0,24900.0,6,-0.7818314824680299,0.6234898018587334,1,0.49999999999999994,0.8660254037844387,1,0,0,0,33350.0,22.0,2900.0,3.0,27800.0,17.0,63312.5,39.5,31107.14285714286,3873.5673234788865,22000.0,30189.285714285714,10732.986152895352,22000.0,32071.875,10673.187907282743,22000.0,35594.67764573045,-11126.692428305749,432.0147825752938,0,6,0,0,1778.5713015306214,0.9999999999598393
2024-01-29,2024-01-29,21.0,42850.0,0.0,42850.0,0,0.0,1.0,1,0.49999999999999994,0.8660254037844387,0,0,1,0,24900.0,14.0,28900.0,19.0,39900.0,27.0,52325.0,33.0,33100.0,5704.530363374933,13950.0,30400.0,10964.751216091081,13950.0,31733.48214285714,10144.383625364242,13950.0,37103.15750901089,2080.709110544185,3666.133380444924,0,0,0,0,2040.4760933106622,0.9999999999766628
2024-01-30,2024-01-30,26.0,41550.0,0.0,41550.0,1,0.7818314824680298,0.6234898018587336,1,0.49999999999999994,0.8660254037844387,0,0,0,0,42850.0,21.0,36700.0,23.0,35300.0,24.0,41337.5,26.5,33792.857142857145,6459.258766261326,4850.0,30846.428571428572,11301.658562518065,4850.0,31741.071428571428,10151.911456318518,4850.0,38535.76556594147,3928.599733864394,-914.3652998058606,0,1,0,0,1598.0768616124283,0.9999999999759326
2024-01-31,2024-01-31,24.0,40500.0,0.0,40500.0,2,0.9749279121818236,-0.22252093395631434,1,0.49999999999999994,0.8660254037844387,0,0,0,0,41550.0,26.0,30500.0,23.0,28200.0,17.0,30350.0,20.0,35221.42857142857,6710.554941213715,10000.0,31725.0,11555.34757990037,10000.0,32103.571428571428,10280.797711622456,10000.0,39673.669014748826,1201.2690913388985,-374.93810608772765,0,2,0,0,1687.4999296875028,0.9999999999753086
2024-02-01,2024-02-01,24.0,41850.0,0.0,41850.0,3,0.43388373911755823,-0.900968867902419,2,0.8660254037844386,0.5000000000000001,0,0,0,0,40500.0,24.0,29550.0,18.0,45350.0,28.0,39250.0,20.0,36978.57142857143,6587.22609442306,12300.0,31475.0,11272.28988408171,12300.0,32196.428571428572,10359.178508215758,12300.0,40469.008530434796,-973.1244310928181,2354.11590065802,0,6,0,0,1743.749927343753,0.9999999999761051
2024-02-02,2024-02-02,33.0,50650.0,0.0,50650.0,4,-0.433883739117558,-0.9009688679024191,2,0.8660254037844386,0.5000000000000001,0,1,0,0,41850.0,24.0,33850.0,22.0,38400.0,25.0,30800.0,18.0,39378.57142857143,8135.818804462674,16800.0,32350.0,12281.458820890637,16800.0,32905.357142857145,10923.897853429844,16800.0,40883.69697316456,5343.7794803627085,4422.52354647273,0,8,0,0,1534.8484383379262,0.9999999999802567
2024-02-03,2024-02-03,27.0,46050.0,0.0,46050.0,5,-0.9749279121818236,-0.2225209339563146,2,0.8660254037844386,0.5000000000000001,1,0,0,0,50650.0,33.0,33350.0,22.0,14850.0,9.0,25600.0,17.0,41192.857142857145,7981.981195763676,12700.0,34578.57142857143,11677.570780802875,12700.0,33635.71428571428,11099.598400666773,12700.0,40821.259528887975,1356.6997335846577,3872.0407375273644,0,10,0,0,1705.5554923868335,0.9999999999782845
2024-02-04,2024-02-04,15.0,26300.0,0.0,26300.0,6,-0.7818314824680299,0.6234898018587334,2,0.8660254037844386,0.5000000000000001,1,0,0,0,46050.0,27.0,24900.0,14.0,2900.0,3.0,12400.0,9.0,41392.857142857145,7509.240339487851,1400.0,36250.0,7837.999155985702,1400.0,34132.142857142855,10403.67825165796,1400.0,40541.18083362198,-13514.727276138177,-726.453557483801,0,12,0,0,1753.3332164444523,0.9999999999619772
2024-02-05,2024-02-05,24.0,40000.0,0.0,40000.0,0,0.0,1.0,2,0.8660254037844386,0.5000000000000001,0,0,1,0,26300.0,15.0,42850.0,21.0,28900.0,19.0,32700.0,20.0,40985.71428571428,7494.315305934425,-2850.0,37042.857142857145,7594.95928846287,-2850.0,34392.857142857145,10457.787407492902,-2850.0,40294.9978825013,1471.4523113510757,-1766.4501938523754,0,0,0,0,1666.666597222225,0.999999999975
2024-02-06,2024-02-06,18.0,30300.0,0.0,30300.0,1,0.7818314824680298,0.6234898018587336,2,0.8660254037844386,0.5000000000000001,0,0,0,0,40000.0,24.0,41550.0,26.0,36700.0,23.0,52450.0,29.0,39378.57142857143,8492.882173858796,-11250.0,36585.71428571428,7806.836958506634,-11250.0,33601.78571428572,9862.07177301425,-11250.0,39931.144563741596,3770.000625059604,-13401.145188801202,0,2,0,0,1683.33323981482,0.9999999999669967
2024-02-07,2024-02-07,31.0,52850.0,0.0,52850.0,2,0.9749279121818236,-0.22252093395631434,2,0.8660254037844386,0.5000000000000001,0,0,0,0,30300.0,18.0,40500.0,24.0,30500.0,23.0,32000.0,19.0,41142.857142857145,9926.455752660408,12350.0,38182.142857142855,8700.654421515615,12350.0,34346.42857142857,10502.970731173817,12350.0,39454.36197255958,3089.3475169381063,10306.290510502316,0,4,0,0,1704.8386546826239,0.9999999999810785
2024-02-08,2024-02-08,26.0,36750.0,0.0,36750.0,3,0.43388373911755823,-0.900968867902419,2,0.8660254037844386,0.5000000000000001,0,0,0,0,52850.0,31.0,41850.0,24.0,29550.0,18.0,38650.0,23.0,40414.28571428572,10052.268163857163,-5100.0,38696.42857142857,8357.181717764557,-5100.0,34278.57142857143,10480.249754687844,-5100.0,39085.017643220446,-541.0079001987599,-1794.0097430216847,0,6,0,0,1413.461484097635,0.9999999999727891
2024-02-09,2024-02-09,28.0,43600.0,0.0,43600.0,4,-0.433883739117558,-0.9009688679024191,2,0.8660254037844386,0.5000000000000001,0,1,0,0,36750.0,26.0,50650.0,33.0,33850.0,22.0,35350.0,22.0,39407.142857142855,9170.306636613886,-7050.0,39392.857142857145,8328.446552510492,-7050.0,34573.21428571428,10626.4387447924,-7050.0,38973.404385096925,5460.549501593205,-833.9538866901275,0,8,0,0,1557.1428015306142,0.9999999999770642
2024-02-10,2024-02-10,27.0,40000.0,0.0,40000.0,5,-0.9749279121818236,-0.2225209339563146,2,0.8660254037844386,0.5000000000000001,1,0,0,0,43600.0,28.0,46050.0,27.0,33350.0,22.0,24350.0,15.0,38542.857142857145,8713.61141028934,-6050.0,39867.857142857145,8144.904191315955,-6050.0,35132.142857142855,10479.364328029462,-6050.0,39189.929805234104,-429.43205450818976,1239.5022492740827,0,10,0,0,1481.481426611799,0.999999999975
2024-02-11,2024-02-11,13.0,23350.0,0.0,23350.0,6,-0.7818314824680299,0.6234898018587334,2,0.8660254037844386,0.5000000000000001,1,0,0,0,40000.0,27.0,26300.0,15.0,24900.0,14.0,27800.0,17.0,38121.42857142857,9445.05413531592,-2950.0,39757.142857142855,8371.399504881583,-2950.0,34973.21428571428,10627.37975216963,-2950.0,40036.26087484473,-14035.38323948532,-2650.8776353594076,0,12,0,0,1796.1537079881764,0.9999999999571735
2024-02-12,2024-02-12,28.0,41850.0,0.0,41850.0,0,0.0,1.0,2,0.8660254037844386,0.5000000000000001,0,0,1,0,23350.0,13.0,40000.0,24.0,42850.0,21.0,39900.0,27.0,38385.71428571428,9531.863856110689,1850.0,39685.71428571428,8347.211154986795,1850.0,35042.857142857145,10667.176327109739,1850.0,40444.84870841602,2662.159366221334,-1257.008074637357,0,0,0,0,1494.642803762757,0.9999999999761051
2024-02-13,2024-02-13,26.0,45100.0,0.0,45100.0,1,0.7818314824680298,0.6234898018587336,2,0.8660254037844386,0.5000000000000001,0,0,0,0,41850.0,28.0,30300.0,18.0,41550.0,26.0,35300.0,24.0,40500.0,9069.637993510785,14800.0,39939.28571428572,8461.341468735995,14800.0,35392.857142857145,10835.373434280753,14800.0,40966.54792336476,2899.5739938805523,1233.8780827546943,0,2,0,0,1734.6153178994107,0.9999999999778271
2024-02-14,2024-02-14,28.0,49050.0,0.0,49050.0,2,0.9749279121818236,-0.22252093395631434,2,0.8660254037844386,0.5000000000000001,0,0,0,0,45100.0,26.0,52850.0,31.0,40500.0,24.0,28200.0,17.0,39957.142857142855,8287.210456049615,-3800.0,40550.0,8806.444318705677,-3800.0,36137.5,11037.307315544736,-3800.0,41623.33301141633,4596.646192598511,2830.020795985154,0,4,0,0,1751.785651721941,0.9999999999796126
2024-02-15,2024-02-15,25.0,43100.0,0.0,43100.0,3,0.43388373911755823,-0.900968867902419,2,0.8660254037844386,0.5000000000000001,0,0,0,0,49050.0,28.0,36750.0,26.0,41850.0,24.0,45350.0,28.0,40864.28571428572,8224.947532037088,6350.0,40639.28571428572,8826.951267641656,6350.0,36057.142857142855,10975.770573519621,6350.0,42332.60938842519,-52.699127015533264,820.0897385903445,0,6,0,0,1723.9999310400026,0.9999999999767981
2024-02-16,2024-02-16,19.0,34850.0,0.0,34850.0,4,-0.433883739117558,-0.9009688679024191,2,0.8660254037844386,0.5000000000000001,0,1,0,0,43100.0,25.0,43600.0,28.0,50650.0,33.0,38400.0,25.0,39614.28571428572,8402.862324118856,-8750.0,39510.71428571428,8450.607137301611,-8750.0,35930.357142857145,10968.206066270312,-8750.0,43756.64340481666,5931.715799201094,-14838.359204017757,0,8,0,0,1834.2104297783983,0.9999999999713056
2024-02-17,2024-02-17,33.0,54150.0,0.0,54150.0,5,-0.9749279121818236,-0.2225209339563146,2,0.8660254037844386,0.5000000000000001,1,0,0,0,34850.0,19.0,40000.0,27.0,46050.0,27.0,14850.0,9.0,41635.71428571428,10051.397675850678,14150.0,40089.28571428572,9178.678859421847,14150.0,37333.92857142857,10681.509235602616,14150.0,43591.642234956045,-3230.7966724033563,13789.154437447309,0,10,0,0,1640.9090411845746,0.9999999999815328
2024-02-18,2024-02-18,19.0,32350.0,0.0,32350.0,6,-0.7818314824680299,0.6234898018587334,2,0.8660254037844386,0.5000000000000001,1,0,0,0,54150.0,33.0,23350.0,13.0,26300.0,15.0,2900.0,3.0,42921.42857142857,7599.005260715528,9000.0,40521.42857142857,8603.95066425703,9000.0,38385.71428571428,8363.77614016245,9000.0,43623.60767880396,-14711.55801531751,3437.9503365135533,0,12,0,0,1702.6314893351846,0.9999999999690881
2024-02-19,2024-02-19,22.0,29400.0,0.0,29400.0,0,0.0,1.0,2,0.8660254037844386,0.5000000000000001,0,0,1,0,32350.0,19.0,41850.0,28.0,40000.0,24.0,28900.0,19.0,41142.857142857145,9183.383026397456,-12450.0,39764.28571428572,9105.16397375758,-12450.0,38403.57142857143,8343.282156493122,-12450.0,43773.75744518713,4152.025121533433,-18525.782566720565,0,0,0,0,1336.3635756198373,0.9999999999659864
2024-02-20,2024-02-20,24.0,34500.0,0.0,34500.0,1,0.7818314824680298,0.6234898018587336,2,0.8660254037844386,0.5000000000000001,0,0,0,0,29400.0,22.0,45100.0,26.0,30300.0,18.0,36700.0,23.0,39628.57142857143,9295.377755586296,-10600.0,40064.28571428572,8834.51336371327,-10600.0,38325.0,8370.234962850966,-10600.0,43921.81846769704,2274.7423027491604,-11696.560770446202,0,2,0,0,1437.4999401041691,0.9999999999710145
2024-02-21,2024-02-21,28.0,47100.0,0.0,47100.0,2,0.9749279121818236,-0.22252093395631434,2,0.8660254037844386,0.5000000000000001,0,0,0,0,34500.0,24.0,49050.0,28.0,52850.0,31.0,30500.0,23.0,39350.0,8990.179827641614,-1950.0,39653.57142857143,8312.62858282781,-1950.0,38917.857142857145,8383.341222502482,-1950.0,43931.802898131864,5654.437719351618,-2486.240617483483,0,4,0,0,1682.1427970663285,0.9999999999787685
2024-02-22,2024-02-22,30.0,43900.0,0.0,43900.0,3,0.43388373911755823,-0.900968867902419,2,0.8660254037844386,0.5000000000000001,0,0,0,0,47100.0,28.0,43100.0,25.0,36750.0,26.0,29550.0,18.0,39464.28571428572,9050.677427947743,800.0,40164.28571428572,8340.112261083448,800.0,39430.357142857145,8226.60925702225,800.0,44918.94161359626,1584.127486463943,-2603.069100060202,0,6,0,0,1463.3332845555572,0.999999999977221
2024-02-23,2024-02-23,30.0,50250.0,0.0,50250.0,4,-0.433883739117558,-0.9009688679024191,2,0.8660254037844386,0.5000000000000001,0,1,0,0,43900.0,30.0,34850.0,19.0,43600.0,28.0,33850.0,22.0,41664.28571428572,9597.296246240207,15400.0,40639.28571428572,8731.049337134367,15400.0,40016.07142857143,8396.64895207236,15400.0,45678.25262147822,6726.622176962453,-2154.8747984406727,0,8,0,0,1674.9999441666685,0.9999999999800995
2024-02-24,2024-02-24,24.0,37100.0,0.0,37100.0,5,-0.9749279121818236,-0.2225209339563146,2,0.8660254037844386,0.5000000000000001,1,0,0,0,50250.0,30.0,54150.0,33.0,40000.0,27.0,33350.0,22.0,39228.57142857143,7916.852128153491,-17050.0,40432.142857142855,8781.63746652118,-17050.0,40150.0,8315.903995312747,-17050.0,45866.05594305881,-6564.592414721007,-2201.463528337801,0,10,0,0,1545.8332689236138,0.9999999999730458
2024-02-25,2024-02-25,21.0,32700.0,0.0,32700.0,6,-0.7818314824680299,0.6234898018587334,2,0.8660254037844386,0.5000000000000001,1,0,0,0,37100.0,24.0,32350.0,19.0,23350.0,13.0,24900.0,14.0,39278.57142857143,7867.1181266743715,350.0,41100.0,7667.438645637625,350.0,40428.57142857143,7906.706349106719,350.0,47386.08760354591,-15257.26354282321,571.175939277302,0,12,0,0,1557.1427829932006,0.9999999999694189
2024-02-26,2024-02-26,37.0,58800.0,0.0,58800.0,0,0.0,1.0,2,0.8660254037844386,0.5000000000000001,0,0,1,0,32700.0,21.0,29400.0,22.0,41850.0,28.0,42850.0,21.0,43478.57142857143,9410.71451161116,29400.0,42310.71428571428,9014.820672550493,29400.0,40998.21428571428,8629.17619928496,29400.0,48827.11322421093,5607.086141872338,4365.800633916733,0,0,0,0,1589.1891462381313,0.9999999999829932
2024-02-27,2024-02-27,28.0,49800.0,0.0,49800.0,1,0.7818314824680298,0.6234898018587336,2,0.8660254037844386,0.5000000000000001,0,0,0,0,58800.0,37.0,34500.0,24.0,45100.0,26.0,41550.0,26.0,45664.28571428572,8729.963453804568,15300.0,42646.42857142857,9212.041957838066,15300.0,41292.857142857145,8788.099216024304,15300.0,50047.0085381803,968.5624186262057,-1215.5709568065067,0,2,0,0,1778.5713650510227,0.9999999999799196
2024-02-28,2024-02-28,32.0,58500.0,0.0,58500.0,2,0.9749279121818236,-0.22252093395631434,2,0.8660254037844386,0.5000000000000001,0,0,0,0,49800.0,28.0,47100.0,28.0,49050.0,28.0,40500.0,24.0,47292.857142857145,10011.67770536947,11400.0,43321.42857142857,10027.475989763161,11400.0,41935.71428571428,9367.228701434198,11400.0,51040.38606758179,5023.83649317,2435.7774392482097,0,4,0,0,1828.1249428710958,0.999999999982906
2024-02-29,2024-02-29,35.0,57650.0,0.0,57650.0,3,0.43388373911755823,-0.900968867902419,2,0.8660254037844386,0.5000000000000001,0,0,0,0,58500.0,32.0,43900.0,30.0,43100.0,25.0,41850.0,24.0,49257.142857142855,10568.444720465051,13750.0,44360.71428571428,10732.018567234893,13750.0,42500.0,9826.513642710186,13750.0,51824.83684872736,2366.596335634252,3458.5668156383836,0,6,0,0,1647.142810081634,0.999999999982654
2024-03-01,2024-03-01,37.0,63150.0,0.0,63150.0,4,-0.433883739117558,-0.9009688679024191,3,1.0,6.123233995736766e-17,0,1,0,1,57650.0,35.0,50250.0,30.0,34850.0,19.0,50650.0,33.0,51100.0,11820.920719921465,12900.0,46382.142857142855,11444.407555033866,12900.0,42946.42857142857,10473.15729899646,12900.0,52362.11305887619,10237.874358605359,550.0125825184514,0,12,0,1,1706.7567106281972,0.9999999999841647
2024-03-02,2024-03-02,26.0,45550.0,0.0,45550.0,5,-0.9749279121818236,-0.2225209339563146,3,1.0,6.123233995736766e-17,1,0,0,1,63150.0,37.0,37100.0,24.0,54150.0,33.0,46050.0,27.0,52307.142857142855,10511.95464583978,8450.0,45767.857142857145,11224.074523144474,8450.0,42928.57142857143,10468.09463517618,8450.0,52651.846784342895,-7655.432224616696,553.5854402738041,0,15,0,0,1751.9230095414227,0.9999999999780461
2024-03-03,2024-03-03,21.0,35350.0,0.0,35350.0,6,-0.7818314824680299,0.6234898018587334,3,1.0,6.123233995736766e-17,1,0,0,1,45550.0,26.0,32700.0,21.0,32350.0,19.0,26300.0,15.0,52685.71428571428,9704.883405006161,2650.0,45982.142857142855,10974.053439869009,2650.0,43251.78571428572,10067.710414459534,2650.0,52763.22909079884,-16489.44640383165,-923.7826869671917,0,18,0,0,1683.3332531746069,0.9999999999717114
2024-03-04,2024-03-04,30.0,56000.0,0.0,56000.0,0,0.0,1.0,3,1.0,6.123233995736766e-17,0,0,1,1,35350.0,21.0,58800.0,37.0,29400.0,22.0,40000.0,24.0,52285.71428571428,9465.62703882301,-2800.0,47882.142857142855,10154.339866868258,-2800.0,43823.21428571428,10327.036451872618,-2800.0,52779.280583881045,7109.584556046722,-3888.865139927766,0,0,0,0,1866.6666044444464,0.9999999999821428
2024-03-05,2024-03-05,36.0,57000.0,0.0,57000.0,1,0.7818314824680298,0.6234898018587336,3,1.0,6.123233995736766e-17,0,0,0,1,56000.0,30.0,49800.0,28.0,34500.0,24.0,30300.0,18.0,53314.28571428572,9541.388538263043,7200.0,49489.28571428572,9640.981807875285,7200.0,44776.78571428572,10264.605512281034,7200.0,52608.0765154012,-619.0872405718106,5011.010725170614,0,3,0,0,1583.3332893518532,0.9999999999824561
2024-03-06,2024-03-06,39.0,57750.0,0.0,57750.0,2,0.9749279121818236,-0.22252093395631434,3,1.0,6.123233995736766e-17,0,0,0,1,57000.0,36.0,58500.0,32.0,47100.0,28.0,52850.0,31.0,53207.142857142855,9477.448169709287,-750.0,50250.0,9855.72851773965,-750.0,44951.78571428572,10447.483146697483,-750.0,52550.60492278097,5574.206104936669,-374.81102771763835,0,6,0,0,1480.76919280079,0.999999999982684
2024-03-07,2024-03-07,50.0,75050.0,0.0,75050.0,3,0.43388373911755823,-0.900968867902419,3,1.0,6.123233995736766e-17,0,0,0,1,57750.0,39.0,57650.0,35.0,43900.0,30.0,36750.0,26.0,55692.857142857145,12603.25449276996,17400.0,52475.0,11662.460322300469,17400.0,46319.642857142855,11758.829143698216,17400.0,52326.61392834506,3536.2323370691347,19187.15373458581,0,9,0,0,1500.9999699800007,0.9999999999866757
2024-03-08,2024-03-08,27.0,39750.0,0.0,39750.0,4,-0.433883739117558,-0.9009688679024191,3,1.0,6.123233995736766e-17,0,1,0,1,75050.0,50.0,63150.0,37.0,50250.0,30.0,43600.0,28.0,52350.0,13375.319310830253,-23400.0,51725.0,12144.225440037892,-23400.0,46182.142857142855,11814.188067003945,-23400.0,52044.959905786,7638.305583978818,-19933.26548976482,0,12,0,1,1472.2221676954753,0.9999999999748428
2024-03-09,2024-03-09,16.0,24750.0,0.0,24750.0,5,-0.9749279121818236,-0.2225209339563146,3,1.0,6.123233995736766e-17,1,0,0,1,39750.0,27.0,45550.0,26.0,37100.0,24.0,40000.0,27.0,49378.57142857143,16966.188364480964,-20800.0,50842.857142857145,13644.199347128353,-20800.0,45637.5,12444.451574898701,-20800.0,51806.18959267293,-6711.976438272095,-20344.21315440083,0,15,0,0,1546.8749033203185,0.999999999959596
2024-03-10,2024-03-10,22.0,35050.0,0.0,35050.0,6,-0.7818314824680299,0.6234898018587334,3,1.0,6.123233995736766e-17,1,0,0,1,24750.0,16.0,35350.0,21.0,32700.0,21.0,23350.0,13.0,49335.71428571428,17007.858827752647,-300.0,51010.71428571428,13416.38175703686,-300.0,46055.357142857145,11850.631638781706,-300.0,51484.935463454916,-17055.8848090644,620.949345609486,0,18,0,0,1593.181745764466,0.9999999999714693
2024-03-11,2024-03-11,44.0,61100.0,0.0,61100.0,0,0.0,1.0,3,1.0,6.123233995736766e-17,0,0,1,1,35050.0,22.0,56000.0,30.0,58800.0,37.0,41850.0,28.0,50064.28571428572,17444.54820007568,5100.0,51175.0,13532.677687162188,5100.0,46742.857142857145,12152.17336365459,5100.0,50597.551905311346,7163.710311286724,3338.737783401928,0,0,0,0,1388.6363320764472,0.9999999999836334
2024-03-12,2024-03-12,32.0,47200.0,0.0,47200.0,1,0.7818314824680298,0.6234898018587336,3,1.0,6.123233995736766e-17,0,0,0,1,61100.0,44.0,57000.0,36.0,49800.0,28.0,45100.0,26.0,48664.28571428572,17186.494559336315,-9800.0,50989.28571428572,13570.78562675995,-9800.0,46817.857142857145,12148.138207345213,-9800.0,50286.86849197666,-1116.6979196626817,-1970.1705723139821,0,3,0,0,1474.9999539062514,0.9999999999788135
2024-03-13,2024-03-13,36.0,54800.0,0.0,54800.0,2,0.9749279121818236,-0.22252093395631434,3,1.0,6.123233995736766e-17,0,0,0,1,47200.0,32.0,57750.0,39.0,58500.0,32.0,49050.0,28.0,48242.857142857145,16961.265395291866,-2950.0,50725.0,13448.745294636297,-2950.0,47023.21428571428,12235.554461871216,-2950.0,49942.97736909419,6835.038586323515,-1978.0159554177008,0,6,0,0,1522.2221799382728,0.9999999999817518
2024-03-14,2024-03-14,32.0,53300.0,0.0,53300.0,3,0.43388373911755823,-0.900968867902419,3,1.0,6.123233995736766e-17,0,0,0,1,54800.0,36.0,75050.0,50.0,57650.0,35.0,43100.0,25.0,45135.71428571428,12685.152550840547,-21750.0,50414.28571428572,13326.13725225491,-21750.0,47387.5,12266.226026204007,-21750.0,49476.76222325735,3062.561374487692,760.6764022549614,0,9,0,0,1665.6249479492205,0.9999999999812382
2024-03-15,2024-03-15,44.0,77050.0,0.0,77050.0,4,-0.433883739117558,-0.9009688679024191,3,1.0,6.123233995736766e-17,0,1,0,1,53300.0,32.0,39750.0,27.0,63150.0,37.0,34850.0,19.0,50464.28571428572,17108.665306546573,37300.0,51407.142857142855,14785.854169322969,37300.0,48894.642857142855,13223.85848385624,37300.0,49152.25644922183,6791.443527336687,21106.300023441487,1,12,0,1,1751.136323837811,0.9999999999870215
2024-03-16,2024-03-16,33.0,57350.0,0.0,57350.0,5,-0.9749279121818236,-0.2225209339563146,3,1.0,6.123233995736766e-17,1,0,0,1,77050.0,44.0,24750.0,16.0,45550.0,26.0,54150.0,33.0,55121.42857142857,12849.152278874923,32600.0,52250.0,14762.595665032375,32600.0,49008.92857142857,13284.647596849727,32600.0,48965.17876867435,-5928.1637032721555,14312.984934597807,0,15,0,0,1737.878735215796,0.9999999999825632
2024-03-17,2024-03-17,22.0,30900.0,0.0,30900.0,6,-0.7818314824680299,0.6234898018587334,3,1.0,6.123233995736766e-17,1,0,0,1,57350.0,33.0,35050.0,22.0,35350.0,21.0,32350.0,19.0,54528.57142857143,13975.927433234972,-4150.0,51932.142857142855,15196.009181852549,-4150.0,48957.142857142855,13354.633779562877,-4150.0,48989.01120608671,-17041.902068261654,-1047.1091378250567,0,18,0,0,1404.545390702482,0.9999999999676376
2024-03-18,2024-03-18,37.0,56300.0,0.0,56300.0,0,0.0,1.0,3,1.0,6.123233995736766e-17,0,0,1,1,30900.0,22.0,61100.0,44.0,56000.0,30.0,29400.0,22.0,53842.857142857145,13715.089882176953,-4800.0,51953.57142857143,15202.396879410917,-4800.0,49917.857142857145,12853.794758068063,-4800.0,49186.821737243416,7759.012431804294,-645.83416904771,0,0,0,0,1521.6215804967142,0.999999999982238
2024-03-19,2024-03-19,31.0,45700.0,0.0,45700.0,1,0.7818314824680298,0.6234898018587336,3,1.0,6.123233995736766e-17,0,0,0,1,56300.0,37.0,47200.0,32.0,57000.0,36.0,34500.0,24.0,53628.57142857143,13847.257765314032,-1500.0,51146.42857142857,15213.828025412116,-1500.0,50317.857142857145,12526.329413336809,-1500.0,49455.33791977939,-933.0442137222979,-2822.293706057091,0,3,0,0,1474.1935008324676,0.9999999999781182
2024-03-20,2024-03-20,38.0,60550.0,0.0,60550.0,2,0.9749279121818236,-0.22252093395631434,3,1.0,6.123233995736766e-17,0,0,0,1,45700.0,31.0,54800.0,36.0,57750.0,39.0,47100.0,28.0,54450.0,14096.630803138822,5750.0,51346.42857142857,15325.311695734952,5750.0,50798.21428571428,12655.583470919713,5750.0,49885.40680251957,8401.759112859967,2262.8340846204665,0,6,0,0,1593.4210106994472,0.9999999999834848
2024-03-21,2024-03-21,40.0,69400.0,0.0,69400.0,3,0.43388373911755823,-0.900968867902419,3,1.0,6.123233995736766e-17,0,0,0,1,60550.0,38.0,53300.0,32.0,75050.0,50.0,43900.0,30.0,56750.0,15151.677574887075,16100.0,50942.857142857145,14715.348569316511,16100.0,51708.92857142857,13052.089754428987,16100.0,50476.14748995493,2136.6815262995524,16787.17098374552,0,9,0,0,1734.9999566250012,0.9999999999855909
2024-03-22,2024-03-22,39.0,56350.0,0.0,56350.0,4,-0.433883739117558,-0.9009688679024191,3,1.0,6.123233995736766e-17,0,1,0,1,69400.0,40.0,77050.0,44.0,39750.0,27.0,50250.0,30.0,53792.857142857145,12276.65225035688,-20700.0,52128.57142857143,14409.701783677116,-20700.0,51926.78571428572,13077.719830015441,-20700.0,50941.06475925536,5212.026329471214,196.9089112734291,0,12,0,1,1444.871757823801,0.9999999999822538
2024-03-23,2024-03-23,28.0,46450.0,0.0,46450.0,5,-0.9749279121818236,-0.2225209339563146,3,1.0,6.123233995736766e-17,1,0,0,1,56350.0,39.0,57350.0,33.0,24750.0,16.0,37100.0,24.0,52235.71428571428,12440.448621523416,-10900.0,53678.57142857143,12242.23009921802,-10900.0,52260.71428571428,12801.564987827242,-10900.0,51074.93595243912,-4866.200297829441,241.26434539032198,0,15,0,0,1658.9285121811245,0.9999999999784714
2024-03-24,2024-03-24,21.0,36800.0,0.0,36800.0,6,-0.7818314824680299,0.6234898018587334,3,1.0,6.123233995736766e-17,1,0,0,1,46450.0,28.0,30900.0,22.0,35050.0,22.0,32700.0,21.0,53078.57142857143,10852.528781458403,5900.0,53803.57142857143,12044.731760683386,5900.0,52407.142857142855,12591.257359960522,5900.0,50960.318205611155,-16954.436164944047,2794.1179593328925,0,18,0,0,1752.3808689342443,0.9999999999728261
2024-03-25,2024-03-25,23.0,37150.0,0.0,37150.0,0,0.0,1.0,3,1.0,6.123233995736766e-17,0,0,1,1,36800.0,21.0,56300.0,37.0,61100.0,44.0,58800.0,37.0,50342.857142857145,12231.224678782533,-19150.0,52092.857142857145,12615.96755554798,-19150.0,51633.92857142857,12846.306960104359,-19150.0,50512.9555314975,3706.6927078846693,-17069.64823938217,0,0,0,0,1615.2173210775077,0.9999999999730821
2024-03-26,2024-03-26,28.0,53000.0,0.0,53000.0,1,0.7818314824680298,0.6234898018587336,3,1.0,6.123233995736766e-17,0,0,0,1,37150.0,23.0,45700.0,31.0,47200.0,32.0,49800.0,28.0,51385.71428571428,12079.656254964257,7300.0,52507.142857142855,12537.924885704268,7300.0,51748.21428571428,12843.621288570874,7300.0,49794.40089720783,1732.7455078284759,1472.8535949636935,0,3,0,0,1892.8570752551043,0.9999999999811321
2024-03-27,2024-03-27,21.0,33700.0,0.0,33700.0,2,0.9749279121818236,-0.22252093395631434,3,1.0,6.123233995736766e-17,0,0,0,1,53000.0,28.0,60550.0,38.0,54800.0,36.0,58500.0,32.0,47550.0,12918.462240788107,-26850.0,51000.0,13474.32030539239,-26850.0,50862.5,13210.64122844402,-26850.0,49016.8493214063,9630.03951856734,-24946.88883997364,1,6,0,0,1604.7618283446748,0.9999999999703264
2024-03-28,2024-03-28,28.0,48190.0,0.0,48190.0,3,0.43388373911755823,-0.900968867902419,3,1.0,6.123233995736766e-17,0,0,0,1,33700.0,21.0,69400.0,40.0,53300.0,32.0,57650.0,35.0,44520.0,8756.338656462969,-21210.0,50635.0,13476.435131226499,-21210.0,50524.642857142855,13151.459708348564,-21210.0,48370.7228444324,1664.9959526838022,-1845.7187971161984,0,9,0,0,1721.071367104594,0.9999999999792488
2024-03-29,2024-03-29,43.0,69100.0,0.0,69100.0,4,-0.433883739117558,-0.9009688679024191,3,1.0,6.123233995736766e-17,0,1,0,1,48190.0,28.0,56350.0,39.0,77050.0,44.0,63150.0,37.0,46341.42857142857,12254.557558409942,12750.0,50067.142857142855,12402.467142016267,12750.0,50737.142857142855,13408.57101706125,12750.0,48239.662261833386,5101.65828558948,15758.679452577133,0,12,0,1,1606.9767068144952,0.9999999999855284
2024-03-30,2024-03-30,22.0,32500.0,0.0,32500.0,5,-0.9749279121818236,-0.2225209339563146,3,1.0,6.123233995736766e-17,1,0,0,1,69100.0,43.0,46450.0,28.0,57350.0,33.0,45550.0,26.0,44348.57142857143,13321.774692299146,-13950.0,48292.142857142855,13041.741376513726,-13950.0,50271.07142857143,13816.158907513702,-13950.0,48238.85571921702,-5795.911764151028,-9942.943955065988,0,15,0,0,1477.27266012397,0.9999999999692307
2024-03-31,2024-03-31,17.0,30250.0,0.0,30250.0,6,-0.7818314824680299,0.6234898018587334,3,1.0,6.123233995736766e-17,1,0,0,1,32500.0,22.0,36800.0,21.0,30900.0,22.0,35350.0,21.0,43412.857142857145,14144.951648657485,-6550.0,48245.71428571428,13109.40162589479,-6550.0,50088.92857142857,14051.762335573712,-6550.0,48272.62917479042,-15762.251110811616,-2260.378063978802,0,18,0,0,1779.411660034608,0.9999999999669421
2024-04-01,2024-04-01,37.0,66550.0,0.0,66550.0,0,0.0,1.0,4,0.8660254037844387,-0.4999999999999998,0,0,1,0,30250.0,17.0,37150.0,23.0,56300.0,37.0,56000.0,30.0,47612.857142857145,16192.086250476144,29400.0,48977.857142857145,13858.638615885626,29400.0,50465.71428571428,14354.320146851438,29400.0,48302.45436064333,1120.0431790503571,17127.502460306314,0,0,0,0,1798.6486000365244,0.9999999999849738
2024-04-02,2024-04-02,35.0,64300.0,0.0,64300.0,1,0.7818314824680298,0.6234898018587336,4,0.8660254037844387,-0.4999999999999998,0,0,0,0,66550.0,37.0,53000.0,28.0,45700.0,31.0,57000.0,36.0,49227.142857142855,17341.183844906864,11300.0,50306.42857142857,14401.165875422397,11300.0,50726.42857142857,14542.457689860194,11300.0,48530.685432568054,4879.332217847601,10889.982349584345,0,4,0,0,1837.142804653063,0.9999999999844479
2024-04-03,2024-04-03,41.0,60150.0,0.0,60150.0,2,0.9749279121818236,-0.22252093395631434,4,0.8660254037844387,-0.4999999999999998,0,0,0,0,64300.0,35.0,33700.0,21.0,60550.0,38.0,57750.0,39.0,53005.71428571428,16240.758251123334,26450.0,50277.857142857145,14379.660410332559,26450.0,50812.142857142855,14592.375573145144,26450.0,48922.90318426751,9644.141302380312,1582.955513352179,0,8,0,0,1467.0731349494358,0.9999999999833749
2024-04-04,2024-04-04,37.0,52750.0,0.0,52750.0,3,0.43388373911755823,-0.900968867902419,4,0.8660254037844387,-0.4999999999999998,0,0,0,0,60150.0,41.0,48190.0,28.0,69400.0,40.0,75050.0,50.0,53657.142857142855,16106.298679177016,4560.0,49088.57142857143,13326.444997212808,4560.0,50015.71428571428,13807.984386007649,4560.0,49461.60851938609,1314.2603800549416,1974.1311005589669,0,12,0,0,1425.675637143902,0.9999999999810426
2024-04-05,2024-04-05,26.0,42200.0,0.0,42200.0,4,-0.433883739117558,-0.9009688679024191,4,0.8660254037844387,-0.4999999999999998,0,1,0,0,52750.0,37.0,69100.0,43.0,56350.0,39.0,39750.0,27.0,49814.28571428572,14977.141312839496,-26900.0,48077.857142857145,13269.821851781733,-26900.0,50103.21428571428,13748.155176866241,-26900.0,50134.87945122803,5042.824361404218,-12977.703812632244,0,16,0,0,1623.07686065089,0.9999999999763033
2024-04-06,2024-04-06,30.0,42750.0,0.0,42750.0,5,-0.9749279121818236,-0.2225209339563146,4,0.8660254037844387,-0.4999999999999998,1,0,0,0,42200.0,26.0,32500.0,22.0,46450.0,28.0,24750.0,16.0,51278.57142857143,13422.613293209692,10250.0,47813.57142857143,13341.388814306685,10250.0,50746.07142857143,12914.291061623817,10250.0,50776.71378817952,-5341.497531231459,-2685.2162569480643,0,20,0,0,1424.9999525000014,0.9999999999766082
2024-04-07,2024-04-07,18.0,32500.0,0.0,32500.0,6,-0.7818314824680299,0.6234898018587334,4,0.8660254037844387,-0.4999999999999998,1,0,0,0,42750.0,30.0,30250.0,17.0,36800.0,21.0,35050.0,22.0,51600.0,12849.83787186964,2250.0,47506.42857142857,13660.13436533927,2250.0,50655.0,13037.482857486619,2250.0,51298.61687129096,-12700.612894158781,-6098.003977132175,0,24,0,0,1805.555455246919,0.9999999999692307
2024-04-08,2024-04-08,32.0,49000.0,0.0,49000.0,0,0.0,1.0,4,0.8660254037844387,-0.4999999999999998,0,0,1,0,32500.0,18.0,66550.0,37.0,37150.0,23.0,61100.0,44.0,49092.857142857145,11030.013167543913,-17550.0,48352.857142857145,13332.24975450451,-17550.0,50222.857142857145,12878.007338710102,-17550.0,51805.4385222071,-2779.367151597254,-26.07137060984678,0,0,0,0,1531.2499521484392,0.9999999999795919
2024-04-09,2024-04-09,31.0,60100.0,0.0,60100.0,1,0.7818314824680298,0.6234898018587336,4,0.8660254037844387,-0.4999999999999998,0,0,0,0,49000.0,32.0,64300.0,35.0,53000.0,28.0,47200.0,32.0,48492.857142857145,10143.52948811172,-4200.0,48860.0,13653.779978171237,-4200.0,50683.57142857143,12996.067842431323,-4200.0,52378.24486240104,3819.1576849746957,3902.5974526242644,0,4,0,0,1938.709614880335,0.9999999999833611
2024-04-10,2024-04-10,42.0,61750.0,0.0,61750.0,2,0.9749279121818236,-0.22252093395631434,4,0.8660254037844387,-0.4999999999999998,0,0,0,0,60100.0,31.0,60150.0,41.0,33700.0,21.0,54800.0,36.0,48721.42857142857,10462.984642015355,1600.0,50863.57142857143,13311.823898118078,1600.0,50931.78571428572,13143.137641502894,1600.0,53096.86082170064,7987.245538917509,665.8936393818512,0,8,0,0,1470.2380602324272,0.9999999999838056
2024-04-11,2024-04-11,41.0,54850.0,0.0,54850.0,3,0.43388373911755823,-0.900968867902419,4,0.8660254037844387,-0.4999999999999998,0,0,0,0,61750.0,42.0,52750.0,37.0,48190.0,28.0,53300.0,32.0,49021.42857142857,10626.572712735242,2100.0,51339.28571428572,13327.922952200102,2100.0,50987.142857142855,13156.738832992578,2100.0,53802.87650347448,1872.348817918541,-825.2253213930235,0,12,0,0,1337.804845419394,0.9999999999817685
2024-04-12,2024-04-12,37.0,59100.0,0.0,59100.0,4,-0.433883739117558,-0.9009688679024191,4,0.8660254037844387,-0.4999999999999998,0,1,0,0,54850.0,41.0,42200.0,26.0,69100.0,43.0,77050.0,44.0,51435.71428571428,10737.69506170189,16900.0,50625.0,12547.996315685767,16900.0,50346.07142857143,12245.532318869808,16900.0,54154.1625067629,4975.319569843865,-29.482076606764167,0,16,0,0,1597.2972541271013,0.9999999999830795
2024-04-13,2024-04-13,35.0,53000.0,0.0,53000.0,5,-0.9749279121818236,-0.2225209339563146,4,0.8660254037844387,-0.4999999999999998,1,0,0,0,59100.0,37.0,42750.0,30.0,32500.0,22.0,57350.0,33.0,52900.0,10031.492079114425,10250.0,52089.28571428572,11415.19194507299,10250.0,50190.71428571428,12180.80637377272,10250.0,54118.7857756733,-5036.786786770902,3918.0010110976,0,20,0,0,1514.2856710204096,0.9999999999811321
2024-04-14,2024-04-14,25.0,46600.0,0.0,46600.0,6,-0.7818314824680299,0.6234898018587334,4,0.8660254037844387,-0.4999999999999998,1,0,0,0,53000.0,35.0,32500.0,18.0,30250.0,17.0,30900.0,22.0,54914.28571428572,5757.800092462767,14100.0,53257.142857142855,9719.40677880447,14100.0,50751.42857142857,11607.793586968633,14100.0,53723.83036349648,-9111.43167360202,1987.601310105536,0,24,0,0,1863.999925440003,0.9999999999785407
2024-04-15,2024-04-15,36.0,53200.0,0.0,53200.0,0,0.0,1.0,4,0.8660254037844387,-0.4999999999999998,0,0,1,0,46600.0,25.0,49000.0,32.0,66550.0,37.0,56300.0,37.0,55514.28571428572,5233.76173557455,4200.0,52303.57142857143,8938.431808030718,4200.0,50640.71428571428,11567.62593799039,4200.0,52849.65146333342,-22.916259033876557,373.26479570045194,0,0,0,0,1477.7777367283963,0.999999999981203
2024-04-16,2024-04-16,21.0,41450.0,0.0,41450.0,1,0.7818314824680298,0.6234898018587336,4,0.8660254037844387,-0.4999999999999998,0,0,0,0,53200.0,36.0,60100.0,31.0,64300.0,35.0,45700.0,31.0,52850.0,6969.457176375749,-18650.0,50671.42857142857,8661.291302858315,-18650.0,50488.92857142857,11662.352643437445,-18650.0,51833.569938548084,1980.670028450434,-12364.239966998517,0,4,0,0,1973.8094298185986,0.9999999999758745
2024-04-17,2024-04-17,36.0,54650.0,0.0,54650.0,2,0.9749279121818236,-0.22252093395631434,4,0.8660254037844387,-0.4999999999999998,0,0,0,0,41450.0,21.0,61750.0,42.0,60150.0,41.0,60550.0,38.0,51835.71428571428,5891.640567060295,-7100.0,50278.57142857143,8316.150049653606,-7100.0,50278.21428571428,11526.344720640876,-7100.0,50886.75444669812,4096.280562895097,-333.03500959321536,0,8,0,0,1518.055513387347,0.9999999999817017
2024-04-18,2024-04-18,27.0,36250.0,0.0,36250.0,3,0.43388373911755823,-0.900968867902419,4,0.8660254037844387,-0.4999999999999998,0,0,0,0,54650.0,36.0,54850.0,41.0,52750.0,37.0,69400.0,40.0,49178.57142857143,8089.852550307449,-18600.0,49100.0,9073.651626889576,-18600.0,49094.28571428572,11187.012452797479,-18600.0,49781.99457914077,1209.074960701545,-14741.06953984232,0,12,0,0,1342.5925428669427,0.9999999999724137
2024-04-19,2024-04-19,46.0,69700.0,0.0,69700.0,4,-0.433883739117558,-0.9009688679024191,4,0.8660254037844387,-0.4999999999999998,0,1,0,0,36250.0,27.0,59100.0,37.0,42200.0,26.0,56350.0,39.0,50692.857142857145,10795.96485465097,10600.0,51064.28571428572,10351.652201301267,10600.0,49571.07142857143,11776.647746402852,10600.0,48525.6442878831,4063.0562071649333,17111.299504951967,0,16,0,0,1515.21735836484,0.9999999999856529
2024-04-20,2024-04-20,25.0,41750.0,0.0,41750.0,5,-0.9749279121818236,-0.2225209339563146,4,0.8660254037844387,-0.4999999999999998,1,0,0,0,69700.0,46.0,53000.0,35.0,42750.0,30.0,46450.0,28.0,49085.71428571428,11224.144892660206,-11250.0,50992.857142857145,10416.681465191054,-11250.0,49403.21428571428,11856.00927599077,-11250.0,47296.92865793817,-4040.707173726517,-1506.2214842116591,0,20,0,0,1669.9999332000027,0.9999999999760479
2024-04-21,2024-04-21,29.0,41850.0,0.0,41850.0,6,-0.7818314824680299,0.6234898018587334,4,0.8660254037844387,-0.4999999999999998,1,0,0,0,41750.0,25.0,46600.0,25.0,32500.0,18.0,36800.0,21.0,48407.142857142855,11538.646243942947,-4750.0,51660.71428571428,9388.847282638344,-4750.0,49583.57142857143,11694.495449121438,-4750.0,45938.40627245548,-4231.980466932747,143.57419447726716,0,24,0,0,1443.1033985136758,0.9999999999761051
2024-04-22,2024-04-22,31.0,49300.0,0.0,49300.0,0,0.0,1.0,4,0.8660254037844387,-0.4999999999999998,0,0,1,0,41850.0,29.0,53200.0,36.0,49000.0,32.0,37150.0,23.0,47850.0,11361.447971099524,-3900.0,51682.142857142855,9382.647796348949,-3900.0,50017.5,11438.673072811587,-3900.0,45249.03734879337,699.5061287241383,3351.456522482491,0,0,0,0,1590.3225293444345,0.999999999979716
2024-04-23,2024-04-23,34.0,39450.0,0.0,39450.0,1,0.7818314824680298,0.6234898018587336,4,0.8660254037844387,-0.4999999999999998,0,0,0,0,49300.0,31.0,41450.0,21.0,60100.0,31.0,53000.0,28.0,47564.28571428572,11572.406631211015,-2000.0,50207.142857142855,9578.619162225164,-2000.0,49533.57142857143,11593.400170494666,-2000.0,44340.92965086513,-2711.8355877887248,-2179.094063076409,0,4,0,0,1160.2940835207623,0.9999999999746515
2024-04-24,2024-04-24,13.0,21600.0,0.0,21600.0,2,0.9749279121818236,-0.22252093395631434,4,0.8660254037844387,-0.4999999999999998,0,0,0,0,39450.0,34.0,54650.0,36.0,61750.0,42.0,33700.0,21.0,42842.857142857145,14556.883496918492,-33050.0,47339.28571428572,11644.529560326628,-33050.0,49101.42857142857,12402.718553334416,-33050.0,42051.164915173,4900.191851014817,-25351.35676618782,1,8,0,0,1661.5383337278206,0.9999999999537037
2024-04-25,2024-04-25,25.0,42450.0,0.0,42450.0,3,0.43388373911755823,-0.900968867902419,4,0.8660254037844387,-0.4999999999999998,0,0,0,0,21600.0,13.0,36250.0,27.0,54850.0,41.0,48190.0,28.0,43728.57142857143,14274.769617021793,6200.0,46453.57142857143,11499.991041563722,6200.0,48896.42857142857,12465.61885504092,6200.0,40277.03534723927,59.474522088022326,2113.4901306727115,0,12,0,0,1697.9999320800027,0.9999999999764428
2024-04-26,2024-04-26,28.0,56200.0,0.0,56200.0,4,-0.433883739117558,-0.9009688679024191,4,0.8660254037844387,-0.4999999999999998,0,1,0,0,42450.0,25.0,69700.0,46.0,59100.0,37.0,69100.0,43.0,41800.0,10627.009613872286,-13500.0,46246.42857142857,11278.663728230724,-13500.0,48435.71428571428,11917.601805910075,-13500.0,38564.579932711975,3254.414646404414,14381.005420883608,0,16,0,0,2007.1427854591861,0.9999999999822063
2024-04-27,2024-04-27,37.0,58400.0,0.0,58400.0,5,-0.9749279121818236,-0.2225209339563146,4,0.8660254037844387,-0.4999999999999998,1,0,0,0,56200.0,28.0,41750.0,25.0,53000.0,35.0,32500.0,22.0,44178.57142857143,12339.329301831953,16650.0,46632.142857142855,11614.722208388106,16650.0,49360.71428571428,11636.742234889802,16650.0,36902.972897188396,-4033.9300852648494,25530.957188076456,1,20,0,0,1578.3783357195045,0.9999999999828767
2024-04-28,2024-04-28,21.0,34900.0,0.0,34900.0,6,-0.7818314824680299,0.6234898018587334,4,0.8660254037844387,-0.4999999999999998,1,0,0,0,58400.0,37.0,41850.0,29.0,46600.0,25.0,30250.0,17.0,43185.71428571428,12827.857520701946,-6950.0,45796.42857142857,12030.689351144352,-6950.0,49526.78571428572,11384.349898832425,-6950.0,35346.954590948655,-273.96592557760994,-172.98866537104186,0,24,0,0,1661.9046827664436,0.9999999999713467
2024-04-29,2024-04-29,20.0,30400.0,0.0,30400.0,0,0.0,1.0,4,0.8660254037844387,-0.4999999999999998,0,0,1,0,34900.0,21.0,49300.0,31.0,53200.0,36.0,66550.0,37.0,40485.71428571428,13306.53706158853,-18900.0,44167.857142857145,12485.970698576708,-18900.0,48235.71428571428,11432.028247046459,-18900.0,33926.543213927835,2180.00008266824,-5706.543296596075,0,0,0,0,1519.9999240000038,0.9999999999671052
2024-04-30,2024-04-30,15.0,27150.0,0.0,27150.0,1,0.7818314824680298,0.6234898018587336,4,0.8660254037844387,-0.4999999999999998,0,0,0,0,30400.0,20.0,39450.0,34.0,41450.0,21.0,64300.0,35.0,38728.57142857143,14245.111943600672,-12300.0,43146.42857142857,13284.77243205281,-12300.0,46908.92857142857,11652.245480397678,-12300.0,32687.019252516646,-5170.749344781925,-366.2699077347206,0,4,0,0,1809.9998793333414,0.9999999999631676
2024-05-01,2024-05-01,8.0,13550.0,0.0,13550.0,2,0.9749279121818236,-0.22252093395631434,5,0.49999999999999994,-0.8660254037844387,0,0,0,0,27150.0,15.0,21600.0,13.0,54650.0,36.0,60150.0,41.0,37578.57142857143,16066.809918349723,-8050.0,40210.71428571428,14980.155829674148,-8050.0,45244.642857142855,12946.98119601421,-8050.0,31792.105625952372,5155.670635071808,-23397.77626102418,1,10,0,0,1693.7497882812766,0.9999999999261993
2024-05-02,2024-05-02,17.0,27850.0,0.0,27850.0,3,0.43388373911755823,-0.900968867902419,5,0.49999999999999994,-0.8660254037844387,0,0,0,0,13550.0,8.0,42450.0,25.0,36250.0,27.0,52750.0,37.0,35492.857142857145,16275.324588965663,-14600.0,39610.71428571428,15315.467025846188,-14600.0,44355.357142857145,13263.646636198719,-14600.0,31335.115158947458,-985.2225896156256,-2499.8925693318306,0,15,0,0,1638.2351977508706,0.9999999999640934
2024-05-03,2024-05-03,22.0,33050.0,0.0,33050.0,4,-0.433883739117558,-0.9009688679024191,5,0.49999999999999994,-0.8660254037844387,0,1,0,0,27850.0,17.0,56200.0,28.0,69700.0,46.0,42200.0,26.0,32185.714285714286,13477.997943738823,-23150.0,36992.857142857145,12682.693494905407,-23150.0,44028.57142857143,13430.38586751189,-23150.0,30990.258778476353,1822.1611640997987,237.5800574238492,0,20,0,0,1502.2726589876063,0.9999999999697428
2024-05-04,2024-05-04,16.0,27600.0,0.0,27600.0,5,-0.9749279121818236,-0.2225209339563146,5,0.49999999999999994,-0.8660254037844387,1,0,0,0,33050.0,22.0,58400.0,37.0,41750.0,25.0,42750.0,30.0,27785.714285714286,6931.312663420548,-30800.0,35982.142857142855,12837.30452091244,-30800.0,43487.5,13784.314925412924,-30800.0,30667.035796165383,-3949.138567731692,882.1027715663113,0,25,0,0,1724.9998921875067,0.9999999999637681
2024-05-05,2024-05-05,19.0,33350.0,0.0,33350.0,6,-0.7818314824680299,0.6234898018587334,5,0.49999999999999994,-0.8660254037844387,1,0,0,0,27600.0,16.0,34900.0,21.0,41850.0,29.0,32500.0,18.0,27564.285714285714,6686.598181294732,-1550.0,35375.0,12739.063937354329,-1550.0,43517.857142857145,13760.135754375193,-1550.0,30399.877915088513,-1103.9310310221258,4054.0531159336133,0,30,0,0,1755.2630655124701,0.999999999970015
2024-05-06,2024-05-06,19.0,31500.0,0.0,31500.0,0,0.0,1.0,5,0.49999999999999994,-0.8660254037844387,0,0,1,0,33350.0,19.0,30400.0,20.0,49300.0,31.0,49000.0,32.0,27721.428571428572,6776.66690089701,1100.0,34103.57142857143,12115.366343959773,1100.0,42892.857142857145,13898.645779260407,1100.0,30122.938887635886,3764.1425941134084,-2387.0814817492937,0,0,0,0,1657.894649584492,0.999999999968254
2024-05-07,2024-05-07,21.0,39550.0,0.0,39550.0,1,0.7818314824680298,0.6234898018587336,5,0.49999999999999994,-0.8660254037844387,0,0,0,0,31500.0,19.0,27150.0,15.0,39450.0,34.0,60100.0,31.0,29492.85714285714,8094.876392479556,12400.0,34110.71428571428,12118.78990169069,12400.0,42158.92857142857,13493.016393754031,12400.0,29874.684383265467,-5104.956913005833,14780.272529740363,0,5,0,0,1883.3332436507978,0.9999999999747156
2024-05-08,2024-05-08,23.0,34650.0,0.0,34650.0,2,0.9749279121818236,-0.22252093395631434,5,0.49999999999999994,-0.8660254037844387,0,0,0,0,39550.0,21.0,13550.0,8.0,21600.0,13.0,61750.0,42.0,32507.14285714286,4122.74469371112,21100.0,35042.857142857145,11572.029559756133,21100.0,41191.07142857143,12998.582925410823,21100.0,29844.611570223864,5055.433210557081,-250.04478078094326,0,10,0,0,1506.5216736294924,0.99999999997114
2024-05-09,2024-05-09,19.0,27250.0,0.0,27250.0,3,0.43388373911755823,-0.900968867902419,5,0.49999999999999994,-0.8660254037844387,0,0,0,0,34650.0,23.0,27850.0,17.0,42450.0,25.0,54850.0,41.0,32421.428571428572,4240.268971702188,-600.0,33957.142857142855,11536.611573309043,-600.0,40205.357142857145,12970.888624900588,-600.0,30124.142919156966,-1734.8194554375946,-1139.323463719371,0,15,0,0,1434.2104508310288,0.9999999999633027
2024-05-10,2024-05-10,19.0,32400.0,0.0,32400.0,4,-0.433883739117558,-0.9009688679024191,5,0.49999999999999994,-0.8660254037844387,0,1,0,0,27250.0,19.0,33050.0,22.0,56200.0,28.0,59100.0,37.0,32328.571428571428,4231.3174802946405,-650.0,32257.14285714286,9597.412654998805,-650.0,39251.78571428572,12503.39570278922,-650.0,30419.626653485233,4313.214474077785,-2332.841127563017,0,20,0,0,1705.263068144049,0.9999999999691358
2024-05-11,2024-05-11,14.0,24600.0,0.0,24600.0,5,-0.9749279121818236,-0.2225209339563146,5,0.49999999999999994,-0.8660254037844387,1,0,0,0,32400.0,19.0,27600.0,16.0,58400.0,37.0,53000.0,35.0,31900.0,4890.637313615951,-3000.0,29842.85714285714,6145.757046152343,-3000.0,38237.5,12498.737899246986,-3000.0,31122.530559886283,-3755.8153087837104,-2766.7152511025743,0,25,0,0,1757.1427316326622,0.9999999999593496
2024-05-12,2024-05-12,11.0,15550.0,0.0,15550.0,6,-0.7818314824680299,0.6234898018587334,5,0.49999999999999994,-0.8660254037844387,1,0,0,0,24600.0,14.0,33350.0,19.0,34900.0,21.0,46600.0,25.0,29357.14285714286,7783.177830607248,-17800.0,28460.714285714286,7032.785271947392,-17800.0,37128.57142857143,13092.628888688861,-17800.0,33764.14168455316,-4367.746657439046,-13846.395027114111,0,30,0,0,1413.6362351239786,0.9999999999356913
2024-05-13,2024-05-13,29.0,45000.0,0.0,45000.0,0,0.0,1.0,5,0.49999999999999994,-0.8660254037844387,0,0,1,0,15550.0,11.0,31500.0,19.0,30400.0,20.0,53200.0,36.0,31285.714285714286,9811.036060041153,13500.0,29503.571428571428,8309.134553788892,13500.0,36835.71428571428,12808.45248367085,13500.0,34577.265041172905,5825.61766590377,4597.117292923322,0,0,0,0,1551.7240844233074,0.9999999999777778
2024-05-14,2024-05-14,37.0,61000.0,0.0,61000.0,1,0.7818314824680298,0.6234898018587336,5,0.49999999999999994,-0.8660254037844387,0,0,0,0,45000.0,29.0,39550.0,21.0,27150.0,15.0,41450.0,21.0,34350.0,14868.591056317327,21450.0,31921.428571428572,11774.103171558632,21450.0,37533.92857142857,13578.98058119009,21450.0,35232.06053361098,-4795.951474031091,30563.890940420104,1,5,0,0,1648.6486040905784,0.9999999999836066
2024-05-15,2024-05-15,32.0,44950.0,0.0,44950.0,2,0.9749279121818236,-0.22252093395631434,5,0.49999999999999994,-0.8660254037844387,0,0,0,0,61000.0,37.0,34650.0,23.0,13550.0,8.0,54650.0,36.0,35821.42857142857,15403.2695972548,10300.0,34164.28571428572,10968.458775602408,10300.0,37187.5,13245.786367048218,10300.0,36096.86207388779,3110.8969217321282,5742.241004380085,0,10,0,0,1404.6874561035172,0.999999999977753
2024-05-16,2024-05-16,45.0,68250.0,0.0,68250.0,3,0.43388373911755823,-0.900968867902419,5,0.49999999999999994,-0.8660254037844387,0,0,0,0,44950.0,32.0,27250.0,19.0,27850.0,17.0,36250.0,27.0,41678.57142857143,18980.535142237553,41000.0,37050.0,14058.599886519014,41000.0,38330.357142857145,14484.476615697467,41000.0,37140.76293853454,-512.0486647703067,31621.285726235765,1,15,0,0,1516.6666329629638,0.999999999985348
2024-05-17,2024-05-17,27.0,45150.0,0.0,45150.0,4,-0.433883739117558,-0.9009688679024191,5,0.49999999999999994,-0.8660254037844387,0,1,0,0,68250.0,45.0,32400.0,19.0,33050.0,22.0,69700.0,46.0,43500.0,18548.584851680753,12750.0,37914.28571428572,14165.307411628446,12750.0,37453.57142857143,13201.47248080208,12750.0,36653.287738676045,5502.235714840685,2994.476546483267,0,20,0,0,1672.2221602880682,0.9999999999778516
2024-05-18,2024-05-18,20.0,33700.0,0.0,33700.0,5,-0.9749279121818236,-0.2225209339563146,5,0.49999999999999994,-0.8660254037844387,1,0,0,0,45150.0,27.0,24600.0,14.0,27600.0,16.0,41750.0,25.0,44800.0,17278.599480281984,9100.0,38350.0,13915.251732154635,9100.0,37166.07142857143,13192.092563991893,9100.0,36154.02605781514,-2674.5034115854237,220.47735377027857,0,25,0,0,1684.9999157500042,0.9999999999703264
2024-05-19,2024-05-19,18.0,27150.0,0.0,27150.0,6,-0.7818314824680299,0.6234898018587334,5,0.49999999999999994,-0.8660254037844387,1,0,0,0,33700.0,20.0,15550.0,11.0,33350.0,19.0,41850.0,29.0,46457.142857142855,14306.392177724549,11600.0,37907.142857142855,14182.706928657082,11600.0,36641.07142857143,13290.919021615942,11600.0,35642.298362111105,-8508.079227145781,15.780865034677845,0,30,0,0,1508.3332495370416,0.9999999999631676
2024-05-20,2024-05-20,32.0,41850.0,0.0,41850.0,0,0.0,1.0,5,0.49999999999999994,-0.8660254037844387,0,0,1,0,27150.0,18.0,45000.0,29.0,31500.0,19.0,49300.0,31.0,46007.142857142855,14409.037342683867,-3150.0,38646.42857142857,14092.502975337346,-3150.0,36375.0,13101.332276047595,-3150.0,35175.6965152064,9100.91154148466,-2426.6080566910605,0,0,0,0,1307.8124591308608,0.9999999999761051
2024-05-21,2024-05-21,20.0,29100.0,0.0,29100.0,1,0.7818314824680298,0.6234898018587336,5,0.49999999999999994,-0.8660254037844387,0,0,0,0,41850.0,32.0,61000.0,37.0,39550.0,21.0,39450.0,34.0,41450.0,13912.91366560819,-31900.0,37900.0,14315.940550524638,-31900.0,36005.357142857145,13157.249369789837,-31900.0,34697.41153283341,-4744.047732120152,-853.363800713254,0,5,0,0,1454.9999272500036,0.9999999999656357
2024-05-22,2024-05-22,29.0,50400.0,0.0,50400.0,2,0.9749279121818236,-0.22252093395631434,5,0.49999999999999994,-0.8660254037844387,0,0,0,0,29100.0,20.0,44950.0,32.0,34650.0,23.0,21600.0,13.0,42228.57142857143,14288.831802695238,5450.0,39025.0,14655.712328172782,5450.0,37033.92857142857,13115.053928606758,5450.0,34193.77470925751,-847.0795330053465,17053.304823747836,0,10,0,0,1737.9309745541043,0.9999999999801588
2024-05-23,2024-05-23,27.0,34600.0,0.0,34600.0,3,0.43388373911755823,-0.900968867902419,5,0.49999999999999994,-0.8660254037844387,0,0,0,0,50400.0,29.0,68250.0,45.0,27250.0,19.0,42450.0,25.0,37421.42857142857,8605.659820860972,-33650.0,39550.0,14329.474734052466,-33650.0,36753.57142857143,13078.841610922462,-33650.0,34410.6954540571,1850.4286648784332,-1661.124118935535,0,15,0,0,1281.481434019206,0.9999999999710982
2024-05-24,2024-05-24,21.0,29800.0,0.0,29800.0,4,-0.433883739117558,-0.9009688679024191,5,0.49999999999999994,-0.8660254037844387,0,1,0,0,34600.0,27.0,45150.0,27.0,32400.0,19.0,56200.0,28.0,35228.57142857143,8256.707230228887,-15350.0,39364.28571428572,14445.646517089677,-15350.0,35810.71428571428,12566.58088051217,-15350.0,34644.53067069587,6328.156500365765,-11172.68717106164,0,20,0,0,1419.047551473926,0.999999999966443
2024-05-25,2024-05-25,25.0,53150.0,0.0,53150.0,5,-0.9749279121818236,-0.2225209339563146,5,0.49999999999999994,-0.8660254037844387,1,0,0,0,29800.0,21.0,33700.0,20.0,24600.0,14.0,58400.0,37.0,38007.142857142855,10597.46151095584,19450.0,41403.57142857143,14214.394982737625,19450.0,35623.21428571428,12252.289900432157,19450.0,34978.21213314622,-1317.2754039151696,19489.06327076895,0,25,0,0,2125.9999149600035,0.9999999999811853
2024-05-26,2024-05-26,14.0,19900.0,0.0,19900.0,6,-0.7818314824680299,0.6234898018587334,5,0.49999999999999994,-0.8660254037844387,1,0,0,0,53150.0,25.0,27150.0,18.0,15550.0,11.0,34900.0,21.0,36971.42857142857,12085.247795792777,-7250.0,41714.28571428572,13641.797036080994,-7250.0,35087.5,12607.85047177026,-7250.0,35396.346917841875,-12871.008684934004,-2625.338232907874,0,30,0,0,1421.4284698979666,0.9999999999497488
2024-05-27,2024-05-27,33.0,48850.0,0.0,48850.0,0,0.0,1.0,5,0.49999999999999994,-0.8660254037844387,0,0,1,0,19900.0,14.0,41850.0,32.0,45000.0,29.0,30400.0,20.0,37971.42857142857,12823.281468448222,7000.0,41989.28571428572,13751.491927052208,7000.0,35746.42857142857,12833.895576222158,7000.0,35920.86992615398,11410.300548084268,1518.8295257617501,0,0,0,0,1480.3029854453641,0.9999999999795292
2024-05-28,2024-05-28,22.0,37600.0,0.0,37600.0,1,0.7818314824680298,0.6234898018587336,5,0.49999999999999994,-0.8660254037844387,0,0,0,0,48850.0,33.0,29100.0,20.0,61000.0,37.0,27150.0,15.0,39185.71428571428,12232.017899952649,8500.0,40317.857142857145,12640.268484594744,8500.0,36119.642857142855,12726.142088642435,8500.0,36596.66443279661,-2986.493607370418,3989.8291745738024,0,5,0,0,1709.090831404962,0.9999999999734043
2024-05-29,2024-05-29,17.0,27200.0,0.0,27200.0,2,0.9749279121818236,-0.22252093395631434,5,0.49999999999999994,-0.8660254037844387,0,0,0,0,37600.0,22.0,50400.0,29.0,44950.0,32.0,13550.0,8.0,35871.42857142857,11823.277081773085,-23200.0,39050.0,13024.267290774564,-23200.0,36607.142857142855,12074.297113855104,-23200.0,37292.97036990022,-4406.853719705236,-5686.116650194985,0,10,0,0,1599.9999058823585,0.9999999999632353
2024-05-30,2024-05-30,27.0,45350.0,0.0,45350.0,3,0.43388373911755823,-0.900968867902419,5,0.49999999999999994,-0.8660254037844387,0,0,0,0,27200.0,17.0,34600.0,27.0,68250.0,45.0,27850.0,17.0,37407.142857142855,12318.39507171519,10750.0,37414.28571428572,10208.60173826715,10750.0,37232.142857142855,12057.126479464243,10750.0,37750.511543327375,4785.765568151544,2813.722888521079,0,15,0,0,1679.6295674211271,0.9999999999779493
2024-05-31,2024-05-31,29.0,44400.0,0.0,44400.0,4,-0.433883739117558,-0.9009688679024191,5,0.49999999999999994,-0.8660254037844387,0,1,0,0,45350.0,27.0,29800.0,21.0,45150.0,27.0,33050.0,22.0,39492.857142857145,12048.769943145948,14600.0,37360.71428571428,10166.766723221168,14600.0,37637.5,12102.02481527899,14600.0,37879.12748098944,8131.606647087918,-1610.7341280773544,0,20,0,0,1531.03442996433,0.9999999999774775
2024-06-01,2024-06-01,21.0,39900.0,0.0,39900.0,5,-0.9749279121818236,-0.2225209339563146,6,1.2246467991473532e-16,-1.0,1,0,0,0,44400.0,29.0,53150.0,25.0,33700.0,20.0,27600.0,16.0,37600.0,10484.949530954671,-13250.0,37803.57142857143,10130.00995302341,-13250.0,38076.78571428572,11946.419594906458,-13250.0,37787.42164613896,360.09020315776763,1752.488150703277,0,30,0,0,1899.9999095238138,0.9999999999749374
2024-06-02,2024-06-02,13.0,25200.0,0.0,25200.0,6,-0.7818314824680299,0.6234898018587334,6,1.2246467991473532e-16,-1.0,1,0,0,0,39900.0,21.0,19900.0,14.0,27150.0,18.0,33350.0,19.0,38357.142857142855,9092.690680404992,5300.0,37664.28571428572,10299.74660949394,5300.0,37785.71428571428,12163.171926876235,5300.0,37525.37768270224,-14936.021367111392,2610.6436844091513,0,36,0,0,1938.461389349124,0.9999999999603174
2024-06-03,2024-06-03,14.0,24100.0,0.0,24100.0,0,0.0,1.0,6,1.2246467991473532e-16,-1.0,0,0,1,0,25200.0,13.0,48850.0,33.0,41850.0,32.0,31500.0,19.0,34821.42857142857,9144.390682400912,-24750.0,36396.42857142857,10824.002250797825,-24750.0,37521.42857142857,12383.213163551984,-24750.0,37097.17715645984,6942.538301653567,-19939.715458113405,0,0,0,0,1721.4284484693967,0.9999999999585062
2024-06-04,2024-06-04,20.0,34050.0,0.0,34050.0,1,0.7818314824680298,0.6234898018587336,6,1.2246467991473532e-16,-1.0,0,0,0,0,24100.0,14.0,37600.0,22.0,29100.0,20.0,39550.0,21.0,34314.28571428572,9062.685137681961,-3550.0,36750.0,10646.7221391231,-3550.0,37325.0,12393.460790689953,-3550.0,36475.296660511485,-2129.411220689899,-295.88543982158444,0,6,0,0,1702.4999148750042,0.9999999999706314
2024-06-05,2024-06-05,17.0,29650.0,0.0,29650.0,2,0.9749279121818236,-0.22252093395631434,6,1.2246467991473532e-16,-1.0,0,0,0,0,34050.0,20.0,27200.0,17.0,50400.0,29.0,34650.0,23.0,34664.28571428572,8785.20130132267,2450.0,35267.857142857145,10026.572524716918,2450.0,37146.42857142857,12469.220835880931,2450.0,35646.05078009292,-6550.757693734378,554.7069136414575,0,12,0,0,1744.1175444636738,0.9999999999662732
2024-06-06,2024-06-06,20.0,42350.0,0.0,42350.0,3,0.43388373911755823,-0.900968867902419,6,1.2246467991473532e-16,-1.0,0,0,0,0,29650.0,17.0,45350.0,27.0,34600.0,27.0,27250.0,19.0,34235.71428571428,8232.846525033823,-3000.0,35821.42857142857,10199.31585725462,-3000.0,37685.71428571428,12351.329641594979,-3000.0,34685.78182461194,7566.92415559097,97.29401979708928,0,18,0,0,2117.499894125005,0.9999999999763872
2024-06-07,2024-06-07,15.0,29500.0,0.0,29500.0,4,-0.433883739117558,-0.9009688679024191,6,1.2246467991473532e-16,-1.0,0,1,0,0,42350.0,20.0,44400.0,29.0,29800.0,21.0,32400.0,19.0,32107.14285714286,7000.918307112042,-14900.0,35800.0,10213.245547590943,-14900.0,37582.142857142855,12409.317096184206,-14900.0,33937.024992623854,9637.535107854132,-14074.560100477986,0,24,0,0,1966.6665355555645,0.9999999999661017
2024-06-08,2024-06-08,20.0,34550.0,0.0,34550.0,5,-0.9749279121818236,-0.2225209339563146,6,1.2246467991473532e-16,-1.0,1,0,0,0,29500.0,15.0,39900.0,21.0,53150.0,25.0,24600.0,14.0,31342.85714285714,6261.351596063198,-5350.0,34471.42857142857,8909.215503012734,-5350.0,37937.5,12163.824820312813,-5350.0,33687.05516022607,1081.3471073274113,-218.40226755347976,0,30,0,0,1727.4999136250042,0.9999999999710564
2024-06-09,2024-06-09,7.0,12000.0,0.0,12000.0,6,-0.7818314824680299,0.6234898018587334,6,1.2246467991473532e-16,-1.0,1,0,0,0,34550.0,20.0,25200.0,13.0,19900.0,14.0,15550.0,11.0,29457.14285714286,9545.916603947626,-13200.0,33907.142857142855,10076.79850606678,-13200.0,37810.71428571428,12421.586326967488,-13200.0,33650.627066666726,-15844.620571014982,-5806.006495651745,0,36,0,0,1714.28546938779,0.9999999999166667
2024-06-10,2024-06-10,24.0,47600.0,0.0,47600.0,0,0.0,1.0,6,1.2246467991473532e-16,-1.0,0,0,1,0,12000.0,7.0,24100.0,14.0,48850.0,33.0,45000.0,29.0,32814.28571428572,11316.0547558809,23500.0,33817.857142857145,9938.805204907703,23500.0,37903.57142857143,12486.866645573558,23500.0,33453.65028160357,3752.259584407925,10394.090133988502,0,0,0,0,1983.3332506944478,0.9999999999789916
2024-06-11,2024-06-11,33.0,60400.0,0.0,60400.0,1,0.7818314824680298,0.6234898018587336,6,1.2246467991473532e-16,-1.0,0,0,0,0,47600.0,24.0,34050.0,20.0,37600.0,22.0,61000.0,37.0,36578.57142857143,15430.350426536468,26350.0,35446.42857142857,12213.839317721617,26350.0,37882.142857142855,12446.21178635036,26350.0,33127.9578991119,-2760.2460904121504,30032.28819130025,1,6,0,0,1830.302974839304,0.9999999999834437
2024-06-12,2024-06-12,17.0,28350.0,0.0,28350.0,2,0.9749279121818236,-0.22252093395631434,6,1.2246467991473532e-16,-1.0,0,0,0,0,60400.0,33.0,29650.0,17.0,27200.0,17.0,44950.0,32.0,36392.857142857145,15535.106173101092,-1300.0,35528.57142857143,12157.851440462384,-1300.0,37289.28571428572,12492.348451803155,-1300.0,32896.38557353256,-3094.6217952110956,-1451.7637783214668,0,12,0,0,1667.6469607266492,0.9999999999647267
2024-06-13,2024-06-13,25.0,45400.0,0.0,45400.0,3,0.43388373911755823,-0.900968867902419,6,1.2246467991473532e-16,-1.0,0,0,0,0,28350.0,17.0,42350.0,20.0,45350.0,27.0,68250.0,45.0,36828.57142857143,15771.013948138556,3050.0,35532.142857142855,12160.96540864792,3050.0,36473.21428571428,11059.029176322407,3050.0,32821.79855380685,7605.260931038062,4972.940515155082,0,18,0,0,1815.9999273600029,0.9999999999779735
2024-06-14,2024-06-14,21.0,47200.0,0.0,47200.0,4,-0.433883739117558,-0.9009688679024191,6,1.2246467991473532e-16,-1.0,0,1,0,0,45400.0,25.0,29500.0,15.0,44400.0,29.0,45150.0,27.0,39357.142857142855,15819.03991427811,17700.0,35732.142857142855,12339.735802290552,17700.0,36546.42857142857,11125.187710205186,17700.0,32395.95417928337,11186.66767348293,3617.3781472336996,0,24,0,0,2247.6189405895743,0.9999999999788135
2024-06-15,2024-06-15,18.0,32150.0,0.0,32150.0,5,-0.9749279121818236,-0.2225209339563146,6,1.2246467991473532e-16,-1.0,1,0,0,0,47200.0,21.0,34550.0,20.0,39900.0,21.0,33700.0,20.0,39014.28571428572,15965.919805576357,-2400.0,35178.57142857143,12312.18461971277,-2400.0,36491.07142857143,11143.716495318842,-2400.0,32099.27919773633,1157.0588712229278,-1106.3380689592595,0,30,0,0,1786.1110118827214,0.9999999999688958
2024-06-16,2024-06-16,10.0,15750.0,0.0,15750.0,6,-0.7818314824680299,0.6234898018587334,6,1.2246467991473532e-16,-1.0,1,0,0,0,32150.0,18.0,12000.0,7.0,25200.0,13.0,27150.0,18.0,39550.0,14938.261835523801,3750.0,34503.57142857143,13133.009853121994,3750.0,36083.92857142857,11692.384776959992,3750.0,31905.757263448108,-16253.109857626796,97.3525941786902,0,36,0,0,1574.9998425000158,0.9999999999365079
2024-06-17,2024-06-17,18.0,30000.0,0.0,30000.0,0,0.0,1.0,6,1.2246467991473532e-16,-1.0,0,0,1,0,15750.0,10.0,47600.0,24.0,24100.0,14.0,41850.0,32.0,37035.71428571428,14838.343188221135,-17600.0,34925.0,12865.423996720288,-17600.0,35660.71428571428,11690.407250952412,-17600.0,31207.238140600784,-742.9467059419634,-464.29143465882225,0,0,0,0,1666.666574074079,0.9999999999666667
2024-06-18,2024-06-18,14.0,26800.0,0.0,26800.0,1,0.7818314824680298,0.6234898018587336,6,1.2246467991473532e-16,-1.0,0,0,0,0,30000.0,18.0,60400.0,33.0,34050.0,20.0,29100.0,20.0,32235.714285714286,10944.241799751508,-33600.0,34407.142857142855,13047.971506696435,-33600.0,35578.57142857143,11746.161142573375,-33600.0,30528.561411723473,-2022.6732257121228,-1705.8881860113506,0,6,0,0,1914.2855775510302,0.9999999999626865
2024-06-19,2024-06-19,17.0,32500.0,0.0,32500.0,2,0.9749279121818236,-0.22252093395631434,6,1.2246467991473532e-16,-1.0,0,0,0,0,26800.0,14.0,28350.0,17.0,29650.0,17.0,50400.0,29.0,32828.57142857143,10810.251968342238,4150.0,34610.71428571428,12990.146836551403,4150.0,34939.28571428572,11391.373906201947,4150.0,29937.179020277523,-362.0084917842162,2924.829471506695,0,12,0,0,1911.764593425612,0.9999999999692307
2024-06-20,2024-06-20,16.0,33900.0,0.0,33900.0,3,0.43388373911755823,-0.900968867902419,6,1.2246467991473532e-16,-1.0,0,0,0,0,32500.0,17.0,45400.0,25.0,42350.0,20.0,34600.0,27.0,31185.714285714286,9357.559968892961,-11500.0,34007.142857142855,12797.77410247671,-11500.0,34914.28571428572,11392.914116392312,-11500.0,29653.31054722766,6622.38160439257,-2375.6921516202274,0,18,0,0,2118.749867578133,0.9999999999705015
2024-06-21,2024-06-21,22.0,39510.0,0.0,39510.0,4,-0.433883739117558,-0.9009688679024191,6,1.2246467991473532e-16,-1.0,0,1,0,0,33900.0,16.0,47200.0,21.0,29500.0,15.0,29800.0,21.0,30087.14285714286,7413.635442627984,-7690.0,34722.142857142855,12806.216145998143,-7690.0,35261.07142857143,11379.247953828411,-7690.0,29888.98540312396,10930.65821329206,-1309.6436164160186,0,24,0,0,1795.9090092768631,0.9999999999746899
2024-06-22,2024-06-22,11.0,21050.0,0.0,21050.0,5,-0.9749279121818236,-0.2225209339563146,6,1.2246467991473532e-16,-1.0,1,0,0,0,39510.0,22.0,32150.0,18.0,34550.0,20.0,53150.0,25.0,28501.428571428572,8057.967958427658,-11100.0,33757.857142857145,13318.203955241417,-11100.0,34114.642857142855,11124.37613136883,-11100.0,30387.526240342082,1598.7254345274782,-10936.25167486956,0,30,0,0,1913.6361896694375,0.999999999952494
2024-06-23,2024-06-23,7.0,14000.0,0.0,14000.0,6,-0.7818314824680299,0.6234898018587334,6,1.2246467991473532e-16,-1.0,1,0,0,0,21050.0,11.0,15750.0,10.0,12000.0,7.0,19900.0,14.0,28251.428571428572,8532.683103946854,-1750.0,33900.71428571428,13075.379367513478,-1750.0,33903.92857142857,11454.57480636921,-1750.0,31134.739926439353,-15527.973081056205,-1606.7668453831502,0,36,0,0,1999.999714285755,0.9999999999285714
2024-06-24,2024-06-24,6.0,12760.0,0.0,12760.0,0,0.0,1.0,6,1.2246467991473532e-16,-1.0,0,0,1,0,14000.0,7.0,30000.0,18.0,47600.0,24.0,48850.0,33.0,25788.571428571428,10257.576758298223,-17240.0,31412.14285714286,13573.474232754643,-17240.0,32615.0,11737.499102670234,-17240.0,32204.713099838966,-1283.8324036558556,-18160.88069618311,0,0,0,0,2126.6663122222812,0.99999999992163
2024-06-25,2024-06-25,8.0,11000.0,0.0,11000.0,1,0.7818314824680298,0.6234898018587336,6,1.2246467991473532e-16,-1.0,0,0,0,0,12760.0,6.0,26800.0,14.0,60400.0,33.0,37600.0,22.0,23531.428571428572,11642.760881869026,-15800.0,27883.571428571428,11757.674814050963,-15800.0,31665.0,12378.068867512748,-15800.0,33317.447176074915,-922.2859059300231,-21395.16127014489,1,6,0,0,1374.9998281250216,0.9999999999090908
2024-06-26,2024-06-26,16.0,35300.0,0.0,35300.0,2,0.9749279121818236,-0.22252093395631434,6,1.2246467991473532e-16,-1.0,0,0,0,0,11000.0,8.0,32500.0,17.0,28350.0,17.0,27200.0,17.0,23931.428571428572,12043.444175942624,2800.0,28380.0,11924.420966429218,2800.0,31954.285714285714,12364.497691964789,2800.0,34417.94282373544,547.6551636083162,334.40201265624637,0,12,0,0,2206.2498621093837,0.9999999999716713
2024-06-27,2024-06-27,17.0,28700.0,0.0,28700.0,3,0.43388373911755823,-0.900968867902419,6,1.2246467991473532e-16,-1.0,0,0,0,0,35300.0,16.0,33900.0,16.0,45400.0,25.0,45350.0,27.0,23188.571428571428,11472.948514616732,-5200.0,27187.14285714286,10880.451368303766,-5200.0,31359.64285714286,12093.809399591606,-5200.0,35623.10997148814,4672.780676127567,-11595.89064761571,0,18,0,0,1688.2351948096943,0.9999999999651568
2024-06-28,2024-06-28,17.0,31350.0,0.0,31350.0,4,-0.433883739117558,-0.9009688679024191,6,1.2246467991473532e-16,-1.0,0,1,0,0,28700.0,17.0,39510.0,22.0,47200.0,21.0,44400.0,29.0,22022.85714285714,9835.979385713912,-8160.0,26055.0,9355.645560096595,-8160.0,30893.571428571428,11821.031231033903,-8160.0,36879.293653755776,8618.446696155494,-14147.74034991127,0,24,0,0,1844.1175385813212,0.9999999999681021
2024-06-29,2024-06-29,21.0,41300.0,0.0,41300.0,5,-0.9749279121818236,-0.2225209339563146,6,1.2246467991473532e-16,-1.0,1,0,0,0,31350.0,17.0,21050.0,11.0,32150.0,18.0,39900.0,21.0,24915.714285714286,12196.723408553657,20250.0,26708.571428571428,10103.868914082781,20250.0,30943.571428571428,11863.421907909998,20250.0,38543.73788443007,2667.1910133363326,89.07110223359632,0,30,0,0,1966.6665730158775,0.9999999999757869
2024-06-30,2024-06-30,15.0,27150.0,0.0,27150.0,6,-0.7818314824680299,0.6234898018587334,6,1.2246467991473532e-16,-1.0,1,0,0,0,41300.0,21.0,14000.0,7.0,15750.0,10.0,25200.0,13.0,26794.285714285714,11207.857150444099,13150.0,27522.85714285714,9599.550813667125,13150.0,31013.214285714286,11834.143650994796,13150.0,38803.832019782225,-14182.734709674749,2528.902689892522,0,36,0,0,1809.9998793333414,0.9999999999631676
2024-07-01,2024-07-01,23.0,37150.0,0.0,37150.0,0,0.0,1.0,7,-0.4999999999999997,-0.8660254037844388,0,0,1,0,27150.0,15.0,12760.0,6.0,30000.0,18.0,24100.0,14.0,30278.571428571428,9823.392877160466,24390.0,28033.571428571428,9926.119086022063,24390.0,31479.285714285714,11808.74312895804,24390.0,38870.528582870655,-1099.0460916264972,-621.4824912441545,0,0,0,0,1615.2173210775077,0.9999999999730821
2024-07-02,2024-07-02,20.0,41300.0,0.0,41300.0,1,0.7818314824680298,0.6234898018587336,7,-0.4999999999999997,-0.8660254037844388,0,0,0,0,37150.0,23.0,11000.0,8.0,26800.0,14.0,34050.0,20.0,34607.142857142855,5739.441651954509,30300.0,29069.285714285714,10525.867378317831,30300.0,31738.214285714286,11945.886957929899,30300.0,38692.05259872443,1354.0429830151784,1253.9044182603902,0,7,0,0,2064.999896750005,0.9999999999757869
2024-07-03,2024-07-03,15.0,27500.0,0.0,27500.0,2,0.9749279121818236,-0.22252093395631434,7,-0.4999999999999997,-0.8660254037844388,0,0,0,0,41300.0,20.0,35300.0,16.0,32500.0,17.0,29650.0,17.0,33492.857142857145,6311.195645532642,-7800.0,28712.14285714286,10485.25571279207,-7800.0,31661.428571428572,11966.698456870692,-7800.0,38021.01732690403,-63.36027137422689,-10457.657055529806,0,14,0,0,1833.3332111111195,0.9999999999636363
2024-07-04,2024-07-04,23.0,42000.0,0.0,42000.0,3,0.43388373911755823,-0.900968867902419,7,-0.4999999999999997,-0.8660254037844388,0,0,0,0,27500.0,15.0,28700.0,17.0,33900.0,16.0,42350.0,20.0,35392.857142857145,6622.148982230546,13300.0,29290.714285714286,11004.175755863565,13300.0,31648.928571428572,11955.29739682624,13300.0,37201.30137595813,2750.704931143927,2047.9936928979441,0,21,0,0,1826.0868771266573,0.9999999999761905
2024-07-05,2024-07-05,29.0,43200.0,0.0,43200.0,4,-0.433883739117558,-0.9009688679024191,7,-0.4999999999999997,-0.8660254037844388,0,1,0,0,42000.0,23.0,31350.0,17.0,39510.0,22.0,29500.0,15.0,37085.71428571428,6924.155441021574,11850.0,29554.285714285714,11307.779292481524,11850.0,32138.214285714286,12142.964447860744,11850.0,36380.36487723943,6759.9214753045835,59.713647455988394,0,28,0,0,1489.6551210463751,0.9999999999768518
2024-07-06,2024-07-06,33.0,58100.0,0.0,58100.0,5,-0.9749279121818236,-0.2225209339563146,7,-0.4999999999999997,-0.8660254037844388,1,0,0,0,43200.0,29.0,41300.0,21.0,21050.0,11.0,34550.0,20.0,39485.71428571428,10576.574519731279,16800.0,32200.714285714286,13320.721546803465,16800.0,32979.28571428572,13094.504340193378,16800.0,35487.636363153506,2635.5938786305637,19976.76975821593,0,35,0,0,1760.6060072543635,0.9999999999827883
2024-07-07,2024-07-07,12.0,20650.0,0.0,20650.0,6,-0.7818314824680299,0.6234898018587334,7,-0.4999999999999997,-0.8660254037844388,1,0,0,0,58100.0,33.0,27150.0,15.0,14000.0,7.0,12000.0,7.0,38557.142857142855,12026.097613503895,-6500.0,32675.714285714286,12727.122288963967,-6500.0,33288.21428571428,12676.592325598282,-6500.0,34510.87559998767,-12726.111121737007,-1134.7644782506613,0,42,0,0,1720.8331899305676,0.9999999999515738
2024-07-08,2024-07-08,16.0,33050.0,0.0,33050.0,0,0.0,1.0,7,-0.4999999999999997,-0.8660254037844388,0,0,1,0,20650.0,12.0,37150.0,23.0,12760.0,6.0,47600.0,24.0,37971.42857142857,12204.570767505418,-4100.0,34125.0,11367.408709518299,-4100.0,32768.57142857143,12362.518835482973,-4100.0,33423.868726679284,-364.6350314047103,-9.233695274575439,0,0,0,0,2065.6248708984454,0.9999999999697428
2024-07-09,2024-07-09,18.0,35150.0,0.0,35150.0,1,0.7818314824680298,0.6234898018587336,7,-0.4999999999999997,-0.8660254037844388,0,0,0,0,33050.0,16.0,41300.0,20.0,11000.0,8.0,60400.0,33.0,37092.857142857145,12146.241825198054,-6150.0,35850.0,9217.291442634507,-6150.0,31866.785714285714,11131.978977359791,-6150.0,32481.781421644184,3047.172801552022,-378.9542231962041,0,7,0,0,1952.7776692901293,0.9999999999715505
2024-07-10,2024-07-10,13.0,31600.0,0.0,31600.0,2,0.9749279121818236,-0.22252093395631434,7,-0.4999999999999997,-0.8660254037844388,0,0,0,0,35150.0,18.0,27500.0,15.0,35300.0,16.0,28350.0,17.0,37678.57142857143,11697.109940168175,4100.0,35585.71428571428,9287.055270880935,4100.0,31982.85714285714,11110.87550543853,4100.0,31814.986014522026,-846.6779125369021,631.6918980148766,0,14,0,0,2430.769043786997,0.9999999999683544
2024-07-11,2024-07-11,17.0,30350.0,0.0,30350.0,3,0.43388373911755823,-0.900968867902419,7,-0.4999999999999997,-0.8660254037844388,0,0,0,0,31600.0,13.0,42000.0,23.0,28700.0,17.0,45400.0,25.0,36014.28571428572,11808.03802097376,-11650.0,35703.57142857143,9203.04013911705,-11650.0,31445.35714285714,10797.37467478666,-11650.0,30850.95901481462,1441.3120264459844,-1942.271041260603,0,21,0,0,1785.2940126297638,0.999999999967051
2024-07-12,2024-07-12,17.0,35700.0,0.0,35700.0,4,-0.433883739117558,-0.9009688679024191,7,-0.4999999999999997,-0.8660254037844388,0,1,0,0,30350.0,17.0,43200.0,29.0,31350.0,17.0,47200.0,21.0,34942.857142857145,11379.85898314168,-7500.0,36014.28571428572,9117.785421307783,-7500.0,31034.64285714286,10386.813392966918,-7500.0,30163.676866632468,5466.859237641907,69.46389572562475,0,28,0,0,2099.999876470595,0.9999999999719887
2024-07-13,2024-07-13,10.0,16900.0,0.0,16900.0,5,-0.9749279121818236,-0.2225209339563146,7,-0.4999999999999997,-0.8660254037844388,1,0,0,0,35700.0,17.0,58100.0,33.0,41300.0,21.0,32150.0,18.0,29057.14285714286,7346.281858386354,-41200.0,34271.42857142857,10286.786040011173,-41200.0,30490.0,10720.622908933748,-41200.0,29407.449591312863,3207.058554516414,-15714.508145829277,0,35,0,0,1689.9998310000171,0.9999999999408283
2024-07-14,2024-07-14,14.0,30700.0,0.0,30700.0,6,-0.7818314824680299,0.6234898018587334,7,-0.4999999999999997,-0.8660254037844388,1,0,0,0,16900.0,10.0,20650.0,12.0,27150.0,15.0,15750.0,10.0,30492.85714285714,6342.937579927505,10050.0,34525.0,10140.451173394687,10050.0,31023.928571428572,10324.282179077973,10050.0,28661.71463221666,-12304.69070896013,14342.976076743471,0,42,0,0,2192.8569862245013,0.9999999999674267
2024-07-15,2024-07-15,14.0,29000.0,0.0,29000.0,0,0.0,1.0,7,-0.4999999999999997,-0.8660254037844388,0,0,1,0,30700.0,14.0,33050.0,16.0,37150.0,23.0,30000.0,18.0,29914.285714285714,6254.912355215537,-4050.0,33942.857142857145,10211.84939821724,-4050.0,30988.214285714286,10329.68360405041,-4050.0,28116.971958739206,498.8948067459738,384.13323451481847,0,0,0,0,2071.4284234693982,0.9999999999655173
2024-07-16,2024-07-16,17.0,32500.0,0.0,32500.0,1,0.7818314824680298,0.6234898018587336,7,-0.4999999999999997,-0.8660254037844388,0,0,0,0,29000.0,14.0,35150.0,18.0,41300.0,20.0,26800.0,14.0,29535.714285714286,5958.377455714035,-2650.0,33314.28571428572,9992.640148772436,-2650.0,31191.785714285714,10300.211811404066,-2650.0,27817.244818198993,3189.9155244834483,1492.8396573175596,0,7,0,0,1911.764593425612,0.9999999999692307
2024-07-17,2024-07-17,16.0,21450.0,0.0,21450.0,2,0.9749279121818236,-0.22252093395631434,7,-0.4999999999999997,-0.8660254037844388,0,0,0,0,32500.0,17.0,31600.0,13.0,27500.0,15.0,32500.0,17.0,28085.714285714286,6575.377954011043,-10150.0,32882.142857142855,10386.485433982532,-10150.0,30797.14285714286,10458.698260881649,-10150.0,27645.348891158497,-676.2797011037899,-5519.069190054706,0,14,0,0,1340.6249162109427,0.99999999995338
2024-07-18,2024-07-18,8.0,14350.0,0.0,14350.0,3,0.43388373911755823,-0.900968867902419,7,-0.4999999999999997,-0.8660254037844388,0,0,0,0,21450.0,16.0,30350.0,17.0,42000.0,23.0,33900.0,16.0,25800.0,8229.874442136545,-16000.0,30907.14285714286,11122.134153653682,-16000.0,30098.928571428572,10887.656394857728,-16000.0,27562.367776670373,800.3400850140598,-14012.707861684434,0,21,0,0,1793.7497757812782,0.9999999999303135
2024-07-19,2024-07-19,16.0,30100.0,0.0,30100.0,4,-0.433883739117558,-0.9009688679024191,7,-0.4999999999999997,-0.8660254037844388,0,1,0,0,14350.0,8.0,35700.0,17.0,43200.0,29.0,39510.0,22.0,25000.0,7330.131876940018,-5600.0,29971.428571428572,10544.42459833118,-5600.0,29762.85714285714,10730.499921785015,-5600.0,27684.105311004427,5279.756832438767,-2863.8621434431952,0,28,0,0,1881.2498824218821,0.9999999999667774
2024-07-20,2024-07-20,16.0,30200.0,0.0,30200.0,5,-0.9749279121818236,-0.2225209339563146,7,-0.4999999999999997,-0.8660254037844388,1,0,0,0,30100.0,16.0,16900.0,10.0,58100.0,33.0,21050.0,11.0,26900.0,6564.36084728227,13300.0,27978.571428571428,6785.950256163272,13300.0,30089.64285714286,10593.787656205004,13300.0,27892.482382972943,2730.243892830662,-422.72627580360495,0,35,0,0,1887.4998820312574,0.9999999999668874
2024-07-21,2024-07-21,9.0,17850.0,0.0,17850.0,6,-0.7818314824680299,0.6234898018587334,7,-0.4999999999999997,-0.8660254037844388,1,0,0,0,30200.0,16.0,30700.0,14.0,20650.0,12.0,14000.0,7.0,25064.285714285714,7099.513732509721,-12850.0,27778.571428571428,7054.5052240426785,-12850.0,30227.14285714286,10400.44153519377,-12850.0,28210.276126319808,-12560.422623189883,2200.1464968700748,0,42,0,0,1983.3331129629876,0.9999999999439776
2024-07-22,2024-07-22,16.0,30550.0,0.0,30550.0,0,0.0,1.0,7,-0.4999999999999997,-0.8660254037844388,0,0,1,0,17850.0,9.0,29000.0,14.0,33050.0,16.0,12760.0,6.0,25285.714285714286,7264.968128268753,1550.0,27600.0,6941.541615520394,1550.0,30862.5,9821.118826284484,1550.0,28828.438746847034,291.4497711608088,1430.1114819921568,0,0,0,0,1909.37488066407,0.9999999999672667
2024-07-23,2024-07-23,16.0,29000.0,0.0,29000.0,1,0.7818314824680298,0.6234898018587336,7,-0.4999999999999997,-0.8660254037844388,0,0,0,0,30550.0,16.0,32500.0,17.0,35150.0,18.0,11000.0,8.0,24785.714285714286,6790.662356360687,-3500.0,27160.714285714286,6613.860113760878,-3500.0,31505.35714285714,9030.08694521236,-3500.0,29649.60272584399,3368.867456873055,-4018.4701827170466,0,7,0,0,1812.499886718757,0.9999999999655173
2024-07-24,2024-07-24,16.0,31650.0,0.0,31650.0,2,0.9749279121818236,-0.22252093395631434,7,-0.4999999999999997,-0.8660254037844388,0,0,0,0,29000.0,16.0,21450.0,16.0,31600.0,13.0,35300.0,16.0,26242.85714285714,7045.177344078913,10200.0,27164.285714285714,6616.45467962065,10200.0,31375.0,8999.57303513974,10200.0,30400.874741191576,32.05160014158224,1217.0736586668427,0,14,0,0,1978.1248763671952,0.9999999999684044
2024-07-25,2024-07-25,14.0,29800.0,0.0,29800.0,3,0.43388373911755823,-0.900968867902419,7,-0.4999999999999997,-0.8660254037844388,0,0,0,0,31650.0,16.0,14350.0,8.0,30350.0,17.0,28700.0,17.0,28450.0,4742.010825237103,15450.0,27125.0,6597.690446722299,15450.0,31414.285714285714,8989.859072174915,15450.0,31166.165089922597,330.917146504962,-1697.082236427559,0,21,0,0,2128.5712765306234,0.999999999966443
2024-07-26,2024-07-26,18.0,36900.0,0.0,36900.0,4,-0.433883739117558,-0.9009688679024191,7,-0.4999999999999997,-0.8660254037844388,0,1,0,0,29800.0,14.0,30100.0,16.0,35700.0,17.0,31350.0,17.0,29421.428571428572,5729.954707707579,6800.0,27210.714285714286,6724.243697004501,6800.0,31612.5,9049.377152702351,6800.0,32046.091898319923,5196.993300375303,-343.0851986952257,0,28,0,0,2049.999886111117,0.9999999999728997
2024-07-27,2024-07-27,22.0,39900.0,0.0,39900.0,5,-0.9749279121818236,-0.2225209339563146,7,-0.4999999999999997,-0.8660254037844388,1,0,0,0,36900.0,18.0,30200.0,16.0,16900.0,10.0,41300.0,21.0,30807.14285714286,6985.069110337412,9700.0,28853.571428571428,6820.344686916722,9700.0,31562.5,8997.588411470135,9700.0,33209.37076891476,3686.341459026756,3004.28777205848,0,35,0,0,1813.6362811983508,0.9999999999749374
2024-07-28,2024-07-28,9.0,18700.0,0.0,18700.0,6,-0.7818314824680299,0.6234898018587334,7,-0.4999999999999997,-0.8660254037844388,1,0,0,0,39900.0,22.0,17850.0,9.0,30700.0,14.0,27150.0,15.0,30928.571428571428,6724.820762348518,850.0,27996.428571428572,7307.121507493646,850.0,31260.714285714286,9288.088320859364,850.0,34547.57729078479,-12271.401468796505,-3576.1758219882904,0,42,0,0,2077.777546913606,0.999999999946524
2024-07-29,2024-07-29,15.0,29350.0,0.0,29350.0,0,0.0,1.0,7,-0.4999999999999997,-0.8660254037844388,0,0,1,0,18700.0,9.0,30550.0,16.0,29000.0,14.0,37150.0,23.0,30757.14285714286,6751.322621742835,-1200.0,28021.428571428572,7311.416633376508,-1200.0,30982.14285714286,9221.645373047204,-1200.0,35878.841758185685,-79.89489242203325,-6448.94686576365,0,0,0,0,1956.6665362222311,0.9999999999659285
2024-07-30,2024-07-30,20.0,42700.0,0.0,42700.0,1,0.7818314824680298,0.6234898018587336,7,-0.4999999999999997,-0.8660254037844388,0,0,0,0,29350.0,15.0,29000.0,16.0,32500.0,17.0,41300.0,20.0,32714.285714285714,8023.024901583451,13700.0,28750.0,8241.12576327745,13700.0,31032.14285714286,9283.250690692506,13700.0,37029.706435532826,2698.425231892966,2971.8683325742095,0,7,0,0,2134.9998932500052,0.9999999999765807
2024-07-31,2024-07-31,13.0,20200.0,0.0,20200.0,2,0.9749279121818236,-0.22252093395631434,7,-0.4999999999999997,-0.8660254037844388,0,0,0,0,42700.0,20.0,31650.0,16.0,21450.0,16.0,27500.0,15.0,31078.571428571428,9335.945637822682,-11450.0,28660.714285714286,8332.563059638893,-11450.0,30771.428571428572,9486.407708765777,-11450.0,37646.47904454268,1110.0173481310937,-18556.49639267377,0,14,0,0,1553.8460343195359,0.999999999950495
2024-08-01,2024-08-01,22.0,42700.0,0.0,42700.0,3,0.43388373911755823,-0.900968867902419,8,-0.8660254037844384,-0.5000000000000004,0,0,0,0,20200.0,13.0,29800.0,14.0,14350.0,8.0,42000.0,23.0,32921.42857142857,10268.148857139759,12900.0,30685.714285714286,8026.432979451576,12900.0,30796.428571428572,9517.964774002528,12900.0,37839.393391704696,14.99035796763772,4845.616250327665,0,24,0,0,1940.9090026859544,0.9999999999765807
2024-08-02,2024-08-02,24.0,45400.0,0.0,45400.0,4,-0.433883739117558,-0.9009688679024191,8,-0.8660254037844384,-0.5000000000000004,0,1,0,0,42700.0,22.0,36900.0,18.0,30100.0,16.0,43200.0,29.0,34135.71428571428,11270.711094311144,8500.0,31778.571428571428,8931.16226146748,8500.0,30875.0,9632.540336449823,8500.0,38008.298745455206,5485.1621612950885,1906.539093249703,0,32,0,0,1891.6665878472254,0.9999999999779735
2024-08-03,2024-08-03,14.0,24600.0,0.0,24600.0,5,-0.9749279121818236,-0.2225209339563146,8,-0.8660254037844384,-0.5000000000000004,1,0,0,0,45400.0,24.0,39900.0,22.0,30200.0,16.0,58100.0,33.0,31950.0,11448.68988137942,-15300.0,31378.571428571428,9130.479688420586,-15300.0,29678.571428571428,8081.327684412803,-15300.0,38162.7794517809,2071.514471397048,-15634.29392317795,0,40,0,0,1757.1427316326622,0.9999999999593496
2024-08-04,2024-08-04,9.0,16350.0,0.0,16350.0,6,-0.7818314824680299,0.6234898018587334,8,-0.8660254037844384,-0.5000000000000004,1,0,0,0,24600.0,14.0,18700.0,9.0,17850.0,9.0,20650.0,12.0,31614.285714285714,11926.46616723054,-2350.0,31271.428571428572,9308.509636260425,-2350.0,29525.0,8297.227336977163,-2350.0,37917.73325956,-11512.440782544552,-10055.29247701545,0,48,0,0,1816.6664648148374,0.9999999999388379
2024-08-05,2024-08-05,20.0,37400.0,0.0,37400.0,0,0.0,1.0,8,-0.8660254037844384,-0.5000000000000004,0,0,1,0,16350.0,9.0,29350.0,15.0,30550.0,16.0,33050.0,16.0,32764.285714285714,12059.115303568562,8050.0,31760.714285714286,9446.675820940169,8050.0,29680.35714285714,8405.689643702237,8050.0,37282.003797177014,-698.8842096389883,816.880412461971,0,0,0,0,1869.9999065000045,0.999999999973262
2024-08-06,2024-08-06,17.0,37650.0,0.0,37650.0,1,0.7818314824680298,0.6234898018587336,8,-0.8660254037844384,-0.5000000000000004,0,0,0,0,37400.0,20.0,42700.0,20.0,29000.0,16.0,35150.0,18.0,32042.85714285714,11503.927900628405,-5050.0,32378.571428571428,9534.687972098316,-5050.0,29769.64285714286,8478.89907342658,-5050.0,36622.06450075663,2210.1137626362674,-1182.178263392896,0,8,0,0,2214.7057520761323,0.9999999999734396
2024-08-07,2024-08-07,18.0,37750.0,0.0,37750.0,2,0.9749279121818236,-0.22252093395631434,8,-0.8660254037844384,-0.5000000000000004,0,0,0,0,37650.0,17.0,20200.0,13.0,31650.0,16.0,31600.0,13.0,34550.0,10346.980235798257,17550.0,32814.28571428572,9637.655088474434,17550.0,29989.285714285714,8606.762598902216,17550.0,36210.317325559874,4226.245470511658,-2686.5627960715283,0,16,0,0,2097.2221057098827,0.99999999997351
2024-08-08,2024-08-08,17.0,33600.0,0.0,33600.0,3,0.43388373911755823,-0.900968867902419,8,-0.8660254037844384,-0.5000000000000004,0,0,0,0,37750.0,18.0,42700.0,22.0,29800.0,14.0,30350.0,17.0,33250.0,9704.036960633084,-9100.0,33085.71428571428,9599.668034553482,-9100.0,30105.35714285714,8633.680165552683,-9100.0,36378.41538541433,-412.4985291929585,-2365.9168562213745,0,24,0,0,1976.470471972325,0.9999999999702381
2024-08-09,2024-08-09,24.0,40950.0,0.0,40950.0,4,-0.433883739117558,-0.9009688679024191,8,-0.8660254037844384,-0.5000000000000004,0,1,0,0,33600.0,17.0,45400.0,24.0,36900.0,18.0,35700.0,17.0,32614.285714285714,8886.774550125681,-4450.0,33375.0,9782.731056462633,-4450.0,30292.85714285714,8814.788859950206,-4450.0,36610.2252934968,5045.426958728624,-705.6522522254236,0,32,0,0,1706.249928906253,0.99999999997558
2024-08-10,2024-08-10,23.0,36000.0,0.0,36000.0,5,-0.9749279121818236,-0.2225209339563146,8,-0.8660254037844384,-0.5000000000000004,1,0,0,0,40950.0,24.0,24600.0,14.0,39900.0,22.0,16900.0,10.0,34242.857142857145,8190.616001021547,11400.0,33096.42857142857,9637.077124030246,11400.0,30975.0,8472.367940459035,11400.0,37008.79423057715,-77.69313024690534,-931.1011003302483,0,40,0,0,1565.2173232514206,0.9999999999722222
2024-08-11,2024-08-11,17.0,29450.0,0.0,29450.0,6,-0.7818314824680299,0.6234898018587334,8,-0.8660254037844384,-0.5000000000000004,1,0,0,0,36000.0,23.0,16350.0,9.0,18700.0,9.0,30700.0,14.0,36114.28571428572,3670.11742383834,13100.0,33864.28571428572,8793.07919663205,13100.0,30930.35714285714,8477.16255907067,13100.0,38653.66456615213,-10651.009525437887,1447.3449592857505,0,48,0,0,1732.3528392733622,0.9999999999660442
2024-08-12,2024-08-12,21.0,39300.0,0.0,39300.0,0,0.0,1.0,8,-0.8660254037844384,-0.5000000000000004,0,0,1,0,29450.0,17.0,37400.0,20.0,29350.0,15.0,29000.0,14.0,36385.71428571428,3847.045867254743,1900.0,34575.0,8802.245124442448,1900.0,31298.214285714286,8612.689627465228,1900.0,39849.11864162808,-880.1740572347526,331.0554156066719,0,0,0,0,1871.4284823129294,0.9999999999745547
2024-08-13,2024-08-13,14.0,25450.0,0.0,25450.0,1,0.7818314824680298,0.6234898018587336,8,-0.8660254037844384,-0.5000000000000004,0,0,0,0,39300.0,21.0,37650.0,17.0,42700.0,20.0,32500.0,17.0,34642.857142857145,5560.682554883908,-12200.0,33342.857142857145,8784.730133389705,-12200.0,31046.428571428572,8679.050218682469,-12200.0,41099.14241754935,1387.8917623082061,-17037.034179857557,0,8,0,0,1817.8570130102134,0.9999999999607072
2024-08-14,2024-08-14,14.0,28500.0,0.0,28500.0,2,0.9749279121818236,-0.22252093395631434,8,-0.8660254037844384,-0.5000000000000004,0,0,0,0,25450.0,14.0,37750.0,18.0,20200.0,13.0,21450.0,16.0,33321.42857142857,5793.448680971227,-9250.0,33935.71428571428,8081.446666270948,-9250.0,31298.214285714286,8490.555560748557,-9250.0,42339.3039707658,7539.0749234698815,-21378.378894235684,1,16,0,0,2035.714140306133,0.9999999999649123
2024-08-15,2024-08-15,23.0,42700.0,0.0,42700.0,3,0.43388373911755823,-0.900968867902419,8,-0.8660254037844384,-0.5000000000000004,0,0,0,0,28500.0,14.0,33600.0,17.0,42700.0,22.0,14350.0,8.0,34621.42857142857,6799.92997162819,9100.0,33935.71428571428,8081.446666270948,9100.0,32310.714285714286,8074.816327951873,9100.0,43414.939949835396,-597.3505810303674,-117.58936880502733,0,24,0,0,1856.5216584121017,0.9999999999765807
2024-08-16,2024-08-16,15.0,28450.0,0.0,28450.0,4,-0.433883739117558,-0.9009688679024191,8,-0.8660254037844384,-0.5000000000000004,0,1,0,0,42700.0,23.0,40950.0,24.0,45400.0,24.0,30100.0,16.0,32835.71428571428,6495.4929429126605,-12500.0,32725.0,7479.0412281461095,-12500.0,32251.785714285714,8097.5360008902535,-12500.0,44182.96369004397,4063.7620864929563,-19796.72577653693,0,32,0,0,1896.6665402222307,0.9999999999648506
2024-08-17,2024-08-17,22.0,42900.0,0.0,42900.0,5,-0.9749279121818236,-0.2225209339563146,8,-0.8660254037844384,-0.5000000000000004,1,0,0,0,28450.0,15.0,36000.0,23.0,24600.0,14.0,30200.0,16.0,33821.42857142857,7501.380825269037,6900.0,34032.142857142855,7548.627158498662,6900.0,32705.35714285714,8330.681125566649,6900.0,44880.718420481,-2954.336222164247,973.6178016832491,0,40,0,0,1949.9999113636402,0.99999999997669
2024-08-18,2024-08-18,9.0,19500.0,0.0,19500.0,6,-0.7818314824680299,0.6234898018587334,8,-0.8660254037844384,-0.5000000000000004,1,0,0,0,42900.0,22.0,29450.0,17.0,16350.0,9.0,17850.0,9.0,32400.0,9214.797881668354,-9950.0,34257.142857142855,7008.6720223224265,-9950.0,32764.285714285714,8226.896462021678,-9950.0,45408.68894391896,-9791.119027308036,-16117.569916610926,0,48,0,0,2166.666425925953,0.9999999999487179
2024-08-19,2024-08-19,31.0,59300.0,0.0,59300.0,0,0.0,1.0,8,-0.8660254037844384,-0.5000000000000004,0,0,1,0,19500.0,9.0,39300.0,21.0,37400.0,20.0,30550.0,16.0,35257.142857142855,13713.327719516403,20000.0,35821.42857142857,9693.727438315631,20000.0,33791.07142857143,9616.980098603228,20000.0,45438.496763619914,-1714.9865562168416,15576.489792596927,0,0,0,0,1912.9031640998978,0.9999999999831366
2024-08-20,2024-08-20,31.0,59800.0,0.0,59800.0,1,0.7818314824680298,0.6234898018587336,8,-0.8660254037844384,-0.5000000000000004,0,0,0,0,59300.0,31.0,25450.0,14.0,37650.0,17.0,29000.0,16.0,40164.28571428572,15630.864613687525,34350.0,37403.57142857143,11629.446449649979,34350.0,34891.07142857143,10744.09444654084,34350.0,45410.492790481134,15.603202703589488,14373.904006815275,0,8,0,0,1929.032195837671,0.9999999999832776
2024-08-21,2024-08-21,29.0,59400.0,0.0,59400.0,2,0.9749279121818236,-0.22252093395631434,8,-0.8660254037844384,-0.5000000000000004,0,0,0,0,59800.0,31.0,28500.0,14.0,37750.0,18.0,31650.0,16.0,44578.57142857143,16142.59007364416,30900.0,38950.0,13033.72843522063,30900.0,35882.142857142855,11673.713857984289,30900.0,45550.593949657516,12602.963152171536,1246.4428981709498,0,16,0,0,2048.2757914387657,0.999999999983165
2024-08-22,2024-08-22,18.0,31300.0,0.0,31300.0,3,0.43388373911755823,-0.900968867902419,8,-0.8660254037844384,-0.5000000000000004,0,0,0,0,59400.0,29.0,42700.0,23.0,33600.0,17.0,29800.0,14.0,42950.0,16920.032505878957,-11400.0,38785.71428571428,13120.5568094122,-11400.0,35935.71428571428,11648.182636366839,-11400.0,45612.120101268476,166.1476217822845,-14478.267723050762,0,24,0,0,1738.8887922839558,0.9999999999680511
2024-08-23,2024-08-23,38.0,62750.0,0.0,62750.0,4,-0.433883739117558,-0.9009688679024191,8,-0.8660254037844384,-0.5000000000000004,0,1,0,0,31300.0,18.0,28450.0,15.0,40950.0,24.0,36900.0,18.0,47850.0,16987.470873166134,34300.0,40342.857142857145,14606.622011724974,34300.0,36858.92857142857,12704.002384575528,34300.0,45555.113876444906,3666.5269018145327,13528.35922174056,0,32,0,0,1651.3157460180068,0.9999999999840637
2024-08-24,2024-08-24,17.0,37000.0,0.0,37000.0,5,-0.9749279121818236,-0.2225209339563146,8,-0.8660254037844384,-0.5000000000000004,1,0,0,0,62750.0,38.0,42900.0,22.0,36000.0,23.0,39900.0,22.0,47007.142857142855,17414.994223643163,-5900.0,40414.28571428572,14586.181930056448,-5900.0,36755.357142857145,12690.105063961868,-5900.0,45754.4887063524,-3402.592187684151,-5351.896518668247,0,40,0,0,2176.47046020762,0.999999999972973
2024-08-25,2024-08-25,17.0,36050.0,0.0,36050.0,6,-0.7818314824680299,0.6234898018587334,8,-0.8660254037844384,-0.5000000000000004,1,0,0,0,37000.0,17.0,19500.0,9.0,29450.0,17.0,18700.0,9.0,49371.42857142857,13808.085105680493,16550.0,40885.71428571428,14308.569629252492,16550.0,37375.0,12189.54849830754,16550.0,45716.36857988935,-10612.391832139638,946.0232522502847,0,48,0,0,2120.5881105536405,0.9999999999722607
2024-08-26,2024-08-26,27.0,43100.0,0.0,43100.0,0,0.0,1.0,8,-0.8660254037844384,-0.5000000000000004,0,0,1,0,36050.0,17.0,59300.0,31.0,39300.0,21.0,29350.0,15.0,47057.142857142855,13211.372265698144,-16200.0,41157.142857142855,14312.217174133517,-16200.0,37866.07142857143,12131.105210339972,-16200.0,45484.94060674797,-2256.6505991002246,-128.29000764774537,0,0,0,0,1596.2962371742133,0.9999999999767981
2024-08-27,2024-08-27,23.0,45500.0,0.0,45500.0,1,0.7818314824680298,0.6234898018587336,8,-0.8660254037844384,-0.5000000000000004,0,0,0,0,43100.0,27.0,59800.0,31.0,25450.0,14.0,42700.0,20.0,45014.28571428572,11958.77342810552,-14300.0,42589.28571428572,13605.275822995365,-14300.0,37966.07142857143,12183.854325168624,-14300.0,45188.644267250944,-495.7338328611888,807.0895656102439,0,8,0,0,1978.2607835538788,0.999999999978022
2024-08-28,2024-08-28,26.0,61800.0,0.0,61800.0,2,0.9749279121818236,-0.22252093395631434,8,-0.8660254037844384,-0.5000000000000004,0,0,0,0,45500.0,23.0,59400.0,29.0,28500.0,14.0,20200.0,13.0,45357.142857142855,12463.694896626412,2400.0,44967.857142857145,13861.077313315747,2400.0,39451.78571428572,12470.212524124208,2400.0,44751.949335427744,12165.03539550317,4883.015269069088,0,16,0,0,2376.922985502962,0.9999999999838187
2024-08-29,2024-08-29,30.0,54300.0,0.0,54300.0,3,0.43388373911755823,-0.900968867902419,8,-0.8660254037844384,-0.5000000000000004,0,0,0,0,61800.0,26.0,31300.0,18.0,42700.0,23.0,42700.0,22.0,48642.857142857145,11097.012682528195,23000.0,45796.42857142857,14060.357040626397,23000.0,39866.07142857143,12771.177427457375,23000.0,44164.04056837465,1250.101531443886,8885.857900181465,0,24,0,0,1809.9999396666685,0.9999999999815838
2024-08-30,2024-08-30,27.0,46050.0,0.0,46050.0,4,-0.433883739117558,-0.9009688679024191,8,-0.8660254037844384,-0.5000000000000004,0,1,0,0,54300.0,30.0,62750.0,38.0,28450.0,15.0,45400.0,24.0,46257.142857142855,9189.959583309279,-16700.0,47053.57142857143,13147.264475426644,-16700.0,39889.28571428572,12782.195061178243,-16700.0,43443.36078587945,3274.123969504539,-667.4847553839863,0,32,0,0,1705.5554923868335,0.9999999999782845
2024-08-31,2024-08-31,22.0,39150.0,0.0,39150.0,5,-0.9749279121818236,-0.2225209339563146,8,-0.8660254037844384,-0.5000000000000004,1,0,0,0,46050.0,27.0,37000.0,17.0,42900.0,22.0,24600.0,14.0,46564.28571428572,8858.974464994777,2150.0,46785.71428571428,13275.967711670624,2150.0,40408.92857142857,12428.46980816567,2150.0,42655.158983690504,-2249.70878229507,-1255.4502013954334,0,40,0,0,1779.5453736570284,0.9999999999744572
2024-09-01,2024-09-01,16.0,30600.0,0.0,30600.0,6,-0.7818314824680299,0.6234898018587334,9,-1.0,-1.8369701987210297e-16,1,0,0,0,39150.0,22.0,36050.0,17.0,19500.0,9.0,16350.0,9.0,45785.71428571428,10090.866922028856,-5450.0,47578.57142857143,11766.750977709644,-5450.0,40917.857142857145,11675.767991916291,-5450.0,41976.14663702828,-11152.560557369348,-223.58607965893316,0,54,0,0,1912.4998804687573,0.9999999999673203
2024-09-02,2024-09-02,15.0,23050.0,0.0,23050.0,0,0.0,1.0,9,-1.0,-1.8369701987210297e-16,0,0,1,0,30600.0,16.0,43100.0,27.0,59300.0,31.0,37400.0,20.0,42921.42857142857,13311.801065935751,-20050.0,44989.28571428572,12920.85640427067,-20050.0,40405.357142857145,12141.552003467634,-20050.0,41390.50993089583,-2559.9185290843575,-15780.591401811474,0,0,0,0,1536.6665642222292,0.999999999956616
2024-09-03,2024-09-03,21.0,38950.0,0.0,38950.0,1,0.7818314824680298,0.6234898018587336,9,-1.0,-1.8369701987210297e-16,0,0,0,0,23050.0,15.0,45500.0,23.0,59800.0,31.0,37650.0,17.0,41985.71428571428,13330.532443908447,-6550.0,43500.0,12267.514951159634,-6550.0,40451.78571428572,12133.108072869678,-6550.0,40885.97899888177,-236.80526737409002,-1699.1737315076825,0,9,0,0,1854.7618164399134,0.9999999999743261
2024-09-04,2024-09-04,17.0,30200.0,0.0,30200.0,2,0.9749279121818236,-0.22252093395631434,9,-1.0,-1.8369701987210297e-16,0,0,0,0,38950.0,21.0,61800.0,26.0,59400.0,29.0,37750.0,18.0,37471.42857142857,10566.174691866854,-31600.0,41414.28571428572,11830.768694894254,-31600.0,40182.142857142855,12278.400293059867,-31600.0,40515.63750944585,7540.554625452254,-17856.192134898105,0,18,0,0,1776.4704837370302,0.9999999999668874
2024-09-05,2024-09-05,21.0,41100.0,0.0,41100.0,3,0.43388373911755823,-0.900968867902419,9,-1.0,-1.8369701987210297e-16,0,0,0,0,30200.0,17.0,54300.0,30.0,31300.0,18.0,33600.0,17.0,35585.71428571428,7905.046609904441,-13200.0,42114.28571428572,11470.739171599149,-13200.0,40450.0,12211.1136386611,-13200.0,40243.43847999704,2450.8423076796234,-1594.2807876766674,0,27,0,0,1957.1427639455826,0.9999999999756691
2024-09-06,2024-09-06,26.0,48300.0,0.0,48300.0,4,-0.433883739117558,-0.9009688679024191,9,-1.0,-1.8369701987210297e-16,0,1,0,0,41100.0,21.0,46050.0,27.0,62750.0,38.0,40950.0,24.0,35907.142857142855,8429.77997792293,2250.0,41082.142857142855,10030.82953742078,2250.0,40712.5,12300.930595630452,2250.0,40030.537584655176,6398.379328386109,1871.0830869587153,0,36,0,0,1857.6922362426062,0.999999999979296
2024-09-07,2024-09-07,23.0,42050.0,0.0,42050.0,5,-0.9749279121818236,-0.2225209339563146,9,-1.0,-1.8369701987210297e-16,1,0,0,0,48300.0,26.0,39150.0,22.0,37000.0,17.0,36000.0,23.0,36321.42857142857,8683.166527965523,2900.0,41442.857142857145,9963.31457711937,2900.0,40928.57142857143,12268.179470207726,2900.0,39891.699957968325,-469.3863430614558,2627.686385093133,0,45,0,0,1828.2607900756177,0.9999999999762188
2024-09-08,2024-09-08,15.0,25500.0,0.0,25500.0,6,-0.7818314824680299,0.6234898018587334,9,-1.0,-1.8369701987210297e-16,1,0,0,0,42050.0,23.0,30600.0,16.0,36050.0,17.0,29450.0,17.0,35592.857142857145,9425.472073563404,-5100.0,40689.28571428572,10768.975713227783,-5100.0,40787.5,12426.745536528397,-5100.0,39793.4819375609,-11181.401805733927,-3112.0801318269732,0,54,0,0,1699.9998866666742,0.9999999999607843
2024-09-09,2024-09-09,20.0,37050.0,0.0,37050.0,0,0.0,1.0,9,-1.0,-1.8369701987210297e-16,0,0,1,0,25500.0,15.0,23050.0,15.0,43100.0,27.0,39300.0,21.0,37592.857142857145,7635.84903440282,14000.0,40257.142857142855,10786.17093859009,14000.0,40707.142857142855,12443.98348069153,14000.0,39694.61401587572,-2397.252254685816,-247.3617611899026,0,0,0,0,1852.4999073750046,0.9999999999730095
2024-09-10,2024-09-10,24.0,46250.0,0.0,46250.0,1,0.7818314824680298,0.6234898018587336,9,-1.0,-1.8369701987210297e-16,0,0,0,0,37050.0,20.0,38950.0,21.0,45500.0,23.0,25450.0,14.0,38635.71428571428,8319.941620674312,7300.0,40310.71428571428,10816.034723634122,7300.0,41450.0,12115.9750681425,7300.0,39598.73744609357,-715.5089181767122,7366.771472083143,0,9,0,0,1927.0832530381977,0.9999999999783784
2024-09-11,2024-09-11,20.0,40900.0,0.0,40900.0,2,0.9749279121818236,-0.22252093395631434,9,-1.0,-1.8369701987210297e-16,0,0,0,0,46250.0,24.0,30200.0,17.0,61800.0,26.0,28500.0,14.0,40164.28571428572,7449.14504522245,10700.0,38817.857142857145,8893.31224838387,10700.0,41892.857142857145,11848.77485685606,10700.0,39451.0931415765,2884.5886144269516,-1435.6817560034542,0,18,0,0,2044.999897750005,0.9999999999755501
2024-09-12,2024-09-12,21.0,41750.0,0.0,41750.0,3,0.43388373911755823,-0.900968867902419,9,-1.0,-1.8369701987210297e-16,0,0,0,0,40900.0,20.0,41100.0,21.0,54300.0,30.0,42700.0,23.0,40257.142857142855,7466.783587519959,650.0,37921.42857142857,7774.878536912204,650.0,41858.92857142857,11847.738130526119,650.0,39218.27856101682,3150.699091508088,-618.9776525249108,0,27,0,0,1988.0951434240408,0.9999999999760479
2024-09-13,2024-09-13,25.0,47150.0,0.0,47150.0,4,-0.433883739117558,-0.9009688679024191,9,-1.0,-1.8369701987210297e-16,0,1,0,0,41750.0,21.0,48300.0,26.0,46050.0,27.0,28450.0,15.0,40092.857142857145,7270.398233672675,-1150.0,38000.0,7868.33967433861,-1150.0,42526.78571428572,11588.096399952923,-1150.0,38955.435587612636,8460.598528596314,-266.0341162089462,0,36,0,0,1885.999924560003,0.9999999999787911
2024-09-14,2024-09-14,25.0,40450.0,0.0,40450.0,5,-0.9749279121818236,-0.2225209339563146,9,-1.0,-1.8369701987210297e-16,1,0,0,0,47150.0,25.0,42050.0,23.0,39150.0,22.0,42900.0,22.0,39864.28571428572,7223.6137243138555,-1600.0,38092.857142857145,7890.594623758422,-1600.0,42439.28571428572,11594.4220077208,-1600.0,38661.57319693779,295.4419396240219,1492.9848634381924,0,45,0,0,1617.9999352800025,0.9999999999752781
2024-09-15,2024-09-15,13.0,31600.0,0.0,31600.0,6,-0.7818314824680299,0.6234898018587334,9,-1.0,-1.8369701987210297e-16,1,0,0,0,40450.0,25.0,25500.0,15.0,30600.0,16.0,19500.0,9.0,40735.71428571428,5318.733737594777,6100.0,38164.28571428572,7821.775043758715,6100.0,42871.42857142857,10913.25585877799,6100.0,38348.75151411179,-11781.189472149144,5032.43795803735,0,54,0,0,2430.769043786997,0.9999999999683544
2024-09-16,2024-09-16,20.0,34550.0,0.0,34550.0,0,0.0,1.0,9,-1.0,-1.8369701987210297e-16,0,0,1,0,31600.0,13.0,37050.0,20.0,23050.0,15.0,59300.0,31.0,40378.57142857143,5679.191340826137,-2500.0,38985.71428571428,6624.645957780378,-2500.0,41987.5,10528.88113538004,-2500.0,38361.30853011182,-673.8414538569135,-3137.4670762549067,0,0,0,0,1727.4999136250042,0.9999999999710564
2024-09-17,2024-09-17,20.0,36850.0,0.0,36850.0,1,0.7818314824680298,0.6234898018587336,9,-1.0,-1.8369701987210297e-16,0,0,0,0,34550.0,20.0,46250.0,24.0,38950.0,21.0,59800.0,31.0,39035.71428571428,5145.768025419404,-9400.0,38835.71428571428,6649.2460119531115,-9400.0,41167.857142857145,9969.297444373413,-9400.0,38683.38961820965,-816.1004944556341,-1017.289123754017,0,9,0,0,1842.4999078750045,0.9999999999728629
2024-09-18,2024-09-18,17.0,34900.0,0.0,34900.0,2,0.9749279121818236,-0.22252093395631434,9,-1.0,-1.8369701987210297e-16,0,0,0,0,36850.0,20.0,40900.0,20.0,30200.0,17.0,59400.0,29.0,38178.57142857143,5281.402681647587,-6000.0,39171.42857142857,6288.564538592715,-6000.0,40292.857142857145,9366.772580319614,-6000.0,39039.98590125772,-1053.6866453082644,-3086.2992559494596,0,18,0,0,2052.9410557093497,0.9999999999713467
2024-09-19,2024-09-19,14.0,24550.0,0.0,24550.0,3,0.43388373911755823,-0.900968867902419,9,-1.0,-1.8369701987210297e-16,0,0,0,0,34900.0,17.0,41750.0,21.0,41100.0,21.0,31300.0,18.0,35721.42857142857,7048.395629672094,-17200.0,37989.28571428572,7362.069592262795,-17200.0,40051.78571428572,9688.14168381703,-17200.0,39265.20495295157,5538.264917371882,-20253.469870323454,0,27,0,0,1753.5713033163356,0.9999999999592668
2024-09-20,2024-09-20,16.0,32700.0,0.0,32700.0,4,-0.433883739117558,-0.9009688679024191,9,-1.0,-1.8369701987210297e-16,0,1,0,0,24550.0,14.0,47150.0,25.0,48300.0,26.0,62750.0,38.0,33657.142857142855,4945.825560630897,-14450.0,36875.0,6843.771733369201,-14450.0,38978.57142857143,8693.999937924646,-14450.0,39440.91729414673,9511.508600200028,-16252.425894346761,0,36,0,0,2043.7498722656328,0.9999999999694189
2024-09-21,2024-09-21,18.0,40650.0,0.0,40650.0,5,-0.9749279121818236,-0.2225209339563146,9,-1.0,-1.8369701987210297e-16,1,0,0,0,32700.0,16.0,40450.0,25.0,42050.0,23.0,37000.0,17.0,33685.71428571428,4991.969741971736,200.0,36775.0,6772.192861536645,200.0,39108.92857142857,8690.597873685978,200.0,39714.621754512365,-1532.9982503371432,2468.3764958247775,0,45,0,0,2258.333207870377,0.9999999999753998
2024-09-22,2024-09-22,15.0,28150.0,0.0,28150.0,6,-0.7818314824680299,0.6234898018587334,9,-1.0,-1.8369701987210297e-16,1,0,0,0,40650.0,18.0,31600.0,13.0,25500.0,15.0,36050.0,17.0,33192.857142857145,5386.89989476228,-3450.0,36964.28571428572,6462.775914997693,-3450.0,38826.78571428572,8918.826136666388,-3450.0,40129.32935040306,-12171.743814204487,192.41446380142588,0,54,0,0,1876.666541555564,0.999999999964476
2024-09-23,2024-09-23,26.0,48150.0,0.0,48150.0,0,0.0,1.0,9,-1.0,-1.8369701987210297e-16,0,0,1,0,28150.0,15.0,34550.0,20.0,37050.0,20.0,43100.0,27.0,35135.71428571428,7848.179952793402,13600.0,37757.142857142855,7121.415620476185,13600.0,39007.142857142855,9058.408353831303,13600.0,40469.70078232381,1195.2322181581108,6485.06699951808,0,0,0,0,1851.923005695269,0.9999999999792316
2024-09-24,2024-09-24,21.0,38250.0,0.0,38250.0,1,0.7818314824680298,0.6234898018587336,9,-1.0,-1.8369701987210297e-16,0,0,0,0,48150.0,26.0,36850.0,20.0,46250.0,24.0,45500.0,23.0,35335.71428571428,7916.6867167665705,1400.0,37185.71428571428,6695.762970583973,1400.0,38748.21428571428,8969.11864598262,1400.0,40298.13506199611,-642.7171972342649,-1405.4178647618464,0,9,0,0,1821.4284846938815,0.9999999999738562
2024-09-25,2024-09-25,18.0,38800.0,0.0,38800.0,2,0.9749279121818236,-0.22252093395631434,9,-1.0,-1.8369701987210297e-16,0,0,0,0,38250.0,21.0,34900.0,17.0,40900.0,20.0,61800.0,26.0,35892.857142857145,8017.503173860109,3900.0,37035.71428571428,6629.347008434805,3900.0,37926.78571428572,7750.131207286598,3900.0,39579.56948088179,-2133.4775961900323,1353.908115308237,0,18,0,0,2155.5554358024756,0.9999999999742268
2024-09-26,2024-09-26,29.0,46700.0,0.0,46700.0,3,0.43388373911755823,-0.900968867902419,9,-1.0,-1.8369701987210297e-16,0,0,0,0,38800.0,18.0,24550.0,14.0,41750.0,21.0,54300.0,30.0,39057.142857142855,7114.857024297167,22150.0,37389.28571428572,7020.579051601226,22150.0,37655.357142857145,7273.917627077004,22150.0,38785.13233852556,6358.352070511355,1556.5155909630848,0,27,0,0,1610.3447720570769,0.9999999999785867
2024-09-27,2024-09-27,26.0,49100.0,0.0,49100.0,4,-0.433883739117558,-0.9009688679024191,9,-1.0,-1.8369701987210297e-16,0,1,0,0,46700.0,29.0,32700.0,16.0,47150.0,25.0,46050.0,27.0,41400.0,7368.287906065242,16400.0,37528.57142857143,7244.884515874177,16400.0,37764.28571428572,7425.542219170002,16400.0,38024.976647859345,10839.346363959106,235.67698818154895,0,36,0,0,1888.4614658284052,0.9999999999796334
2024-09-28,2024-09-28,17.0,30350.0,0.0,30350.0,5,-0.9749279121818236,-0.2225209339563146,9,-1.0,-1.8369701987210297e-16,1,0,0,0,49100.0,26.0,40650.0,18.0,40450.0,25.0,39150.0,22.0,39928.57142857143,8486.600082034109,-10300.0,36807.142857142855,7432.047474978305,-10300.0,37450.0,7549.908020043028,-10300.0,37303.26202367836,-4641.281569998469,-2311.980453679891,0,45,0,0,1785.2940126297638,0.999999999967051
2024-09-29,2024-09-29,12.0,20550.0,0.0,20550.0,6,-0.7818314824680299,0.6234898018587334,9,-1.0,-1.8369701987210297e-16,1,0,0,0,30350.0,17.0,28150.0,15.0,31600.0,13.0,30600.0,16.0,38842.857142857145,10493.467355591161,-7600.0,36017.857142857145,8532.82366337963,-7600.0,37091.07142857143,8106.034030178485,-7600.0,36623.33045969054,-13021.060646145637,-3052.2698135449027,0,54,0,0,1712.4998572916786,0.9999999999513381
2024-09-30,2024-09-30,23.0,40450.0,0.0,40450.0,0,0.0,1.0,9,-1.0,-1.8369701987210297e-16,0,0,1,0,20550.0,12.0,48150.0,26.0,34550.0,20.0,23050.0,15.0,37742.857142857145,9731.11112923513,-7700.0,36439.28571428572,8600.182882032062,-7700.0,37712.5,7643.511227759647,-7700.0,36055.19405698268,2644.6684056181784,1750.1375373991468,0,0,0,0,1758.6955757088879,0.9999999999752781
2024-10-01,2024-10-01,19.0,35550.0,0.0,35550.0,1,0.7818314824680298,0.6234898018587336,10,-0.8660254037844386,0.5000000000000001,0,0,0,0,40450.0,23.0,38250.0,21.0,36850.0,20.0,38950.0,21.0,37357.142857142855,9761.123081363321,-2700.0,36346.42857142857,8602.425066977843,-2700.0,37591.07142857143,7650.127735213202,-2700.0,35673.21233798645,516.8470821352726,-640.0594201217245,0,10,0,0,1871.052533102498,0.9999999999718706
2024-10-02,2024-10-02,22.0,53300.0,0.0,53300.0,2,0.9749279121818236,-0.22252093395631434,10,-0.8660254037844386,0.5000000000000001,0,0,0,0,35550.0,19.0,38800.0,18.0,34900.0,17.0,30200.0,17.0,39428.57142857143,11501.697597270064,14500.0,37660.71428571428,9700.003540273601,14500.0,38416.07142857143,8058.226226697396,14500.0,35440.95028053847,-2386.067977708801,20245.11769717033,0,20,0,0,2422.7271626033107,0.9999999999812382
2024-10-03,2024-10-03,25.0,48550.0,0.0,48550.0,3,0.43388373911755823,-0.900968867902419,10,-0.8660254037844386,0.5000000000000001,0,0,0,0,53300.0,22.0,46700.0,29.0,24550.0,14.0,41100.0,21.0,39692.857142857145,11715.887666306986,1850.0,39375.0,9317.946909882368,1850.0,38682.142857142855,8270.33088914052,1850.0,35403.994009284834,5614.202253064275,7531.803737650895,0,30,0,0,1941.999922320003,0.9999999999794027
2024-10-04,2024-10-04,26.0,44650.0,0.0,44650.0,4,-0.433883739117558,-0.9009688679024191,10,-0.8660254037844386,0.5000000000000001,0,1,0,0,48550.0,25.0,49100.0,26.0,32700.0,16.0,48300.0,26.0,39057.142857142855,11231.074027426053,-4450.0,40228.57142857143,9206.116576362923,-4450.0,38551.78571428572,8140.871758565959,-4450.0,35462.68875873546,13396.453887669582,-4209.142646405038,0,40,0,0,1717.3076262573989,0.9999999999776036
2024-10-05,2024-10-05,14.0,28000.0,0.0,28000.0,5,-0.9749279121818236,-0.2225209339563146,10,-0.8660254037844386,0.5000000000000001,1,0,0,0,44650.0,26.0,30350.0,17.0,40650.0,18.0,42050.0,23.0,38721.42857142857,11564.884245812746,-2350.0,39325.0,9765.377419938664,-2350.0,38050.0,8347.643269099788,-2350.0,35501.77949609629,-5849.957940940324,-1651.8215551559697,0,50,0,0,1999.9998571428675,0.9999999999642857
2024-10-06,2024-10-06,14.0,23550.0,0.0,23550.0,6,-0.7818314824680299,0.6234898018587334,10,-0.8660254037844386,0.5000000000000001,1,0,0,0,28000.0,14.0,20550.0,12.0,28150.0,15.0,25500.0,15.0,39150.0,10810.218930869698,3000.0,38996.42857142857,10236.331680037436,3000.0,37980.357142857145,8463.553006707842,3000.0,35566.72716599567,-15067.188836373802,3050.4616703781358,0,60,0,0,1682.1427369898047,0.9999999999575372
2024-10-07,2024-10-07,19.0,36100.0,0.0,36100.0,0,0.0,1.0,10,-0.8660254037844386,0.5000000000000001,0,0,1,0,23550.0,14.0,40450.0,23.0,48150.0,26.0,37050.0,20.0,38528.57142857143,10847.997401320108,-4350.0,38135.71428571428,9908.823351931447,-4350.0,37946.42857142857,8469.322949145939,-4350.0,36024.37926372526,3051.7079717437164,-2976.087235468978,0,0,0,0,1899.9999000000053,0.9999999999722992
2024-10-08,2024-10-08,16.0,40300.0,0.0,40300.0,1,0.7818314824680298,0.6234898018587336,10,-0.8660254037844386,0.5000000000000001,0,0,0,0,36100.0,19.0,35550.0,19.0,38250.0,21.0,46250.0,24.0,39207.142857142855,10778.969824440124,4750.0,38282.142857142855,9925.774667362468,4750.0,37733.92857142857,8326.70907350004,4750.0,36355.68699006532,1963.9976594560067,1980.315350478675,0,10,0,0,2518.7498425781346,0.9999999999751861
2024-10-09,2024-10-09,17.0,33100.0,0.0,33100.0,2,0.9749279121818236,-0.22252093395631434,10,-0.8660254037844386,0.5000000000000001,0,0,0,0,40300.0,16.0,53300.0,22.0,38800.0,18.0,40900.0,20.0,36321.42857142857,8921.082573640608,-20200.0,37875.0,10019.361065150208,-20200.0,37455.357142857145,8347.314264077959,-20200.0,37395.25294860721,-1680.2132673293304,-2615.039681277878,0,20,0,0,1947.0587089965463,0.9999999999697885
2024-10-10,2024-10-10,18.0,38950.0,0.0,38950.0,3,0.43388373911755823,-0.900968867902419,10,-0.8660254037844386,0.5000000000000001,0,0,0,0,33100.0,17.0,48550.0,25.0,46700.0,29.0,41750.0,21.0,34950.0,7322.567855609099,-9600.0,37321.42857142857,9703.383911845447,-9600.0,37355.357142857145,8310.650677446298,-9600.0,38014.60348034605,2335.482290031133,-1400.0857703771835,0,30,0,0,2163.8887686728463,0.9999999999743261
2024-10-11,2024-10-11,30.0,59200.0,0.0,59200.0,4,-0.433883739117558,-0.9009688679024191,10,-0.8660254037844386,0.5000000000000001,0,1,0,0,38950.0,18.0,44650.0,26.0,49100.0,26.0,47150.0,25.0,37028.57142857143,11441.512762118226,14550.0,38042.857142857145,10942.76819749818,14550.0,37785.71428571428,9110.17803971705,14550.0,38506.25819192403,15976.103085799949,4717.638722276017,0,40,0,0,1973.3332675555578,0.9999999999831081
2024-10-12,2024-10-12,25.0,54700.0,0.0,54700.0,5,-0.9749279121818236,-0.2225209339563146,10,-0.8660254037844386,0.5000000000000001,1,0,0,0,59200.0,30.0,28000.0,14.0,30350.0,17.0,40450.0,25.0,40842.857142857145,12344.85144272128,26700.0,39782.142857142855,11544.572603323535,26700.0,38294.642857142855,9646.754772746195,26700.0,39010.344698880166,-5312.540365934012,21002.195667053842,1,50,0,0,2187.9999124800033,0.9999999999817185
2024-10-13,2024-10-13,20.0,41400.0,0.0,41400.0,6,-0.7818314824680299,0.6234898018587334,10,-0.8660254037844386,0.5000000000000001,1,0,0,0,54700.0,25.0,23550.0,14.0,20550.0,12.0,31600.0,13.0,43392.857142857145,9747.83858826448,17850.0,41271.42857142857,10131.039780445482,17850.0,38644.642857142855,9572.359313705614,17850.0,39555.097554851534,-17082.988949137554,18927.891394286016,0,60,0,0,2069.999896500005,0.9999999999758454
2024-10-14,2024-10-14,25.0,43700.0,0.0,43700.0,0,0.0,1.0,10,-0.8660254037844386,0.5000000000000001,0,0,1,0,41400.0,20.0,36100.0,19.0,40450.0,23.0,34550.0,20.0,44478.57142857143,9208.504092362053,7600.0,41503.57142857143,10147.990787982064,7600.0,38971.42857142857,9583.574186069252,7600.0,40067.168466281175,2229.2629419396353,1403.5685917791925,0,0,0,0,1747.9999300800027,0.9999999999771167
2024-10-15,2024-10-15,21.0,42550.0,0.0,42550.0,1,0.7818314824680298,0.6234898018587336,10,-0.8660254037844386,0.5000000000000001,0,0,0,0,43700.0,25.0,40300.0,16.0,35550.0,19.0,36850.0,20.0,44800.0,9076.664218386315,2250.0,42003.57142857143,10003.508313158458,2250.0,39175.0,9597.371360796444,2250.0,40531.719966349665,3020.852115071323,-1002.5720814209853,0,10,0,0,2026.1903797052198,0.9999999999764982
2024-10-16,2024-10-16,24.0,39650.0,0.0,39650.0,2,0.9749279121818236,-0.22252093395631434,10,-0.8660254037844386,0.5000000000000001,0,0,0,0,42550.0,21.0,33100.0,17.0,53300.0,22.0,34900.0,17.0,45735.71428571428,7935.348883619621,6550.0,41028.57142857143,9468.707861763947,6550.0,39344.642857142855,9560.919095034622,6550.0,40765.28565548764,-408.12030888516665,-707.1653466024727,0,20,0,0,1652.0832644965305,0.9999999999747793
2024-10-17,2024-10-17,18.0,31250.0,0.0,31250.0,3,0.43388373911755823,-0.900968867902419,10,-0.8660254037844386,0.5000000000000001,0,0,0,0,39650.0,24.0,38950.0,18.0,48550.0,25.0,24550.0,14.0,44635.71428571428,9426.368790336483,-7700.0,39792.857142857145,9540.215630986339,-7700.0,39583.92857142857,9255.909559437445,-7700.0,40812.64297682192,381.06182299726964,-9943.704799819185,0,30,0,0,1736.111014660499,0.999999999968
2024-10-18,2024-10-18,30.0,59750.0,0.0,59750.0,4,-0.433883739117558,-0.9009688679024191,10,-0.8660254037844386,0.5000000000000001,0,1,0,0,31250.0,18.0,59200.0,30.0,44650.0,26.0,32700.0,16.0,44714.28571428572,9569.209053247976,550.0,40871.42857142857,10889.704281598335,550.0,40550.0,9900.037411077765,550.0,40957.07467238595,17839.782711211636,953.142616402416,0,40,0,0,1991.66660027778,0.9999999999832636
2024-10-19,2024-10-19,20.0,36800.0,0.0,36800.0,5,-0.9749279121818236,-0.2225209339563146,10,-0.8660254037844386,0.5000000000000001,1,0,0,0,59750.0,30.0,54700.0,25.0,28000.0,14.0,40650.0,18.0,42157.142857142855,8818.230575131907,-17900.0,41500.0,10329.141002336817,-17900.0,40412.5,9925.300863058048,-17900.0,41181.28877155528,-4024.034800367974,-357.25397118730325,0,50,0,0,1839.9999080000046,0.9999999999728261
2024-10-20,2024-10-20,15.0,20450.0,0.0,20450.0,6,-0.7818314824680299,0.6234898018587334,10,-0.8660254037844386,0.5000000000000001,1,0,0,0,36800.0,20.0,41400.0,20.0,23550.0,14.0,28150.0,15.0,39164.28571428572,12072.652093530605,-20950.0,41278.57142857143,10767.467281044017,-20950.0,40137.5,10374.163286207111,-20950.0,41523.76648364216,-20754.374090621357,-319.39239302080387,0,60,0,0,1363.3332424444507,0.9999999999511002
2024-10-21,2024-10-21,21.0,42700.0,0.0,42700.0,0,0.0,1.0,10,-0.8660254037844386,0.5000000000000001,0,0,1,0,20450.0,15.0,43700.0,25.0,36100.0,19.0,48150.0,26.0,39021.42857142857,12015.817947704652,-1000.0,41750.0,10667.311679216102,-1000.0,39942.857142857145,10268.855415010486,-1000.0,42014.03165800801,1721.0342566964412,-1035.0659147044498,0,0,0,0,2033.333236507941,0.9999999999765807
2024-10-22,2024-10-22,21.0,45950.0,0.0,45950.0,1,0.7818314824680298,0.6234898018587336,10,-0.8660254037844386,0.5000000000000001,0,0,0,0,42700.0,21.0,42550.0,21.0,40300.0,16.0,38250.0,21.0,39507.142857142855,12248.687976385778,3400.0,42153.57142857143,10715.005012485259,3400.0,40217.857142857145,10324.792297128046,3400.0,42658.57610965179,3864.889516976144,-573.4656266279344,0,10,0,0,2188.0951339002318,0.9999999999782372
2024-10-23,2024-10-23,22.0,46600.0,0.0,46600.0,2,0.9749279121818236,-0.22252093395631434,10,-0.8660254037844386,0.5000000000000001,0,0,0,0,45950.0,21.0,39650.0,24.0,33100.0,17.0,38800.0,18.0,40500.0,12540.40137581996,6950.0,43117.857142857145,10441.53332283482,6950.0,40496.42857142857,10390.138919787618,6950.0,43543.98493072865,3142.2894009088773,-86.27433163752721,0,20,0,0,2118.181721900831,0.9999999999785407
2024-10-24,2024-10-24,24.0,39400.0,0.0,39400.0,3,0.43388373911755823,-0.900968867902419,10,-0.8660254037844386,0.5000000000000001,0,0,0,0,46600.0,22.0,31250.0,18.0,38950.0,18.0,46700.0,29.0,41664.28571428572,11900.480182388828,8150.0,43150.0,10428.400570631158,8150.0,40235.71428571428,10320.061882017757,8150.0,44549.91841811475,-244.7412840304501,-4905.177134084297,0,30,0,0,1641.6665982638917,0.9999999999746193
2024-10-25,2024-10-25,31.0,61700.0,0.0,61700.0,4,-0.433883739117558,-0.9009688679024191,10,-0.8660254037844386,0.5000000000000001,0,1,0,0,39400.0,24.0,59750.0,30.0,59200.0,30.0,49100.0,26.0,41942.857142857145,12406.464328843162,1950.0,43328.57142857143,10741.09137639401,1950.0,40685.71428571428,10974.835332796989,1950.0,45645.62234974152,14426.973071200207,1627.404579058275,0,40,0,0,1990.322516441209,0.9999999999837925
2024-10-26,2024-10-26,22.0,43850.0,0.0,43850.0,5,-0.9749279121818236,-0.2225209339563146,10,-0.8660254037844386,0.5000000000000001,1,0,0,0,61700.0,31.0,36800.0,20.0,54700.0,25.0,30350.0,17.0,42950.0,12203.892821554966,7050.0,42553.57142857143,10237.101908963654,7050.0,41167.857142857145,10799.084445809442,7050.0,46895.61711803595,-2523.505969584481,-522.1111484514695,0,50,0,0,1993.1817275826486,0.999999999977195
2024-10-27,2024-10-27,23.0,40600.0,0.0,40600.0,6,-0.7818314824680299,0.6234898018587334,10,-0.8660254037844386,0.5000000000000001,1,0,0,0,43850.0,22.0,20450.0,15.0,41400.0,20.0,20550.0,12.0,45828.57142857143,7470.8242039091965,20150.0,42496.42857142857,10246.265065974021,20150.0,41883.92857142857,10017.790226978428,20150.0,48280.59816901276,-19615.929045671393,11935.330876658634,0,60,0,0,1765.2173145557688,0.9999999999753695
2024-10-28,2024-10-28,31.0,50650.0,0.0,50650.0,0,0.0,1.0,10,-0.8660254037844386,0.5000000000000001,0,0,1,0,40600.0,23.0,42700.0,21.0,43700.0,25.0,40450.0,23.0,46964.28571428572,7520.0683887468695,7950.0,42992.857142857145,10474.875750004092,7950.0,42248.21428571428,10148.321172442567,7950.0,49765.16034861849,-1535.8178829243784,2420.6575343058867,0,0,0,0,1633.870915036422,0.9999999999802567
2024-10-29,2024-10-29,30.0,53050.0,0.0,53050.0,1,0.7818314824680298,0.6234898018587336,10,-0.8660254037844386,0.5000000000000001,0,0,0,0,50650.0,31.0,45950.0,21.0,42550.0,21.0,35550.0,19.0,47978.57142857143,7832.776069337259,7100.0,43742.857142857145,10811.227375401888,7100.0,42873.21428571428,10258.803646072754,7100.0,51289.52984042559,6011.535408784041,-4251.065249209627,0,10,0,0,1768.3332743888907,0.9999999999811499
2024-10-30,2024-10-30,21.0,35400.0,0.0,35400.0,2,0.9749279121818236,-0.22252093395631434,10,-0.8660254037844386,0.5000000000000001,0,0,0,0,53050.0,30.0,46600.0,22.0,39650.0,24.0,53300.0,22.0,46378.57142857143,9187.983871288026,-11200.0,43439.28571428572,10993.130347410908,-11200.0,42233.92857142857,10142.04718149864,-11200.0,52671.944043660886,6076.11037670813,-23348.054420369015,1,20,0,0,1685.7142054421806,0.9999999999717514
2024-10-31,2024-10-31,26.0,55500.0,0.0,55500.0,3,0.43388373911755823,-0.900968867902419,10,-0.8660254037844386,0.5000000000000001,0,0,0,0,35400.0,21.0,39400.0,24.0,31250.0,18.0,48550.0,25.0,48678.57142857143,9165.00850803656,16100.0,45171.42857142857,10834.11127102583,16100.0,42482.142857142855,10384.498902706662,16100.0,53708.77292896953,452.36700023720925,1338.8600707932637,0,30,0,0,2134.615302514796,0.999999999981982
2024-11-01,2024-11-01,21.0,49150.0,0.0,49150.0,4,-0.433883739117558,-0.9009688679024191,11,-0.5000000000000004,0.8660254037844384,0,1,0,1,55500.0,26.0,61700.0,31.0,59750.0,30.0,44650.0,26.0,46885.71428571428,7212.819275759184,-12550.0,44414.28571428572,10081.140590448953,-12550.0,42642.857142857145,10453.882092010088,-12550.0,54557.876915156594,10061.669691301226,-15469.546606457821,0,44,0,0,2340.4760790249484,0.9999999999796542
2024-11-02,2024-11-02,27.0,54900.0,0.0,54900.0,5,-0.9749279121818236,-0.2225209339563146,11,-0.5000000000000004,0.8660254037844384,1,0,0,1,49150.0,21.0,43850.0,22.0,36800.0,20.0,28000.0,14.0,48464.28571428572,7634.554903295288,11050.0,45707.142857142855,10189.565876290051,11050.0,43603.57142857143,10293.183006345253,11050.0,55176.56872941142,-2463.15283413653,2186.584104725116,0,55,0,0,2033.333258024694,0.999999999981785
2024-11-03,2024-11-03,13.0,21600.0,0.0,21600.0,6,-0.7818314824680299,0.6234898018587334,11,-0.5000000000000004,0.8660254037844384,1,0,0,1,54900.0,27.0,40600.0,23.0,20450.0,15.0,23550.0,14.0,45750.0,12635.861664326703,-19000.0,45789.28571428572,9972.619796442534,-19000.0,43533.92857142857,10439.446678711965,-19000.0,55671.562597477125,-19022.343425290153,-15049.219172186975,0,66,0,0,1661.5383337278206,0.9999999999537037
2024-11-04,2024-11-04,21.0,37350.0,0.0,37350.0,0,0.0,1.0,11,-0.5000000000000004,0.8660254037844384,0,0,1,1,21600.0,13.0,50650.0,31.0,42700.0,21.0,36100.0,19.0,43850.0,12775.43215185567,-13300.0,45407.142857142855,10200.016160297568,-13300.0,43578.57142857143,10409.107733591873,-13300.0,56035.55310708574,-5287.778503289383,-13397.774603796359,0,0,0,0,1778.571343877555,0.9999999999732262
2024-11-05,2024-11-05,37.0,66660.0,0.0,66660.0,1,0.7818314824680298,0.6234898018587336,11,-0.5000000000000004,0.8660254037844384,0,0,0,1,37350.0,21.0,53050.0,30.0,45950.0,21.0,40300.0,16.0,45794.28571428572,15212.190130662637,13610.0,46886.42857142857,11679.29634810313,13610.0,44520.0,11258.946072642186,13610.0,56073.290693884665,10203.610699206289,383.09860690905043,0,11,0,0,1801.6215729291469,0.9999999999849986
2024-11-06,2024-11-06,35.0,75950.0,0.0,75950.0,2,0.9749279121818236,-0.22252093395631434,11,-0.5000000000000004,0.8660254037844384,0,0,0,1,66660.0,37.0,35400.0,21.0,46600.0,22.0,33100.0,17.0,51587.142857142855,18050.345993254323,40550.0,48982.857142857145,14022.938586238213,40550.0,46050.357142857145,12493.668168803242,40550.0,55971.37943359159,7025.379952044309,12953.240614364098,0,22,0,0,2169.9999380000017,0.9999999999868335
2024-11-07,2024-11-07,32.0,60150.0,0.0,60150.0,3,0.43388373911755823,-0.900968867902419,11,-0.5000000000000004,0.8660254037844384,0,0,0,1,75950.0,35.0,55500.0,26.0,39400.0,24.0,38950.0,18.0,52251.42857142857,18302.154179742058,4650.0,50465.0,14028.750561175942,4650.0,46807.5,12688.30100554859,4650.0,55790.36732034344,2929.582298744346,1430.0503809122165,0,33,0,0,1879.6874412597676,0.9999999999833749
2024-11-08,2024-11-08,32.0,57650.0,0.0,57650.0,4,-0.433883739117558,-0.9009688679024191,11,-0.5000000000000004,0.8660254037844384,0,1,0,1,60150.0,32.0,49150.0,21.0,61700.0,31.0,59200.0,30.0,53465.71428571428,18344.015243073078,8500.0,50175.71428571428,13819.449345751162,8500.0,46752.142857142855,12635.50328978792,8500.0,55680.35131259088,5934.276604860756,-3964.6279174516385,0,44,0,0,1801.5624437011738,0.999999999982654
2024-11-09,2024-11-09,31.0,66050.0,0.0,66050.0,5,-0.9749279121818236,-0.2225209339563146,11,-0.5000000000000004,0.8660254037844384,1,0,0,1,57650.0,32.0,54900.0,27.0,43850.0,22.0,54700.0,25.0,55058.57142857143,18962.964280030606,11150.0,51761.42857142857,14302.981860783164,11150.0,47157.5,13074.357890896867,11150.0,55731.89365129339,-3034.764195661164,13352.870544367775,0,55,0,0,2130.6450925598356,0.9999999999848601
2024-11-10,2024-11-10,21.0,39200.0,0.0,39200.0,6,-0.7818314824680299,0.6234898018587334,11,-0.5000000000000004,0.8660254037844384,1,0,0,1,66050.0,31.0,21600.0,13.0,40600.0,23.0,41400.0,20.0,57572.857142857145,14406.774696053935,17600.0,51661.42857142857,14391.639590744768,17600.0,47078.92857142857,13116.78126147469,17600.0,55879.51227644343,-17484.851597935587,805.3393214921598,0,66,0,0,1866.6665777777819,0.9999999999744897
2024-11-11,2024-11-11,29.0,45350.0,0.0,45350.0,0,0.0,1.0,11,-0.5000000000000004,0.8660254037844384,0,0,1,1,39200.0,21.0,37350.0,21.0,50650.0,31.0,43700.0,25.0,58715.71428571428,12758.150149535719,8000.0,51282.857142857145,14489.66604094187,8000.0,47137.857142857145,13104.739701554572,8000.0,55937.57835209453,-8361.987072193466,-2225.5912799010694,0,0,0,0,1563.7930495243775,0.9999999999779493
2024-11-12,2024-11-12,40.0,77250.0,0.0,77250.0,1,0.7818314824680298,0.6234898018587336,11,-0.5000000000000004,0.8660254037844384,0,0,0,1,45350.0,29.0,66660.0,37.0,53050.0,30.0,42550.0,21.0,60228.57142857143,14381.755141580747,10590.0,53011.42857142857,16073.613761088747,10590.0,48377.142857142855,14245.873959421468,10590.0,55905.27475749241,11935.03169579904,9409.69354670855,0,11,0,0,1931.2499517187514,0.9999999999870551
2024-11-13,2024-11-13,36.0,68600.0,0.0,68600.0,2,0.9749279121818236,-0.22252093395631434,11,-0.5000000000000004,0.8660254037844384,0,0,0,1,77250.0,40.0,75950.0,35.0,35400.0,21.0,39650.0,24.0,59178.57142857143,13267.81372164925,-7350.0,55382.857142857145,15720.646604714831,-7350.0,49411.07142857143,14634.284539898312,-7350.0,55848.7175017317,11057.449973945711,1693.8325243225918,0,22,0,0,1905.5555026234583,0.9999999999854229
2024-11-14,2024-11-14,40.0,77600.0,0.0,77600.0,3,0.43388373911755823,-0.900968867902419,11,-0.5000000000000004,0.8660254037844384,0,0,0,1,68600.0,36.0,60150.0,32.0,55500.0,26.0,31250.0,18.0,61671.42857142857,15006.189199317656,17450.0,56961.42857142857,16805.458754703675,17450.0,51066.42857142857,15117.376613069253,17450.0,55755.51162915034,3619.4185466575627,18225.069824192105,0,33,0,0,1939.9999515000013,0.9999999999871135
2024-11-15,2024-11-15,34.0,61400.0,0.0,61400.0,4,-0.433883739117558,-0.9009688679024191,11,-0.5000000000000004,0.8660254037844384,0,1,0,1,77600.0,40.0,57650.0,32.0,49150.0,21.0,59750.0,30.0,62207.142857142855,14905.296278265012,3750.0,57836.42857142857,16685.941852185268,3750.0,51125.357142857145,15155.64690803582,3750.0,55574.16873536623,3481.0115532981877,2344.8197113355855,0,44,0,0,1805.8822998269914,0.9999999999837134
2024-11-16,2024-11-16,25.0,51300.0,0.0,51300.0,5,-0.9749279121818236,-0.2225209339563146,11,-0.5000000000000004,0.8660254037844384,1,0,0,1,61400.0,34.0,66050.0,31.0,54900.0,27.0,36800.0,20.0,60100.0,15308.630463456553,-14750.0,57579.28571428572,16762.24028734083,-14750.0,51643.21428571428,14893.490761520266,-14750.0,55515.15281657041,-2585.2648208475985,-1629.8879957228055,0,55,0,0,2051.999917920003,0.9999999999805068
2024-11-17,2024-11-17,17.0,35750.0,0.0,35750.0,6,-0.7818314824680299,0.6234898018587334,11,-0.5000000000000004,0.8660254037844384,1,0,0,1,51300.0,25.0,39200.0,21.0,21600.0,13.0,20450.0,15.0,59607.142857142855,16127.291273165716,-3450.0,58590.0,14729.228399029318,-3450.0,52189.642857142855,13957.940918435537,-3450.0,55552.56560028063,-18393.45309728185,-1409.1125029987816,0,66,0,0,2102.9410527681734,0.9999999999720279
2024-11-18,2024-11-18,25.0,45000.0,0.0,45000.0,0,0.0,1.0,11,-0.5000000000000004,0.8660254037844384,0,0,1,1,35750.0,17.0,45350.0,29.0,37350.0,21.0,42700.0,21.0,59557.142857142855,16179.318809605687,-350.0,59136.42857142857,14004.731402220972,-350.0,52271.78571428572,13906.69943896508,-350.0,55715.367633289134,-7983.643798294842,-2731.7238349942927,0,0,0,0,1799.999928000003,0.9999999999777778
2024-11-19,2024-11-19,22.0,42450.0,0.0,42450.0,1,0.7818314824680298,0.6234898018587336,11,-0.5000000000000004,0.8660254037844384,0,0,0,1,45000.0,25.0,77250.0,40.0,66660.0,37.0,45950.0,21.0,54585.71428571428,15150.542187375044,-34800.0,57407.142857142855,14490.552056464285,-34800.0,52146.78571428572,13981.157704825204,-34800.0,56105.00389561817,15260.861877285488,-28915.865772903657,1,11,0,0,1929.5453668388468,0.9999999999764428
2024-11-20,2024-11-20,31.0,57500.0,0.0,57500.0,2,0.9749279121818236,-0.22252093395631434,11,-0.5000000000000004,0.8660254037844384,0,0,0,1,42450.0,22.0,68600.0,36.0,75950.0,35.0,46600.0,22.0,53000.0,13974.53040355926,-11100.0,56089.28571428572,13478.033104783082,-11100.0,52536.07142857143,13972.74021729065,-11100.0,56830.153791606244,3019.6838267947046,-2349.8376184009467,0,22,0,0,1854.8386498439145,0.9999999999826087
2024-11-21,2024-11-21,37.0,63950.0,0.0,63950.0,3,0.43388373911755823,-0.900968867902419,11,-0.5000000000000004,0.8660254037844384,0,0,0,1,57500.0,31.0,77600.0,40.0,60150.0,32.0,39400.0,24.0,51050.0,10486.896585739833,-13650.0,56360.71428571428,13603.777452936127,-13650.0,53412.857142857145,13887.921706006502,-13650.0,57666.78408875324,4159.682316818481,2123.533594428285,0,33,0,0,1728.3783316654506,0.9999999999843627
2024-11-22,2024-11-22,35.0,71050.0,0.0,71050.0,4,-0.433883739117558,-0.9009688679024191,11,-0.5000000000000004,0.8660254037844384,0,1,0,1,63950.0,37.0,61400.0,34.0,57650.0,32.0,61700.0,31.0,52428.57142857143,12512.821995286127,9650.0,57317.857142857145,14161.440158495172,9650.0,53746.78571428572,14203.387455520511,9650.0,58495.40555254849,3656.713596643025,8897.880850808491,0,44,0,0,2029.9999420000017,0.9999999999859255
2024-11-23,2024-11-23,33.0,57350.0,0.0,57350.0,5,-0.9749279121818236,-0.2225209339563146,11,-0.5000000000000004,0.8660254037844384,1,0,0,1,71050.0,35.0,51300.0,25.0,66050.0,31.0,43850.0,22.0,53292.857142857145,12630.268820424712,6050.0,56696.42857142857,13937.904382346398,6050.0,54228.92857142857,14083.620204648385,6050.0,59278.67818672506,-691.0180955859712,-1237.6600911390924,0,55,0,0,1737.878735215796,0.9999999999825632
2024-11-24,2024-11-24,35.0,63450.0,0.0,63450.0,6,-0.7818314824680299,0.6234898018587334,11,-0.5000000000000004,0.8660254037844384,1,0,0,1,57350.0,33.0,35750.0,17.0,39200.0,21.0,40600.0,23.0,57250.0,10351.690683168754,27700.0,58428.57142857143,13076.486741266099,27700.0,55045.0,13925.780648375292,27700.0,59944.988206787144,-17518.40900673004,21023.420799942898,1,66,0,0,1812.8570910612261,0.9999999999842396
2024-11-25,2024-11-25,44.0,60950.0,0.0,60950.0,0,0.0,1.0,11,-0.5000000000000004,0.8660254037844384,0,0,1,1,63450.0,35.0,45000.0,25.0,45350.0,29.0,50650.0,31.0,59528.57142857143,8852.770618233073,15950.0,59542.857142857145,12529.516798695544,15950.0,55412.857142857145,13941.41574646815,15950.0,60464.12262213108,-4386.335124910254,4872.212502779177,0,0,0,0,1385.2272412448356,0.9999999999835931
2024-11-26,2024-11-26,50.0,77400.0,0.0,77400.0,1,0.7818314824680298,0.6234898018587336,11,-0.5000000000000004,0.8660254037844384,0,0,0,1,60950.0,44.0,42450.0,22.0,77250.0,40.0,53050.0,30.0,64521.42857142857,7342.107845779142,34950.0,59553.57142857143,12545.876801773456,34950.0,56282.5,14535.370047143773,34950.0,60905.97549718533,16150.100557021473,343.9239457931908,0,11,0,0,1547.9999690400007,0.9999999999870802
2024-11-27,2024-11-27,37.0,57050.0,0.0,57050.0,2,0.9749279121818236,-0.22252093395631434,11,-0.5000000000000004,0.8660254037844384,0,0,0,1,77400.0,50.0,57500.0,31.0,68600.0,36.0,35400.0,21.0,64457.142857142855,7415.435959955051,-450.0,58728.57142857143,12282.22158377586,-450.0,57055.71428571428,13947.319781969798,-450.0,61231.80494041774,-4725.205309639781,543.4003692220358,0,22,0,0,1541.8918502191393,0.9999999999824715
2024-11-28,2024-11-28,37.0,62500.0,0.0,62500.0,3,0.43388373911755823,-0.900968867902419,11,-0.5000000000000004,0.8660254037844384,0,0,0,1,57050.0,37.0,63950.0,37.0,77600.0,40.0,55500.0,26.0,64250.0,7452.1249765869225,-1450.0,57650.0,11104.035995286482,-1450.0,57305.71428571428,13981.09661056168,-1450.0,61481.02422477666,4494.090572296236,-3475.1147970728925,0,33,0,0,1689.1891435354287,0.999999999984
2024-11-29,2024-11-29,41.0,62550.0,0.0,62550.0,4,-0.433883739117558,-0.9009688679024191,11,-0.5000000000000004,0.8660254037844384,0,1,0,1,62500.0,37.0,71050.0,35.0,61400.0,34.0,49150.0,21.0,63035.71428571428,6825.608293143721,-8500.0,57732.142857142855,11138.11210254205,-8500.0,57784.28571428572,13920.79803708878,-8500.0,61604.47119691789,2933.3852548296086,-1987.8564517474952,0,44,0,0,1525.6097188875679,0.9999999999840128
2024-11-30,2024-11-30,34.0,66900.0,0.0,66900.0,5,-0.9749279121818236,-0.2225209339563146,11,-0.5000000000000004,0.8660254037844384,1,0,0,1,62550.0,41.0,57350.0,33.0,51300.0,25.0,54900.0,27.0,64400.0,6443.472148875738,9550.0,58846.42857142857,11225.117170636042,9550.0,58212.857142857145,14013.12476246688,9550.0,61677.9011953149,816.642123431383,4405.456681253709,0,55,0,0,1967.647000951559,0.9999999999850524
2024-12-01,2024-12-01,22.0,46450.0,0.0,46450.0,6,-0.7818314824680299,0.6234898018587334,12,-2.4492935982947064e-16,1.0,1,0,0,1,66900.0,34.0,63450.0,35.0,35750.0,17.0,21600.0,13.0,61971.42857142857,9390.813646984194,-17000.0,59610.71428571428,9806.1632615458,-17000.0,59100.357142857145,12289.31498622623,-17000.0,63030.3819201511,-14176.964885675536,-2403.417034475562,0,72,0,0,2111.3635403925664,0.9999999999784714
2024-12-02,2024-12-02,27.0,62050.0,0.0,62050.0,0,0.0,1.0,12,-2.4492935982947064e-16,1.0,0,0,1,1,46450.0,22.0,60950.0,44.0,45000.0,25.0,37350.0,21.0,62128.57142857143,9380.070057612465,1100.0,60828.57142857143,8865.679597485885,1100.0,59982.5,11533.477078423282,1100.0,64432.54026397513,-1429.8476957564837,-952.6925682186411,0,0,0,0,2298.148063031553,0.999999999983884
2024-12-03,2024-12-03,23.0,51000.0,0.0,51000.0,1,0.7818314824680298,0.6234898018587336,12,-2.4492935982947064e-16,1.0,0,0,0,1,62050.0,27.0,77400.0,50.0,42450.0,22.0,66660.0,37.0,58357.142857142855,7291.286384641615,-26400.0,61439.28571428572,7723.146493382382,-26400.0,59423.21428571428,11577.288447828772,-26400.0,65812.04884417141,9956.25764803608,-24768.306492207492,1,12,0,0,2217.3912079395127,0.9999999999803921
2024-12-04,2024-12-04,23.0,44200.0,0.0,44200.0,2,0.9749279121818236,-0.22252093395631434,12,-2.4492935982947064e-16,1.0,0,0,0,1,51000.0,23.0,57050.0,37.0,57500.0,31.0,75950.0,35.0,56521.42857142857,9074.729433196178,-12850.0,60489.28571428572,8963.39089706731,-12850.0,58289.28571428572,11452.828836570692,-12850.0,66957.08499326893,-2213.647425440101,-20543.437567828827,0,24,0,0,1921.739046880911,0.9999999999773755
2024-12-05,2024-12-05,33.0,60500.0,0.0,60500.0,3,0.43388373911755823,-0.900968867902419,12,-2.4492935982947064e-16,1.0,0,0,0,1,44200.0,23.0,62500.0,37.0,63950.0,37.0,60150.0,32.0,56235.71428571428,8884.617525331705,-2000.0,60242.857142857145,8908.182434465349,-2000.0,58301.78571428572,11455.125669346711,-2000.0,67811.93055818081,5146.028784416855,-12457.959342597671,0,36,0,0,1833.3332777777796,0.9999999999834711
2024-12-06,2024-12-06,36.0,70950.0,0.0,70950.0,4,-0.433883739117558,-0.9009688679024191,12,-2.4492935982947064e-16,1.0,0,1,0,1,60500.0,33.0,62550.0,41.0,71050.0,35.0,57650.0,32.0,57435.71428571428,10329.396331414122,8400.0,60235.71428571428,8898.885595127489,8400.0,58776.78571428572,11700.225402567947,8400.0,68643.30541349613,881.1756869450915,1425.5188995587814,0,48,1,0,1970.8332785879645,0.9999999999859057
2024-12-07,2024-12-07,38.0,73500.0,0.0,73500.0,5,-0.9749279121818236,-0.2225209339563146,12,-2.4492935982947064e-16,1.0,1,0,0,1,70950.0,36.0,66900.0,34.0,57350.0,33.0,66050.0,31.0,58378.57142857143,11564.632042815605,6600.0,61389.28571428572,9521.053161111227,6600.0,59042.857142857145,11953.712535703715,6600.0,69641.25043340908,214.51170861281386,3644.237857978107,0,60,0,0,1934.2104754155139,0.9999999999863947
2024-12-08,2024-12-08,25.0,44650.0,0.0,44650.0,6,-0.7818314824680299,0.6234898018587334,12,-2.4492935982947064e-16,1.0,1,0,0,1,73500.0,38.0,46450.0,22.0,63450.0,35.0,39200.0,21.0,58121.42857142857,11889.52119665537,-1800.0,60046.42857142857,10485.03446833631,-1800.0,59237.5,11659.391580911664,-1800.0,69961.24005700176,-9560.735995855352,-15750.504061146414,0,72,0,0,1785.9999285600027,0.9999999999776036
2024-12-09,2024-12-09,37.0,70500.0,0.0,70500.0,0,0.0,1.0,12,-2.4492935982947064e-16,1.0,0,0,1,1,44650.0,25.0,62050.0,27.0,60950.0,44.0,45350.0,29.0,59328.57142857143,12752.511423992173,8450.0,60728.57142857143,10852.555783453488,8450.0,60135.71428571428,11517.79506566252,8450.0,69730.02273087778,-936.7452063240663,1706.7224754462804,0,0,0,0,1905.4053539079634,0.9999999999858157
2024-12-10,2024-12-10,37.0,72100.0,0.0,72100.0,1,0.7818314824680298,0.6234898018587336,12,-2.4492935982947064e-16,1.0,0,0,0,1,70500.0,37.0,51000.0,23.0,77400.0,50.0,77250.0,40.0,62342.857142857145,12947.986605756936,21100.0,60350.0,10304.890549189347,21100.0,59951.78571428572,11272.890146216896,21100.0,68960.9036022298,5047.027030928083,-1907.9306331578846,0,12,0,0,1948.6485959824706,0.9999999999861304
2024-12-11,2024-12-11,37.0,94250.0,0.0,94250.0,2,0.9749279121818236,-0.22252093395631434,12,-2.4492935982947064e-16,1.0,0,0,0,1,72100.0,37.0,44200.0,23.0,57050.0,37.0,68600.0,36.0,69492.85714285714,14927.307989370658,50050.0,63007.142857142855,13643.691936947735,50050.0,60867.857142857145,12923.114622040159,50050.0,68187.25390794658,-1688.5539079709747,27751.300000024392,1,24,0,0,2547.2972284514262,0.99999999998939
2024-12-12,2024-12-12,31.0,74250.0,0.0,74250.0,3,0.43388373911755823,-0.900968867902419,12,-2.4492935982947064e-16,1.0,0,0,0,1,94250.0,37.0,60500.0,33.0,62500.0,37.0,77600.0,40.0,71457.14285714286,14443.551864974077,13750.0,63846.42857142857,13967.647567555236,13750.0,60748.21428571428,12777.15323697992,13750.0,67445.27305544906,5968.053178140189,836.6737664107495,0,36,0,0,2395.1612130593157,0.9999999999865321
2024-12-13,2024-12-13,42.0,88900.0,0.0,88900.0,4,-0.433883739117558,-0.9009688679024191,12,-2.4492935982947064e-16,1.0,0,1,0,1,74250.0,31.0,70950.0,36.0,62550.0,41.0,61400.0,34.0,74021.42857142857,15862.241779954069,17950.0,65728.57142857143,15473.658936370679,17950.0,61730.357142857145,13841.686495976805,17950.0,66894.55550502974,-916.4577147867998,22921.902209757056,1,48,1,0,2116.6666162698425,0.9999999999887514
2024-12-14,2024-12-14,28.0,61250.0,0.0,61250.0,5,-0.9749279121818236,-0.2225209339563146,12,-2.4492935982947064e-16,1.0,1,0,0,1,88900.0,42.0,73500.0,38.0,66900.0,34.0,51300.0,25.0,72271.42857142857,16588.471326568546,-12250.0,65325.0,15514.382285231693,-12250.0,62085.71428571428,13690.892195197714,-12250.0,66673.89752722577,-1778.2840878547347,-3645.613439371031,0,60,0,0,2187.4999218750027,0.9999999999836735
2024-12-15,2024-12-15,26.0,64150.0,0.0,64150.0,6,-0.7818314824680299,0.6234898018587334,12,-2.4492935982947064e-16,1.0,1,0,0,1,61250.0,28.0,44650.0,25.0,46450.0,22.0,35750.0,17.0,75057.14285714286,12245.796168870775,19500.0,66589.28571428571,14549.083748198416,19500.0,63100.0,12682.417108094976,19500.0,66653.11453833686,-2533.5323635105256,30.41782517367392,0,72,0,0,2467.307597411246,0.9999999999844116
2024-12-16,2024-12-16,30.0,54050.0,0.0,54050.0,0,0.0,1.0,12,-2.4492935982947064e-16,1.0,0,0,1,1,64150.0,26.0,70500.0,37.0,62050.0,27.0,45000.0,25.0,72707.14285714286,14615.243998745387,-16450.0,66017.85714285714,14894.09546331475,-16450.0,63423.21428571428,12314.020029450605,-16450.0,66838.46518813264,-1323.1542835369935,-11465.310904595652,0,0,0,0,1801.6666066111131,0.9999999999814986
2024-12-17,2024-12-17,27.0,65700.0,0.0,65700.0,1,0.7818314824680298,0.6234898018587336,12,-2.4492935982947064e-16,1.0,0,0,0,1,54050.0,30.0,72100.0,37.0,51000.0,23.0,42450.0,22.0,71792.85714285714,14857.726064560806,-6400.0,67067.85714285714,14258.527909004897,-6400.0,64253.57142857143,11611.216867445612,-6400.0,67275.14200585283,2335.015223515382,-3910.157229368211,0,12,0,0,2433.3332432098796,0.9999999999847794
2024-12-18,2024-12-18,31.0,67500.0,0.0,67500.0,2,0.9749279121818236,-0.22252093395631434,12,-2.4492935982947064e-16,1.0,0,0,0,1,65700.0,27.0,94250.0,37.0,44200.0,23.0,57500.0,31.0,67971.42857142857,11078.464738057612,-26750.0,68732.14285714286,12653.497648763218,-26750.0,64610.71428571428,11549.421639702852,-26750.0,67883.23145230325,-260.4739627878287,-122.75748951542482,0,24,0,0,2177.419284599378,0.9999999999851853
2024-12-19,2024-12-19,37.0,79000.0,0.0,79000.0,3,0.43388373911755823,-0.900968867902419,12,-2.4492935982947064e-16,1.0,0,0,0,1,67500.0,31.0,74250.0,31.0,60500.0,33.0,63950.0,37.0,68650.0,11657.472567699731,4750.0,70053.57142857143,12693.600208913935,4750.0,65148.21428571428,11863.470872285328,4750.0,68670.67073369095,5865.041515646956,4464.287750662101,0,36,0,0,2135.1350774287816,0.9999999999873419
2024-12-20,2024-12-20,33.0,66350.0,0.0,66350.0,4,-0.433883739117558,-0.9009688679024191,12,-2.4492935982947064e-16,1.0,0,1,0,1,79000.0,37.0,88900.0,42.0,70950.0,36.0,71050.0,35.0,65428.57142857143,7505.156957211842,-22550.0,69725.0,12728.099592271145,-22550.0,64980.357142857145,11810.003130473558,-22550.0,69510.94933463281,-2966.652638648748,-194.296695984056,0,48,1,0,2010.6059996786062,0.9999999999849285
2024-12-21,2024-12-21,31.0,66800.0,0.0,66800.0,5,-0.9749279121818236,-0.2225209339563146,12,-2.4492935982947064e-16,1.0,1,0,0,1,66350.0,33.0,61250.0,28.0,73500.0,38.0,57350.0,33.0,66221.42857142857,7279.930010129597,5550.0,69246.42857142857,12701.172936231029,5550.0,65317.857142857145,11718.545086391707,5550.0,70307.97146287687,-3364.6916129857295,-143.27984989114339,0,60,0,0,2154.838640166495,0.9999999999850301
2024-12-22,2024-12-22,19.0,40200.0,0.0,40200.0,6,-0.7818314824680299,0.6234898018587334,12,-2.4492935982947064e-16,1.0,1,0,0,1,66800.0,31.0,64150.0,26.0,44650.0,25.0,63450.0,35.0,62800.0,12307.619591131495,-23950.0,68928.57142857143,13400.498186573333,-23950.0,64487.5,12643.060056512779,-23950.0,71035.6486196889,-237.98720116310383,-30597.6614185258,1,72,0,0,2115.7893623268756,0.9999999999751243
2024-12-23,2024-12-23,29.0,69350.0,0.0,69350.0,0,0.0,1.0,12,-2.4492935982947064e-16,1.0,0,0,1,1,40200.0,19.0,54050.0,30.0,70500.0,37.0,60950.0,44.0,64985.71428571428,11844.573802861496,15300.0,68846.42857142857,13393.647522465548,15300.0,64787.5,12655.6649956246,15300.0,71636.49247808207,-2195.7176038525945,-90.77487422947888,0,0,0,0,2391.379227883475,0.9999999999855805
2024-12-24,2024-12-24,31.0,76550.0,0.0,76550.0,1,0.7818314824680298,0.6234898018587336,12,-2.4492935982947064e-16,1.0,0,0,0,1,69350.0,29.0,65700.0,27.0,72100.0,37.0,77400.0,50.0,66535.71428571429,12637.039285559196,10850.0,69164.28571428571,13528.920995286611,10850.0,64757.142857142855,12625.273845843345,10850.0,71590.62703352643,3891.057116791785,1068.3158496817923,0,12,0,0,2469.354759053072,0.9999999999869368
2024-12-25,2024-12-25,39.0,85350.0,0.0,85350.0,2,0.9749279121818236,-0.22252093395631434,12,-2.4492935982947064e-16,1.0,0,0,0,1,76550.0,31.0,67500.0,31.0,94250.0,37.0,57050.0,37.0,69085.71428571429,14524.109676836202,17850.0,68528.57142857143,12423.422578799777,17850.0,65767.85714285714,13108.939657416811,17850.0,71873.6548528678,-535.8576032310555,14012.202750363256,0,24,0,0,2188.4614823471416,0.9999999999882836
2024-12-26,2024-12-26,33.0,74850.0,0.0,74850.0,3,0.43388373911755823,-0.900968867902419,12,-2.4492935982947064e-16,1.0,0,0,0,1,85350.0,39.0,79000.0,37.0,74250.0,31.0,62500.0,37.0,68492.85714285714,14131.36076755746,-4150.0,68571.42857142857,12445.693019084083,-4150.0,66208.92857142857,13202.350054352753,-4150.0,72200.81526084011,1876.0647651680697,773.1199739918229,0,36,0,0,2268.181749449038,0.99999999998664
2024-12-27,2024-12-27,42.0,103150.0,0.0,103150.0,4,-0.433883739117558,-0.9009688679024191,12,-2.4492935982947064e-16,1.0,0,1,0,1,74850.0,33.0,66350.0,33.0,88900.0,42.0,62550.0,41.0,73750.0,19153.916048683255,36800.0,69589.28571428571,14627.584302525012,36800.0,67658.92857142857,14905.306372858598,36800.0,72258.05315098068,-76.95742274372301,30968.90427176305,1,48,1,0,2455.9523224773257,0.9999999999903054
2024-12-28,2024-12-28,48.0,94150.0,0.0,94150.0,5,-0.9749279121818236,-0.2225209339563146,12,-2.4492935982947064e-16,1.0,1,0,0,1,103150.0,42.0,66800.0,31.0,61250.0,28.0,66900.0,34.0,77657.14285714286,20257.641121550423,27350.0,71939.28571428571,15782.002634103852,27350.0,68632.14285714286,15721.206568798463,27350.0,69110.78096343845,-3962.213063364393,29001.43209992595,1,60,0,0,1961.458292469619,0.9999999999893787
2024-12-29,2024-12-29,44.0,101250.0,0.0,101250.0,6,-0.7818314824680299,0.6234898018587334,12,-2.4492935982947064e-16,1.0,1,0,0,1,94150.0,48.0,40200.0,19.0,64150.0,26.0,46450.0,22.0,86378.57142857143,13437.350220649516,61050.0,74589.28571428571,17404.820050463462,61050.0,70589.28571428571,16259.295672543492,61050.0,67887.28224603365,1723.9099614673903,31638.807792498963,1,72,0,0,2301.136311337811,0.9999999999901236
2024-12-30,2024-12-30,53.0,108350.0,0.0,108350.0,0,0.0,1.0,12,-2.4492935982947064e-16,1.0,0,0,1,1,101250.0,44.0,69350.0,29.0,54050.0,30.0,62050.0,27.0,91950.0,13284.452064977178,39000.0,78467.85714285714,18491.948426096445,39000.0,72242.85714285714,17653.28483904515,39000.0,66984.09752172572,3377.1873684369625,37988.715109837314,1,0,0,0,2044.3395840690646,0.9999999999907707
2024-12-31,2024-12-31,43.75,91412.5,0.0,91412.5,1,0.7818314824680298,0.6234898018587336,12,-2.4492935982947064e-16,1.0,0,0,0,1,108350.0,53.0,76550.0,31.0,65700.0,27.0,51000.0,23.0,94073.21428571429,11477.751187468682,14862.5,80304.46428571429,18402.967731470755,14862.5,73686.16071428571,17503.573490731316,14862.5,65720.9918087241,-552.0131074959007,26243.52129877181,1,12,0,0,2089.4285236702053,0.9999999999890606
2025-01-01,2025-01-01,34.5,74475.0,0.0,74475.0,2,0.9749279121818236,-0.22252093395631434,1,0.49999999999999994,0.8660254037844387,0,0,0,0,91412.5,43.75,85350.0,39.0,67500.0,31.0,44200.0,23.0,92519.64285714286,13425.92691000763,-10875.0,80802.67857142857,18121.922934143837,-10875.0,74767.41071428571,16522.242072236448,-10875.0,62003.65806977409,-1579.5873363299097,14050.929266555817,0,2,0,0,2158.6955896030267,0.9999999999865727
2025-01-02,2025-01-02,25.25,57537.5,0.0,57537.5,3,0.43388373911755823,-0.900968867902419,1,0.49999999999999994,0.8660254037844387,0,0,0,0,74475.0,34.5,74850.0,33.0,79000.0,37.0,60500.0,33.0,90046.42857142857,18028.910108555934,-17312.5,79269.64285714286,19164.00730077559,-17312.5,74661.60714285714,16626.148988620138,-17312.5,61682.47419755997,-4518.898233292788,373.92403573281626,0,3,0,0,2278.712781041078,0.99999999998262
2025-01-03,2025-01-03,16.0,40600.0,0.0,40600.0,4,-0.433883739117558,-0.9009688679024191,1,0.49999999999999994,0.8660254037844387,0,1,0,0,57537.5,25.25,103150.0,42.0,66350.0,33.0,70950.0,36.0,81110.71428571429,24713.580557824946,-62550.0,77430.35714285714,21582.45688180447,-62550.0,73577.67857142857,17823.30791574671,-62550.0,61517.06990310653,2814.367491629033,-23731.437394735563,1,4,0,0,2537.4998414062597,0.9999999999753695
2025-01-04,2025-01-04,24.0,57200.0,0.0,57200.0,5,-0.9749279121818236,-0.2225209339563146,1,0.49999999999999994,0.8660254037844387,1,0,0,0,40600.0,16.0,94150.0,48.0,66800.0,31.0,73500.0,38.0,75832.14285714286,25400.861059411567,-36950.0,76744.64285714286,22092.657648595065,-36950.0,72995.53571428571,18090.1360778046,-36950.0,61258.99567988936,-4476.004646645532,417.0089667561697,0,5,0,0,2383.3332340277816,0.9999999999825174
2025-01-05,2025-01-05,30.0,64600.0,0.0,64600.0,6,-0.7818314824680299,0.6234898018587334,1,0.49999999999999994,0.8660254037844387,1,0,0,0,57200.0,24.0,101250.0,44.0,40200.0,19.0,44650.0,25.0,70596.42857142857,22947.138885615357,-36650.0,78487.5,19835.02632291607,-36650.0,73708.03571428571,17308.350456808697,-36650.0,60881.939842579515,3240.1311393854016,477.92901803507993,0,6,0,0,2153.333261555558,0.9999999999845202
2025-01-06,2025-01-06,18.0,90000.0,0.0,90000.0,0,0.0,1.0,1,0.49999999999999994,0.8660254037844387,0,0,1,0,64600.0,30.0,108350.0,53.0,69350.0,29.0,70500.0,37.0,67975.0,18540.452675613727,-18350.0,79962.5,19871.0312921949,-18350.0,74404.46428571429,17564.894628590504,-18350.0,60184.27359034916,8329.053024629357,21486.673385021473,1,0,0,0,4999.999722222237,0.999999999988889
2025-01-07,2025-01-07,19.0,39150.0,0.0,39150.0,1,0.7818314824680298,0.6234898018587336,1,0.49999999999999994,0.8660254037844387,0,0,0,0,90000.0,18.0,91412.5,43.75,76550.0,31.0,72100.0,37.0,60508.92857142857,18045.585670805624,-52262.5,77291.07142857143,22680.483089802503,-52262.5,73227.67857142857,18786.30385325774,-52262.5,59358.51790414393,-4406.18574974569,-15802.332154398246,0,1,0,0,2060.5262073407257,0.9999999999744572
2025-01-08,2025-01-08,25.0,56800.0,0.0,56800.0,2,0.9749279121818236,-0.22252093395631434,1,0.49999999999999994,0.8660254037844387,0,0,0,0,39150.0,19.0,74475.0,34.5,85350.0,39.0,94250.0,37.0,57983.92857142857,16970.241592339953,-17675.0,75251.78571428571,23178.192905695436,-17675.0,71890.17857142857,18566.02032248901,-17675.0,58259.53989485157,-2591.8689998239392,1132.3291049723703,0,2,0,0,2271.9999091200034,0.9999999999823943
2025-01-09,2025-01-09,18.0,40250.0,0.0,40250.0,3,0.43388373911755823,-0.900968867902419,1,0.49999999999999994,0.8660254037844387,0,0,0,0,56800.0,25.0,57537.5,25.25,74850.0,33.0,74250.0,31.0,55514.28571428572,18255.289513949065,-17287.5,72780.35714285714,24997.57570663193,-17287.5,70675.89285714286,19494.603636199823,-17287.5,56996.184914624464,-1290.6245519080787,-15455.560362716387,0,3,0,0,2236.110986882723,0.9999999999751553
2025-01-10,2025-01-10,27.0,61200.0,0.0,61200.0,4,-0.433883739117558,-0.9009688679024191,1,0.49999999999999994,0.8660254037844387,0,1,0,0,40250.0,18.0,40600.0,16.0,103150.0,42.0,88900.0,42.0,58457.142857142855,17072.405331690312,20600.0,69783.92857142857,23549.479124451358,20600.0,69686.60714285714,19236.673756885095,20600.0,55714.89232092824,4982.576273000084,502.53140607167734,0,4,0,0,2266.6665827160523,0.9999999999836601
2025-01-11,2025-01-11,9.0,17300.0,0.0,17300.0,5,-0.9749279121818236,-0.2225209339563146,1,0.49999999999999994,0.8660254037844387,1,0,0,0,61200.0,27.0,57200.0,24.0,94150.0,48.0,61250.0,28.0,52757.142857142855,23143.401301656737,-39900.0,64294.642857142855,26236.380035413426,-39900.0,68116.96428571429,21598.64032883155,-39900.0,54316.91964072024,-4114.176612744854,-32902.74302797539,1,5,0,0,1922.2220086419993,0.9999999999421965
2025-01-12,2025-01-12,13.0,33800.0,0.0,33800.0,6,-0.7818314824680299,0.6234898018587334,1,0.49999999999999994,0.8660254037844387,1,0,0,0,17300.0,9.0,64600.0,30.0,101250.0,44.0,64150.0,26.0,48357.142857142855,23442.49042108921,-30800.0,59476.78571428572,25096.398213622317,-30800.0,67033.03571428571,22545.88254226887,-30800.0,52685.30917659202,-3195.802645401593,-15689.506531190425,0,6,0,0,2599.9998000000155,0.9999999999704142
2025-01-13,2025-01-13,29.0,65200.0,0.0,65200.0,0,0.0,1.0,1,0.49999999999999994,0.8660254037844387,0,0,1,0,33800.0,13.0,90000.0,18.0,108350.0,53.0,54050.0,30.0,44814.28571428572,17122.079173923266,-24800.0,56394.642857142855,20937.543176927808,-24800.0,67431.25,22406.112628072005,-24800.0,51071.360659299244,14007.883973186164,120.75536751459003,0,0,0,0,2248.2757845422143,0.9999999999846626
2025-01-14,2025-01-14,20.0,41150.0,0.0,41150.0,1,0.7818314824680298,0.6234898018587336,1,0.49999999999999994,0.8660254037844387,0,0,0,0,65200.0,29.0,39150.0,19.0,91412.5,43.75,65700.0,27.0,45100.0,17028.236354165834,2000.0,52804.46428571428,18656.09150309102,2000.0,66554.46428571429,22950.10419524816,2000.0,49616.5596225662,-8516.156813352227,49.59719078602211,0,1,0,0,2057.499897125005,0.9999999999756987
2025-01-15,2025-01-15,20.0,40450.0,0.0,40450.0,2,0.9749279121818236,-0.22252093395631434,1,0.49999999999999994,0.8660254037844387,0,0,0,0,41150.0,20.0,56800.0,25.0,74475.0,34.5,67500.0,31.0,42764.28571428572,16259.912727464536,-16350.0,50374.107142857145,17813.077564378418,-16350.0,65588.39285714286,23472.216369633825,-16350.0,48376.44467678636,-5607.7440008718695,-2318.7006759144933,0,2,0,0,2022.4998988750049,0.9999999999752781
2025-01-16,2025-01-16,30.0,75900.0,0.0,75900.0,3,0.43388373911755823,-0.900968867902419,1,0.49999999999999994,0.8660254037844387,0,0,0,0,40450.0,20.0,40250.0,18.0,57537.5,25.25,79000.0,37.0,47857.142857142855,20397.72104450705,35650.0,51685.71428571428,19016.48504053009,35650.0,65477.67857142857,23413.85173797058,35650.0,47691.35535573199,1614.760292954581,26593.884351313427,1,3,0,0,2529.9999156666695,0.9999999999868249
2025-01-17,2025-01-17,27.0,56050.0,0.0,56050.0,4,-0.433883739117558,-0.9009688679024191,1,0.49999999999999994,0.8660254037844387,0,1,0,0,75900.0,30.0,61200.0,27.0,40600.0,16.0,66350.0,33.0,47121.42857142857,19923.62201723663,-5150.0,52789.28571428572,18770.375376061165,-5150.0,65109.82142857143,23480.456401809945,-5150.0,46721.83126519371,10203.287414245826,-875.1186794395326,0,4,0,0,2075.9258490397833,0.9999999999821588
2025-01-18,2025-01-18,27.0,62650.0,0.0,62650.0,5,-0.9749279121818236,-0.2225209339563146,1,0.49999999999999994,0.8660254037844387,1,0,0,0,56050.0,27.0,17300.0,9.0,57200.0,24.0,66800.0,31.0,53600.0,15490.427151416327,45350.0,53178.57142857143,18924.767189765236,45350.0,64961.607142857145,23482.490257856247,45350.0,46255.61835029001,-2504.510903707878,18898.89255341787,0,5,0,0,2320.37028443073,0.9999999999840383
2025-01-19,2025-01-19,18.0,36850.0,0.0,36850.0,6,-0.7818314824680299,0.6234898018587334,1,0.49999999999999994,0.8660254037844387,1,0,0,0,62650.0,27.0,33800.0,13.0,64600.0,30.0,40200.0,19.0,54035.71428571428,14871.188987594931,3050.0,51196.42857142857,19089.016820853154,3050.0,64841.96428571428,23621.445748290134,3050.0,45834.05839307707,-8740.671037265374,-243.3873558116975,0,6,0,0,2047.2221084876605,0.9999999999728629
2025-01-20,2025-01-20,16.0,33350.0,0.0,33350.0,0,0.0,1.0,1,0.49999999999999994,0.8660254037844387,0,0,1,0,36850.0,18.0,65200.0,29.0,90000.0,18.0,69350.0,29.0,49485.71428571428,15733.47583672356,-31850.0,47150.0,15982.261802000783,-31850.0,63556.25,24335.919644708312,-31850.0,45513.485101343256,10419.055440097034,-22582.540541440292,1,0,0,0,2084.3748697265705,0.999999999970015
2025-01-21,2025-01-21,27.0,57900.0,0.0,57900.0,1,0.7818314824680298,0.6234898018587336,1,0.49999999999999994,0.8660254037844387,0,0,0,0,33350.0,16.0,41150.0,20.0,39150.0,19.0,76550.0,31.0,51878.57142857143,15526.800946075473,16750.0,48489.28571428572,16045.789989078989,16750.0,62890.17857142857,24222.06828692705,16750.0,45374.94462753299,-7922.8121864454215,20447.867558912425,0,1,0,0,2144.444365020579,0.9999999999827288
2025-01-22,2025-01-22,20.0,37900.0,0.0,37900.0,2,0.9749279121818236,-0.22252093395631434,1,0.49999999999999994,0.8660254037844387,0,0,0,0,57900.0,27.0,40450.0,20.0,56800.0,25.0,85350.0,39.0,51514.28571428572,15865.836312806345,-2550.0,47139.28571428572,16087.80209890796,-2550.0,61195.53571428572,24252.36653551046,-2550.0,45341.093257288536,-7586.159647906599,145.06639061806345,0,2,0,0,1894.9999052500045,0.9999999999736148
2025-01-23,2025-01-23,23.0,48500.0,0.0,48500.0,3,0.43388373911755823,-0.900968867902419,1,0.49999999999999994,0.8660254037844387,0,0,0,0,37900.0,20.0,75900.0,30.0,40250.0,18.0,74850.0,33.0,47600.0,11672.76031336784,-27400.0,47728.57142857143,15966.680622781028,-27400.0,60254.46428571428,24214.10793965965,-27400.0,45381.25577866231,4896.020350233247,-1777.2761288955517,0,3,0,0,2108.6955604914974,0.9999999999793814
2025-01-24,2025-01-24,25.0,60900.0,0.0,60900.0,4,-0.433883739117558,-0.9009688679024191,1,0.49999999999999994,0.8660254037844387,0,1,0,0,48500.0,23.0,56050.0,27.0,61200.0,27.0,103150.0,42.0,48292.857142857145,12380.408870854219,4850.0,47707.142857142855,15947.399801834827,4850.0,58745.53571428572,22711.849680421918,4850.0,45819.9191998499,14525.129069945653,554.9517302044478,0,4,0,0,2435.9999025600036,0.9999999999835796
2025-01-25,2025-01-25,23.0,43850.0,0.0,43850.0,5,-0.9749279121818236,-0.2225209339563146,1,0.49999999999999994,0.8660254037844387,1,0,0,0,60900.0,25.0,62650.0,27.0,17300.0,9.0,94150.0,48.0,45607.142857142855,10667.451608023608,-18800.0,49603.57142857143,13433.84738243318,-18800.0,56949.107142857145,21777.83418233496,-18800.0,46218.82805612539,-1352.7566076658343,-1016.0714484595592,0,5,0,0,1906.5216562381888,0.999999999977195
2025-01-26,2025-01-26,15.0,30450.0,0.0,30450.0,6,-0.7818314824680299,0.6234898018587334,1,0.49999999999999994,0.8660254037844387,1,0,0,0,43850.0,23.0,36850.0,18.0,33800.0,13.0,101250.0,44.0,44692.857142857145,11761.286372793524,-6400.0,49364.28571428572,13762.804228055467,-6400.0,54420.53571428572,20517.39133972842,-6400.0,46728.21904968274,-14647.70847439479,-1630.5105752879463,0,6,0,0,2029.9998646666759,0.9999999999671593
2025-01-27,2025-01-27,28.0,54050.0,0.0,54050.0,0,0.0,1.0,1,0.49999999999999994,0.8660254037844387,0,0,1,0,30450.0,15.0,33350.0,16.0,65200.0,29.0,108350.0,53.0,47650.0,11012.492905786678,20700.0,48567.857142857145,13081.690186358539,20700.0,52481.25,17588.35614805254,20700.0,48215.461612992774,7010.949344822947,-1176.4109578157222,0,0,0,0,1930.3570739158188,0.9999999999814986
2025-01-28,2025-01-28,19.0,40700.0,0.0,40700.0,1,0.7818314824680298,0.6234898018587336,1,0.49999999999999994,0.8660254037844387,0,0,0,0,54050.0,28.0,57900.0,27.0,41150.0,20.0,91412.5,43.75,45192.857142857145,10235.779915384664,-17200.0,48535.71428571428,13101.855837003686,-17200.0,50670.08928571428,15967.286558398893,-17200.0,49227.17955236289,-8563.651608693757,36.4720563308656,0,1,0,0,2142.1051504155184,0.99999999997543
2025-01-29,2025-01-29,26.0,64150.0,0.0,64150.0,2,0.9749279121818236,-0.22252093395631434,1,0.49999999999999994,0.8660254037844387,0,0,0,0,40700.0,19.0,37900.0,20.0,40450.0,20.0,74475.0,34.5,48942.857142857145,11806.616385577729,26250.0,50228.57142857143,13501.762196749869,26250.0,50301.33928571428,15509.843178072315,26250.0,50133.6637672564,-4763.5273800669565,18779.86361281055,0,2,0,0,2467.307597411246,0.9999999999844116
2025-01-30,2025-01-30,28.0,65050.0,0.0,65050.0,3,0.43388373911755823,-0.900968867902419,1,0.49999999999999994,0.8660254037844387,0,0,0,0,64150.0,26.0,48500.0,23.0,75900.0,30.0,57537.5,25.25,51307.142857142855,13269.590189961636,16550.0,49453.57142857143,12159.555664416577,16550.0,50569.642857142855,15703.428142392262,16550.0,51026.45374252445,10517.079894428,3506.466363047555,0,3,0,0,2323.2142027423497,0.9999999999846272
2025-01-31,2025-01-31,22.0,52350.0,0.0,52350.0,4,-0.433883739117558,-0.9009688679024191,1,0.49999999999999994,0.8660254037844387,0,1,0,0,65050.0,28.0,60900.0,25.0,56050.0,27.0,40600.0,16.0,50085.71428571428,12616.877396491469,-8550.0,49189.28571428572,12044.822995337552,-8550.0,50989.28571428572,15583.683045053056,-8550.0,52008.64121858185,15663.203721946102,-15321.844940527953,0,4,0,0,2379.5453463843023,0.9999999999808978
2025-02-01,2025-02-01,23.0,53100.0,0.0,53100.0,5,-0.9749279121818236,-0.2225209339563146,2,0.8660254037844386,0.5000000000000001,1,0,0,0,52350.0,22.0,43850.0,23.0,62650.0,27.0,57200.0,24.0,51407.142857142855,12336.207837480937,9250.0,48507.142857142855,11481.085735692894,9250.0,50842.857142857145,15542.371680677126,9250.0,53099.7184800784,-1160.5253062711377,1160.8068261927328,0,10,0,0,2308.6955517958454,0.9999999999811676
2025-02-02,2025-02-02,16.0,34150.0,0.0,34150.0,6,-0.7818314824680299,0.6234898018587334,2,0.8660254037844386,0.5000000000000001,1,0,0,0,53100.0,23.0,30450.0,15.0,36850.0,18.0,64600.0,30.0,51935.71428571428,11326.543834643364,3700.0,48314.28571428572,11712.311546327775,3700.0,49755.357142857145,15609.282253208004,3700.0,54190.79430776436,-18202.90029427887,-1837.894013485493,0,12,0,0,2134.374866601571,0.9999999999707174
2025-02-03,2025-02-03,22.0,51700.0,0.0,51700.0,0,0.0,1.0,2,0.8660254037844386,0.5000000000000001,0,0,1,0,34150.0,16.0,54050.0,28.0,33350.0,16.0,90000.0,18.0,51600.0,11288.194423083598,-2350.0,49625.0,10908.002531663193,-2350.0,48387.5,13485.661967575068,-2350.0,55093.931511005285,4614.778729807617,-8008.710240812899,0,0,0,0,2349.999893181823,0.9999999999806576
2025-02-04,2025-02-04,26.0,46350.0,0.0,46350.0,1,0.7818314824680298,0.6234898018587336,2,0.8660254037844386,0.5000000000000001,0,0,0,0,51700.0,22.0,40700.0,19.0,57900.0,27.0,39150.0,19.0,52407.142857142855,10557.241928783273,5650.0,48800.0,10668.140923761366,5650.0,48644.642857142855,13371.157040752403,5650.0,55875.57190631483,-8902.679073135092,-622.892833179736,0,2,0,0,1782.6922391272215,0.999999999978425
2025-02-05,2025-02-05,41.0,95600.0,0.0,95600.0,2,0.9749279121818236,-0.22252093395631434,2,0.8660254037844386,0.5000000000000001,0,0,0,0,46350.0,26.0,64150.0,26.0,37900.0,20.0,56800.0,25.0,56900.0,19387.109119206063,31450.0,52921.42857142857,15964.247486248756,31450.0,50030.357142857145,15999.770480331188,31450.0,56630.64291685437,-3554.996323208727,42524.35340635436,1,4,0,0,2331.707260202262,0.9999999999895398
2025-02-06,2025-02-06,39.0,71700.0,0.0,71700.0,3,0.43388373911755823,-0.900968867902419,2,0.8660254037844386,0.5000000000000001,0,0,0,0,95600.0,41.0,65050.0,28.0,48500.0,23.0,40250.0,18.0,57850.0,20006.0824084411,6650.0,54578.57142857143,16658.98595913975,6650.0,51153.57142857143,16386.980652964467,6650.0,57402.89934409668,12534.396987256301,1762.7036686470165,0,6,0,0,1838.4614913215003,0.999999999986053
2025-02-07,2025-02-07,41.0,78000.0,0.0,78000.0,4,-0.433883739117558,-0.9009688679024191,2,0.8660254037844386,0.5000000000000001,0,1,0,0,71700.0,39.0,52350.0,22.0,60900.0,25.0,61200.0,27.0,61514.28571428572,21147.275519668376,25650.0,55800.0,17749.32284732192,25650.0,51753.57142857143,17062.102951947454,25650.0,58096.29078888736,15722.13514248643,4181.574068626214,0,8,0,0,1902.4389779892933,0.9999999999871796
2025-02-08,2025-02-08,29.0,57100.0,0.0,57100.0,5,-0.9749279121818236,-0.2225209339563146,2,0.8660254037844386,0.5000000000000001,1,0,0,0,78000.0,41.0,53100.0,23.0,43850.0,23.0,17300.0,9.0,62085.71428571428,20934.992920262288,4000.0,56746.42857142857,17413.185369864907,4000.0,53175.0,15688.020317474038,4000.0,58630.0663379202,-364.2292207105132,-1165.8371172096886,0,10,0,0,1968.9654493460189,0.9999999999824869
2025-02-09,2025-02-09,25.0,53500.0,0.0,53500.0,6,-0.7818314824680299,0.6234898018587334,2,0.8660254037844386,0.5000000000000001,1,0,0,0,57100.0,29.0,34150.0,16.0,30450.0,15.0,33800.0,13.0,64850.0,17651.55800489022,19350.0,58392.857142857145,15745.412728094007,19350.0,53878.57142857143,15221.734148124751,19350.0,58722.6600722926,-20224.045188387387,15001.385116094789,0,12,0,0,2139.9999144000035,0.9999999999813084
2025-02-10,2025-02-10,28.0,63200.0,0.0,63200.0,0,0.0,1.0,2,0.8660254037844386,0.5000000000000001,0,0,1,0,53500.0,25.0,51700.0,22.0,54050.0,28.0,65200.0,29.0,66492.85714285714,16735.053743849407,11500.0,59046.42857142857,15741.181466333675,11500.0,53807.142857142855,15171.24908970239,11500.0,58442.77446045815,3707.7935983776492,1049.431941164199,0,0,0,0,2257.1427765306153,0.9999999999841772
2025-02-11,2025-02-11,34.0,79200.0,0.0,79200.0,1,0.7818314824680298,0.6234898018587336,2,0.8660254037844386,0.5000000000000001,0,0,0,0,63200.0,28.0,46350.0,26.0,40700.0,19.0,41150.0,20.0,71185.71428571429,14617.04810274975,32850.0,61796.42857142857,15652.235823157647,32850.0,55166.07142857143,15690.75012707363,32850.0,57944.62032531273,-9320.227829459298,30575.607504146566,1,2,0,0,2329.411696193774,0.9999999999873739
2025-02-12,2025-02-12,27.0,56750.0,0.0,56750.0,2,0.9749279121818236,-0.22252093395631434,2,0.8660254037844386,0.5000000000000001,0,0,0,0,79200.0,34.0,95600.0,41.0,64150.0,26.0,40450.0,20.0,65635.71428571429,10635.346502963566,-38850.0,61267.857142857145,15691.541169869754,-38850.0,55748.21428571428,15424.664484872792,-38850.0,57431.65678497641,-1614.8400281815873,933.1832432051742,0,4,0,0,2101.85177400549,0.9999999999823789
2025-02-13,2025-02-13,27.0,44550.0,0.0,44550.0,3,0.43388373911755823,-0.900968867902419,2,0.8660254037844386,0.5000000000000001,0,0,0,0,56750.0,27.0,71700.0,39.0,65050.0,28.0,75900.0,30.0,61757.142857142855,12787.96402127905,-27150.0,59803.57142857143,16257.737380253062,-27150.0,54628.57142857143,15040.74976319831,-27150.0,56920.84979822294,13092.523757154875,-25463.373555377813,1,6,0,0,1649.9999388888912,0.9999999999775533
2025-02-14,2025-02-14,35.0,70500.0,0.0,70500.0,4,-0.433883739117558,-0.9009688679024191,2,0.8660254037844386,0.5000000000000001,0,1,0,0,44550.0,27.0,78000.0,41.0,52350.0,22.0,56050.0,27.0,60685.71428571428,11443.801607774347,-7500.0,61100.0,16341.099671121941,-7500.0,55144.642857142855,15336.32422089668,-7500.0,56331.06492259054,14205.393321802458,-36.45824439300486,0,8,0,0,2014.2856567346957,0.9999999999858157
2025-02-15,2025-02-15,27.0,56000.0,0.0,56000.0,5,-0.9749279121818236,-0.2225209339563146,2,0.8660254037844386,0.5000000000000001,1,0,0,0,70500.0,35.0,57100.0,29.0,53100.0,23.0,62650.0,27.0,60528.57142857143,11508.614785703696,-1100.0,61307.142857142855,16250.016060854376,-1100.0,54907.142857142855,15267.125868189103,-1100.0,55497.68695881127,1077.1001562859424,-574.7871150972132,0,10,0,0,2074.0739972565184,0.9999999999821428
2025-02-16,2025-02-16,17.0,33850.0,0.0,33850.0,6,-0.7818314824680299,0.6234898018587334,2,0.8660254037844386,0.5000000000000001,1,0,0,0,56000.0,27.0,53500.0,25.0,34150.0,16.0,36850.0,18.0,57721.42857142857,15285.473963397977,-19650.0,61285.71428571428,16288.734055870038,-19650.0,54800.0,15408.415209204866,-19650.0,54468.15141948934,-19865.63342760184,-752.5179918875001,0,12,0,0,1991.1763534602144,0.9999999999704579
2025-02-17,2025-02-17,27.0,59350.0,0.0,59350.0,0,0.0,1.0,2,0.8660254037844386,0.5000000000000001,0,0,1,0,33850.0,17.0,63200.0,28.0,51700.0,22.0,33350.0,16.0,57171.42857142857,15123.90098329079,-3850.0,61832.142857142855,16069.268414045508,-3850.0,55728.57142857143,14840.85594873159,-3850.0,53354.69402297042,2260.7691427910927,3734.53683423849,0,0,0,0,2198.1480667352566,0.9999999999831508
2025-02-18,2025-02-18,23.0,44500.0,0.0,44500.0,1,0.7818314824680298,0.6234898018587336,2,0.8660254037844386,0.5000000000000001,0,0,0,0,59350.0,27.0,79200.0,34.0,46350.0,26.0,57900.0,27.0,52214.28571428572,12080.897948335542,-34700.0,61700.0,16213.337339743195,-34700.0,55250.0,14983.608327719832,-34700.0,52262.58736928279,-9304.98137542614,1542.3940061433532,0,2,0,0,1934.7825245746728,0.9999999999775281
2025-02-19,2025-02-19,27.0,48900.0,0.0,48900.0,2,0.9749279121818236,-0.22252093395631434,2,0.8660254037844386,0.5000000000000001,0,0,0,0,44500.0,23.0,56750.0,27.0,95600.0,41.0,37900.0,20.0,51092.857142857145,11953.361750690041,-7850.0,58364.28571428572,13232.222160193127,-7850.0,55642.857142857145,14652.402876419506,-7850.0,51239.57999891059,-1008.6202140907599,-1330.9597848198246,0,4,0,0,1811.1110440329242,0.9999999999795501
2025-02-20,2025-02-20,31.0,62150.0,0.0,62150.0,3,0.43388373911755823,-0.900968867902419,2,0.8660254037844386,0.5000000000000001,0,0,0,0,48900.0,27.0,44550.0,27.0,71700.0,39.0,48500.0,23.0,53607.142857142855,12196.291395728727,17600.0,57682.142857142855,12728.429825558944,17600.0,56130.357142857145,14633.012773543402,17600.0,50355.044659932566,13263.090636994293,-1468.1352969268628,0,6,0,0,2004.8386450052049,0.9999999999839099
2025-02-21,2025-02-21,25.0,57750.0,0.0,57750.0,4,-0.433883739117558,-0.9009688679024191,2,0.8660254037844386,0.5000000000000001,0,1,0,0,62150.0,31.0,70500.0,35.0,78000.0,41.0,60900.0,25.0,51785.71428571428,10008.900800692245,-12750.0,56235.71428571428,11313.936752305419,-12750.0,56017.857142857145,14607.070930341157,-12750.0,49747.86409038639,11644.22289025905,-3642.086980645443,0,8,0,0,2309.9999076000036,0.999999999982684
2025-02-22,2025-02-22,23.0,53450.0,0.0,53450.0,5,-0.9749279121818236,-0.2225209339563146,2,0.8660254037844386,0.5000000000000001,1,0,0,0,57750.0,25.0,56000.0,27.0,57100.0,29.0,43850.0,23.0,51421.42857142857,9875.468644696492,-2550.0,55975.0,11334.524352953445,-2550.0,56360.71428571428,14422.387157566802,-2550.0,49456.48391266517,3538.1174747070395,455.3986126277887,0,10,0,0,2323.912942438568,0.999999999981291
2025-02-23,2025-02-23,23.0,49700.0,0.0,49700.0,6,-0.7818314824680299,0.6234898018587334,2,0.8660254037844386,0.5000000000000001,1,0,0,0,53450.0,23.0,33850.0,17.0,53500.0,25.0,30450.0,15.0,53685.71428571428,6370.093817056235,15850.0,55703.57142857143,11443.329670862686,15850.0,57048.21428571428,13575.450897244207,15850.0,49429.340219851496,-19119.805893651952,19390.465673800456,0,12,0,0,2160.8694712665447,0.9999999999798793
2025-02-24,2025-02-24,26.0,47800.0,0.0,47800.0,0,0.0,1.0,2,0.8660254037844386,0.5000000000000001,0,0,1,0,49700.0,23.0,59350.0,27.0,63200.0,28.0,54050.0,28.0,52035.71428571428,6150.454880583866,-11550.0,54603.57142857143,11407.410956272106,-11550.0,56825.0,13677.57356107124,-11550.0,49601.64275605215,1053.7999025054505,-2855.4426585576,0,0,0,0,1838.461467751482,0.9999999999790795
2025-02-25,2025-02-25,19.0,38250.0,0.0,38250.0,1,0.7818314824680298,0.6234898018587336,2,0.8660254037844386,0.5000000000000001,0,0,0,0,47800.0,26.0,44500.0,23.0,79200.0,34.0,40700.0,19.0,51142.857142857145,7688.163444078156,-6250.0,51678.57142857143,9744.243158156329,-6250.0,56737.5,13791.910034777777,-6250.0,49919.25391359258,-8477.595155854555,-3191.658757738027,0,2,0,0,2013.1577887811688,0.9999999999738562
2025-02-26,2025-02-26,26.0,51450.0,0.0,51450.0,2,0.9749279121818236,-0.22252093395631434,2,0.8660254037844386,0.5000000000000001,0,0,0,0,38250.0,19.0,48900.0,27.0,56750.0,27.0,64150.0,26.0,51507.142857142855,7624.326668162884,2550.0,51300.0,9634.393518096515,2550.0,56283.92857142857,13747.868882467577,2550.0,50265.28943659038,-1502.2668131426672,2686.9773765522914,0,4,0,0,1978.8460777366893,0.9999999999805637
2025-02-27,2025-02-27,33.0,66500.0,0.0,66500.0,3,0.43388373911755823,-0.900968867902419,2,0.8660254037844386,0.5000000000000001,0,0,0,0,51450.0,26.0,62150.0,31.0,44550.0,27.0,65050.0,28.0,52128.57142857143,8733.024349314328,4350.0,52867.857142857145,10219.675727635582,4350.0,56335.71428571428,13784.79340071971,4350.0,50607.84567526716,11367.836636249982,4524.317688482857,0,6,0,0,2015.1514540863197,0.9999999999849625
2025-02-28,2025-02-28,30.0,61350.0,0.0,61350.0,4,-0.433883739117558,-0.9009688679024191,2,0.8660254037844386,0.5000000000000001,0,1,0,0,66500.0,33.0,57750.0,25.0,70500.0,35.0,52350.0,22.0,52642.857142857145,9212.10383912708,3600.0,52214.28571428572,9252.098069158177,3600.0,56657.142857142855,13793.340544851342,3600.0,50909.43798862835,10374.434972757657,66.12703861399496,0,8,0,0,2044.9999318333355,0.9999999999837
2025-03-01,2025-03-01,26.0,57650.0,0.0,57650.0,5,-0.9749279121818236,-0.2225209339563146,3,1.0,6.123233995736766e-17,1,0,0,1,61350.0,30.0,53450.0,23.0,56000.0,27.0,53100.0,23.0,53242.857142857145,9408.127185729365,4200.0,52332.142857142855,9314.331536832033,4200.0,56819.642857142855,13776.673382836332,4200.0,51083.45628689234,6585.5344155765815,-18.990702468916425,0,15,0,0,2217.30760702663,0.999999999982654
2025-03-02,2025-03-02,15.0,35500.0,0.0,35500.0,6,-0.7818314824680299,0.6234898018587334,3,1.0,6.123233995736766e-17,1,0,0,1,57650.0,26.0,49700.0,23.0,33850.0,17.0,34150.0,16.0,51214.28571428572,11579.641412327837,-14200.0,52450.0,9069.708671430257,-14200.0,56867.857142857145,13696.527096214977,-14200.0,50976.36588546372,-18557.808572817343,3081.4426873536286,0,18,0,0,2366.6665088888994,0.999999999971831
2025-03-03,2025-03-03,26.0,47900.0,0.0,47900.0,0,0.0,1.0,3,1.0,6.123233995736766e-17,0,0,1,1,35500.0,15.0,47800.0,26.0,59350.0,27.0,51700.0,22.0,51228.57142857143,11574.787872169272,100.0,51632.142857142855,8914.56472777645,100.0,56732.142857142855,13768.268767994086,100.0,50581.8496132484,954.2051593991857,-3636.054772647585,0,0,0,0,1842.3076214497069,0.9999999999791231
2025-03-04,2025-03-04,24.0,44150.0,0.0,44150.0,1,0.7818314824680298,0.6234898018587336,3,1.0,6.123233995736766e-17,0,0,0,1,47900.0,26.0,38250.0,19.0,44500.0,23.0,46350.0,26.0,52071.42857142857,10650.072657923525,5900.0,51607.142857142855,8936.568286946307,5900.0,56653.57142857143,13835.82259110326,5900.0,49849.514404085356,-6718.201449205729,1018.6870451203722,0,3,0,0,1839.5832566840309,0.9999999999773499
2025-03-05,2025-03-05,32.0,63150.0,0.0,63150.0,2,0.9749279121818236,-0.22252093395631434,3,1.0,6.123233995736766e-17,0,0,0,1,44150.0,24.0,51450.0,26.0,48900.0,27.0,95600.0,41.0,53742.857142857145,11426.118784442655,11700.0,52625.0,9403.819804902621,11700.0,55494.642857142855,11637.076278523138,11700.0,49039.30506163056,-2380.9607448333695,16491.655683202807,0,6,0,0,1973.43743833008,0.9999999999841647
2025-03-06,2025-03-06,34.0,71700.0,0.0,71700.0,3,0.43388373911755823,-0.900968867902419,3,1.0,6.123233995736766e-17,0,0,0,1,63150.0,32.0,66500.0,33.0,62150.0,31.0,71700.0,39.0,54485.71428571428,12511.252078486448,5200.0,53307.142857142855,10437.46685195772,5200.0,55494.642857142855,11637.076278523138,5200.0,48300.210524982125,9017.854589218841,14381.934885799034,0,9,0,0,2108.8234673875454,0.999999999986053
2025-03-07,2025-03-07,30.0,59550.0,0.0,59550.0,4,-0.433883739117558,-0.9009688679024191,3,1.0,6.123233995736766e-17,0,1,0,1,71700.0,34.0,61350.0,30.0,57750.0,25.0,78000.0,41.0,54228.57142857143,12364.291903935185,-1800.0,53435.71428571428,10507.258087982538,-1800.0,54835.71428571428,10808.397431000198,-1800.0,47628.74231160469,10116.871346031945,1804.3863423633666,0,12,0,1,1984.9999338333355,0.9999999999832074
2025-03-08,2025-03-08,13.0,35200.0,0.0,35200.0,5,-0.9749279121818236,-0.2225209339563146,3,1.0,6.123233995736766e-17,1,0,0,1,59550.0,30.0,57650.0,26.0,53450.0,23.0,57100.0,29.0,51021.42857142857,14116.386965239495,-22450.0,52132.142857142855,11582.423805438693,-22450.0,54053.57142857143,11413.904195966674,-22450.0,46996.69656568277,4590.072412111114,-16386.76897779388,0,15,0,0,2707.6920994083002,0.999999999971591
2025-03-09,2025-03-09,11.0,23150.0,0.0,23150.0,6,-0.7818314824680299,0.6234898018587334,3,1.0,6.123233995736766e-17,1,0,0,1,35200.0,13.0,35500.0,15.0,49700.0,23.0,53500.0,25.0,49257.142857142855,16880.694806282696,-12350.0,50235.71428571428,13944.069990934835,-12350.0,52969.642857142855,12822.59535817821,-12350.0,46407.0962525466,-17932.242704062817,-5324.853548483785,0,18,0,0,2104.545263223158,0.9999999999568034
2025-03-10,2025-03-10,24.0,49350.0,0.0,49350.0,0,0.0,1.0,3,1.0,6.123233995736766e-17,0,0,1,1,23150.0,11.0,47900.0,26.0,47800.0,26.0,63200.0,28.0,49464.28571428572,16870.15891759068,1450.0,50346.42857142857,13929.388747505125,1450.0,52475.0,12679.675337589024,1450.0,45734.645168770636,2776.163208276563,839.1916229527997,0,0,0,0,2056.24991432292,0.9999999999797365
2025-03-11,2025-03-11,27.0,53750.0,0.0,53750.0,1,0.7818314824680298,0.6234898018587336,3,1.0,6.123233995736766e-17,0,0,0,1,49350.0,24.0,44150.0,24.0,38250.0,19.0,79200.0,34.0,50835.71428571428,16755.961980882043,9600.0,51453.57142857143,13503.453465484567,9600.0,51566.07142857143,11555.294229721994,9600.0,45437.967512134106,-2995.005095089829,11307.037582955723,0,3,0,0,1990.7406670096047,0.9999999999813953
2025-03-12,2025-03-12,19.0,41050.0,0.0,41050.0,2,0.9749279121818236,-0.22252093395631434,3,1.0,6.123233995736766e-17,0,0,0,1,53750.0,27.0,63150.0,32.0,51450.0,26.0,56750.0,27.0,47678.57142857143,16118.929274377477,-22100.0,50710.71428571428,13786.75756173059,-22100.0,51005.357142857145,11674.730064971256,-22100.0,45725.33917844908,-3832.698396458089,-842.6407819909946,0,6,0,0,2160.526202077568,0.9999999999756395
2025-03-13,2025-03-13,22.0,49300.0,0.0,49300.0,3,0.43388373911755823,-0.900968867902419,3,1.0,6.123233995736766e-17,0,0,0,1,41050.0,19.0,71700.0,34.0,66500.0,33.0,44550.0,27.0,44478.57142857143,12334.499623105223,-22400.0,49482.142857142855,13016.344860078227,-22400.0,51175.0,11611.795567279549,-22400.0,46380.274527746966,6332.692840492017,-3412.967368238984,0,9,0,0,2240.908989049591,0.999999999979716
2025-03-14,2025-03-14,25.0,55600.0,0.0,55600.0,4,-0.433883739117558,-0.9009688679024191,3,1.0,6.123233995736766e-17,0,1,0,1,49300.0,22.0,59550.0,30.0,61350.0,30.0,70500.0,35.0,43914.28571428572,11598.481017131673,-3950.0,49071.42857142857,12699.935104100057,-3950.0,50642.857142857145,11019.693770411566,-3950.0,47438.623527145064,10849.490056942748,-2688.1135840878123,0,12,0,1,2223.9999110400036,0.9999999999820144
2025-03-15,2025-03-15,14.0,34200.0,0.0,34200.0,5,-0.9749279121818236,-0.2225209339563146,3,1.0,6.123233995736766e-17,1,0,0,1,55600.0,25.0,35200.0,13.0,57650.0,26.0,56000.0,27.0,43771.42857142857,11729.125327678224,-1000.0,47396.42857142857,13023.757349340725,-1000.0,49864.28571428572,11391.036576436361,-1000.0,48747.18886149312,3364.8853067467835,-17912.074168239906,0,15,0,0,2442.8569683673595,0.9999999999707603
2025-03-16,2025-03-16,18.0,33550.0,0.0,33550.0,6,-0.7818314824680299,0.6234898018587334,3,1.0,6.123233995736766e-17,1,0,0,1,34200.0,14.0,23150.0,11.0,35500.0,15.0,33850.0,17.0,45257.142857142855,9029.739225259636,10400.0,47257.142857142855,13170.375515101772,10400.0,49853.57142857143,11406.787522668172,10400.0,50205.98311470501,-18845.117467446653,2189.1343527416393,0,18,0,0,1863.8887853395117,0.9999999999701937
2025-03-17,2025-03-17,29.0,57100.0,0.0,57100.0,0,0.0,1.0,3,1.0,6.123233995736766e-17,0,0,1,1,33550.0,18.0,49350.0,24.0,47900.0,26.0,59350.0,27.0,46364.28571428572,10034.428828028233,7750.0,47914.28571428572,13431.84259900319,7750.0,49773.21428571428,11345.169327228607,7750.0,51567.49738778878,5185.362314078317,347.1402981329011,0,0,0,0,1968.9654493460189,0.9999999999824869
2025-03-18,2025-03-18,41.0,73750.0,0.0,73750.0,1,0.7818314824680298,0.6234898018587336,3,1.0,6.123233995736766e-17,0,0,0,1,57100.0,29.0,53750.0,27.0,44150.0,24.0,44500.0,23.0,49221.42857142857,14389.951851403697,20000.0,50028.57142857143,15028.482116477235,20000.0,50817.857142857145,12159.086027159678,20000.0,52835.01944029349,751.7171830915837,20163.263376614923,0,3,0,0,1798.7804439321844,0.9999999999864407
2025-03-19,2025-03-19,32.0,63400.0,0.0,63400.0,2,0.9749279121818236,-0.22252093395631434,3,1.0,6.123233995736766e-17,0,0,0,1,73750.0,41.0,41050.0,19.0,63150.0,32.0,48900.0,27.0,52414.28571428572,14749.709440237502,22350.0,50046.42857142857,15045.411570996012,22350.0,51335.71428571428,12381.130035355322,22350.0,54100.42449780128,-5463.345301009169,14762.920803207882,0,6,0,0,1981.2499380859397,0.9999999999842272
2025-03-20,2025-03-20,24.0,60500.0,0.0,60500.0,3,0.43388373911755823,-0.900968867902419,3,1.0,6.123233995736766e-17,0,0,0,1,63400.0,32.0,49300.0,22.0,71700.0,34.0,62150.0,31.0,54014.28571428572,14961.526055344915,11200.0,49246.42857142857,14071.731951323241,11200.0,51276.78571428572,12331.58007164892,11200.0,55066.201459420874,3508.659326919525,1925.1392136596041,0,9,0,0,2520.8332282986153,0.9999999999834711
2025-03-21,2025-03-21,32.0,54350.0,0.0,54350.0,4,-0.433883739117558,-0.9009688679024191,3,1.0,6.123233995736766e-17,0,1,0,1,60500.0,24.0,55600.0,25.0,59550.0,30.0,57750.0,25.0,53835.71428571428,14946.898069658626,-1250.0,48875.0,13845.656775265765,-1250.0,51155.357142857145,12282.118432951822,-1250.0,55651.77006867612,12023.758593153894,-13325.528661830016,0,12,0,1,1698.4374469238298,0.9999999999816007
2025-03-22,2025-03-22,26.0,58050.0,0.0,58050.0,5,-0.9749279121818236,-0.2225209339563146,3,1.0,6.123233995736766e-17,1,0,0,1,54350.0,32.0,34200.0,14.0,35200.0,13.0,53450.0,23.0,57242.857142857145,12188.773132526245,23850.0,50507.142857142855,13450.791471463403,23850.0,51319.642857142855,12344.554499602142,23850.0,56081.08023097982,1528.900827082747,440.01894193743647,0,15,0,0,2232.69222181953,0.9999999999827734
2025-03-23,2025-03-23,17.0,36500.0,0.0,36500.0,6,-0.7818314824680299,0.6234898018587334,3,1.0,6.123233995736766e-17,1,0,0,1,58050.0,26.0,33550.0,18.0,23150.0,11.0,49700.0,23.0,57664.28571428572,11247.729929698338,2950.0,51460.71428571428,11724.615436885708,2950.0,50848.21428571428,12656.79792562698,2950.0,56189.57944425676,-19994.92583259588,305.3463883391232,0,18,0,0,2147.058697231841,0.9999999999726027
2025-03-24,2025-03-24,33.0,66950.0,0.0,66950.0,0,0.0,1.0,3,1.0,6.123233995736766e-17,0,0,1,1,36500.0,17.0,57100.0,29.0,49350.0,24.0,47800.0,26.0,59071.42857142857,11769.411523905985,9850.0,52717.857142857145,12404.723156661265,9850.0,51532.142857142855,12998.762151078621,9850.0,55678.293395732486,5776.42411123154,5495.282493035971,0,0,0,0,2028.7878173094603,0.9999999999850636
2025-03-25,2025-03-25,25.0,58300.0,0.0,58300.0,1,0.7818314824680298,0.6234898018587336,3,1.0,6.123233995736766e-17,0,0,0,1,66950.0,33.0,73750.0,41.0,53750.0,27.0,38250.0,19.0,56864.28571428572,9850.114816831581,-15450.0,53042.857142857145,12493.134378265857,-15450.0,52248.21428571428,12790.567141617663,-15450.0,54959.738785875445,3680.1208394370888,-339.8596253125361,0,3,0,0,2331.9999067200038,0.9999999999828474
2025-03-26,2025-03-26,24.0,47750.0,0.0,47750.0,2,0.9749279121818236,-0.22252093395631434,3,1.0,6.123233995736766e-17,0,0,0,1,58300.0,25.0,63400.0,32.0,41050.0,19.0,51450.0,26.0,54628.57142857143,9895.405379217698,-15650.0,53521.42857142857,12121.178450669255,-15650.0,52116.07142857143,12818.202144486873,-15650.0,54175.40021178351,-6439.4031861191515,14.002974335642648,0,6,0,0,1989.5832504340312,0.9999999999790575
2025-03-27,2025-03-27,31.0,55250.0,0.0,55250.0,3,0.43388373911755823,-0.900968867902419,3,1.0,6.123233995736766e-17,0,0,0,1,47750.0,24.0,60500.0,24.0,49300.0,22.0,66500.0,33.0,53878.57142857143,9569.824847877337,-5250.0,53946.42857142857,12065.963959159584,-5250.0,51714.28571428572,12523.569313889111,-5250.0,53413.91099236288,3196.9375003101786,-1360.8484926730598,0,9,0,0,1782.2580070239353,0.9999999999819005
2025-03-28,2025-03-28,36.0,66950.0,0.0,66950.0,4,-0.433883739117558,-0.9009688679024191,3,1.0,6.123233995736766e-17,0,1,0,1,55250.0,31.0,54350.0,32.0,55600.0,25.0,61350.0,30.0,55678.57142857143,10781.537349517956,12600.0,54757.142857142855,12556.929701025061,12600.0,51914.28571428572,12726.22588974524,12600.0,52706.31221199614,14129.160687324591,114.52710067926819,0,12,0,1,1859.7221705632733,0.9999999999850636
2025-03-29,2025-03-29,26.0,51400.0,0.0,51400.0,5,-0.9749279121818236,-0.2225209339563146,3,1.0,6.123233995736766e-17,1,0,0,1,66950.0,36.0,58050.0,26.0,34200.0,14.0,57650.0,26.0,54728.57142857143,10830.622371423719,-6650.0,55985.71428571428,11153.947707002726,-6650.0,51691.07142857143,12676.611984363686,-6650.0,51973.01074201714,461.33043843949315,-1034.341180456635,0,15,0,0,1976.9230008875768,0.9999999999805448
2025-03-30,2025-03-30,27.0,48200.0,0.0,48200.0,6,-0.7818314824680299,0.6234898018587334,3,1.0,6.123233995736766e-17,1,0,0,1,51400.0,26.0,36500.0,17.0,33550.0,18.0,35500.0,15.0,56400.0,8109.6650156877495,11700.0,57032.142857142855,9443.202829036964,11700.0,52144.642857142855,12297.36752381865,11700.0,51311.87864463826,-21947.954897167423,18836.076252529165,0,18,0,0,1785.1851190672178,0.9999999999792532
2025-03-31,2025-03-31,32.0,55050.0,0.0,55050.0,0,0.0,1.0,3,1.0,6.123233995736766e-17,0,0,1,1,48200.0,27.0,66950.0,33.0,57100.0,29.0,47900.0,26.0,54700.0,6644.421218837372,-11900.0,56885.71428571428,9457.952058604398,-11900.0,52400.0,12280.18578698871,-11900.0,50898.41282072662,5570.871104175545,-1419.2839249021636,0,0,0,0,1720.312446240236,0.9999999999818346
2025-04-01,2025-04-01,23.0,60100.0,0.0,60100.0,1,0.7818314824680298,0.6234898018587336,4,0.8660254037844387,-0.4999999999999998,0,0,0,0,55050.0,32.0,58300.0,25.0,73750.0,41.0,44150.0,24.0,54957.142857142855,6838.946591120119,1800.0,55910.71428571428,8206.497861015932,1800.0,52969.642857142855,12253.225873710395,1800.0,50686.81021654801,7633.687681203574,1779.5021022484143,0,4,0,0,2613.0433646502884,0.9999999999833611
2025-04-02,2025-04-02,26.0,43550.0,0.0,43550.0,2,0.9749279121818236,-0.22252093395631434,4,0.8660254037844387,-0.4999999999999998,0,0,0,0,60100.0,23.0,47750.0,24.0,63400.0,32.0,63150.0,32.0,54357.142857142855,7705.919184379851,-4200.0,54492.857142857145,8521.733688337534,-4200.0,52269.642857142855,12209.880177208765,-4200.0,50628.160523767525,-6846.7854884569615,-231.37503531056427,0,8,0,0,1674.9999355769255,0.9999999999770379
2025-04-03,2025-04-03,28.0,50900.0,0.0,50900.0,3,0.43388373911755823,-0.900968867902419,4,0.8660254037844387,-0.4999999999999998,0,0,0,0,43550.0,26.0,55250.0,31.0,60500.0,24.0,71700.0,34.0,53735.71428571428,7796.778944202843,-4350.0,53807.142857142855,8386.340935456654,-4350.0,51526.78571428572,11601.528332770698,-4350.0,50703.6817910927,4893.11419546423,-4696.795986556928,0,12,0,0,1817.8570779336758,0.9999999999803536
2025-04-04,2025-04-04,20.0,35850.0,0.0,35850.0,4,-0.433883739117558,-0.9009688679024191,4,0.8660254037844387,-0.4999999999999998,0,1,0,0,50900.0,28.0,66950.0,36.0,54350.0,32.0,59550.0,30.0,49292.857142857145,7872.389968079979,-31100.0,52485.71428571428,9655.676460615769,-31100.0,50680.357142857145,11856.248073747447,-31100.0,50921.47020337636,9700.025169488896,-24771.495372865254,1,16,0,0,1792.4999103750044,0.999999999972106
2025-04-05,2025-04-05,24.0,52350.0,0.0,52350.0,5,-0.9749279121818236,-0.2225209339563146,4,0.8660254037844387,-0.4999999999999998,1,0,0,0,35850.0,20.0,51400.0,26.0,58050.0,26.0,35200.0,13.0,49428.57142857143,7922.797125114133,950.0,52078.57142857143,9522.2555966721,950.0,51292.857142857145,11463.385466309808,950.0,51248.64227080914,-555.9498911434198,1657.307620334279,0,20,0,0,2181.249909114587,0.9999999999808978
2025-04-06,2025-04-06,12.0,26750.0,0.0,26750.0,6,-0.7818314824680299,0.6234898018587334,4,0.8660254037844387,-0.4999999999999998,1,0,0,0,52350.0,24.0,48200.0,27.0,36500.0,17.0,23150.0,11.0,46364.28571428572,11716.822460523621,-21450.0,51382.142857142855,10992.333117343142,-21450.0,51421.42857142857,11152.008858824413,-21450.0,51549.41415045589,-22904.141065884796,-1895.2730845710903,0,24,0,0,2229.1664809027934,0.9999999999626168
2025-04-07,2025-04-07,24.0,55900.0,0.0,55900.0,0,0.0,1.0,4,0.8660254037844387,-0.4999999999999998,0,0,1,0,26750.0,12.0,55050.0,32.0,66950.0,33.0,49350.0,24.0,46485.71428571428,11825.738676213738,850.0,50592.857142857145,10153.208230044269,850.0,51655.357142857145,11175.621113617304,850.0,51554.52314793249,4035.5309231481183,309.9459289193983,0,0,0,0,2329.1665696180594,0.9999999999821109
2025-04-08,2025-04-08,30.0,63000.0,0.0,63000.0,1,0.7818314824680298,0.6234898018587336,4,0.8660254037844387,-0.4999999999999998,0,0,0,0,55900.0,24.0,60100.0,23.0,58300.0,25.0,53750.0,27.0,46900.0,12418.131904598302,2900.0,50928.57142857143,10499.445301936335,2900.0,51985.71428571428,11374.776002213217,2900.0,51250.400970997485,8367.258883113767,3382.3401458887456,0,4,0,0,2099.999930000002,0.999999999984127
2025-04-09,2025-04-09,19.0,34900.0,0.0,34900.0,2,0.9749279121818236,-0.22252093395631434,4,0.8660254037844387,-0.4999999999999998,0,0,0,0,63000.0,30.0,43550.0,26.0,47750.0,24.0,41050.0,19.0,45664.28571428572,13212.043567824676,-8650.0,50010.71428571428,11327.692048376772,-8650.0,51766.07142857143,11649.813649530179,-8650.0,50716.17097608703,-213.16775155205147,-15603.00322453498,0,8,0,0,1836.8420085872626,0.9999999999713467
2025-04-10,2025-04-10,30.0,58700.0,0.0,58700.0,3,0.43388373911755823,-0.900968867902419,4,0.8660254037844387,-0.4999999999999998,0,0,0,0,34900.0,19.0,50900.0,28.0,55250.0,31.0,49300.0,22.0,46778.57142857143,14030.765515551288,7800.0,50257.142857142855,11486.84627574682,7800.0,52101.78571428572,11711.394278751677,7800.0,50072.38764914115,5626.943866264234,3000.6684845946147,0,12,0,0,1956.6666014444465,0.9999999999829642
2025-04-11,2025-04-11,33.0,69250.0,0.0,69250.0,4,-0.433883739117558,-0.9009688679024191,4,0.8660254037844387,-0.4999999999999998,0,1,0,0,58700.0,30.0,35850.0,20.0,66950.0,36.0,55600.0,25.0,51550.0,15315.242951604432,33400.0,50421.42857142857,11757.218965478149,33400.0,52589.28571428572,12138.707274076216,33400.0,49496.09166231286,4455.205928680242,15298.702409006903,0,16,0,0,2098.4847848944005,0.9999999999855597
2025-04-12,2025-04-12,19.0,45450.0,0.0,45450.0,5,-0.9749279121818236,-0.2225209339563146,4,0.8660254037844387,-0.4999999999999998,1,0,0,0,69250.0,33.0,52350.0,24.0,51400.0,26.0,34200.0,14.0,50564.28571428572,15476.372160105797,-6900.0,49996.42857142857,11826.46094871284,-6900.0,52991.07142857143,11685.199990137968,-6900.0,48989.30681899026,-1704.7924067708732,-1834.5144122193888,0,20,0,0,2392.1051372576244,0.9999999999779978
2025-04-13,2025-04-13,13.0,22950.0,0.0,22950.0,6,-0.7818314824680299,0.6234898018587334,4,0.8660254037844387,-0.4999999999999998,1,0,0,0,45450.0,19.0,26750.0,12.0,48200.0,27.0,33550.0,18.0,50021.42857142857,16484.711531771394,-3800.0,48192.857142857145,13870.24841914492,-3800.0,52612.5,12482.852126906686,-3800.0,48355.7447811516,-22579.222233533077,-2826.5225476185296,0,24,0,0,1765.3844795858095,0.999999999956427
2025-04-14,2025-04-14,29.0,66800.0,0.0,66800.0,0,0.0,1.0,4,0.8660254037844387,-0.4999999999999998,0,0,1,0,22950.0,13.0,55900.0,24.0,55050.0,32.0,57100.0,29.0,51578.57142857143,17609.014195927706,10900.0,49032.142857142855,14650.631479470565,10900.0,52958.92857142857,12743.873281578397,10900.0,47592.18512620914,6883.532525376755,12324.282348414112,0,0,0,0,2303.4481964328206,0.9999999999850301
2025-04-15,2025-04-15,31.0,54250.0,0.0,54250.0,1,0.7818314824680298,0.6234898018587336,4,0.8660254037844387,-0.4999999999999998,0,0,0,0,66800.0,29.0,63000.0,30.0,60100.0,23.0,73750.0,41.0,50328.57142857143,16961.79179663468,-8750.0,48614.28571428572,14391.816966748733,-8750.0,52262.5,12081.188506961444,-8750.0,46809.924223678856,6687.895013011482,752.1807633096614,0,4,0,0,1749.999943548389,0.9999999999815669
2025-04-16,2025-04-16,13.0,32700.0,0.0,32700.0,2,0.9749279121818236,-0.22252093395631434,4,0.8660254037844387,-0.4999999999999998,0,0,0,0,54250.0,31.0,34900.0,19.0,43550.0,26.0,63400.0,32.0,50014.28571428572,17312.079460252535,-2200.0,47839.28571428572,14966.182116453685,-2200.0,51166.07142857143,12421.270985031866,-2200.0,45991.83626026588,4587.947695112251,-17879.78395537813,0,8,0,0,2515.384421893506,0.9999999999694189
2025-04-17,2025-04-17,26.0,55950.0,0.0,55950.0,3,0.43388373911755823,-0.900968867902419,4,0.8660254037844387,-0.4999999999999998,0,0,0,0,32700.0,13.0,58700.0,30.0,50900.0,28.0,60500.0,24.0,49621.42857142857,17112.175420414846,-2750.0,48200.0,15105.83178266443,-2750.0,51003.57142857143,12324.019971339094,-2750.0,45031.626355293076,5021.774881866318,5896.598762840607,0,12,0,0,2151.922994156808,0.9999999999821269
2025-04-18,2025-04-18,29.0,43550.0,0.0,43550.0,4,-0.433883739117558,-0.9009688679024191,4,0.8660254037844387,-0.4999999999999998,0,1,0,0,55950.0,26.0,69250.0,33.0,35850.0,20.0,54350.0,32.0,45950.0,14799.690312075298,-25700.0,48750.0,14757.748942374476,-25700.0,50617.857142857145,12384.265811203193,-25700.0,43984.23991833026,-1324.7250325242444,890.4851141939798,0,16,0,0,1501.7240861474452,0.9999999999770379
2025-04-19,2025-04-19,27.0,53050.0,0.0,53050.0,5,-0.9749279121818236,-0.2225209339563146,4,0.8660254037844387,-0.4999999999999998,1,0,0,0,43550.0,29.0,45450.0,19.0,52350.0,24.0,58050.0,26.0,47035.71428571428,15033.815059328668,7600.0,48800.0,14772.06302971414,7600.0,50439.28571428572,12308.950049567507,7600.0,42702.21071156261,-2761.1197261464467,13108.909014583835,0,20,0,0,1964.8147420438984,0.9999999999811499
2025-04-20,2025-04-20,10.0,22350.0,0.0,22350.0,6,-0.7818314824680299,0.6234898018587334,4,0.8660254037844387,-0.4999999999999998,1,0,0,0,53050.0,27.0,22950.0,13.0,26750.0,12.0,36500.0,17.0,46950.0,15194.873038846652,-600.0,48485.71428571428,15314.139125098029,-600.0,49933.92857142857,13163.262946629648,-600.0,40991.70529045964,-18738.6273310883,96.92204062865494,0,24,0,0,2234.9997765000226,0.9999999999552572
2025-04-21,2025-04-21,15.0,30700.0,0.0,30700.0,0,0.0,1.0,4,0.8660254037844387,-0.4999999999999998,0,0,1,0,22350.0,10.0,66800.0,29.0,55900.0,24.0,66950.0,33.0,41792.857142857145,13348.983374881362,-36100.0,46685.71428571428,15847.341788396016,-36100.0,48639.28571428572,13210.260862809968,-36100.0,39138.471096968926,6985.08748725666,-15423.558584225586,0,0,0,0,2046.6665302222314,0.9999999999674267
2025-04-22,2025-04-22,17.0,39700.0,0.0,39700.0,1,0.7818314824680298,0.6234898018587336,4,0.8660254037844387,-0.4999999999999998,0,0,0,0,30700.0,15.0,54250.0,31.0,63000.0,30.0,58300.0,25.0,39714.28571428572,12166.405737580442,-14550.0,45021.42857142857,15213.009542515247,-14550.0,47975.0,13174.080191379042,-14550.0,37319.554116034,3191.9647793508643,-811.5188953848628,0,4,0,0,2335.2939802768246,0.999999999974811
2025-04-23,2025-04-23,23.0,45900.0,0.0,45900.0,2,0.9749279121818236,-0.22252093395631434,4,0.8660254037844387,-0.4999999999999998,0,0,0,0,39700.0,17.0,32700.0,13.0,34900.0,19.0,47750.0,24.0,41600.0,11918.473056562316,13200.0,45807.142857142855,14931.508465488201,13200.0,47908.92857142857,13179.88825313311,13200.0,35717.704427745266,10001.809412290206,180.4861599645301,0,8,0,0,1995.6520871455614,0.9999999999782135
2025-04-24,2025-04-24,14.0,33450.0,0.0,33450.0,3,0.43388373911755823,-0.900968867902419,4,0.8660254037844387,-0.4999999999999998,0,0,0,0,45900.0,23.0,55950.0,26.0,58700.0,30.0,55250.0,31.0,38385.71428571428,10331.816324898067,-22500.0,44003.57142857143,14778.576806228093,-22500.0,47130.357142857145,13372.652713970496,-22500.0,34388.775600467736,3625.703481151653,-4564.479081619389,0,12,0,0,2389.2855436224613,0.9999999999701046
2025-04-25,2025-04-25,14.0,26250.0,0.0,26250.0,4,-0.433883739117558,-0.9009688679024191,4,0.8660254037844387,-0.4999999999999998,0,1,0,0,33450.0,14.0,43550.0,29.0,69250.0,33.0,66950.0,36.0,35914.28571428572,10941.728774349602,-17300.0,40932.142857142855,13544.84868221775,-17300.0,45676.78571428572,13350.492307074926,-17300.0,33320.593157257965,-4335.658405909764,-2734.934751348199,0,16,0,0,1874.9998660714382,0.9999999999619047
2025-04-26,2025-04-26,12.0,29250.0,0.0,29250.0,5,-0.9749279121818236,-0.2225209339563146,4,0.8660254037844387,-0.4999999999999998,1,0,0,0,26250.0,14.0,53050.0,27.0,45450.0,19.0,51400.0,26.0,32514.285714285714,8043.512618134966,-23800.0,39775.0,13818.420676763313,-23800.0,44885.71428571428,13651.650674462891,-23800.0,32438.306947061457,-3614.753732438924,426.4467853774695,0,20,0,0,2437.499796875017,0.9999999999658119
2025-04-27,2025-04-27,9.0,18050.0,0.0,18050.0,6,-0.7818314824680299,0.6234898018587334,4,0.8660254037844387,-0.4999999999999998,1,0,0,0,29250.0,12.0,22350.0,10.0,22950.0,13.0,48200.0,27.0,31900.0,9050.32227787135,-4300.0,39425.0,14329.941086356963,-4300.0,43808.92857142857,14540.658536028302,-4300.0,31781.351800061704,-15822.99666990634,2091.644869844633,0,24,0,0,2005.5553327160744,0.9999999999445983
2025-04-28,2025-04-28,17.0,42000.0,0.0,42000.0,0,0.0,1.0,4,0.8660254037844387,-0.4999999999999998,0,0,1,0,18050.0,9.0,30700.0,15.0,66800.0,29.0,55050.0,32.0,33514.28571428572,9779.047085721757,11300.0,37653.57142857143,12034.636939423468,11300.0,43342.857142857145,14375.208303068548,11300.0,31290.653503411184,10198.414403792178,510.9320927966364,0,0,0,0,2470.588089965406,0.9999999999761905
2025-04-29,2025-04-29,13.0,29850.0,0.0,29850.0,1,0.7818314824680298,0.6234898018587336,4,0.8660254037844387,-0.4999999999999998,0,0,0,0,42000.0,17.0,39700.0,17.0,54250.0,31.0,60100.0,23.0,32107.14285714286,9443.5352036649,-9850.0,35910.71428571428,11182.922739114774,-9850.0,42262.5,14204.89368596706,-9850.0,30914.16217887749,129.0507705017111,-1193.2129493792017,0,4,0,0,2296.153669526641,0.9999999999664991
2025-04-30,2025-04-30,26.0,56100.0,0.0,56100.0,2,0.9749279121818236,-0.22252093395631434,4,0.8660254037844387,-0.4999999999999998,0,0,0,0,29850.0,13.0,45900.0,23.0,32700.0,13.0,43550.0,26.0,33564.28571428572,12285.720514948638,10200.0,37582.142857142855,12353.56702057619,10200.0,42710.71428571428,14443.025723977964,10200.0,30535.597378190345,11830.789269160321,13733.613352649336,0,8,0,0,2157.6922247041452,0.9999999999821747
2025-05-01,2025-05-01,15.0,31000.0,0.0,31000.0,3,0.43388373911755823,-0.900968867902419,5,0.49999999999999994,-0.8660254037844387,0,0,0,0,56100.0,26.0,33450.0,14.0,55950.0,26.0,50900.0,28.0,33214.28571428572,12324.356449923182,-2450.0,35800.0,11250.367515364487,-2450.0,42000.0,14514.5648433768,-2450.0,30198.69427519478,2362.6603218257164,-1561.354597020494,0,15,0,0,2066.666528888898,0.9999999999677419
2025-05-02,2025-05-02,11.0,25500.0,0.0,25500.0,4,-0.433883739117558,-0.9009688679024191,5,0.49999999999999994,-0.8660254037844387,0,1,0,0,31000.0,15.0,26250.0,14.0,43550.0,29.0,35850.0,20.0,33107.142857142855,12398.031717824879,-750.0,34510.71428571428,11327.895767858723,-750.0,41630.357142857145,14805.856819651419,-750.0,30009.56676947519,-5389.992898390897,880.4261289157075,0,20,0,0,2318.181607438036,0.9999999999607843
2025-05-03,2025-05-03,6.0,10600.0,0.0,10600.0,5,-0.9749279121818236,-0.2225209339563146,5,0.49999999999999994,-0.8660254037844387,1,0,0,0,25500.0,11.0,29250.0,12.0,53050.0,27.0,52350.0,24.0,30442.85714285714,15079.081221221388,-18650.0,31478.571428571428,11660.1839655251,-18650.0,40139.28571428572,15757.98655322556,-18650.0,29941.13529879091,-1037.3047327282982,-18303.83056606261,0,25,0,0,1766.6663722222713,0.9999999999056604
2025-05-04,2025-05-04,13.0,29350.0,0.0,29350.0,6,-0.7818314824680299,0.6234898018587334,5,0.49999999999999994,-0.8660254037844387,1,0,0,0,10600.0,6.0,18050.0,9.0,22350.0,10.0,26750.0,12.0,32057.14285714286,14104.621836222987,11300.0,31978.571428571428,11385.478509009603,11300.0,40232.142857142855,15683.65045307976,11300.0,29955.317425224996,-12651.167868387141,12045.850443162148,0,30,0,0,2257.6921340236822,0.9999999999659285
2025-05-05,2025-05-05,15.0,30400.0,0.0,30400.0,0,0.0,1.0,5,0.49999999999999994,-0.8660254037844387,0,0,1,0,29350.0,13.0,42000.0,17.0,30700.0,15.0,55900.0,24.0,30400.0,13405.875577522007,-11600.0,31957.14285714286,11388.351963280687,-11600.0,39321.42857142857,15479.18811017755,-11600.0,30063.446048865237,2090.53240015956,-1753.9784490247948,0,0,0,0,2026.6665315555647,0.9999999999671052
2025-05-06,2025-05-06,13.0,28350.0,0.0,28350.0,1,0.7818314824680298,0.6234898018587336,5,0.49999999999999994,-0.8660254037844387,0,0,0,0,30400.0,15.0,29850.0,13.0,39700.0,17.0,63000.0,30.0,30185.714285714286,13428.102195449273,-1500.0,31146.428571428572,11197.140161764357,-1500.0,38083.92857142857,14889.917378893082,-1500.0,30173.760453114293,-337.6354647474712,-1486.1249883668206,0,5,0,0,2180.7690630177644,0.9999999999647267
2025-05-07,2025-05-07,26.0,45850.0,0.0,45850.0,2,0.9749279121818236,-0.22252093395631434,5,0.49999999999999994,-0.8660254037844387,0,0,0,0,28350.0,13.0,56100.0,26.0,45900.0,23.0,34900.0,19.0,28721.428571428572,10333.55606518791,-10250.0,31142.85714285714,11192.07922428339,-10250.0,38475.0,14946.884352661911,-10250.0,30226.614592623457,12731.6843443096,2891.701063066943,0,10,0,0,1763.4614706360971,0.9999999999781898
2025-05-08,2025-05-08,16.0,36350.0,0.0,36350.0,3,0.43388373911755823,-0.900968867902419,5,0.49999999999999994,-0.8660254037844387,0,0,0,0,45850.0,26.0,31000.0,15.0,33450.0,14.0,58700.0,30.0,29485.714285714286,10720.763121380998,5350.0,31350.0,11264.66565450084,5350.0,37676.78571428572,14414.084432472733,5350.0,30328.465253318293,2841.148911575632,3180.3858351060735,0,15,0,0,2271.8748580078213,0.9999999999724897
2025-05-09,2025-05-09,13.0,22650.0,0.0,22650.0,4,-0.433883739117558,-0.9009688679024191,5,0.49999999999999994,-0.8660254037844387,0,1,0,0,36350.0,16.0,25500.0,11.0,26250.0,14.0,69250.0,33.0,29078.571428571428,10949.043228476565,-2850.0,31092.85714285714,11429.917846512306,-2850.0,36012.5,13279.137250254966,-2850.0,30573.415723656944,-4142.904952224903,-3780.51077143204,0,20,0,0,1742.307558284034,0.9999999999558499
2025-05-10,2025-05-10,8.0,19650.0,0.0,19650.0,5,-0.9749279121818236,-0.2225209339563146,5,0.49999999999999994,-0.8660254037844387,1,0,0,0,22650.0,13.0,10600.0,6.0,29250.0,12.0,45450.0,19.0,30371.428571428572,8708.51389651043,9050.0,30407.14285714286,11829.946633972437,9050.0,35091.07142857143,13493.414398989424,9050.0,30877.97260100549,1411.890630220131,-12639.863231225623,0,25,0,0,2456.2496929687886,0.9999999999491094
2025-05-11,2025-05-11,10.5,20650.0,0.0,20650.0,6,-0.7818314824680299,0.6234898018587334,5,0.49999999999999994,-0.8660254037844387,1,0,0,0,19650.0,8.0,29350.0,13.0,18050.0,9.0,22950.0,13.0,29128.571428571428,9466.425634087831,-8700.0,30592.85714285714,11639.915693965993,-8700.0,35008.92857142857,13576.805204106839,-8700.0,31225.467875394363,-11230.32208236235,654.8542069679861,0,30,0,0,1966.6664793650973,0.9999999999515738
2025-05-12,2025-05-12,13.0,21650.0,0.0,21650.0,0,0.0,1.0,5,0.49999999999999994,-0.8660254037844387,0,0,1,0,20650.0,10.5,30400.0,15.0,42000.0,17.0,66800.0,29.0,27878.571428571428,9840.852653727812,-8750.0,29139.285714285714,11373.420069000014,-8750.0,33396.42857142857,12280.494384512394,-8750.0,31558.212006216116,-3310.711204012157,-6597.500802203958,0,0,0,0,1665.3844872781165,0.9999999999538106
2025-05-13,2025-05-13,17.0,32050.0,0.0,32050.0,1,0.7818314824680298,0.6234898018587336,5,0.49999999999999994,-0.8660254037844387,0,0,0,0,21650.0,13.0,28350.0,13.0,29850.0,13.0,54250.0,31.0,28407.14285714286,9968.927916758383,3700.0,29296.428571428572,11399.164346661386,3700.0,32603.571428571428,11580.994396722996,3700.0,31909.584783007747,221.79013658678664,-81.37491959453473,0,5,0,0,1885.2940067474112,0.9999999999687987
2025-05-14,2025-05-14,20.0,45150.0,0.0,45150.0,2,0.9749279121818236,-0.22252093395631434,5,0.49999999999999994,-0.8660254037844387,0,0,0,0,32050.0,17.0,45850.0,26.0,56100.0,26.0,32700.0,13.0,28307.14285714286,9766.244099423515,-700.0,28514.285714285714,9661.86851994486,-700.0,33048.21428571428,11821.343551381395,-700.0,32460.300113651057,11817.2918726344,872.4080137145429,0,10,0,0,2257.4998871250054,0.9999999999778516
2025-05-15,2025-05-15,22.0,51750.0,0.0,51750.0,3,0.43388373911755823,-0.900968867902419,5,0.49999999999999994,-0.8660254037844387,0,0,0,0,45150.0,20.0,36350.0,16.0,31000.0,15.0,55950.0,26.0,30507.14285714286,13059.333462171471,15400.0,29996.428571428572,11490.923914880856,15400.0,32898.21428571428,11543.360141647947,15400.0,33169.6777805874,3382.2385265883895,15198.083692824206,0,15,0,0,2352.2726203512443,0.9999999999806763
2025-05-16,2025-05-16,18.0,32200.0,0.0,32200.0,4,-0.433883739117558,-0.9009688679024191,5,0.49999999999999994,-0.8660254037844387,0,1,0,0,51750.0,22.0,22650.0,13.0,25500.0,11.0,43550.0,29.0,31871.428571428572,12592.188621749416,9550.0,30475.0,11428.603622894145,9550.0,32492.85714285714,11353.174741876164,9550.0,33818.88224064603,-1916.4149996542094,297.5327590081797,0,20,0,0,1788.8887895061782,0.9999999999689441
2025-05-17,2025-05-17,17.0,38250.0,0.0,38250.0,5,-0.9749279121818236,-0.2225209339563146,5,0.49999999999999994,-0.8660254037844387,1,0,0,0,32200.0,18.0,19650.0,8.0,10600.0,6.0,53050.0,27.0,34528.57142857143,11498.400509884656,18600.0,32450.0,10033.769902760238,18600.0,31964.285714285714,10685.53762268013,18600.0,34396.840470439434,3609.845561982054,243.31396757851326,0,25,0,0,2249.9998676470664,0.9999999999738562
2025-05-18,2025-05-18,5.0,11550.0,0.0,11550.0,6,-0.7818314824680299,0.6234898018587334,5,0.49999999999999994,-0.8660254037844387,1,0,0,0,38250.0,17.0,20650.0,10.5,29350.0,13.0,22350.0,10.0,33228.57142857143,13643.370097562,-9100.0,31178.571428571428,11480.296067706457,-9100.0,31578.571428571428,11226.658324846954,-9100.0,34980.832611542726,-11268.444974777629,-12162.387636765096,0,30,0,0,2309.9995380000923,0.9999999999134199
2025-05-19,2025-05-19,16.0,30050.0,0.0,30050.0,0,0.0,1.0,5,0.49999999999999994,-0.8660254037844387,0,0,1,0,11550.0,5.0,21650.0,13.0,30400.0,15.0,30700.0,15.0,34428.57142857143,12798.49786572819,8400.0,31153.571428571428,11482.502814243915,8400.0,31555.35714285714,11229.214042659945,8400.0,35538.79741469781,-5670.432773118303,181.63535842049168,0,0,0,0,1878.1248826171948,0.9999999999667221
2025-05-20,2025-05-20,15.0,38700.0,0.0,38700.0,1,0.7818314824680298,0.6234898018587336,5,0.49999999999999994,-0.8660254037844387,0,0,0,0,30050.0,16.0,32050.0,17.0,28350.0,13.0,39700.0,17.0,35378.57142857143,12839.258063418194,6650.0,31892.85714285714,11620.470286108404,6650.0,31519.64285714286,11203.912505159915,6650.0,36174.59854108753,1572.355633619788,953.0458252926837,0,5,0,0,2579.999828000012,0.9999999999741602
2025-05-21,2025-05-21,22.0,44150.0,0.0,44150.0,2,0.9749279121818236,-0.22252093395631434,5,0.49999999999999994,-0.8660254037844387,0,0,0,0,38700.0,15.0,45150.0,20.0,45850.0,26.0,45900.0,23.0,35235.71428571428,12717.399966375337,-1000.0,31771.428571428572,11471.330723653084,-1000.0,31457.14285714286,11125.327413290286,-1000.0,36948.708621343,8815.54857530904,-1614.2571966520409,0,10,0,0,2006.8180905991776,0.9999999999773499
2025-05-22,2025-05-22,19.0,38300.0,0.0,38300.0,3,0.43388373911755823,-0.900968867902419,5,0.49999999999999994,-0.8660254037844387,0,0,0,0,44150.0,22.0,51750.0,22.0,36350.0,16.0,33450.0,14.0,33314.28571428572,10655.347416740098,-13450.0,31910.714285714286,11542.816256999666,-13450.0,31630.35714285714,11195.041389810713,-13450.0,37235.800925495205,4426.981151432632,-3362.7820769278333,0,15,0,0,2015.7893675900332,0.9999999999738903
2025-05-23,2025-05-23,18.0,41200.0,0.0,41200.0,4,-0.433883739117558,-0.9009688679024191,5,0.49999999999999994,-0.8660254037844387,0,1,0,0,38300.0,19.0,32200.0,18.0,22650.0,13.0,26250.0,14.0,34600.0,11034.717939304179,9000.0,33235.71428571428,11462.403905669269,9000.0,32164.285714285714,11285.075830845564,9000.0,38457.769853456106,1000.5538534808694,1741.6762930630211,0,20,0,0,2288.888761728402,0.9999999999757282
2025-05-24,2025-05-24,24.0,49400.0,0.0,49400.0,5,-0.9749279121818236,-0.2225209339563146,5,0.49999999999999994,-0.8660254037844387,1,0,0,0,41200.0,18.0,38250.0,17.0,19650.0,8.0,29250.0,12.0,36192.857142857145,12373.002484287803,11150.0,35360.71428571428,11507.592453069112,11150.0,32883.92857142857,11726.20564417672,11150.0,39056.63621019862,735.280438038728,9608.083351762645,0,25,0,0,2058.333247569448,0.9999999999797571
2025-05-25,2025-05-25,16.0,29600.0,0.0,29600.0,6,-0.7818314824680299,0.6234898018587334,5,0.49999999999999994,-0.8660254037844387,1,0,0,0,49400.0,24.0,11550.0,5.0,20650.0,10.5,18050.0,9.0,38771.42857142857,7167.045947881845,18050.0,36000.0,10857.751573450576,18050.0,33296.42857142857,11383.190405572679,18050.0,39572.39690954864,-12466.626606202262,2494.2296966536233,0,30,0,0,1849.999884375007,0.9999999999662162
2025-05-26,2025-05-26,28.0,54950.0,0.0,54950.0,0,0.0,1.0,5,0.49999999999999994,-0.8660254037844387,0,0,1,0,29600.0,16.0,30050.0,16.0,21650.0,13.0,42000.0,17.0,42328.57142857143,8218.97485207553,24900.0,38378.57142857143,11116.701127404818,24900.0,33758.92857142857,11996.473660663927,24900.0,39721.295428750425,-4494.778112894243,19723.48268414382,0,0,0,0,1962.4999299107167,0.9999999999818017
2025-05-27,2025-05-27,16.0,31200.0,0.0,31200.0,1,0.7818314824680298,0.6234898018587336,5,0.49999999999999994,-0.8660254037844387,0,0,0,0,54950.0,28.0,38700.0,15.0,32050.0,17.0,29850.0,13.0,41257.142857142855,9201.015730678473,-7500.0,38317.857142857145,11156.174681156757,-7500.0,33807.142857142855,11982.886827454175,-7500.0,39614.3118173772,3589.5746204652737,-12003.886437842477,0,5,0,0,1949.9998781250074,0.9999999999679487
2025-05-28,2025-05-28,21.0,46450.0,0.0,46450.0,2,0.9749279121818236,-0.22252093395631434,5,0.49999999999999994,-0.8660254037844387,0,0,0,0,31200.0,16.0,44150.0,22.0,45150.0,20.0,56100.0,26.0,41585.71428571428,9361.210493561406,2300.0,38410.71428571428,11222.627872901514,2300.0,33462.5,11444.654461395452,2300.0,39334.51963731666,6504.0156554778705,611.464707205465,0,10,0,0,2211.9046565759686,0.9999999999784714
2025-05-29,2025-05-29,22.0,47300.0,0.0,47300.0,3,0.43388373911755823,-0.900968867902419,5,0.49999999999999994,-0.8660254037844387,0,0,0,0,46450.0,21.0,38300.0,19.0,51750.0,22.0,31000.0,15.0,42871.42857142857,9452.330274543418,9000.0,38092.857142857145,10873.341732860232,9000.0,34044.642857142855,11725.860461877694,9000.0,38677.55240802158,4246.107350483005,4376.340241495418,0,15,0,0,2149.9999022727316,0.9999999999788584
2025-05-30,2025-05-30,23.0,51650.0,0.0,51650.0,4,-0.433883739117558,-0.9009688679024191,5,0.49999999999999994,-0.8660254037844387,0,1,0,0,47300.0,22.0,41200.0,18.0,32200.0,18.0,25500.0,11.0,44364.28571428572,9956.141918673342,10450.0,39482.142857142855,11296.810427026541,10450.0,34978.57142857143,12056.81326187579,10450.0,37570.13681719607,3279.9458070803803,10799.917375723548,0,20,0,0,2245.6520762759965,0.9999999999806389
2025-05-31,2025-05-31,17.0,33500.0,0.0,33500.0,5,-0.9749279121818236,-0.2225209339563146,5,0.49999999999999994,-0.8660254037844387,1,0,0,0,51650.0,23.0,49400.0,24.0,38250.0,17.0,10600.0,6.0,42092.857142857145,10418.790259727508,-15900.0,39142.857142857145,11407.451295313285,-15900.0,35796.42857142857,11078.916651906538,-15900.0,35908.19866228563,-2134.50493453597,-273.6937277496545,0,25,0,0,1970.5881193771693,0.9999999999701492
2025-06-01,2025-06-01,8.0,19650.0,0.0,19650.0,6,-0.7818314824680299,0.6234898018587334,6,1.2246467991473532e-16,-1.0,1,0,0,0,33500.0,17.0,29600.0,16.0,11550.0,5.0,29350.0,13.0,40671.42857142857,12811.285947126846,-9950.0,39721.42857142857,10021.548212298754,-9950.0,35450.0,11433.924506906082,-9950.0,35346.24026232135,-14136.319498682014,-1559.920763639333,0,36,0,0,2456.2496929687886,0.9999999999491094
2025-06-02,2025-06-02,13.0,29500.0,0.0,29500.0,0,0.0,1.0,6,1.2246467991473532e-16,-1.0,0,0,1,0,19650.0,8.0,54950.0,28.0,30050.0,16.0,30400.0,15.0,37035.71428571428,11641.653458083048,-25450.0,39682.142857142855,10063.368589226828,-25450.0,35417.857142857145,11449.9006488145,-25450.0,34593.79684022195,-1852.162594556309,-3241.6342456656384,0,0,0,0,2269.2305946745696,0.9999999999661017
2025-06-03,2025-06-03,15.0,38050.0,0.0,38050.0,1,0.7818314824680298,0.6234898018587336,6,1.2246467991473532e-16,-1.0,0,0,0,0,29500.0,13.0,31200.0,16.0,38700.0,15.0,28350.0,13.0,38014.28571428572,11353.696691889845,6850.0,39635.71428571428,10069.745787247064,6850.0,35764.28571428572,11374.629478237679,6850.0,34109.7121156769,4995.571085651205,-1055.2832013281004,0,6,0,0,2536.666497555567,0.9999999999737188
2025-06-04,2025-06-04,12.0,23750.0,0.0,23750.0,2,0.9749279121818236,-0.22252093395631434,6,1.2246467991473532e-16,-1.0,0,0,0,0,38050.0,15.0,46450.0,21.0,44150.0,22.0,45850.0,26.0,34771.42857142857,11776.631420701297,-22700.0,38178.57142857143,10814.692895204284,-22700.0,34975.0,11415.54739038913,-22700.0,33940.86036662051,7633.880794380394,-17824.741161000904,0,12,0,0,1979.166501736125,0.9999999999578947
2025-06-05,2025-06-05,22.0,48700.0,0.0,48700.0,3,0.43388373911755823,-0.900968867902419,6,1.2246467991473532e-16,-1.0,0,0,0,0,23750.0,12.0,47300.0,22.0,38300.0,19.0,36350.0,16.0,34971.42857142857,12033.940098143905,1400.0,38921.42857142857,11174.863865729287,1400.0,35416.07142857143,11705.546750812093,1400.0,34162.97145500983,3341.7381100292237,11195.290434960945,0,18,0,0,2213.6362630165336,0.9999999999794661
2025-06-06,2025-06-06,21.0,39100.0,0.0,39100.0,4,-0.433883739117558,-0.9009688679024191,6,1.2246467991473532e-16,-1.0,0,1,0,0,48700.0,22.0,51650.0,23.0,41200.0,18.0,22650.0,13.0,33178.57142857143,9876.439015103006,-12550.0,38771.42857142857,11156.00414895173,-12550.0,36003.57142857143,11451.135545918713,-12550.0,34550.949995986266,3474.520632125608,1074.5293718881294,0,24,0,0,1861.9046732426345,0.9999999999744246
2025-06-07,2025-06-07,15.0,28900.0,0.0,28900.0,5,-0.9749279121818236,-0.2225209339563146,6,1.2246467991473532e-16,-1.0,1,0,0,0,39100.0,21.0,33500.0,17.0,49400.0,24.0,19650.0,8.0,32521.428571428572,10003.701695824837,-4600.0,37307.142857142855,10997.881913959889,-4600.0,36333.92857142857,11089.593499975856,-4600.0,35015.78270489558,-4251.900745173488,-1863.8819597220936,0,30,0,0,1926.6665382222309,0.9999999999653979
2025-06-08,2025-06-08,8.0,17400.0,0.0,17400.0,6,-0.7818314824680299,0.6234898018587334,6,1.2246467991473532e-16,-1.0,1,0,0,0,28900.0,15.0,19650.0,8.0,29600.0,16.0,20650.0,10.5,32200.0,10509.559140769627,-2250.0,36435.71428571428,12085.137543716612,-2250.0,36217.857142857145,11275.286103668255,-2250.0,35504.95949727769,-15493.244174563391,-2611.715322714299,0,36,0,0,2174.9997281250344,0.9999999999425288
2025-06-09,2025-06-09,17.0,39700.0,0.0,39700.0,0,0.0,1.0,6,1.2246467991473532e-16,-1.0,0,0,1,0,17400.0,8.0,29500.0,13.0,54950.0,28.0,21650.0,13.0,33657.142857142855,10776.534251613168,10200.0,35346.42857142857,10919.010667457153,10200.0,36862.5,10922.001453064287,10200.0,35622.16787761452,145.74043195899648,3932.0916904264814,0,0,0,0,2335.2939802768246,0.999999999974811
2025-06-10,2025-06-10,20.0,44600.0,0.0,44600.0,1,0.7818314824680298,0.6234898018587336,6,1.2246467991473532e-16,-1.0,0,0,0,0,39700.0,17.0,38050.0,15.0,31200.0,16.0,32050.0,17.0,34592.857142857145,11482.756222971551,6550.0,36303.57142857143,11113.167247177356,6550.0,37310.71428571428,10974.578007097132,6550.0,35573.41029981027,6075.534867631217,2951.0548325585187,0,6,0,0,2229.9998885000055,0.9999999999775785
2025-06-11,2025-06-11,15.0,54750.0,0.0,54750.0,2,0.9749279121818236,-0.22252093395631434,6,1.2246467991473532e-16,-1.0,0,0,0,0,44600.0,20.0,23750.0,12.0,46450.0,21.0,45150.0,20.0,39021.42857142857,12533.816163445581,31000.0,36896.42857142857,11890.307369477825,31000.0,37653.57142857143,11371.340913889257,31000.0,35428.46952288639,7746.118617139119,11575.41185997449,0,12,0,0,3649.999756666683,0.9999999999817352
2025-06-12,2025-06-12,19.0,37200.0,0.0,37200.0,3,0.43388373911755823,-0.900968867902419,6,1.2246467991473532e-16,-1.0,0,0,0,0,54750.0,15.0,48700.0,22.0,47300.0,22.0,51750.0,22.0,37378.57142857143,11785.084398752353,-11500.0,36175.0,11510.876963183027,-11500.0,37133.92857142857,11030.656385320093,-11500.0,35047.333391322485,1895.7895701703821,256.87703850713297,0,18,0,0,1957.8946337950192,0.9999999999731183
2025-06-13,2025-06-13,10.0,16800.0,0.0,16800.0,4,-0.433883739117558,-0.9009688679024191,6,1.2246467991473532e-16,-1.0,0,1,0,0,37200.0,19.0,39100.0,21.0,51650.0,23.0,32200.0,18.0,34192.857142857145,14040.430565911853,-22300.0,33685.71428571428,11673.991944150328,-22300.0,36583.92857142857,11652.197802317654,-22300.0,34439.69497401379,3195.0280832823596,-20834.723057296153,1,24,0,0,1679.999832000017,0.9999999999404762
2025-06-14,2025-06-14,12.0,28950.0,0.0,28950.0,5,-0.9749279121818236,-0.2225209339563146,6,1.2246467991473532e-16,-1.0,1,0,0,0,16800.0,10.0,28900.0,15.0,33500.0,17.0,38250.0,17.0,34200.0,14037.301497557666,50.0,33360.71428571428,11742.692958265012,50.0,36251.78571428572,11735.199363475973,50.0,33544.332216686125,-4746.341589027212,152.00937234109006,0,30,0,0,2412.4997989583503,0.9999999999654576
2025-06-15,2025-06-15,8.0,18400.0,0.0,18400.0,6,-0.7818314824680299,0.6234898018587334,6,1.2246467991473532e-16,-1.0,1,0,0,0,28950.0,12.0,17400.0,8.0,19650.0,8.0,11550.0,5.0,34342.857142857145,13841.556649314842,1000.0,33271.42857142857,11859.13659922676,1000.0,36496.42857142857,11263.074119632542,1000.0,32409.178592488737,-16074.729586724414,2065.550994235673,0,36,0,0,2299.9997125000364,0.9999999999456521
2025-06-16,2025-06-16,13.0,47900.0,0.0,47900.0,0,0.0,1.0,6,1.2246467991473532e-16,-1.0,0,0,1,0,18400.0,8.0,39700.0,17.0,29500.0,13.0,30050.0,16.0,35514.28571428572,14691.400951058531,8200.0,34585.71428571428,12415.552104756882,8200.0,37133.92857142857,11389.1440641176,8200.0,31278.464590815176,1874.6881676449739,14746.847241539854,0,0,0,0,3684.615101183454,0.9999999999791231
2025-06-17,2025-06-17,13.0,35100.0,0.0,35100.0,1,0.7818314824680298,0.6234898018587336,6,1.2246467991473532e-16,-1.0,0,0,0,0,47900.0,13.0,44600.0,20.0,38050.0,15.0,38700.0,15.0,34157.142857142855,14140.675036086215,-9500.0,34375.0,12377.208427651907,-9500.0,37005.357142857145,11391.129909208448,-9500.0,30262.242395152076,6978.008247843926,-2140.2506429960013,0,6,0,0,2699.9997923077085,0.99999999997151
2025-06-18,2025-06-18,19.0,38150.0,0.0,38150.0,2,0.9749279121818236,-0.22252093395631434,6,1.2246467991473532e-16,-1.0,0,0,0,0,35100.0,13.0,54750.0,15.0,23750.0,12.0,44150.0,22.0,31785.714285714286,11197.19884188733,-16600.0,35403.57142857143,12019.49481028652,-16600.0,36791.07142857143,11307.880352602815,-16600.0,29516.97600532112,8371.371708679195,261.65228599968395,0,12,0,0,2007.8946311634404,0.9999999999737876
2025-06-19,2025-06-19,12.0,24950.0,0.0,24950.0,3,0.43388373911755823,-0.900968867902419,6,1.2246467991473532e-16,-1.0,0,0,0,0,38150.0,19.0,37200.0,19.0,48700.0,22.0,38300.0,19.0,30035.714285714286,11167.203256475159,-12250.0,33707.142857142855,11669.41856607811,-12250.0,36314.28571428572,11521.331722334984,-12250.0,29163.21271380168,128.9780838586995,-4342.19079766038,0,18,0,0,2079.166493402792,0.9999999999599198
2025-06-20,2025-06-20,13.0,30200.0,0.0,30200.0,4,-0.433883739117558,-0.9009688679024191,6,1.2246467991473532e-16,-1.0,0,1,0,0,24950.0,12.0,16800.0,10.0,39100.0,21.0,41200.0,18.0,31950.0,9551.875906508334,13400.0,33071.42857142857,11595.21974259736,13400.0,35921.42857142857,11536.098163874934,13400.0,29097.65844430339,3211.874501446234,-2109.5329457496227,0,24,0,0,2323.076744378712,0.9999999999668874
2025-06-21,2025-06-21,7.0,24150.0,0.0,24150.0,5,-0.9749279121818236,-0.2225209339563146,6,1.2246467991473532e-16,-1.0,1,0,0,0,30200.0,13.0,28950.0,12.0,28900.0,15.0,49400.0,24.0,31264.285714285714,9966.431753880766,-4800.0,32732.14285714286,11794.451223788597,-4800.0,35019.642857142855,11429.861307004228,-4800.0,29311.81744511353,-4204.445911801209,-957.3715333123218,0,30,0,0,3449.9995071429275,0.9999999999585921
2025-06-22,2025-06-22,15.0,31750.0,0.0,31750.0,6,-0.7818314824680299,0.6234898018587334,6,1.2246467991473532e-16,-1.0,1,0,0,0,24150.0,7.0,18400.0,8.0,17400.0,8.0,29600.0,16.0,33171.42857142857,8218.518578128838,13350.0,33757.142857142855,10953.04413504185,13350.0,35096.42857142857,11399.284647564002,13350.0,29753.568073230057,-15971.620593531614,17968.052520301553,0,36,0,0,2116.666525555565,0.999999999968504
2025-06-23,2025-06-23,16.0,32700.0,0.0,32700.0,0,0.0,1.0,6,1.2246467991473532e-16,-1.0,0,0,1,0,31750.0,15.0,47900.0,13.0,39700.0,17.0,54950.0,28.0,31000.0,5091.6598472404785,-15200.0,33257.142857142855,10819.851007485018,-15200.0,34301.78571428572,10719.275491538132,-15200.0,30255.430942141338,1533.3138738631712,911.2551839954904,0,0,0,0,2043.7498722656328,0.9999999999694189
2025-06-24,2025-06-24,17.0,39800.0,0.0,39800.0,1,0.7818314824680298,0.6234898018587336,6,1.2246467991473532e-16,-1.0,0,0,0,0,32700.0,16.0,35100.0,13.0,44600.0,20.0,31200.0,16.0,31671.428571428572,5958.527302870119,4700.0,32914.28571428572,10504.219455705648,4700.0,34608.92857142857,10750.271775818796,4700.0,30821.563333838403,7028.539549615605,1949.8971165459916,0,6,0,0,2341.1763328719803,0.9999999999748743
2025-06-25,2025-06-25,20.0,37850.0,0.0,37850.0,2,0.9749279121818236,-0.22252093395631434,6,1.2246467991473532e-16,-1.0,0,0,0,0,39800.0,17.0,38150.0,19.0,54750.0,15.0,46450.0,21.0,31628.571428571428,5905.001915245129,-300.0,31707.14285714286,8600.376940371976,-300.0,34301.78571428572,10519.818000668725,-300.0,31430.941810826902,6189.2881046488,229.770084524298,0,12,0,0,1892.4999053750046,0.9999999999735799
2025-06-26,2025-06-26,14.0,33800.0,0.0,33800.0,3,0.43388373911755823,-0.900968867902419,6,1.2246467991473532e-16,-1.0,0,0,0,0,37850.0,20.0,24950.0,12.0,37200.0,19.0,47300.0,22.0,32892.857142857145,5133.828052846304,8850.0,31464.285714285714,8480.507708210014,8850.0,33819.642857142855,10206.727440904264,8850.0,31818.366620852597,808.9949687356889,1172.638410411717,0,18,0,0,2414.285541836747,0.9999999999704142
2025-06-27,2025-06-27,11.0,35800.0,0.0,35800.0,4,-0.433883739117558,-0.9009688679024191,6,1.2246467991473532e-16,-1.0,0,1,0,0,33800.0,14.0,30200.0,13.0,16800.0,10.0,51650.0,23.0,33692.857142857145,5080.307452263603,5600.0,32821.42857142857,7405.396013035953,5600.0,33253.57142857143,9602.882751697809,5600.0,31996.86780102427,5881.406197612182,-2078.2739986364504,0,24,0,0,3254.545158677713,0.999999999972067
2025-06-28,2025-06-28,13.0,30400.0,0.0,30400.0,5,-0.9749279121818236,-0.2225209339563146,6,1.2246467991473532e-16,-1.0,1,0,0,0,35800.0,11.0,24150.0,7.0,28950.0,12.0,33500.0,17.0,34585.71428571428,3392.4811821777266,6250.0,32925.0,7357.067507349039,6250.0,33142.857142857145,9617.795180132622,6250.0,32182.387422709857,-3349.59844780265,1567.2110250927944,0,30,0,0,2338.4613585798957,0.9999999999671052
2025-06-29,2025-06-29,6.0,16000.0,0.0,16000.0,6,-0.7818314824680299,0.6234898018587334,6,1.2246467991473532e-16,-1.0,1,0,0,0,30400.0,13.0,31750.0,15.0,18400.0,8.0,19650.0,8.0,32335.714285714286,7863.455256528755,-15750.0,32753.571428571428,7739.57025952969,-15750.0,33012.5,9829.845191124816,-15750.0,32732.232121667726,-15562.166325807402,-1170.0657958603224,0,36,0,0,2666.6662222222963,0.9999999999375
2025-06-30,2025-06-30,27.0,71400.0,0.0,71400.0,0,0.0,1.0,6,1.2246467991473532e-16,-1.0,0,0,1,0,16000.0,6.0,32700.0,16.0,47900.0,13.0,29500.0,13.0,37864.28571428572,16747.803693960304,38700.0,34432.142857142855,12414.005848588527,38700.0,34508.92857142857,12182.957537686707,38700.0,36950.62773087675,-84.6530298501969,34534.02529897345,1,0,0,0,2644.4443465020613,0.9999999999859945
2025-07-01,2025-07-01,23.0,61750.0,0.0,61750.0,1,0.7818314824680298,0.6234898018587336,7,-0.4999999999999997,-0.8660254037844388,0,0,0,0,71400.0,27.0,39800.0,17.0,35100.0,13.0,38050.0,15.0,41000.0,19065.1733098164,21950.0,36335.71428571428,14407.495759705545,21950.0,35355.357142857145,13217.46417157928,21950.0,38470.718010222045,6781.348030628678,16497.933959149275,0,7,0,0,2684.7824919659784,0.9999999999838056
2025-07-02,2025-07-02,16.0,34300.0,0.0,34300.0,2,0.9749279121818236,-0.22252093395631434,7,-0.4999999999999997,-0.8660254037844388,0,0,0,0,61750.0,23.0,37850.0,20.0,38150.0,19.0,23750.0,12.0,40492.857142857145,19209.59891502664,-3550.0,36060.71428571428,14406.945154380155,-3550.0,35732.142857142855,13023.328173687958,-3550.0,39428.054143106005,4692.200152327029,-9820.254295433035,0,14,0,0,2143.7498660156334,0.9999999999708454
2025-07-03,2025-07-03,15.0,49100.0,0.0,49100.0,3,0.43388373911755823,-0.900968867902419,7,-0.4999999999999997,-0.8660254037844388,0,0,0,0,34300.0,16.0,33800.0,14.0,24950.0,12.0,48700.0,22.0,42678.57142857143,19191.574912420558,15300.0,37785.71428571428,14420.06386110135,15300.0,35746.42857142857,13038.290678210915,15300.0,40589.42614069563,-2051.2290588846563,10561.80291818903,0,21,0,0,3273.3331151111256,0.9999999999796334
2025-07-04,2025-07-04,27.0,57750.0,0.0,57750.0,4,-0.433883739117558,-0.9009688679024191,7,-0.4999999999999997,-0.8660254037844388,0,1,0,0,49100.0,15.0,35800.0,11.0,30200.0,13.0,39100.0,21.0,45814.28571428572,19667.670474785893,21950.0,39753.57142857143,15165.782136183992,21950.0,36412.5,13676.701092652991,21950.0,42525.212737831076,9685.553023468381,5539.234238700541,0,28,0,0,2138.8888096707847,0.999999999982684
2025-07-05,2025-07-05,11.0,20450.0,0.0,20450.0,5,-0.9749279121818236,-0.2225209339563146,7,-0.4999999999999997,-0.8660254037844388,1,0,0,0,57750.0,27.0,30400.0,13.0,24150.0,7.0,28900.0,15.0,44392.857142857145,21262.279365334434,-9950.0,39489.28571428572,15487.4412964856,-9950.0,36110.71428571428,13939.315283829705,-9950.0,44320.553987907035,-1927.2519648776442,-21943.30202302939,1,35,0,0,1859.0907400826602,0.9999999999511002
2025-07-06,2025-07-06,18.0,30000.0,0.0,30000.0,6,-0.7818314824680299,0.6234898018587334,7,-0.4999999999999997,-0.8660254037844388,1,0,0,0,20450.0,11.0,16000.0,6.0,31750.0,15.0,17400.0,8.0,46392.857142857145,18643.618849609822,14000.0,39364.28571428572,15561.59509042185,14000.0,36560.71428571428,13509.669768305774,14000.0,44120.70185695941,-15039.827515328114,919.1256583687064,0,42,0,0,1666.666574074079,0.9999999999666667
2025-07-07,2025-07-07,23.0,41650.0,0.0,41650.0,0,0.0,1.0,7,-0.4999999999999997,-0.8660254037844388,0,0,1,0,30000.0,18.0,71400.0,27.0,32700.0,16.0,39700.0,17.0,42142.857142857145,15034.444579349321,-29750.0,40003.57142857143,15450.1987077801,-29750.0,36630.357142857145,13531.46086721814,-29750.0,43464.42907110444,-1668.1979870446091,-146.2310840598293,0,0,0,0,1810.8694864839354,0.9999999999759904
2025-07-08,2025-07-08,26.0,50100.0,0.0,50100.0,1,0.7818314824680298,0.6234898018587336,7,-0.4999999999999997,-0.8660254037844388,0,0,0,0,41650.0,23.0,61750.0,23.0,39800.0,17.0,44600.0,20.0,40478.57142857143,13010.85627283551,-11650.0,40739.28571428572,15683.236746130076,-11650.0,36826.78571428572,13690.422998516318,-11650.0,42532.82272108704,5884.39932998931,1682.777948923649,0,7,0,0,1926.9230028106538,0.99999999998004
2025-07-09,2025-07-09,20.0,44350.0,0.0,44350.0,2,0.9749279121818236,-0.22252093395631434,7,-0.4999999999999997,-0.8660254037844388,0,0,0,0,50100.0,26.0,34300.0,16.0,37850.0,20.0,54750.0,15.0,41914.28571428572,12767.658173607937,10050.0,41203.57142857143,15687.335218695882,10050.0,36455.357142857145,13322.275548630892,10050.0,41024.952938562536,3275.485510152402,49.561551285063615,0,14,0,0,2217.499889125005,0.999999999977452
2025-07-10,2025-07-10,25.0,57150.0,0.0,57150.0,3,0.43388373911755823,-0.900968867902419,7,-0.4999999999999997,-0.8660254037844388,0,0,0,0,44350.0,20.0,49100.0,15.0,33800.0,14.0,37200.0,19.0,43064.28571428572,13840.240673657536,8050.0,42871.42857142857,16076.101640511111,8050.0,37167.857142857145,13885.165373891487,8050.0,39544.4721648338,-3438.6708423189593,21044.198677485154,1,21,0,0,2285.9999085600034,0.9999999999825022
2025-07-11,2025-07-11,20.0,35150.0,0.0,35150.0,4,-0.433883739117558,-0.9009688679024191,7,-0.4999999999999997,-0.8660254037844388,0,1,0,0,57150.0,25.0,57750.0,27.0,35800.0,11.0,16800.0,10.0,39835.71428571428,12405.063290370483,-22600.0,42825.0,16099.017528551718,-22600.0,37823.21428571428,13309.335919535775,-22600.0,38083.69982370731,13203.068394955631,-16136.768218662946,0,28,0,0,1757.4999121250044,0.9999999999715505
2025-07-12,2025-07-12,14.0,35050.0,0.0,35050.0,5,-0.9749279121818236,-0.2225209339563146,7,-0.4999999999999997,-0.8660254037844388,1,0,0,0,35150.0,20.0,20450.0,11.0,30400.0,13.0,28950.0,12.0,41921.42857142857,9486.475335218907,14600.0,43157.142857142855,15869.28403628141,14600.0,38041.07142857143,13208.253968015431,14600.0,36658.01631682636,-594.6071916752044,-1013.4091251511563,0,35,0,0,2503.571249744911,0.9999999999714693
2025-07-13,2025-07-13,9.0,21850.0,0.0,21850.0,6,-0.7818314824680299,0.6234898018587334,7,-0.4999999999999997,-0.8660254037844388,1,0,0,0,35050.0,14.0,30000.0,18.0,16000.0,6.0,18400.0,8.0,40757.142857142855,11483.409357686101,-8150.0,43575.0,15160.38296147105,-8150.0,38164.28571428572,13033.176023083352,-8150.0,35291.5793316431,-14018.156901503446,576.5775698603466,0,42,0,0,2427.7775080247216,0.9999999999542334
2025-07-14,2025-07-14,13.0,29400.0,0.0,29400.0,0,0.0,1.0,7,-0.4999999999999997,-0.8660254037844388,0,0,1,0,21850.0,9.0,41650.0,23.0,71400.0,27.0,47900.0,13.0,39007.142857142855,12233.574994369355,-12250.0,40575.0,13268.191430867795,-12250.0,37503.57142857143,12990.202351882543,-12250.0,34069.09632810331,-2480.906018406864,-2188.190309696445,0,0,0,0,2261.538287573978,0.9999999999659864
2025-07-15,2025-07-15,15.0,36400.0,0.0,36400.0,1,0.7818314824680298,0.6234898018587336,7,-0.4999999999999997,-0.8660254037844388,0,0,0,0,29400.0,13.0,50100.0,26.0,61750.0,23.0,35100.0,13.0,37050.0,11216.765725169405,-13700.0,38764.28571428572,11805.253533449017,-13700.0,37550.0,12983.615030462695,-13700.0,33189.45991347296,2993.1144501115728,217.42563641547167,0,7,0,0,2426.6665048889,0.9999999999725274
2025-07-16,2025-07-16,23.0,52350.0,0.0,52350.0,2,0.9749279121818236,-0.22252093395631434,7,-0.4999999999999997,-0.8660254037844388,0,0,0,0,36400.0,15.0,44350.0,20.0,34300.0,16.0,38150.0,19.0,38192.857142857145,12426.799955855857,8000.0,40053.57142857143,12257.18728378945,8000.0,38057.142857142855,13281.822124309467,8000.0,32708.11057783528,4111.050664283967,15530.838757880752,0,14,0,0,2276.086857561441,0.9999999999808978
2025-07-17,2025-07-17,14.0,23900.0,0.0,23900.0,3,0.43388373911755823,-0.900968867902419,7,-0.4999999999999997,-0.8660254037844388,0,0,0,0,52350.0,23.0,57150.0,25.0,49100.0,15.0,24950.0,12.0,33442.857142857145,10112.097893588905,-33250.0,38253.57142857143,12669.898674321821,-33250.0,38019.642857142855,13321.622213012983,-33250.0,32362.67883947761,-6476.177171764561,-1986.501667713048,0,21,0,0,1707.1427352040905,0.999999999958159
2025-07-18,2025-07-18,22.0,46100.0,0.0,46100.0,4,-0.433883739117558,-0.9009688679024191,7,-0.4999999999999997,-0.8660254037844388,0,1,0,0,23900.0,14.0,35150.0,20.0,57750.0,27.0,30200.0,13.0,35007.142857142855,11207.788533405035,10950.0,37421.42857142857,11630.872615680953,10950.0,38587.5,13314.831781527238,10950.0,32069.89707637843,16112.43619326595,-2082.333269644383,0,28,0,0,2095.454450206616,0.999999999978308
2025-07-19,2025-07-19,17.0,33050.0,0.0,33050.0,5,-0.9749279121818236,-0.2225209339563146,7,-0.4999999999999997,-0.8660254037844388,1,0,0,0,46100.0,22.0,35050.0,14.0,20450.0,11.0,24150.0,7.0,34721.42857142857,11231.980277421364,-2000.0,38321.42857142857,10663.898736566083,-2000.0,38905.357142857145,13061.225761246178,-2000.0,31985.593866065654,120.21564328590244,944.1904906484415,0,35,0,0,1944.1175326989685,0.9999999999697428
2025-07-20,2025-07-20,8.0,17900.0,0.0,17900.0,6,-0.7818314824680299,0.6234898018587334,7,-0.4999999999999997,-0.8660254037844388,1,0,0,0,33050.0,17.0,21850.0,9.0,30000.0,18.0,31750.0,15.0,34157.142857142855,12055.442359208224,-3950.0,37457.142857142855,11818.090063426158,-3950.0,38410.71428571428,13593.64882435124,-3950.0,32200.15815986625,-13300.504793983384,-999.6533658828666,0,42,0,0,2237.4997203125354,0.999999999944134
2025-07-21,2025-07-21,15.0,32600.0,0.0,32600.0,0,0.0,1.0,7,-0.4999999999999997,-0.8660254037844388,0,0,1,0,17900.0,8.0,29400.0,13.0,41650.0,23.0,32700.0,16.0,34614.28571428572,11904.715952292328,3200.0,36810.71428571428,11818.615996212642,3200.0,38407.142857142855,13595.217802225332,3200.0,32654.64139341731,-3050.092576419164,2995.4511830018528,0,0,0,0,2173.333188444454,0.9999999999693251
2025-07-22,2025-07-22,11.0,30600.0,0.0,30600.0,1,0.7818314824680298,0.6234898018587336,7,-0.4999999999999997,-0.8660254037844388,0,0,0,0,32600.0,15.0,36400.0,15.0,50100.0,26.0,39800.0,17.0,33785.71428571428,11961.421121175219,-5800.0,35417.857142857145,11268.209316869752,-5800.0,38078.57142857143,13671.269066315514,-5800.0,33155.37365226572,1747.4484588433763,-4302.822111109097,0,7,0,0,2781.817928925643,0.9999999999673203
2025-07-23,2025-07-23,7.0,17900.0,0.0,17900.0,2,0.9749279121818236,-0.22252093395631434,7,-0.4999999999999997,-0.8660254037844388,0,0,0,0,30600.0,11.0,52350.0,23.0,44350.0,20.0,37850.0,20.0,28864.285714285714,9971.906967648136,-34450.0,33528.57142857143,11857.368924099335,-34450.0,37366.07142857143,14193.510864524438,-34450.0,33262.426448004226,4192.370479563405,-19554.79692756763,0,14,0,0,2557.142491836787,0.999999999944134
2025-07-24,2025-07-24,16.0,28000.0,0.0,28000.0,3,0.43388373911755823,-0.900968867902419,7,-0.4999999999999997,-0.8660254037844388,0,0,0,0,17900.0,7.0,23900.0,14.0,57150.0,25.0,33800.0,14.0,29450.0,9749.658113664,4100.0,31446.428571428572,9765.174863251994,4100.0,37158.92857142857,14289.481067550767,4100.0,33053.49936735584,-6623.889339607109,1570.3899722512651,0,21,0,0,1749.9998906250066,0.9999999999642857
2025-07-25,2025-07-25,21.0,52100.0,0.0,52100.0,4,-0.433883739117558,-0.9009688679024191,7,-0.4999999999999997,-0.8660254037844388,0,1,0,0,28000.0,16.0,46100.0,22.0,35150.0,20.0,35800.0,11.0,30307.14285714286,11554.16333951496,6000.0,32657.14285714286,11204.375126619987,6000.0,37741.07142857143,14561.50463819038,6000.0,32754.223910862223,16117.945131013636,3227.830958124141,0,28,0,0,2480.952262811797,0.9999999999808061
2025-07-26,2025-07-26,7.0,14300.0,0.0,14300.0,5,-0.9749279121818236,-0.2225209339563146,7,-0.4999999999999997,-0.8660254037844388,1,0,0,0,52100.0,21.0,33050.0,17.0,35050.0,14.0,30400.0,13.0,27628.571428571428,12906.550570119358,-18750.0,31175.0,12192.364413845185,-18750.0,37166.07142857143,15167.393472032278,-18750.0,32530.73267990466,507.6849074238862,-18738.417587328546,0,35,0,0,2042.8568510204498,0.9999999999300699
2025-07-27,2025-07-27,12.0,33050.0,0.0,33050.0,6,-0.7818314824680299,0.6234898018587334,7,-0.4999999999999997,-0.8660254037844388,1,0,0,0,14300.0,7.0,17900.0,8.0,21850.0,9.0,16000.0,6.0,29792.85714285714,12257.189338351245,15150.0,31975.0,11897.313045066363,15150.0,37775.0,14618.48462025357,15150.0,32404.65031398581,-12939.049713494533,13584.399399508722,0,42,0,0,2754.1664371527972,0.9999999999697428
2025-07-28,2025-07-28,11.0,26700.0,0.0,26700.0,0,0.0,1.0,7,-0.4999999999999997,-0.8660254037844388,0,0,1,0,33050.0,12.0,32600.0,15.0,29400.0,13.0,71400.0,27.0,28950.0,12234.820527222055,-5900.0,31782.14285714286,11963.962026128129,-5900.0,36178.57142857143,13180.452899059897,-5900.0,32222.0070157602,-2575.427144331034,-2946.579871429163,0,0,0,0,2427.2725066115904,0.9999999999625468
2025-07-29,2025-07-29,24.0,49700.0,0.0,49700.0,1,0.7818314824680298,0.6234898018587336,7,-0.4999999999999997,-0.8660254037844388,0,0,0,0,26700.0,11.0,30600.0,11.0,36400.0,15.0,61750.0,23.0,31678.571428571428,14570.914440042832,19100.0,32732.14285714286,12853.80229801603,19100.0,35748.21428571428,12493.40924131189,19100.0,31819.1527965604,1669.6543473526692,16211.192856086931,0,7,0,0,2070.833247048615,0.9999999999798793
2025-07-30,2025-07-30,16.0,36350.0,0.0,36350.0,2,0.9749279121818236,-0.22252093395631434,7,-0.4999999999999997,-0.8660254037844388,0,0,0,0,49700.0,24.0,17900.0,7.0,52350.0,23.0,34300.0,16.0,34314.28571428572,13274.120004910432,18450.0,31589.285714285714,11628.234513978741,18450.0,35821.42857142857,12490.614465887882,18450.0,31315.790857588316,4339.102222966588,695.1069194450974,0,14,0,0,2271.8748580078213,0.9999999999724897
2025-07-31,2025-07-31,11.0,22500.0,0.0,22500.0,3,0.43388373911755823,-0.900968867902419,7,-0.4999999999999997,-0.8660254037844388,0,0,0,0,36350.0,16.0,28000.0,16.0,23900.0,14.0,49100.0,15.0,33528.57142857143,13860.010135363622,-5500.0,31489.285714285714,11705.212162034493,-5500.0,34871.42857142857,12454.788076548875,-5500.0,31273.147392212955,-5272.673711846579,-3500.4736803663764,0,21,0,0,2045.4543595041494,0.9999999999555556
2025-08-01,2025-08-01,26.0,49250.0,0.0,49250.0,4,-0.433883739117558,-0.9009688679024191,8,-0.8660254037844384,-0.5000000000000004,0,1,0,0,22500.0,11.0,52100.0,21.0,46100.0,22.0,57750.0,27.0,33121.42857142857,13252.070817513099,-2850.0,31714.285714285714,12033.341958131048,-2850.0,34567.857142857145,11970.675700209022,-2850.0,31384.52158432291,13447.514736390289,4417.963679286804,0,32,0,0,1894.2306963757424,0.9999999999796955
2025-08-02,2025-08-02,14.0,31450.0,0.0,31450.0,5,-0.9749279121818236,-0.2225209339563146,8,-0.8660254037844384,-0.5000000000000004,1,0,0,0,49250.0,26.0,14300.0,7.0,33050.0,17.0,20450.0,11.0,35571.42857142857,10489.949838728935,17150.0,31600.0,12027.27669156169,17150.0,34960.71428571428,11666.836166569072,17150.0,31649.28455492625,1569.621202302098,-1768.905757228349,0,40,0,0,2246.4284109693995,0.9999999999682034
2025-08-03,2025-08-03,7.0,19850.0,0.0,19850.0,6,-0.7818314824680299,0.6234898018587334,8,-0.8660254037844384,-0.5000000000000004,1,0,0,0,31450.0,14.0,33050.0,12.0,17900.0,8.0,30000.0,18.0,33685.71428571428,12084.070585062109,-13200.0,31739.285714285714,11866.633547819714,-13200.0,34598.21428571428,11980.157067408858,-13200.0,31935.87414968425,-12952.206290881366,866.3321411971192,0,48,0,0,2835.7138806123025,0.9999999999496222
2025-08-04,2025-08-04,21.0,50600.0,0.0,50600.0,0,0.0,1.0,8,-0.8660254037844384,-0.5000000000000004,0,0,1,0,19850.0,7.0,26700.0,11.0,32600.0,15.0,41650.0,23.0,37100.0,13113.860352060148,23900.0,33025.0,12897.417004370065,23900.0,34917.857142857145,12290.648464688007,23900.0,32190.998713320772,-2578.1810536717817,20987.18234035101,1,0,0,0,2409.523694784586,0.9999999999802371
2025-08-05,2025-08-05,16.0,35200.0,0.0,35200.0,1,0.7818314824680298,0.6234898018587336,8,-0.8660254037844384,-0.5000000000000004,0,0,0,0,50600.0,21.0,49700.0,24.0,30600.0,11.0,50100.0,26.0,35028.57142857143,11878.932932677462,-14500.0,33353.57142857143,12889.47788352534,-14500.0,34385.71428571428,11926.121790103394,-14500.0,32495.996446504174,3000.825981933287,-296.8224284374628,0,8,0,0,2199.9998625000085,0.999999999971591
2025-08-06,2025-08-06,14.0,27450.0,0.0,27450.0,2,0.9749279121818236,-0.22252093395631434,8,-0.8660254037844384,-0.5000000000000004,0,0,0,0,35200.0,16.0,36350.0,16.0,17900.0,7.0,44350.0,20.0,33757.142857142855,12186.243219693475,-8900.0,34035.71428571428,12245.335510235751,-8900.0,33782.142857142855,11830.423854259267,-8900.0,33002.48170839881,2599.0696356104654,-8151.551344009276,0,16,0,0,1960.7141456632753,0.9999999999635701
2025-08-07,2025-08-07,16.0,32500.0,0.0,32500.0,3,0.43388373911755823,-0.900968867902419,8,-0.8660254037844384,-0.5000000000000004,0,0,0,0,27450.0,14.0,22500.0,11.0,28000.0,16.0,57150.0,25.0,35185.71428571428,11192.248593175105,10000.0,34357.142857142855,12133.264148657516,10000.0,32901.78571428572,10908.334242787905,10000.0,33689.50582276936,-4066.3654306084236,2876.859607839062,0,24,0,0,2031.2498730468828,0.9999999999692307
2025-08-08,2025-08-08,16.0,39450.0,0.0,39450.0,4,-0.433883739117558,-0.9009688679024191,8,-0.8660254037844384,-0.5000000000000004,0,1,0,0,32500.0,16.0,49250.0,26.0,52100.0,21.0,35150.0,20.0,33785.71428571428,9645.884886214257,-9800.0,33453.57142857143,11140.733719203443,-9800.0,33055.357142857145,10971.244732428231,-9800.0,34514.63706377518,9833.207026834827,-4897.844090610008,0,32,0,0,2465.624845898447,0.9999999999746515
2025-08-09,2025-08-09,12.0,37650.0,0.0,37650.0,5,-0.9749279121818236,-0.2225209339563146,8,-0.8660254037844384,-0.5000000000000004,1,0,0,0,39450.0,16.0,31450.0,14.0,14300.0,7.0,35050.0,14.0,34671.42857142857,9680.257277179282,6200.0,35121.42857142857,9708.495769679726,6200.0,33148.21428571428,10999.717859536953,6200.0,35333.83536510652,3638.983833700741,-1322.8191988072576,0,40,0,0,3137.4997385416887,0.9999999999734396
2025-08-10,2025-08-10,5.0,10700.0,0.0,10700.0,6,-0.7818314824680299,0.6234898018587334,8,-0.8660254037844384,-0.5000000000000004,1,0,0,0,37650.0,12.0,19850.0,7.0,33050.0,12.0,21850.0,9.0,33364.28571428572,12283.04096053158,-9150.0,33525.0,11707.16003793597,-9150.0,32750.0,11608.848796085193,-9150.0,36122.18960772106,-12845.402486894616,-12576.787120826448,0,48,0,0,2139.9995720000857,0.999999999906542
2025-08-11,2025-08-11,15.0,37600.0,0.0,37600.0,0,0.0,1.0,8,-0.8660254037844384,-0.5000000000000004,0,0,1,0,10700.0,5.0,50600.0,21.0,26700.0,11.0,29400.0,13.0,31507.14285714286,10016.37944283553,-13000.0,34303.57142857143,11580.113329552247,-13000.0,33042.857142857145,11624.628343606619,-13000.0,36859.48106073171,-2976.4603715295207,3716.979310797811,0,0,0,0,2506.666499555567,0.9999999999734043
2025-08-12,2025-08-12,17.0,43300.0,0.0,43300.0,1,0.7818314824680298,0.6234898018587336,8,-0.8660254037844384,-0.5000000000000004,0,0,0,0,37600.0,15.0,35200.0,16.0,49700.0,24.0,36400.0,15.0,32664.285714285714,10939.44370484303,8100.0,33846.42857142857,11039.2562508272,8100.0,33289.28571428572,11770.650546410443,8100.0,37563.55292313526,5244.443654112316,492.0034227524229,0,8,0,0,2547.058673702431,0.9999999999769053
2025-08-13,2025-08-13,18.0,41700.0,0.0,41700.0,2,0.9749279121818236,-0.22252093395631434,8,-0.8660254037844384,-0.5000000000000004,0,0,0,0,43300.0,17.0,27450.0,14.0,36350.0,16.0,52350.0,23.0,34700.0,11131.59916633731,14250.0,34228.57142857143,11223.648013247457,14250.0,32908.92857142857,11294.345140062587,14250.0,38274.34103579156,-527.550705222021,3953.2096694304564,0,16,0,0,2316.66653796297,0.9999999999760192
2025-08-14,2025-08-14,16.0,34400.0,0.0,34400.0,3,0.43388373911755823,-0.900968867902419,8,-0.8660254037844384,-0.5000000000000004,0,0,0,0,41700.0,18.0,32500.0,16.0,22500.0,11.0,23900.0,14.0,34971.42857142857,11092.108949716572,1900.0,35078.57142857143,10705.744580969884,1900.0,33283.92857142857,11157.633606567788,1900.0,38982.99955445067,-3206.0890052513832,-1376.9105491992814,0,24,0,0,2149.999865625008,0.9999999999709303
2025-08-15,2025-08-15,23.0,45850.0,0.0,45850.0,4,-0.433883739117558,-0.9009688679024191,8,-0.8660254037844384,-0.5000000000000004,0,1,0,0,34400.0,16.0,39450.0,16.0,49250.0,26.0,46100.0,22.0,35885.71428571428,11766.07815876203,6400.0,34835.71428571428,10393.552523845397,6400.0,33275.0,11147.093127142312,6400.0,39485.08342273527,10747.637947369101,-4382.721370104373,0,32,0,0,1993.478174196601,0.9999999999781898
2025-08-16,2025-08-16,20.0,48000.0,0.0,48000.0,5,-0.9749279121818236,-0.2225209339563146,8,-0.8660254037844384,-0.5000000000000004,1,0,0,0,45850.0,23.0,37650.0,12.0,31450.0,14.0,33050.0,17.0,37364.28571428572,12642.412556078727,10350.0,36017.857142857145,10907.330053734417,10350.0,33808.92857142857,11488.72276022769,10350.0,39897.88269800246,6670.768694595559,1431.348607401982,0,40,0,0,2399.9998800000058,0.9999999999791667
2025-08-17,2025-08-17,10.0,25400.0,0.0,25400.0,6,-0.7818314824680299,0.6234898018587334,8,-0.8660254037844384,-0.5000000000000004,1,0,0,0,48000.0,20.0,10700.0,5.0,19850.0,7.0,17900.0,8.0,39464.28571428572,7748.909293448808,14700.0,36414.28571428572,10361.71630740603,14700.0,34076.78571428572,11187.554942077766,14700.0,40404.244197706714,-13037.049809307448,-1967.1943883992644,0,48,0,0,2539.9997460000254,0.9999999999606299
2025-08-18,2025-08-18,13.0,35100.0,0.0,35100.0,0,0.0,1.0,8,-0.8660254037844384,-0.5000000000000004,0,0,1,0,25400.0,10.0,37600.0,15.0,50600.0,21.0,32600.0,15.0,39107.142857142855,7905.189675746296,-2500.0,35307.142857142855,9523.571105074274,-2500.0,34166.07142857143,11185.308267175478,-2500.0,41082.183776994025,-5692.457745653325,-289.7260313407023,0,0,0,0,2699.9997923077085,0.99999999997151
2025-08-19,2025-08-19,21.0,48300.0,0.0,48300.0,1,0.7818314824680298,0.6234898018587336,8,-0.8660254037844384,-0.5000000000000004,0,0,0,0,35100.0,13.0,43300.0,17.0,35200.0,16.0,30600.0,11.0,39821.42857142857,8547.019809211264,5000.0,36242.857142857145,10136.090452947272,5000.0,34798.21428571428,11472.773584890303,5000.0,41862.847108433445,3019.690431818905,3417.4624597476504,0,8,0,0,2299.9998904761956,0.999999999979296
2025-08-20,2025-08-20,14.0,36400.0,0.0,36400.0,2,0.9749279121818236,-0.22252093395631434,8,-0.8660254037844384,-0.5000000000000004,0,0,0,0,48300.0,21.0,41700.0,18.0,27450.0,14.0,17900.0,7.0,39064.28571428572,8587.525559676506,-5300.0,36882.142857142855,9816.050575516518,-5300.0,35458.92857142857,10985.942647154076,-5300.0,42638.2087199917,-1596.14428588902,-4642.064434102678,0,16,0,0,2599.9998142857276,0.9999999999725274
2025-08-21,2025-08-21,22.0,42100.0,0.0,42100.0,3,0.43388373911755823,-0.900968867902419,8,-0.8660254037844384,-0.5000000000000004,0,0,0,0,36400.0,14.0,34400.0,16.0,32500.0,16.0,28000.0,16.0,40164.28571428572,8381.165108231118,7700.0,37567.857142857145,9821.691205279643,7700.0,35962.5,10954.490242885757,7700.0,43334.07695995705,-3655.67502049776,2421.5980605407094,0,24,0,0,1913.6362766528964,0.999999999976247
2025-08-22,2025-08-22,19.0,43200.0,0.0,43200.0,4,-0.433883739117558,-0.9009688679024191,8,-0.8660254037844384,-0.5000000000000004,0,1,0,0,42100.0,22.0,45850.0,23.0,39450.0,16.0,52100.0,21.0,39785.71428571428,8137.8597865018555,-2650.0,37835.71428571428,9927.534138240646,-2650.0,35644.642857142855,10592.02477133676,-2650.0,43753.509015573676,13828.799770755104,-14382.30878632878,0,32,0,0,2273.684090858732,0.9999999999768518
2025-08-23,2025-08-23,13.0,30250.0,0.0,30250.0,5,-0.9749279121818236,-0.2225209339563146,8,-0.8660254037844384,-0.5000000000000004,1,0,0,0,43200.0,19.0,48000.0,20.0,37650.0,12.0,14300.0,7.0,37250.0,7914.069749503209,-17750.0,37307.142857142855,10133.054386945258,-17750.0,36214.28571428572,9800.943427216067,-17750.0,43390.93568782257,8653.49122839137,-21794.426916213946,1,40,0,0,2326.922897929008,0.9999999999669421
2025-08-24,2025-08-24,14.0,31000.0,0.0,31000.0,6,-0.7818314824680299,0.6234898018587334,8,-0.8660254037844384,-0.5000000000000004,1,0,0,0,30250.0,13.0,25400.0,10.0,10700.0,5.0,33050.0,12.0,38050.0,6707.644892210818,5600.0,38757.142857142855,7001.259698271222,5600.0,36141.07142857143,9833.06076431478,5600.0,43155.817760944024,-13716.146320049791,1560.3285591057647,0,48,0,0,2214.2855561224605,0.9999999999677419
2025-08-25,2025-08-25,25.0,55950.0,0.0,55950.0,0,0.0,1.0,8,-0.8660254037844384,-0.5000000000000004,0,0,1,0,31000.0,14.0,35100.0,13.0,37600.0,15.0,26700.0,11.0,41028.57142857143,9305.547500588913,20850.0,40067.857142857145,8354.791511988245,20850.0,37185.71428571428,10333.887593942098,20850.0,43300.98369847758,-3488.6158210052517,16137.63212252767,0,0,0,0,2237.9999104800036,0.9999999999821269
2025-08-26,2025-08-26,14.0,30200.0,0.0,30200.0,1,0.7818314824680298,0.6234898018587336,8,-0.8660254037844384,-0.5000000000000004,0,0,0,0,55950.0,25.0,48300.0,21.0,43300.0,17.0,49700.0,24.0,38442.857142857145,9461.695961940037,-18100.0,39132.142857142855,8691.74248138064,-18100.0,36489.28571428572,10114.019946138982,-18100.0,43466.952560251084,-1445.5799146815946,-11821.372645569489,0,8,0,0,2157.142703061236,0.9999999999668874
2025-08-27,2025-08-27,13.0,26600.0,0.0,26600.0,2,0.9749279121818236,-0.22252093395631434,8,-0.8660254037844384,-0.5000000000000004,0,0,0,0,30200.0,14.0,36400.0,14.0,41700.0,18.0,36350.0,16.0,37042.857142857145,10484.132000767902,-9800.0,38053.57142857143,9266.471079312536,-9800.0,36141.07142857143,10285.382053900903,-9800.0,43321.49355853833,-2209.620694299818,-14511.87286423851,0,16,0,0,2046.1536887574086,0.999999999962406
2025-08-28,2025-08-28,16.0,34800.0,0.0,34800.0,3,0.43388373911755823,-0.900968867902419,8,-0.8660254037844384,-0.5000000000000004,0,0,0,0,26600.0,13.0,42100.0,22.0,34400.0,16.0,22500.0,11.0,36000.0,10257.883147446568,-7300.0,38082.142857142855,9254.948928564061,-7300.0,36580.357142857145,9937.99610255454,-7300.0,43057.86719103642,-3186.3496219676877,-5071.517569068732,0,24,0,0,2174.9998640625085,0.9999999999712643
2025-08-29,2025-08-29,24.0,62750.0,0.0,62750.0,4,-0.433883739117558,-0.9009688679024191,8,-0.8660254037844384,-0.5000000000000004,0,1,0,0,34800.0,16.0,43200.0,19.0,45850.0,23.0,49250.0,26.0,38792.857142857145,14378.613417486604,19550.0,39289.28571428572,11236.156928748907,19550.0,37062.5,10860.12605649495,19550.0,42364.909756263914,19132.89172403826,1252.1985196978276,0,32,0,0,2614.5832243923655,0.9999999999840637
2025-08-30,2025-08-30,22.0,51850.0,0.0,51850.0,5,-0.9749279121818236,-0.2225209339563146,8,-0.8660254037844384,-0.5000000000000004,1,0,0,0,62750.0,24.0,30250.0,13.0,48000.0,20.0,31450.0,14.0,41878.57142857143,14556.351910845773,21600.0,39564.28571428572,11509.534986453413,21600.0,37791.07142857143,11150.071030926505,21600.0,41783.22760109619,6268.509677839859,3798.262721063955,0,40,0,0,2356.8180746900875,0.9999999999807135
2025-08-31,2025-08-31,12.0,29100.0,0.0,29100.0,6,-0.7818314824680299,0.6234898018587334,8,-0.8660254037844384,-0.5000000000000004,1,0,0,0,51850.0,22.0,31000.0,14.0,25400.0,10.0,19850.0,7.0,41607.142857142855,14808.54000713303,-1900.0,39828.57142857143,11197.522292654974,-1900.0,38121.42857142857,10727.857717966277,-1900.0,41704.94138191585,-14577.58814531801,1972.646763402161,0,48,0,0,2424.9997979166837,0.9999999999656357
2025-09-01,2025-09-01,29.0,70700.0,0.0,70700.0,0,0.0,1.0,9,-1.0,-1.8369701987210297e-16,0,0,1,0,29100.0,12.0,55950.0,25.0,35100.0,13.0,50600.0,21.0,43714.28571428572,17913.46593780122,14750.0,42371.42857142857,13784.491205778972,14750.0,38839.28571428572,12169.431627547912,14750.0,41255.64003569038,-3074.0686628986377,32518.42862720826,1,0,0,0,2437.9309504161743,0.9999999999858559
2025-09-02,2025-09-02,15.0,30950.0,0.0,30950.0,1,0.7818314824680298,0.6234898018587336,9,-1.0,-1.8369701987210297e-16,0,0,0,0,70700.0,29.0,30200.0,14.0,48300.0,21.0,35200.0,16.0,43821.42857142857,17821.168525634064,750.0,41132.142857142855,13988.891295250294,750.0,38687.5,12242.787937454394,750.0,40854.59362562002,-4712.971393421934,-5191.6222321980895,0,9,0,0,2063.333195777787,0.9999999999676898
2025-09-03,2025-09-03,20.0,38800.0,0.0,38800.0,2,0.9749279121818236,-0.22252093395631434,9,-1.0,-1.8369701987210297e-16,0,0,0,0,30950.0,15.0,26600.0,13.0,36400.0,14.0,27450.0,14.0,45564.28571428572,16395.825543049003,12200.0,41303.57142857143,13941.063642868334,12200.0,39092.857142857145,12043.207047079828,12200.0,40476.09031154875,-1939.7517936390682,263.66148209031235,0,18,0,0,1939.9999030000047,0.9999999999742268
2025-09-04,2025-09-04,19.0,37200.0,0.0,37200.0,3,0.43388373911755823,-0.900968867902419,9,-1.0,-1.8369701987210297e-16,0,0,0,0,38800.0,20.0,34800.0,16.0,42100.0,22.0,32500.0,16.0,45907.142857142855,16156.562871153217,2400.0,40953.57142857143,13980.982471883748,2400.0,39260.71428571428,11980.503893616946,2400.0,40034.37218802685,393.6321585155,-3228.0043465423514,0,27,0,0,1957.8946337950192,0.9999999999731183
2025-09-05,2025-09-05,33.0,64100.0,0.0,64100.0,4,-0.433883739117558,-0.9009688679024191,9,-1.0,-1.8369701987210297e-16,0,1,0,0,37200.0,19.0,62750.0,24.0,43200.0,19.0,39450.0,16.0,46100.0,16397.382921267334,1350.0,42446.42857142857,15293.518791728964,1350.0,40141.07142857143,12867.746454197833,1350.0,39744.98009017701,22475.494317867408,1879.5255919555857,0,36,0,0,1942.4241835629036,0.9999999999843994
2025-09-06,2025-09-06,24.0,56400.0,0.0,56400.0,5,-0.9749279121818236,-0.2225209339563146,9,-1.0,-1.8369701987210297e-16,1,0,0,0,64100.0,33.0,51850.0,22.0,30250.0,13.0,37650.0,12.0,46750.0,16749.701489877454,4550.0,44314.28571428572,15286.235998080467,4550.0,40810.71428571428,13216.462497672284,4550.0,39809.29043615357,500.6034113350995,16090.106152511333,0,45,0,0,2349.9999020833375,0.9999999999822695
2025-09-07,2025-09-07,12.0,22900.0,0.0,22900.0,6,-0.7818314824680299,0.6234898018587334,9,-1.0,-1.8369701987210297e-16,1,0,0,0,56400.0,24.0,29100.0,12.0,31000.0,14.0,10700.0,5.0,45864.28571428572,17958.85840575893,-6200.0,43735.71428571428,15967.062594982459,-6200.0,41246.42857142857,12360.397696552005,-6200.0,40122.630756344704,-15817.029630506744,-1405.6011258379585,0,54,0,0,1908.333174305569,0.9999999999563318
2025-09-08,2025-09-08,17.0,39600.0,0.0,39600.0,0,0.0,1.0,9,-1.0,-1.8369701987210297e-16,0,0,1,0,22900.0,12.0,70700.0,29.0,55950.0,25.0,37600.0,15.0,41421.42857142857,14255.871806114956,-31100.0,42567.857142857145,15598.651410432112,-31100.0,41317.857142857145,12344.313537802482,-31100.0,40489.6438449107,-1928.3515965535394,1038.7077516428399,0,0,0,0,2329.411627681669,0.9999999999747474
2025-09-09,2025-09-09,18.0,32850.0,0.0,32850.0,1,0.7818314824680298,0.6234898018587336,9,-1.0,-1.8369701987210297e-16,0,0,0,0,39600.0,17.0,30950.0,15.0,30200.0,14.0,43300.0,17.0,41692.857142857145,14039.71831897609,1900.0,42757.142857142855,15452.418993389114,1900.0,40944.642857142855,12439.768511048049,1900.0,40832.242573945296,-5035.6906524230435,-2946.551921522252,0,9,0,0,1824.9998986111166,0.9999999999695586
2025-09-10,2025-09-10,21.0,44200.0,0.0,44200.0,2,0.9749279121818236,-0.22252093395631434,9,-1.0,-1.8369701987210297e-16,0,0,0,0,32850.0,18.0,38800.0,20.0,26600.0,13.0,41700.0,18.0,42464.28571428572,14002.580544484092,5400.0,44014.28571428572,14736.159459112665,5400.0,41033.92857142857,12454.354091905281,5400.0,41077.29108097343,-2172.879649306315,5295.588568332882,0,18,0,0,2104.761804535152,0.9999999999773755
2025-09-11,2025-09-11,19.0,44450.0,0.0,44450.0,3,0.43388373911755823,-0.900968867902419,9,-1.0,-1.8369701987210297e-16,0,0,0,0,44200.0,21.0,37200.0,19.0,34800.0,16.0,34400.0,16.0,43500.0,13815.178850332313,7250.0,44703.57142857143,14495.73497334932,7250.0,41392.857142857145,12400.789358729293,7250.0,41199.05418883843,4452.323824252618,-1201.3780130910527,0,27,0,0,2339.4735610803386,0.9999999999775028
2025-09-12,2025-09-12,25.0,47150.0,0.0,47150.0,4,-0.433883739117558,-0.9009688679024191,9,-1.0,-1.8369701987210297e-16,0,1,0,0,44450.0,19.0,64100.0,33.0,62750.0,24.0,45850.0,23.0,41078.57142857143,10747.668628701911,-16950.0,43589.28571428572,13571.94757538545,-16950.0,41439.28571428572,12420.512880378054,-16950.0,41233.19223531128,24992.69964980935,-19075.891885120633,0,36,0,0,1885.999924560003,0.9999999999787911
2025-09-13,2025-09-13,23.0,37850.0,0.0,37850.0,5,-0.9749279121818236,-0.2225209339563146,9,-1.0,-1.8369701987210297e-16,1,0,0,0,47150.0,25.0,56400.0,24.0,51850.0,22.0,48000.0,20.0,38428.57142857143,8362.558277966307,-18550.0,42589.28571428572,13431.509717701252,-18550.0,41076.78571428572,12369.956751195698,-18550.0,41232.105892338506,-5737.331834912956,2355.2259425744487,0,45,0,0,1645.652102362952,0.9999999999735799
2025-09-14,2025-09-14,19.0,40800.0,0.0,40800.0,6,-0.7818314824680299,0.6234898018587334,9,-1.0,-1.8369701987210297e-16,1,0,0,0,37850.0,23.0,22900.0,12.0,29100.0,12.0,25400.0,10.0,40985.71428571428,4801.190328598814,17900.0,43425.0,12880.318169744338,17900.0,41626.78571428572,11983.433643088436,17900.0,41076.85233831694,-17213.521717169417,16936.66937885248,0,54,0,0,2147.3683080332466,0.9999999999754902
2025-09-15,2025-09-15,20.0,39350.0,0.0,39350.0,0,0.0,1.0,9,-1.0,-1.8369701987210297e-16,0,0,1,0,40800.0,19.0,39600.0,17.0,70700.0,29.0,35100.0,13.0,40950.0,4814.128512341102,-250.0,41185.71428571428,10225.20318721246,-250.0,41778.57142857143,11924.472412984953,-250.0,40687.77624188792,-970.6959811719599,-367.08026071596396,0,0,0,0,1967.499901625005,0.999999999974587
2025-09-16,2025-09-16,18.0,38150.0,0.0,38150.0,1,0.7818314824680298,0.6234898018587336,9,-1.0,-1.8369701987210297e-16,0,0,0,0,39350.0,20.0,32850.0,18.0,30950.0,15.0,48300.0,21.0,41707.142857142855,3588.6892420761083,5300.0,41700.0,9844.776045427092,5300.0,41416.07142857143,11873.048015564122,5300.0,40016.10045569087,-4022.738734485242,2156.638278794373,0,9,0,0,2119.4443266975372,0.9999999999737876
2025-09-17,2025-09-17,16.0,35350.0,0.0,35350.0,2,0.9749279121818236,-0.22252093395631434,9,-1.0,-1.8369701987210297e-16,0,0,0,0,38150.0,18.0,44200.0,21.0,38800.0,20.0,36400.0,14.0,40442.857142857145,4088.2380650095024,-8850.0,41453.57142857143,9965.391348325184,-8850.0,41378.57142857143,11891.122027326943,-8850.0,39118.500709210064,-2967.471682492284,-801.029026717777,0,18,0,0,2209.374861914071,0.9999999999717114
2025-09-18,2025-09-18,25.0,52000.0,0.0,52000.0,3,0.43388373911755823,-0.900968867902419,9,-1.0,-1.8369701987210297e-16,0,0,0,0,35350.0,16.0,44450.0,19.0,37200.0,19.0,42100.0,22.0,41521.42857142857,5911.137590942196,7550.0,42510.71428571428,10260.10156216467,7550.0,41732.142857142855,12059.36100424416,7550.0,37868.407632852766,8986.206397248869,5145.385969898365,0,27,0,0,2079.999916800003,0.9999999999807693
2025-09-19,2025-09-19,29.0,63200.0,0.0,63200.0,4,-0.433883739117558,-0.9009688679024191,9,-1.0,-1.8369701987210297e-16,0,1,0,0,52000.0,25.0,47150.0,25.0,64100.0,33.0,43200.0,19.0,43814.28571428572,10092.312019788353,16050.0,42446.42857142857,10116.237220157765,16050.0,42446.42857142857,12723.541381667372,16050.0,36596.53591528168,27219.009348128362,-615.5452634100438,0,36,0,0,2179.310269678956,0.9999999999841772
2025-09-20,2025-09-20,10.0,20750.0,0.0,20750.0,5,-0.9749279121818236,-0.2225209339563146,9,-1.0,-1.8369701987210297e-16,1,0,0,0,63200.0,29.0,37850.0,23.0,56400.0,24.0,30250.0,13.0,41371.42857142857,13327.567205572437,-17100.0,39900.0,10797.613696482249,-17100.0,42107.142857142855,13179.316808332227,-17100.0,35299.44998415389,-12591.203179158656,-1958.2468049952367,0,45,0,0,2074.9997925000207,0.9999999999518072
2025-09-21,2025-09-21,5.0,15850.0,0.0,15850.0,6,-0.7818314824680299,0.6234898018587334,9,-1.0,-1.8369701987210297e-16,1,0,0,0,20750.0,10.0,40800.0,19.0,22900.0,12.0,31000.0,14.0,37807.142857142855,16471.349584744385,-24950.0,39396.42857142857,11771.877575321241,-24950.0,41566.07142857143,13941.173057419814,-24950.0,33981.175867282385,-18643.087524767278,511.91165748489584,0,54,0,0,3169.999366000127,0.9999999999369085
2025-09-22,2025-09-22,14.0,32650.0,0.0,32650.0,0,0.0,1.0,9,-1.0,-1.8369701987210297e-16,0,0,1,0,15850.0,5.0,39350.0,20.0,39600.0,17.0,55950.0,25.0,36850.0,16561.17447525995,-6700.0,38900.0,11908.384247437381,-6700.0,40733.92857142857,13744.804092829465,-6700.0,32650.155192614548,-183.6748883565726,183.51969574202667,0,0,0,0,2332.1426905612366,0.9999999999693722
2025-09-23,2025-09-23,10.0,29350.0,0.0,29350.0,1,0.7818314824680298,0.6234898018587336,9,-1.0,-1.8369701987210297e-16,0,0,0,0,32650.0,14.0,38150.0,18.0,32850.0,18.0,30200.0,14.0,35592.857142857145,16778.618054223818,-8800.0,38650.0,12080.658413029774,-8800.0,40703.57142857143,13769.847147887573,-8800.0,31311.575263813487,-2242.1783272464945,280.6030634330091,0,9,0,0,2934.99970650003,0.9999999999659285
2025-09-24,2025-09-24,11.0,25550.0,0.0,25550.0,2,0.9749279121818236,-0.22252093395631434,9,-1.0,-1.8369701987210297e-16,0,0,0,0,29350.0,10.0,35350.0,16.0,44200.0,21.0,26600.0,13.0,34192.857142857145,17205.67804949455,-9800.0,37317.857142857145,12444.377895611753,-9800.0,40666.07142857143,13811.04666274906,-9800.0,29968.049906003114,-4097.511566520497,-320.5383394826167,0,18,0,0,2322.7270615702673,0.9999999999608611
